frame,time_s,ball_x,ball_y,ball_w,ball_h,cross_x,cross_y
774,12.9,,,,,960,540
775,12.917,,,,,960,540
776,12.933,655.0,280.0,10.0,10.0,960,540
777,12.95,655.0,280.0,10.0,10.0,960,540
778,12.967,655.0,280.0,10.0,10.0,960,540
779,12.983,655.0,280.0,10.0,10.0,960,540
780,13.0,655.0,280.0,10.0,10.0,960,540
781,13.017,655.0,280.0,10.0,10.0,960,540
782,13.033,655.0,280.0,10.0,10.0,960,540
783,13.05,656.0,280.0,10.0,10.0,960,540
784,13.067,656.0,280.0,10.0,10.0,960,540
785,13.083,655.0,280.0,10.0,10.0,960,540
786,13.1,656.0,280.0,10.0,10.0,960,540
787,13.117,665.0,279.0,10.0,10.0,960,540
788,13.133,673.0,279.0,10.0,10.0,960,540
789,13.15,687.0,277.0,10.0,10.0,960,540
790,13.167,,,,,960,540
791,13.183,720.0,266.0,10.0,10.0,960,540
792,13.2,734.0,260.0,10.0,10.0,960,540
793,13.217,749.0,254.0,10.0,10.0,960,540
794,13.233,758.0,248.0,10.0,10.0,960,540
795,13.25,765.0,243.0,10.0,10.0,960,540
796,13.267,773.0,236.0,10.0,10.0,960,540
797,13.283,776.0,232.0,10.0,10.0,960,540
798,13.3,780.0,226.0,10.0,10.0,960,540
799,13.317,782.0,221.0,10.0,10.0,960,540
800,13.333,784.0,215.0,10.0,10.0,960,540
801,13.35,786.0,210.0,10.0,10.0,960,540
802,13.367,787.0,206.0,10.0,10.0,960,540
803,13.383,788.0,203.0,10.0,10.0,960,540
804,13.4,788.0,200.0,10.0,10.0,960,540
805,13.417,789.0,197.0,10.0,10.0,960,540
806,13.433,790.0,196.0,10.0,10.0,960,540
807,13.45,790.0,194.0,10.0,10.0,960,540
808,13.467,790.0,193.0,10.0,10.0,960,540
809,13.483,791.0,193.0,10.0,10.0,960,540
810,13.5,791.0,193.0,10.0,10.0,960,540
811,13.517,791.0,193.0,10.0,10.0,960,540
812,13.533,791.0,192.0,10.0,10.0,960,540
813,13.55,791.0,192.0,10.0,10.0,960,540
814,13.567,790.0,192.0,10.0,10.0,960,540
815,13.583,791.0,191.0,10.0,10.0,960,540
816,13.6,791.0,191.0,10.0,10.0,960,540
817,13.617,791.0,192.0,10.0,10.0,960,540
818,13.633,793.0,192.0,10.0,10.0,960,540
819,13.65,797.0,193.0,10.0,10.0,960,540
820,13.667,805.0,194.0,10.0,10.0,960,540
821,13.683,,,,,960,540
822,13.7,842.0,198.0,10.0,10.0,960,540
823,13.717,856.0,199.0,10.0,10.0,960,540
824,13.733,870.0,198.0,10.0,10.0,960,540
825,13.75,887.0,197.0,10.0,10.0,960,540
826,13.767,900.0,197.0,10.0,10.0,960,540
827,13.783,913.0,196.0,10.0,10.0,960,540
828,13.8,922.0,195.0,10.0,10.0,960,540
829,13.817,927.0,193.0,9.0,9.0,960,540
830,13.833,932.0,192.0,9.0,9.0,960,540
831,13.85,934.0,191.0,9.0,9.0,960,540
832,13.867,937.0,189.0,9.0,9.0,960,540
833,13.883,941.0,188.0,9.0,9.0,960,540
834,13.9,947.0,186.0,9.0,9.0,960,540
835,13.917,952.0,185.0,9.0,9.0,960,540
836,13.933,959.0,181.0,9.0,9.0,960,540
837,13.95,961.0,180.0,9.0,9.0,960,540
838,13.967,965.0,180.0,10.0,10.0,960,540
839,13.983,966.0,178.0,10.0,10.0,960,540
840,14.0,967.0,177.0,10.0,10.0,960,540
841,14.017,967.0,176.0,10.0,10.0,960,540
842,14.033,968.0,175.0,10.0,10.0,960,540
843,14.05,968.0,176.0,10.0,10.0,960,540
844,14.067,969.0,175.0,10.0,10.0,960,540
845,14.083,970.0,174.0,10.0,10.0,960,540
846,14.1,972.0,174.0,10.0,10.0,960,540
847,14.117,972.0,174.0,10.0,10.0,960,540
848,14.133,972.0,174.0,10.0,10.0,960,540
849,14.15,972.0,174.0,10.0,10.0,960,540
850,14.167,970.0,177.0,10.0,10.0,960,540
851,14.183,960.0,187.0,10.0,10.0,960,540
852,14.2,951.0,194.0,10.0,10.0,960,540
853,14.217,,,,,960,540
854,14.233,917.0,233.0,10.0,9.0,960,540
855,14.25,909.0,242.0,10.0,9.0,960,540
856,14.267,,,,,960,540
857,14.283,1064.0,266.0,9.0,10.0,960,540
858,14.3,1057.0,274.0,9.0,10.0,960,540
859,14.317,1049.0,285.0,9.0,10.0,960,540
860,14.333,1043.0,297.0,9.0,10.0,960,540
861,14.35,1040.0,302.0,9.0,10.0,960,540
862,14.367,1038.0,308.0,9.0,10.0,960,540
863,14.383,1034.0,313.0,9.0,10.0,960,540
864,14.4,1033.0,315.0,8.0,9.0,960,540
865,14.417,1031.0,320.0,9.0,10.0,960,540
866,14.433,1030.0,324.0,9.0,10.0,960,540
867,14.45,1028.0,327.0,8.0,9.0,960,540
868,14.467,1027.0,330.0,9.0,10.0,960,540
869,14.483,1027.0,334.0,9.0,10.0,960,540
870,14.5,1025.0,339.0,9.0,10.0,960,540
871,14.517,1024.0,343.0,9.0,10.0,960,540
872,14.533,1022.0,344.0,9.0,10.0,960,540
873,14.55,1022.0,344.0,9.0,10.0,960,540
874,14.567,1022.0,345.0,9.0,10.0,960,540
875,14.583,1023.0,345.0,9.0,10.0,960,540
876,14.6,1022.0,345.0,9.0,10.0,960,540
877,14.617,1022.0,346.0,9.0,10.0,960,540
878,14.633,1022.0,345.0,9.0,10.0,960,540
879,14.65,1023.0,346.0,9.0,10.0,960,540
880,14.667,1026.0,349.0,9.0,10.0,960,540
881,14.683,1029.0,352.0,9.0,10.0,960,540
882,14.7,1034.0,358.0,9.0,10.0,960,540
883,14.717,1043.0,367.0,9.0,10.0,960,540
884,14.733,1049.0,374.0,9.0,10.0,960,540
885,14.75,1055.0,380.0,9.0,10.0,960,540
886,14.767,1064.0,390.0,9.0,10.0,960,540
887,14.783,1069.0,394.0,9.0,10.0,960,540
888,14.8,1074.0,398.0,9.0,10.0,960,540
889,14.817,1082.0,403.0,9.0,10.0,960,540
890,14.833,1084.0,405.0,9.0,10.0,960,540
891,14.85,1086.0,407.0,9.0,10.0,960,540
892,14.867,1089.0,410.0,9.0,10.0,960,540
893,14.883,1089.0,411.0,9.0,10.0,960,540
894,14.9,1089.0,412.0,9.0,10.0,960,540
895,14.917,1089.0,415.0,9.0,10.0,960,540
896,14.933,1090.0,416.0,9.0,10.0,960,540
897,14.95,1091.0,418.0,9.0,10.0,960,540
898,14.967,1091.0,420.0,9.0,10.0,960,540
899,14.983,1091.0,421.0,9.0,10.0,960,540
900,15.0,1091.0,421.0,9.0,10.0,960,540
901,15.017,1092.0,422.0,9.0,10.0,960,540
902,15.033,1091.0,421.0,9.0,10.0,960,540
903,15.05,1092.0,421.0,9.0,10.0,960,540
904,15.067,1091.0,422.0,9.0,10.0,960,540
905,15.083,1092.0,425.0,9.0,10.0,960,540
906,15.1,1094.0,429.0,9.0,10.0,960,540
907,15.117,1096.0,433.0,9.0,10.0,960,540
908,15.133,1099.0,443.0,9.0,10.0,960,540
909,15.15,1104.0,450.0,9.0,10.0,960,540
910,15.167,1110.0,459.0,9.0,10.0,960,540
911,15.183,1116.0,470.0,9.0,10.0,960,540
912,15.2,1119.0,478.0,9.0,10.0,960,540
913,15.217,1123.0,484.0,9.0,10.0,960,540
914,15.233,1127.0,493.0,9.0,10.0,960,540
915,15.25,1127.0,496.0,9.0,10.0,960,540
916,15.267,1129.0,500.0,9.0,10.0,960,540
917,15.283,1129.0,502.0,9.0,10.0,960,540
918,15.3,1129.0,503.0,9.0,10.0,960,540
919,15.317,1129.0,504.0,9.0,10.0,960,540
920,15.333,1129.0,505.0,9.0,10.0,960,540
921,15.35,1130.0,507.0,9.0,10.0,960,540
922,15.367,1130.0,508.0,9.0,10.0,960,540
923,15.383,1131.0,510.0,9.0,10.0,960,540
924,15.4,1132.0,513.0,9.0,10.0,960,540
925,15.417,1133.0,515.0,9.0,10.0,960,540
926,15.433,1134.0,516.0,9.0,10.0,960,540
927,15.45,1134.0,516.0,9.0,10.0,960,540
928,15.467,1134.0,517.0,9.0,10.0,960,540
929,15.483,1135.0,518.0,9.0,10.0,960,540
930,15.5,1134.0,519.0,9.0,10.0,960,540
931,15.517,1135.0,520.0,9.0,10.0,960,540
932,15.533,1135.0,521.0,9.0,10.0,960,540
933,15.55,1135.0,521.0,9.0,10.0,960,540
934,15.567,1136.0,521.0,9.0,10.0,960,540
935,15.583,1136.0,520.0,9.0,10.0,960,540
936,15.6,1139.0,519.0,9.0,10.0,960,540
937,15.617,1141.0,518.0,9.0,10.0,960,540
938,15.633,1145.0,517.0,9.0,10.0,960,540
939,15.65,1151.0,514.0,9.0,10.0,960,540
940,15.667,1158.0,512.0,9.0,10.0,960,540
941,15.683,1161.0,510.0,9.0,10.0,960,540
942,15.7,1168.0,508.0,9.0,10.0,960,540
943,15.717,1171.0,508.0,9.0,10.0,960,540
944,15.733,1174.0,508.0,9.0,10.0,960,540
945,15.75,1178.0,507.0,9.0,10.0,960,540
946,15.767,1180.0,506.0,9.0,10.0,960,540
947,15.783,1181.0,505.0,9.0,10.0,960,540
948,15.8,1183.0,504.0,9.0,10.0,960,540
949,15.817,1183.0,505.0,9.0,10.0,960,540
950,15.833,1182.0,505.0,9.0,10.0,960,540
951,15.85,1182.0,505.0,9.0,10.0,960,540
952,15.867,1183.0,505.0,9.0,10.0,960,540
953,15.883,1182.0,504.0,9.0,10.0,960,540
954,15.9,1183.0,505.0,9.0,10.0,960,540
955,15.917,1183.0,505.0,9.0,10.0,960,540
956,15.933,1184.0,505.0,9.0,10.0,960,540
957,15.95,1185.0,505.0,9.0,10.0,960,540
958,15.967,1190.0,504.0,9.0,10.0,960,540
959,15.983,1194.0,504.0,9.0,10.0,960,540
960,16.0,1198.0,503.0,9.0,10.0,960,540
961,16.017,1203.0,503.0,9.0,10.0,960,540
962,16.033,1207.0,502.0,9.0,10.0,960,540
963,16.05,1210.0,502.0,9.0,10.0,960,540
964,16.067,1212.0,502.0,9.0,10.0,960,540
965,16.083,1214.0,502.0,9.0,10.0,960,540
966,16.1,1214.0,501.0,9.0,10.0,960,540
967,16.117,1215.0,501.0,9.0,10.0,960,540
968,16.133,1216.0,501.0,9.0,10.0,960,540
969,16.15,1216.0,501.0,9.0,10.0,960,540
970,16.167,1218.0,499.0,9.0,10.0,960,540
971,16.183,1218.0,499.0,9.0,10.0,960,540
972,16.2,1219.0,498.0,9.0,10.0,960,540
973,16.217,1219.0,498.0,9.0,10.0,960,540
974,16.233,1219.0,499.0,9.0,10.0,960,540
975,16.25,1219.0,498.0,9.0,10.0,960,540
976,16.267,1219.0,498.0,9.0,10.0,960,540
977,16.283,1221.0,497.0,9.0,10.0,960,540
978,16.3,1222.0,497.0,9.0,10.0,960,540
979,16.317,1224.0,496.0,9.0,10.0,960,540
980,16.333,1228.0,495.0,9.0,10.0,960,540
981,16.35,1230.0,494.0,9.0,10.0,960,540
982,16.367,1234.0,493.0,9.0,10.0,960,540
983,16.383,1237.0,493.0,9.0,10.0,960,540
984,16.4,1239.0,492.0,9.0,10.0,960,540
985,16.417,1241.0,492.0,9.0,10.0,960,540
986,16.433,1242.0,491.0,9.0,10.0,960,540
987,16.45,1242.0,491.0,9.0,10.0,960,540
988,16.467,1242.0,490.0,9.0,10.0,960,540
989,16.483,1243.0,490.0,9.0,10.0,960,540
990,16.5,1243.0,491.0,9.0,10.0,960,540
991,16.517,1243.0,491.0,9.0,10.0,960,540
992,16.533,1244.0,490.0,9.0,10.0,960,540
993,16.55,1244.0,490.0,9.0,10.0,960,540
994,16.567,1243.0,491.0,9.0,10.0,960,540
995,16.583,1242.0,491.0,9.0,10.0,960,540
996,16.6,1239.0,491.0,9.0,10.0,960,540
997,16.617,1228.0,493.0,9.0,10.0,960,540
998,16.633,1216.0,496.0,9.0,10.0,960,540
999,16.65,,,,,960,540
1000,16.667,1039.0,819.0,11.0,10.0,960,540
1001,16.683,1029.0,820.0,11.0,10.0,960,540
1002,16.7,1017.0,821.0,11.0,10.0,960,540
1003,16.717,,,,,960,540
1004,16.733,1131.0,509.0,9.0,9.0,960,540
1005,16.75,1125.0,509.0,9.0,9.0,960,540
1006,16.767,1120.0,509.0,9.0,9.0,960,540
1007,16.783,1120.0,510.0,9.0,9.0,960,540
1008,16.8,1119.0,510.0,9.0,9.0,960,540
1009,16.817,1119.0,509.0,9.0,9.0,960,540
1010,16.833,1118.0,510.0,9.0,9.0,960,540
1011,16.85,1116.0,510.0,9.0,9.0,960,540
1012,16.867,1112.0,512.0,9.0,9.0,960,540
1013,16.883,1112.0,511.0,9.0,9.0,960,540
1014,16.9,1111.0,512.0,9.0,9.0,960,540
1015,16.917,1112.0,512.0,9.0,9.0,960,540
1016,16.933,1112.0,512.0,9.0,9.0,960,540
1017,16.95,1113.0,512.0,9.0,9.0,960,540
1018,16.967,1112.0,513.0,9.0,9.0,960,540
1019,16.983,1112.0,511.0,9.0,9.0,960,540
1020,17.0,1105.0,512.0,9.0,9.0,960,540
1021,17.017,1096.0,510.0,9.0,9.0,960,540
1022,17.033,,,,,960,540
1023,17.05,1025.0,558.0,10.0,9.0,960,540
1024,17.067,1011.0,555.0,10.0,9.0,960,540
1025,17.083,1001.0,553.0,10.0,9.0,960,540
1026,17.1,,,,,960,540
1027,17.117,859.0,803.0,10.0,9.0,960,540
1028,17.133,851.0,799.0,10.0,9.0,960,540
1029,17.15,849.0,798.0,10.0,9.0,960,540
1030,17.167,848.0,797.0,10.0,9.0,960,540
1031,17.183,846.0,796.0,10.0,9.0,960,540
1032,17.2,845.0,796.0,10.0,9.0,960,540
1033,17.217,844.0,795.0,10.0,9.0,960,540
1034,17.233,844.0,796.0,10.0,9.0,960,540
1035,17.25,844.0,795.0,10.0,9.0,960,540
1036,17.267,844.0,795.0,10.0,9.0,960,540
1037,17.283,844.0,795.0,10.0,9.0,960,540
1038,17.3,844.0,795.0,10.0,9.0,960,540
1039,17.317,844.0,795.0,10.0,9.0,960,540
1040,17.333,844.0,795.0,10.0,9.0,960,540
1041,17.35,843.0,797.0,10.0,9.0,960,540
1042,17.367,840.0,801.0,10.0,9.0,960,540
1043,17.383,837.0,808.0,10.0,9.0,960,540
1044,17.4,832.0,815.0,10.0,9.0,960,540
1045,17.417,825.0,823.0,10.0,9.0,960,540
1046,17.433,819.0,828.0,10.0,9.0,960,540
1047,17.45,812.0,832.0,10.0,9.0,960,540
1048,17.467,809.0,835.0,10.0,9.0,960,540
1049,17.483,807.0,837.0,10.0,9.0,960,540
1050,17.5,804.0,840.0,10.0,9.0,960,540
1051,17.517,803.0,842.0,10.0,9.0,960,540
1052,17.533,802.0,842.0,10.0,9.0,960,540
1053,17.55,801.0,844.0,10.0,9.0,960,540
1054,17.567,801.0,844.0,10.0,9.0,960,540
1055,17.583,800.0,844.0,10.0,9.0,960,540
1056,17.6,800.0,845.0,10.0,9.0,960,540
1057,17.617,800.0,845.0,10.0,9.0,960,540
1058,17.633,800.0,845.0,10.0,9.0,960,540
1059,17.65,800.0,845.0,10.0,9.0,960,540
1060,17.667,800.0,845.0,10.0,9.0,960,540
1061,17.683,799.0,846.0,10.0,9.0,960,540
1062,17.7,799.0,845.0,10.0,9.0,960,540
1063,17.717,797.0,845.0,10.0,9.0,960,540
1064,17.733,791.0,840.0,10.0,9.0,960,540
1065,17.75,,,,,960,540
1066,17.767,732.0,739.0,9.0,10.0,960,540
1067,17.783,,,,,960,540
1068,17.8,657.0,710.0,11.0,9.0,960,540
1069,17.817,,,,,960,540
1070,17.833,579.0,682.0,12.0,10.0,960,540
1071,17.85,,,,,960,540
1072,17.867,628.0,879.0,13.0,11.0,960,540
1073,17.883,,,,,960,540
1074,17.9,584.0,866.0,13.0,12.0,960,540
1075,17.917,571.0,861.0,13.0,12.0,960,540
1076,17.933,556.0,856.0,13.0,12.0,960,540
1077,17.95,548.0,852.0,13.0,12.0,960,540
1078,17.967,540.0,848.0,13.0,12.0,960,540
1079,17.983,535.0,845.0,13.0,12.0,960,540
1080,18.0,531.0,841.0,13.0,12.0,960,540
1081,18.017,529.0,838.0,13.0,12.0,960,540
1082,18.033,526.0,834.0,13.0,12.0,960,540
1083,18.05,524.0,831.0,13.0,12.0,960,540
1084,18.067,522.0,829.0,13.0,12.0,960,540
1085,18.083,521.0,827.0,13.0,12.0,960,540
1086,18.1,522.0,826.0,13.0,12.0,960,540
1087,18.117,522.0,825.0,13.0,12.0,960,540
1088,18.133,522.0,824.0,13.0,12.0,960,540
1089,18.15,522.0,824.0,13.0,12.0,960,540
1090,18.167,522.0,824.0,13.0,12.0,960,540
1091,18.183,522.0,823.0,13.0,12.0,960,540
1092,18.2,522.0,823.0,13.0,12.0,960,540
1093,18.217,522.0,823.0,13.0,12.0,960,540
1094,18.233,522.0,823.0,13.0,12.0,960,540
1095,18.25,523.0,824.0,13.0,12.0,960,540
1096,18.267,520.0,829.0,13.0,12.0,960,540
1097,18.283,513.0,839.0,13.0,12.0,960,540
1098,18.3,499.0,858.0,13.0,12.0,960,540
1099,18.317,486.0,873.0,13.0,12.0,960,540
1100,18.333,473.0,886.0,13.0,12.0,960,540
1101,18.35,463.0,898.0,13.0,12.0,960,540
1102,18.367,452.0,910.0,13.0,12.0,960,540
1103,18.383,445.0,917.0,13.0,12.0,960,540
1104,18.4,438.0,923.0,13.0,12.0,960,540
1105,18.417,434.0,925.0,13.0,12.0,960,540
1106,18.433,432.0,927.0,13.0,12.0,960,540
1107,18.45,429.0,929.0,13.0,12.0,960,540
1108,18.467,425.0,931.0,13.0,12.0,960,540
1109,18.483,419.0,934.0,13.0,12.0,960,540
1110,18.5,411.0,938.0,13.0,12.0,960,540
1111,18.517,405.0,941.0,13.0,12.0,960,540
1112,18.533,401.0,944.0,13.0,12.0,960,540
1113,18.55,394.0,947.0,13.0,12.0,960,540
1114,18.567,391.0,948.0,13.0,12.0,960,540
1115,18.583,388.0,949.0,13.0,12.0,960,540
1116,18.6,388.0,949.0,13.0,12.0,960,540
1117,18.617,388.0,950.0,13.0,12.0,960,540
1118,18.633,388.0,950.0,13.0,12.0,960,540
1119,18.65,389.0,950.0,13.0,12.0,960,540
1120,18.667,388.0,950.0,13.0,12.0,960,540
1121,18.683,388.0,950.0,13.0,12.0,960,540
1122,18.7,394.0,946.0,13.0,12.0,960,540
1123,18.717,,,,,960,540
1124,18.733,474.0,899.0,16.0,14.0,960,540
1125,18.75,,,,,960,540
1126,18.767,634.0,789.0,12.0,10.0,960,540
1127,18.783,,,,,960,540
1128,18.8,661.0,581.0,11.0,9.0,960,540
1129,18.817,,,,,960,540
1130,18.833,,,,,960,540
1131,18.85,,,,,960,540
1132,18.867,768.0,398.0,10.0,9.0,960,540
1133,18.883,778.0,390.0,10.0,9.0,960,540
1134,18.9,785.0,385.0,10.0,9.0,960,540
1135,18.917,788.0,383.0,9.0,8.0,960,540
1136,18.933,791.0,383.0,9.0,8.0,960,540
1137,18.95,792.0,382.0,9.0,8.0,960,540
1138,18.967,793.0,379.0,9.0,8.0,960,540
1139,18.983,797.0,376.0,9.0,8.0,960,540
1140,19.0,803.0,373.0,9.0,8.0,960,540
1141,19.017,809.0,369.0,10.0,9.0,960,540
1142,19.033,819.0,364.0,10.0,9.0,960,540
1143,19.05,825.0,360.0,10.0,9.0,960,540
1144,19.067,831.0,355.0,10.0,9.0,960,540
1145,19.083,834.0,353.0,10.0,9.0,960,540
1146,19.1,835.0,352.0,10.0,9.0,960,540
1147,19.117,836.0,351.0,10.0,9.0,960,540
1148,19.133,837.0,351.0,10.0,9.0,960,540
1149,19.15,839.0,350.0,10.0,9.0,960,540
1150,19.167,842.0,349.0,10.0,9.0,960,540
1151,19.183,843.0,348.0,10.0,9.0,960,540
1152,19.2,844.0,348.0,10.0,9.0,960,540
1153,19.217,844.0,348.0,10.0,9.0,960,540
1154,19.233,844.0,348.0,10.0,9.0,960,540
1155,19.25,845.0,347.0,10.0,9.0,960,540
1156,19.267,844.0,348.0,10.0,9.0,960,540
1157,19.283,844.0,348.0,10.0,9.0,960,540
1158,19.3,844.0,348.0,10.0,9.0,960,540
1159,19.317,847.0,350.0,10.0,9.0,960,540
1160,19.333,851.0,356.0,10.0,9.0,960,540
1161,19.35,860.0,367.0,10.0,9.0,960,540
1162,19.367,,,,,960,540
1163,19.383,992.0,240.0,10.0,9.0,960,540
1164,19.4,998.0,251.0,10.0,9.0,960,540
1165,19.417,1006.0,264.0,10.0,9.0,960,540
1166,19.433,,,,,960,540
1167,19.45,1022.0,289.0,9.0,10.0,960,540
1168,19.467,1028.0,297.0,9.0,10.0,960,540
1169,19.483,1033.0,303.0,9.0,10.0,960,540
1170,19.5,1036.0,307.0,9.0,10.0,960,540
1171,19.517,1036.0,310.0,9.0,10.0,960,540
1172,19.533,1037.0,312.0,9.0,10.0,960,540
1173,19.55,1036.0,313.0,9.0,10.0,960,540
1174,19.567,1037.0,314.0,9.0,10.0,960,540
1175,19.583,1037.0,315.0,9.0,10.0,960,540
1176,19.6,1038.0,313.0,9.0,10.0,960,540
1177,19.617,1038.0,313.0,9.0,10.0,960,540
1178,19.633,1039.0,312.0,9.0,10.0,960,540
1179,19.65,1040.0,312.0,9.0,10.0,960,540
1180,19.667,1041.0,311.0,9.0,10.0,960,540
1181,19.683,1042.0,310.0,9.0,10.0,960,540
1182,19.7,1042.0,310.0,9.0,10.0,960,540
1183,19.717,1042.0,310.0,9.0,10.0,960,540
1184,19.733,1044.0,310.0,9.0,10.0,960,540
1185,19.75,1045.0,313.0,9.0,10.0,960,540
1186,19.767,1046.0,318.0,9.0,10.0,960,540
1187,19.783,1050.0,325.0,9.0,10.0,960,540
1188,19.8,1052.0,335.0,9.0,10.0,960,540
1189,19.817,1054.0,344.0,9.0,10.0,960,540
1190,19.833,1056.0,354.0,9.0,10.0,960,540
1191,19.85,1057.0,360.0,9.0,10.0,960,540
1192,19.867,1058.0,365.0,9.0,10.0,960,540
1193,19.883,1059.0,371.0,9.0,10.0,960,540
1194,19.9,1060.0,375.0,9.0,10.0,960,540
1195,19.917,1060.0,378.0,9.0,10.0,960,540
1196,19.933,1060.0,381.0,9.0,10.0,960,540
1197,19.95,1060.0,382.0,9.0,10.0,960,540
1198,19.967,1060.0,384.0,9.0,10.0,960,540
1199,19.983,1059.0,386.0,9.0,10.0,960,540
1200,20.0,1060.0,387.0,9.0,10.0,960,540
1201,20.017,1060.0,389.0,9.0,10.0,960,540
1202,20.033,1061.0,391.0,9.0,10.0,960,540
1203,20.05,1062.0,392.0,9.0,10.0,960,540
1204,20.067,1062.0,392.0,9.0,10.0,960,540
1205,20.083,1062.0,391.0,9.0,10.0,960,540
1206,20.1,1063.0,391.0,9.0,10.0,960,540
1207,20.117,1066.0,389.0,9.0,10.0,960,540
1208,20.133,1068.0,385.0,9.0,10.0,960,540
1209,20.15,1071.0,380.0,9.0,10.0,960,540
1210,20.167,1076.0,369.0,9.0,10.0,960,540
1211,20.183,1083.0,358.0,9.0,10.0,960,540
1212,20.2,1089.0,344.0,9.0,10.0,960,540
1213,20.217,,,,,960,540
1214,20.233,1060.0,341.0,9.0,10.0,960,540
1215,20.25,1070.0,328.0,9.0,10.0,960,540
1216,20.267,1077.0,319.0,9.0,10.0,960,540
1217,20.283,1082.0,310.0,9.0,10.0,960,540
1218,20.3,1086.0,305.0,9.0,10.0,960,540
1219,20.317,1087.0,302.0,9.0,10.0,960,540
1220,20.333,1089.0,301.0,9.0,10.0,960,540
1221,20.35,1090.0,301.0,9.0,10.0,960,540
1222,20.367,1089.0,301.0,9.0,10.0,960,540
1223,20.383,1090.0,301.0,9.0,10.0,960,540
1224,20.4,1090.0,301.0,9.0,10.0,960,540
1225,20.417,1090.0,300.0,9.0,10.0,960,540
1226,20.433,1090.0,300.0,9.0,10.0,960,540
1227,20.45,1090.0,301.0,9.0,10.0,960,540
1228,20.467,1090.0,301.0,9.0,10.0,960,540
1229,20.483,1090.0,301.0,9.0,10.0,960,540
1230,20.5,1089.0,303.0,9.0,10.0,960,540
1231,20.517,1087.0,309.0,9.0,10.0,960,540
1232,20.533,,,,,960,540
1233,20.55,1072.0,339.0,9.0,10.0,960,540
1234,20.567,,,,,960,540
1235,20.583,1050.0,380.0,10.0,9.0,960,540
1236,20.6,,,,,960,540
1237,20.617,1073.0,398.0,9.0,10.0,960,540
1238,20.633,,,,,960,540
1239,20.65,1211.0,276.0,10.0,10.0,960,540
1240,20.667,,,,,960,540
1241,20.683,1187.0,310.0,10.0,10.0,960,540
1242,20.7,1180.0,320.0,10.0,10.0,960,540
1243,20.717,1174.0,330.0,10.0,10.0,960,540
1244,20.733,1167.0,340.0,10.0,10.0,960,540
1245,20.75,1163.0,344.0,10.0,10.0,960,540
1246,20.767,1161.0,347.0,10.0,10.0,960,540
1247,20.783,1160.0,350.0,10.0,10.0,960,540
1248,20.8,1159.0,351.0,10.0,10.0,960,540
1249,20.817,1159.0,351.0,10.0,10.0,960,540
1250,20.833,1158.0,351.0,10.0,10.0,960,540
1251,20.85,1158.0,352.0,10.0,10.0,960,540
1252,20.867,1158.0,354.0,10.0,10.0,960,540
1253,20.883,1159.0,356.0,10.0,10.0,960,540
1254,20.9,1159.0,358.0,10.0,10.0,960,540
1255,20.917,1158.0,360.0,10.0,10.0,960,540
1256,20.933,1158.0,360.0,10.0,10.0,960,540
1257,20.95,1159.0,360.0,10.0,10.0,960,540
1258,20.967,1161.0,359.0,10.0,10.0,960,540
1259,20.983,1162.0,358.0,10.0,10.0,960,540
1260,21.0,1162.0,358.0,10.0,10.0,960,540
1261,21.017,1161.0,358.0,10.0,10.0,960,540
1262,21.033,1158.0,361.0,10.0,10.0,960,540
1263,21.05,1153.0,364.0,10.0,10.0,960,540
1264,21.067,1147.0,368.0,10.0,10.0,960,540
1265,21.083,1139.0,373.0,10.0,10.0,960,540
1266,21.1,1133.0,377.0,10.0,10.0,960,540
1267,21.117,1127.0,380.0,10.0,10.0,960,540
1268,21.133,1121.0,383.0,10.0,10.0,960,540
1269,21.15,1118.0,385.0,10.0,10.0,960,540
1270,21.167,1117.0,386.0,10.0,10.0,960,540
1271,21.183,1116.0,387.0,10.0,10.0,960,540
1272,21.2,1116.0,387.0,10.0,10.0,960,540
1273,21.217,1116.0,387.0,10.0,10.0,960,540
1274,21.233,1115.0,388.0,10.0,10.0,960,540
1275,21.25,1114.0,388.0,10.0,10.0,960,540
1276,21.267,1114.0,389.0,10.0,10.0,960,540
1277,21.283,1114.0,389.0,10.0,10.0,960,540
1278,21.3,1114.0,389.0,10.0,10.0,960,540
1279,21.317,1115.0,390.0,10.0,10.0,960,540
1280,21.333,1115.0,390.0,10.0,10.0,960,540
1281,21.35,1115.0,390.0,10.0,10.0,960,540
1282,21.367,1115.0,392.0,10.0,10.0,960,540
1283,21.383,1112.0,396.0,10.0,10.0,960,540
1284,21.4,1107.0,402.0,10.0,10.0,960,540
1285,21.417,1098.0,412.0,10.0,10.0,960,540
1286,21.433,1088.0,422.0,10.0,10.0,960,540
1287,21.45,1076.0,433.0,10.0,10.0,960,540
1288,21.467,,,,,960,540
1289,21.483,,,,,960,540
1290,21.5,1343.0,457.0,10.0,9.0,960,540
1291,21.517,,,,,960,540
1292,21.533,1361.0,672.0,11.0,9.0,960,540
1293,21.55,1351.0,680.0,11.0,9.0,960,540
1294,21.567,1342.0,689.0,11.0,9.0,960,540
1295,21.583,1337.0,695.0,11.0,9.0,960,540
1296,21.6,1333.0,699.0,11.0,9.0,960,540
1297,21.617,1327.0,704.0,11.0,9.0,960,540
1298,21.633,1325.0,707.0,11.0,9.0,960,540
1299,21.65,1321.0,708.0,11.0,9.0,960,540
1300,21.667,1318.0,711.0,11.0,9.0,960,540
1301,21.683,1314.0,713.0,11.0,9.0,960,540
1302,21.7,1311.0,715.0,11.0,9.0,960,540
1303,21.717,1308.0,717.0,11.0,9.0,960,540
1304,21.733,1306.0,717.0,11.0,9.0,960,540
1305,21.75,1307.0,718.0,11.0,9.0,960,540
1306,21.767,1307.0,718.0,11.0,9.0,960,540
1307,21.783,1307.0,719.0,11.0,9.0,960,540
1308,21.8,1304.0,719.0,11.0,9.0,960,540
1309,21.817,1303.0,720.0,11.0,9.0,960,540
1310,21.833,1303.0,720.0,11.0,9.0,960,540
1311,21.85,1302.0,720.0,11.0,9.0,960,540
1312,21.867,1303.0,720.0,11.0,9.0,960,540
1313,21.883,1303.0,720.0,11.0,9.0,960,540
1314,21.9,1303.0,720.0,11.0,9.0,960,540
1315,21.917,1300.0,719.0,11.0,9.0,960,540
1316,21.933,1291.0,718.0,11.0,9.0,960,540
1317,21.95,1275.0,714.0,11.0,9.0,960,540
1318,21.967,,,,,960,540
1319,21.983,,,,,960,540
1320,22.0,,,,,960,540
1321,22.017,1139.0,832.0,10.0,8.0,960,540
1322,22.033,,,,,960,540
1323,22.05,,,,,960,540
1324,22.067,,,,,960,540
1325,22.083,,,,,960,540
1326,22.1,,,,,960,540
1327,22.117,,,,,960,540
1328,22.133,,,,,960,540
1329,22.15,,,,,960,540
1330,22.167,,,,,960,540
1331,22.183,,,,,960,540
1332,22.2,,,,,960,540
1333,22.217,,,,,960,540
1334,22.233,,,,,960,540
1335,22.25,,,,,960,540
1336,22.267,,,,,960,540
1337,22.283,,,,,960,540
1338,22.3,,,,,960,540
1339,22.317,,,,,960,540
1340,22.333,,,,,960,540
1341,22.35,,,,,960,540
1342,22.367,,,,,960,540
1343,22.383,,,,,960,540
1344,22.4,,,,,960,540
1345,22.417,,,,,960,540
1346,22.433,,,,,960,540
1347,22.45,,,,,960,540
1348,22.467,,,,,960,540
1349,22.483,,,,,960,540
1350,22.5,,,,,960,540
1351,22.517,729.0,932.0,12.0,11.0,960,540
1352,22.533,,,,,960,540
1353,22.55,728.0,891.0,11.0,10.0,960,540
1354,22.567,726.0,873.0,11.0,10.0,960,540
1355,22.583,724.0,862.0,11.0,10.0,960,540
1356,22.6,724.0,853.0,11.0,10.0,960,540
1357,22.617,724.0,848.0,11.0,10.0,960,540
1358,22.633,724.0,840.0,11.0,10.0,960,540
1359,22.65,726.0,837.0,11.0,10.0,960,540
1360,22.667,727.0,836.0,11.0,10.0,960,540
1361,22.683,729.0,833.0,11.0,10.0,960,540
1362,22.7,730.0,833.0,11.0,10.0,960,540
1363,22.717,731.0,832.0,11.0,10.0,960,540
1364,22.733,734.0,832.0,11.0,10.0,960,540
1365,22.75,735.0,832.0,11.0,10.0,960,540
1366,22.767,739.0,831.0,11.0,10.0,960,540
1367,22.783,741.0,830.0,11.0,10.0,960,540
1368,22.8,740.0,829.0,11.0,10.0,960,540
1369,22.817,742.0,829.0,11.0,10.0,960,540
1370,22.833,741.0,829.0,11.0,10.0,960,540
1371,22.85,742.0,830.0,11.0,10.0,960,540
1372,22.867,741.0,829.0,11.0,10.0,960,540
1373,22.883,742.0,829.0,11.0,10.0,960,540
1374,22.9,741.0,829.0,11.0,10.0,960,540
1375,22.917,741.0,827.0,11.0,10.0,960,540
1376,22.933,741.0,822.0,11.0,10.0,960,540
1377,22.95,743.0,807.0,11.0,10.0,960,540
1378,22.967,746.0,800.0,11.0,10.0,960,540
1379,22.983,748.0,789.0,11.0,10.0,960,540
1380,23.0,,,,,960,540
1381,23.017,755.0,764.0,11.0,9.0,960,540
1382,23.033,755.0,755.0,11.0,9.0,960,540
1383,23.05,756.0,743.0,11.0,9.0,960,540
1384,23.067,757.0,739.0,11.0,9.0,960,540
1385,23.083,757.0,733.0,11.0,9.0,960,540
1386,23.1,759.0,727.0,11.0,9.0,960,540
1387,23.117,758.0,725.0,11.0,9.0,960,540
1388,23.133,759.0,722.0,11.0,9.0,960,540
1389,23.15,759.0,720.0,11.0,9.0,960,540
1390,23.167,759.0,718.0,11.0,9.0,960,540
1391,23.183,759.0,718.0,11.0,9.0,960,540
1392,23.2,761.0,716.0,11.0,9.0,960,540
1393,23.217,760.0,715.0,11.0,9.0,960,540
1394,23.233,762.0,713.0,11.0,9.0,960,540
1395,23.25,763.0,711.0,11.0,9.0,960,540
1396,23.267,763.0,710.0,11.0,9.0,960,540
1397,23.283,764.0,708.0,11.0,9.0,960,540
1398,23.3,763.0,707.0,11.0,9.0,960,540
1399,23.317,763.0,706.0,11.0,9.0,960,540
1400,23.333,763.0,705.0,11.0,9.0,960,540
1401,23.35,763.0,705.0,11.0,9.0,960,540
1402,23.367,763.0,703.0,11.0,9.0,960,540
1403,23.383,764.0,701.0,11.0,9.0,960,540
1404,23.4,766.0,699.0,11.0,9.0,960,540
1405,23.417,774.0,689.0,11.0,9.0,960,540
1406,23.433,784.0,679.0,11.0,9.0,960,540
1407,23.45,,,,,960,540
1408,23.467,473.0,567.0,14.0,11.0,960,540
1409,23.483,,,,,960,540
1410,23.5,,,,,960,540
1411,23.517,364.0,640.0,14.0,11.0,960,540
1412,23.533,,,,,960,540
1413,23.55,585.0,498.0,10.0,10.0,960,540
1414,23.567,599.0,491.0,10.0,10.0,960,540
1415,23.583,607.0,488.0,10.0,10.0,960,540
1416,23.6,613.0,486.0,10.0,10.0,960,540
1417,23.617,618.0,484.0,10.0,10.0,960,540
1418,23.633,621.0,483.0,10.0,10.0,960,540
1419,23.65,624.0,482.0,10.0,10.0,960,540
1420,23.667,629.0,479.0,10.0,10.0,960,540
1421,23.683,632.0,476.0,10.0,10.0,960,540
1422,23.7,635.0,473.0,10.0,10.0,960,540
1423,23.717,638.0,470.0,10.0,10.0,960,540
1424,23.733,639.0,469.0,10.0,10.0,960,540
1425,23.75,640.0,468.0,10.0,10.0,960,540
1426,23.767,642.0,466.0,10.0,10.0,960,540
1427,23.783,642.0,464.0,10.0,10.0,960,540
1428,23.8,644.0,462.0,10.0,10.0,960,540
1429,23.817,644.0,461.0,10.0,10.0,960,540
1430,23.833,643.0,460.0,10.0,10.0,960,540
1431,23.85,644.0,460.0,10.0,10.0,960,540
1432,23.867,644.0,460.0,10.0,10.0,960,540
1433,23.883,643.0,460.0,10.0,10.0,960,540
1434,23.9,639.0,460.0,10.0,10.0,960,540
1435,23.917,632.0,459.0,10.0,10.0,960,540
1436,23.933,618.0,458.0,10.0,10.0,960,540
1437,23.95,,,,,960,540
1438,23.967,565.0,451.0,12.0,10.0,960,540
1439,23.983,,,,,960,540
1440,24.0,506.0,441.0,13.0,11.0,960,540
1441,24.017,,,,,960,540
1442,24.033,,,,,960,540
1443,24.05,436.0,423.0,14.0,12.0,960,540
1444,24.067,422.0,419.0,14.0,12.0,960,540
1445,24.083,407.0,415.0,14.0,12.0,960,540
1446,24.1,401.0,413.0,14.0,12.0,960,540
1447,24.117,395.0,411.0,14.0,12.0,960,540
1448,24.133,391.0,409.0,14.0,12.0,960,540
1449,24.15,387.0,407.0,14.0,12.0,960,540
1450,24.167,385.0,405.0,14.0,12.0,960,540
1451,24.183,384.0,405.0,14.0,12.0,960,540
1452,24.2,382.0,404.0,14.0,12.0,960,540
1453,24.217,382.0,404.0,14.0,12.0,960,540
1454,24.233,382.0,404.0,14.0,12.0,960,540
1455,24.25,382.0,404.0,14.0,12.0,960,540
1456,24.267,382.0,404.0,14.0,12.0,960,540
1457,24.283,383.0,405.0,14.0,12.0,960,540
1458,24.3,383.0,404.0,14.0,12.0,960,540
1459,24.317,383.0,404.0,14.0,12.0,960,540
1460,24.333,384.0,405.0,14.0,12.0,960,540
1461,24.35,384.0,405.0,14.0,12.0,960,540
1462,24.367,384.0,405.0,14.0,12.0,960,540
1463,24.383,383.0,405.0,14.0,12.0,960,540
1464,24.4,383.0,406.0,14.0,12.0,960,540
1465,24.417,383.0,404.0,14.0,12.0,960,540
1466,24.433,382.0,400.0,14.0,12.0,960,540
1467,24.45,382.0,392.0,14.0,12.0,960,540
1468,24.467,381.0,381.0,14.0,12.0,960,540
1469,24.483,381.0,365.0,14.0,12.0,960,540
1470,24.5,381.0,353.0,14.0,12.0,960,540
1471,24.517,380.0,342.0,14.0,12.0,960,540
1472,24.533,380.0,332.0,14.0,12.0,960,540
1473,24.55,378.0,322.0,14.0,12.0,960,540
1474,24.567,377.0,315.0,14.0,12.0,960,540
1475,24.583,378.0,307.0,14.0,12.0,960,540
1476,24.6,378.0,303.0,14.0,12.0,960,540
1477,24.617,380.0,300.0,14.0,12.0,960,540
1478,24.633,381.0,296.0,14.0,12.0,960,540
1479,24.65,382.0,292.0,14.0,12.0,960,540
1480,24.667,383.0,290.0,14.0,12.0,960,540
1481,24.683,384.0,288.0,14.0,12.0,960,540
1482,24.7,385.0,288.0,14.0,12.0,960,540
1483,24.717,385.0,288.0,14.0,12.0,960,540
1484,24.733,385.0,287.0,14.0,12.0,960,540
1485,24.75,385.0,287.0,14.0,12.0,960,540
1486,24.767,385.0,288.0,14.0,12.0,960,540
1487,24.783,385.0,287.0,14.0,12.0,960,540
1488,24.8,385.0,287.0,14.0,12.0,960,540
1489,24.817,385.0,286.0,14.0,12.0,960,540
1490,24.833,385.0,285.0,14.0,12.0,960,540
1491,24.85,384.0,285.0,14.0,12.0,960,540
1492,24.867,384.0,283.0,14.0,12.0,960,540
1493,24.883,384.0,283.0,14.0,12.0,960,540
1494,24.9,384.0,283.0,14.0,12.0,960,540
1495,24.917,384.0,283.0,14.0,12.0,960,540
1496,24.933,388.0,285.0,14.0,12.0,960,540
1497,24.95,396.0,289.0,14.0,12.0,960,540
1498,24.967,409.0,294.0,14.0,12.0,960,540
1499,24.983,426.0,302.0,14.0,12.0,960,540
1500,25.0,436.0,306.0,14.0,12.0,960,540
1501,25.017,447.0,311.0,14.0,12.0,960,540
1502,25.033,452.0,314.0,14.0,12.0,960,540
1503,25.05,459.0,318.0,14.0,12.0,960,540
1504,25.067,461.0,320.0,14.0,12.0,960,540
1505,25.083,462.0,321.0,14.0,12.0,960,540
1506,25.1,463.0,321.0,14.0,12.0,960,540
1507,25.117,462.0,320.0,14.0,12.0,960,540
1508,25.133,462.0,320.0,14.0,12.0,960,540
1509,25.15,463.0,321.0,14.0,12.0,960,540
1510,25.167,462.0,320.0,14.0,12.0,960,540
1511,25.183,462.0,320.0,14.0,12.0,960,540
1512,25.2,462.0,319.0,14.0,12.0,960,540
1513,25.217,462.0,318.0,14.0,12.0,960,540
1514,25.233,463.0,318.0,14.0,12.0,960,540
1515,25.25,463.0,318.0,14.0,12.0,960,540
1516,25.267,463.0,317.0,14.0,12.0,960,540
1517,25.283,463.0,317.0,14.0,12.0,960,540
1518,25.3,463.0,318.0,14.0,12.0,960,540
1519,25.317,465.0,320.0,14.0,12.0,960,540
1520,25.333,470.0,324.0,14.0,12.0,960,540
1521,25.35,480.0,330.0,14.0,12.0,960,540
1522,25.367,,,,,960,540
1523,25.383,728.0,332.0,10.0,10.0,960,540
1524,25.4,,,,,960,540
1525,25.417,684.0,320.0,10.0,11.0,960,540
1526,25.433,,,,,960,540
1527,25.45,750.0,374.0,11.0,9.0,960,540
1528,25.467,,,,,960,540
1529,25.483,800.0,420.0,9.0,10.0,960,540
1530,25.5,,,,,960,540
1531,25.517,855.0,111.0,10.0,11.0,960,540
1532,25.533,865.0,121.0,10.0,11.0,960,540
1533,25.55,874.0,129.0,10.0,11.0,960,540
1534,25.567,879.0,135.0,10.0,11.0,960,540
1535,25.583,882.0,140.0,10.0,11.0,960,540
1536,25.6,883.0,141.0,10.0,11.0,960,540
1537,25.617,883.0,141.0,10.0,11.0,960,540
1538,25.633,884.0,143.0,10.0,11.0,960,540
1539,25.65,885.0,144.0,10.0,11.0,960,540
1540,25.667,887.0,145.0,10.0,11.0,960,540
1541,25.683,889.0,148.0,10.0,11.0,960,540
1542,25.7,891.0,151.0,10.0,11.0,960,540
1543,25.717,893.0,157.0,10.0,11.0,960,540
1544,25.733,894.0,161.0,10.0,11.0,960,540
1545,25.75,895.0,163.0,10.0,11.0,960,540
1546,25.767,896.0,165.0,10.0,11.0,960,540
1547,25.783,897.0,167.0,10.0,11.0,960,540
1548,25.8,897.0,166.0,10.0,11.0,960,540
1549,25.817,896.0,166.0,10.0,11.0,960,540
1550,25.833,897.0,166.0,10.0,11.0,960,540
1551,25.85,897.0,166.0,10.0,11.0,960,540
1552,25.867,899.0,168.0,10.0,11.0,960,540
1553,25.883,903.0,172.0,10.0,11.0,960,540
1554,25.9,913.0,179.0,10.0,11.0,960,540
1555,25.917,922.0,184.0,10.0,11.0,960,540
1556,25.933,930.0,189.0,10.0,11.0,960,540
1557,25.95,941.0,198.0,10.0,11.0,960,540
1558,25.967,948.0,202.0,10.0,11.0,960,540
1559,25.983,954.0,206.0,10.0,11.0,960,540
1560,26.0,961.0,210.0,10.0,11.0,960,540
1561,26.017,964.0,212.0,10.0,11.0,960,540
1562,26.033,967.0,214.0,10.0,11.0,960,540
1563,26.05,971.0,215.0,10.0,11.0,960,540
1564,26.067,974.0,216.0,10.0,11.0,960,540
1565,26.083,976.0,216.0,10.0,11.0,960,540
1566,26.1,977.0,217.0,10.0,11.0,960,540
1567,26.117,978.0,217.0,10.0,11.0,960,540
1568,26.133,980.0,218.0,10.0,11.0,960,540
1569,26.15,983.0,219.0,10.0,11.0,960,540
1570,26.167,984.0,219.0,10.0,11.0,960,540
1571,26.183,985.0,220.0,10.0,11.0,960,540
1572,26.2,986.0,220.0,10.0,11.0,960,540
1573,26.217,985.0,220.0,10.0,11.0,960,540
1574,26.233,985.0,220.0,10.0,11.0,960,540
1575,26.25,985.0,219.0,10.0,11.0,960,540
1576,26.267,987.0,218.0,10.0,11.0,960,540
1577,26.283,990.0,213.0,10.0,11.0,960,540
1578,26.3,995.0,207.0,10.0,11.0,960,540
1579,26.317,1002.0,198.0,10.0,11.0,960,540
1580,26.333,,,,,960,540
1581,26.35,1024.0,173.0,10.0,11.0,960,540
1582,26.367,1033.0,163.0,10.0,11.0,960,540
1583,26.383,1043.0,153.0,10.0,11.0,960,540
1584,26.4,1048.0,146.0,10.0,11.0,960,540
1585,26.417,1054.0,141.0,10.0,11.0,960,540
1586,26.433,1057.0,138.0,10.0,11.0,960,540
1587,26.45,1058.0,137.0,10.0,11.0,960,540
1588,26.467,1060.0,135.0,10.0,11.0,960,540
1589,26.483,1060.0,135.0,10.0,11.0,960,540
1590,26.5,1061.0,134.0,10.0,11.0,960,540
1591,26.517,1061.0,134.0,10.0,11.0,960,540
1592,26.533,1061.0,134.0,10.0,11.0,960,540
1593,26.55,1060.0,134.0,10.0,11.0,960,540
1594,26.567,1061.0,134.0,10.0,11.0,960,540
1595,26.583,1061.0,135.0,10.0,11.0,960,540
1596,26.6,1061.0,134.0,10.0,11.0,960,540
1597,26.617,1061.0,134.0,10.0,11.0,960,540
1598,26.633,1064.0,131.0,10.0,11.0,960,540
1599,26.65,1069.0,126.0,10.0,11.0,960,540
1600,26.667,1078.0,119.0,10.0,11.0,960,540
1601,26.683,1093.0,105.0,10.0,11.0,960,540
1602,26.7,1109.0,93.0,10.0,11.0,960,540
1603,26.717,1122.0,80.0,10.0,11.0,960,540
1604,26.733,,,,,960,540
1605,26.75,1154.0,54.0,12.0,13.0,960,540
1606,26.767,1165.0,44.0,12.0,13.0,960,540
1607,26.783,1180.0,32.0,12.0,13.0,960,540
1608,26.8,1188.0,24.0,12.0,13.0,960,540
1609,26.817,1194.0,19.0,12.0,13.0,960,540
1610,26.833,1200.0,13.0,12.0,13.0,960,540
1611,26.85,1204.0,11.0,12.0,13.0,960,540
1612,26.867,1207.0,9.0,12.0,13.0,960,540
1613,26.883,1212.0,5.0,12.0,13.0,960,540
1614,26.9,1216.0,4.0,12.0,13.0,960,540
1615,26.917,1221.0,2.0,12.0,13.0,960,540
1616,26.933,1228.0,0.0,12.0,13.0,960,540
1617,26.95,1230.0,0.0,12.0,13.0,960,540
1618,26.967,1231.0,0.0,12.0,13.0,960,540
1619,26.983,1232.0,0.0,12.0,13.0,960,540
1620,27.0,1231.0,0.0,12.0,13.0,960,540
1621,27.017,1231.0,0.0,12.0,13.0,960,540
1622,27.033,1231.0,0.0,12.0,13.0,960,540
1623,27.05,1232.0,0.0,12.0,13.0,960,540
1624,27.067,1233.0,0.0,12.0,13.0,960,540
1625,27.083,1231.0,0.0,12.0,13.0,960,540
1626,27.1,,,,,960,540
1627,27.117,1218.0,622.0,11.0,9.0,960,540
1628,27.133,,,,,960,540
1629,27.15,1595.0,13.0,17.0,17.0,960,540
1630,27.167,,,,,960,540
1631,27.183,1487.0,14.0,16.0,16.0,960,540
1632,27.2,,,,,960,540
1633,27.217,1395.0,11.0,14.0,15.0,960,540
1634,27.233,,,,,960,540
1635,27.25,1338.0,6.0,13.0,14.0,960,540
1636,27.267,1322.0,5.0,13.0,14.0,960,540
1637,27.283,1312.0,4.0,13.0,14.0,960,540
1638,27.3,1307.0,3.0,13.0,14.0,960,540
1639,27.317,1306.0,2.0,13.0,14.0,960,540
1640,27.333,1305.0,1.0,13.0,14.0,960,540
1641,27.35,1306.0,0.0,14.0,15.0,960,540
1642,27.367,1306.0,0.0,14.0,15.0,960,540
1643,27.383,1306.0,0.0,14.0,15.0,960,540
1644,27.4,1305.0,0.0,14.0,15.0,960,540
1645,27.417,1306.0,0.0,14.0,15.0,960,540
1646,27.433,1306.0,0.0,14.0,15.0,960,540
1647,27.45,,,,,960,540
1648,27.467,,,,,960,540
1649,27.483,,,,,960,540
1650,27.5,,,,,960,540
1651,27.517,,,,,960,540
1652,27.533,,,,,960,540
1653,27.55,,,,,960,540
1654,27.567,,,,,960,540
1655,27.583,589.0,367.0,10.0,9.0,960,540
1656,27.6,601.0,369.0,10.0,9.0,960,540
1657,27.617,,,,,960,540
1658,27.633,,,,,960,540
1659,27.65,,,,,960,540
1660,27.667,,,,,960,540
1661,27.683,,,,,960,540
1662,27.7,,,,,960,540
1663,27.717,,,,,960,540
1664,27.733,,,,,960,540
1665,27.75,,,,,960,540
1666,27.767,,,,,960,540
1667,27.783,,,,,960,540
1668,27.8,,,,,960,540
1669,27.817,,,,,960,540
1670,27.833,,,,,960,540
1671,27.85,,,,,960,540
1672,27.867,,,,,960,540
1673,27.883,,,,,960,540
1674,27.9,,,,,960,540
1675,27.917,,,,,960,540
1676,27.933,,,,,960,540
1677,27.95,,,,,960,540
1678,27.967,,,,,960,540
1679,27.983,,,,,960,540
1680,28.0,,,,,960,540
1681,28.017,,,,,960,540
1682,28.033,,,,,960,540
1683,28.05,,,,,960,540
1684,28.067,,,,,960,540
1685,28.083,1239.0,5.0,14.0,13.0,960,540
1686,28.1,1239.0,14.0,14.0,13.0,960,540
1687,28.117,,,,,960,540
1688,28.133,1243.0,54.0,12.0,13.0,960,540
1689,28.15,1247.0,69.0,12.0,13.0,960,540
1690,28.167,1253.0,88.0,12.0,13.0,960,540
1691,28.183,1257.0,100.0,12.0,13.0,960,540
1692,28.2,1260.0,112.0,12.0,13.0,960,540
1693,28.217,1262.0,120.0,12.0,13.0,960,540
1694,28.233,1263.0,124.0,12.0,13.0,960,540
1695,28.25,1265.0,127.0,12.0,13.0,960,540
1696,28.267,1264.0,129.0,12.0,13.0,960,540
1697,28.283,1265.0,129.0,12.0,13.0,960,540
1698,28.3,1266.0,129.0,12.0,13.0,960,540
1699,28.317,1268.0,128.0,12.0,13.0,960,540
1700,28.333,1270.0,126.0,12.0,13.0,960,540
1701,28.35,1272.0,126.0,12.0,13.0,960,540
1702,28.367,1274.0,125.0,12.0,13.0,960,540
1703,28.383,1275.0,126.0,12.0,13.0,960,540
1704,28.4,1277.0,127.0,12.0,13.0,960,540
1705,28.417,1278.0,128.0,12.0,13.0,960,540
1706,28.433,1278.0,128.0,12.0,13.0,960,540
1707,28.45,1279.0,128.0,12.0,13.0,960,540
1708,28.467,1280.0,128.0,12.0,13.0,960,540
1709,28.483,1279.0,129.0,12.0,13.0,960,540
1710,28.5,1278.0,127.0,12.0,13.0,960,540
1711,28.517,1272.0,123.0,12.0,13.0,960,540
1712,28.533,1262.0,117.0,12.0,13.0,960,540
1713,28.55,,,,,960,540
1714,28.567,1206.0,93.0,12.0,12.0,960,540
1715,28.583,,,,,960,540
1716,28.6,1126.0,51.0,11.0,12.0,960,540
1717,28.617,,,,,960,540
1718,28.633,1051.0,5.0,11.0,13.0,960,540
1719,28.65,,,,,960,540
1720,28.667,1426.0,36.0,14.0,14.0,960,540
1721,28.683,,,,,960,540
1722,28.7,1371.0,13.0,14.0,14.0,960,540
1723,28.717,1362.0,8.0,14.0,14.0,960,540
1724,28.733,1350.0,0.0,14.0,14.0,960,540
1725,28.75,1346.0,0.0,15.0,15.0,960,540
1726,28.767,,,,,960,540
1727,28.783,,,,,960,540
1728,28.8,,,,,960,540
1729,28.817,,,,,960,540
1730,28.833,,,,,960,540
1731,28.85,,,,,960,540
1732,28.867,,,,,960,540
1733,28.883,,,,,960,540
1734,28.9,,,,,960,540
1735,28.917,,,,,960,540
1736,28.933,,,,,960,540
1737,28.95,,,,,960,540
1738,28.967,,,,,960,540
1739,28.983,,,,,960,540
1740,29.0,,,,,960,540
1741,29.017,,,,,960,540
1742,29.033,,,,,960,540
1743,29.05,,,,,960,540
1744,29.067,,,,,960,540
1745,29.083,,,,,960,540
1746,29.1,,,,,960,540
1747,29.117,,,,,960,540
1748,29.133,,,,,960,540
1749,29.15,,,,,960,540
1750,29.167,,,,,960,540
1751,29.183,,,,,960,540
1752,29.2,,,,,960,540
1753,29.217,689.0,369.0,10.0,10.0,960,540
1754,29.233,676.0,360.0,10.0,10.0,960,540
1755,29.25,,,,,960,540
1756,29.267,644.0,338.0,11.0,11.0,960,540
1757,29.283,632.0,328.0,11.0,11.0,960,540
1758,29.3,621.0,319.0,11.0,11.0,960,540
1759,29.317,614.0,314.0,11.0,11.0,960,540
1760,29.333,611.0,311.0,11.0,11.0,960,540
1761,29.35,607.0,306.0,11.0,11.0,960,540
1762,29.367,606.0,305.0,11.0,11.0,960,540
1763,29.383,605.0,303.0,11.0,11.0,960,540
1764,29.4,605.0,302.0,11.0,11.0,960,540
1765,29.417,605.0,301.0,11.0,11.0,960,540
1766,29.433,604.0,300.0,11.0,11.0,960,540
1767,29.45,601.0,296.0,11.0,11.0,960,540
1768,29.467,599.0,296.0,11.0,11.0,960,540
1769,29.483,597.0,294.0,11.0,11.0,960,540
1770,29.5,596.0,292.0,11.0,11.0,960,540
1771,29.517,596.0,292.0,11.0,11.0,960,540
1772,29.533,595.0,291.0,11.0,11.0,960,540
1773,29.55,595.0,289.0,11.0,11.0,960,540
1774,29.567,594.0,289.0,11.0,11.0,960,540
1775,29.583,593.0,288.0,11.0,11.0,960,540
1776,29.6,594.0,289.0,11.0,11.0,960,540
1777,29.617,593.0,289.0,11.0,11.0,960,540
1778,29.633,595.0,290.0,11.0,11.0,960,540
1779,29.65,602.0,297.0,11.0,11.0,960,540
1780,29.667,618.0,308.0,11.0,11.0,960,540
1781,29.683,,,,,960,540
1782,29.7,688.0,347.0,10.0,9.0,960,540
1783,29.717,,,,,960,540
1784,29.733,785.0,83.0,12.0,12.0,960,540
1785,29.75,,,,,960,540
1786,29.767,875.0,140.0,10.0,11.0,960,540
1787,29.783,,,,,960,540
1788,29.8,925.0,176.0,10.0,10.0,960,540
1789,29.817,,,,,960,540
1790,29.833,962.0,209.0,10.0,10.0,960,540
1791,29.85,971.0,220.0,10.0,10.0,960,540
1792,29.867,979.0,233.0,10.0,10.0,960,540
1793,29.883,984.0,241.0,10.0,10.0,960,540
1794,29.9,988.0,248.0,10.0,10.0,960,540
1795,29.917,991.0,255.0,10.0,10.0,960,540
1796,29.933,992.0,258.0,10.0,10.0,960,540
1797,29.95,993.0,260.0,10.0,10.0,960,540
1798,29.967,993.0,263.0,10.0,10.0,960,540
1799,29.983,994.0,265.0,10.0,10.0,960,540
1800,30.0,993.0,268.0,10.0,10.0,960,540
1801,30.017,993.0,271.0,10.0,10.0,960,540
1802,30.033,994.0,273.0,10.0,10.0,960,540
1803,30.05,995.0,276.0,10.0,10.0,960,540
1804,30.067,996.0,279.0,10.0,10.0,960,540
1805,30.083,997.0,280.0,10.0,10.0,960,540
1806,30.1,996.0,280.0,10.0,10.0,960,540
1807,30.117,996.0,280.0,10.0,10.0,960,540
1808,30.133,996.0,280.0,10.0,10.0,960,540
1809,30.15,996.0,280.0,10.0,10.0,960,540
1810,30.167,996.0,280.0,10.0,10.0,960,540
1811,30.183,996.0,280.0,10.0,10.0,960,540
1812,30.2,994.0,286.0,10.0,10.0,960,540
1813,30.217,994.0,297.0,10.0,10.0,960,540
1814,30.233,993.0,313.0,10.0,10.0,960,540
1815,30.25,,,,,960,540
1816,30.267,1148.0,734.0,10.0,9.0,960,540
1817,30.283,,,,,960,540
1818,30.3,1134.0,233.0,11.0,9.0,960,540
1819,30.317,,,,,960,540
1820,30.333,1118.0,279.0,10.0,10.0,960,540
1821,30.35,,,,,960,540
1822,30.367,1122.0,873.0,11.0,10.0,960,540
1823,30.383,1119.0,882.0,11.0,10.0,960,540
1824,30.4,1119.0,891.0,11.0,10.0,960,540
1825,30.417,1119.0,895.0,11.0,10.0,960,540
1826,30.433,1118.0,897.0,11.0,10.0,960,540
1827,30.45,1119.0,897.0,11.0,10.0,960,540
1828,30.467,1119.0,897.0,11.0,10.0,960,540
1829,30.483,1120.0,897.0,11.0,10.0,960,540
1830,30.5,1122.0,899.0,11.0,10.0,960,540
1831,30.517,1123.0,902.0,11.0,10.0,960,540
1832,30.533,1126.0,906.0,11.0,10.0,960,540
1833,30.55,1127.0,911.0,11.0,10.0,960,540
1834,30.567,1129.0,915.0,11.0,10.0,960,540
1835,30.583,1130.0,919.0,11.0,10.0,960,540
1836,30.6,1131.0,923.0,11.0,10.0,960,540
1837,30.617,1132.0,924.0,11.0,10.0,960,540
1838,30.633,1132.0,926.0,11.0,10.0,960,540
1839,30.65,1131.0,927.0,11.0,10.0,960,540
1840,30.667,1132.0,928.0,11.0,10.0,960,540
1841,30.683,1132.0,929.0,11.0,10.0,960,540
1842,30.7,1132.0,929.0,11.0,10.0,960,540
1843,30.717,1132.0,929.0,11.0,10.0,960,540
1844,30.733,1132.0,929.0,11.0,10.0,960,540
1845,30.75,1133.0,930.0,11.0,10.0,960,540
1846,30.767,1133.0,931.0,11.0,10.0,960,540
1847,30.783,1132.0,931.0,11.0,10.0,960,540
1848,30.8,1134.0,932.0,11.0,10.0,960,540
1849,30.817,1133.0,934.0,11.0,10.0,960,540
1850,30.833,1132.0,940.0,11.0,10.0,960,540
1851,30.85,1129.0,946.0,11.0,10.0,960,540
1852,30.867,1119.0,955.0,11.0,10.0,960,540
1853,30.883,,,,,960,540
1854,30.9,1104.0,557.0,10.0,9.0,960,540
1855,30.917,,,,,960,540
1856,30.933,1055.0,599.0,9.0,9.0,960,540
1857,30.95,,,,,960,540
1858,30.967,1314.0,474.0,11.0,9.0,960,540
1859,30.983,1303.0,482.0,11.0,9.0,960,540
1860,31.0,,,,,960,540
1861,31.017,,,,,960,540
1862,31.033,,,,,960,540
1863,31.05,985.0,671.0,10.0,9.0,960,540
1864,31.067,985.0,670.0,10.0,9.0,960,540
1865,31.083,985.0,671.0,10.0,9.0,960,540
1866,31.1,985.0,671.0,10.0,9.0,960,540
1867,31.117,986.0,671.0,10.0,9.0,960,540
1868,31.133,988.0,672.0,10.0,9.0,960,540
1869,31.15,989.0,673.0,10.0,9.0,960,540
1870,31.167,990.0,674.0,10.0,9.0,960,540
1871,31.183,991.0,674.0,10.0,9.0,960,540
1872,31.2,992.0,676.0,10.0,9.0,960,540
1873,31.217,993.0,677.0,10.0,9.0,960,540
1874,31.233,993.0,678.0,10.0,9.0,960,540
1875,31.25,994.0,679.0,10.0,9.0,960,540
1876,31.267,994.0,679.0,10.0,9.0,960,540
1877,31.283,995.0,679.0,10.0,9.0,960,540
1878,31.3,995.0,679.0,10.0,9.0,960,540
1879,31.317,995.0,677.0,10.0,9.0,960,540
1880,31.333,995.0,674.0,10.0,9.0,960,540
1881,31.35,992.0,664.0,10.0,9.0,960,540
1882,31.367,988.0,655.0,10.0,9.0,960,540
1883,31.383,983.0,642.0,10.0,9.0,960,540
1884,31.4,981.0,631.0,10.0,9.0,960,540
1885,31.417,,,,,960,540
1886,31.433,,,,,960,540
1887,31.45,1231.0,424.0,9.0,9.0,960,540
1888,31.467,1229.0,410.0,9.0,9.0,960,540
1889,31.483,1228.0,404.0,9.0,9.0,960,540
1890,31.5,1226.0,399.0,9.0,9.0,960,540
1891,31.517,1225.0,397.0,9.0,9.0,960,540
1892,31.533,1224.0,395.0,9.0,9.0,960,540
1893,31.55,1224.0,390.0,9.0,9.0,960,540
1894,31.567,1222.0,389.0,9.0,9.0,960,540
1895,31.583,1222.0,385.0,9.0,9.0,960,540
1896,31.6,1221.0,383.0,9.0,9.0,960,540
1897,31.617,1219.0,380.0,9.0,9.0,960,540
1898,31.633,1219.0,380.0,9.0,9.0,960,540
1899,31.65,1219.0,379.0,9.0,9.0,960,540
1900,31.667,1219.0,379.0,9.0,9.0,960,540
1901,31.683,1218.0,379.0,9.0,9.0,960,540
1902,31.7,1219.0,378.0,9.0,9.0,960,540
1903,31.717,1219.0,378.0,9.0,9.0,960,540
1904,31.733,1220.0,377.0,9.0,9.0,960,540
1905,31.75,1219.0,377.0,9.0,9.0,960,540
1906,31.767,1218.0,377.0,9.0,9.0,960,540
1907,31.783,1211.0,380.0,9.0,9.0,960,540
1908,31.8,1195.0,386.0,9.0,9.0,960,540
1909,31.817,,,,,960,540
1910,31.833,,,,,960,540
1911,31.85,,,,,960,540
1912,31.867,,,,,960,540
1913,31.883,,,,,960,540
1914,31.9,,,,,960,540
1915,31.917,,,,,960,540
1916,31.933,,,,,960,540
1917,31.95,,,,,960,540
1918,31.967,,,,,960,540
1919,31.983,,,,,960,540
1920,32.0,,,,,960,540
1921,32.017,,,,,960,540
1922,32.033,,,,,960,540
1923,32.05,,,,,960,540
1924,32.067,,,,,960,540
1925,32.083,,,,,960,540
1926,32.1,,,,,960,540
1927,32.117,,,,,960,540
1928,32.133,,,,,960,540
1929,32.15,,,,,960,540
1930,32.167,,,,,960,540
1931,32.183,,,,,960,540
1932,32.2,,,,,960,540
1933,32.217,,,,,960,540
1934,32.233,,,,,960,540
1935,32.25,,,,,960,540
1936,32.267,,,,,960,540
1937,32.283,,,,,960,540
1938,32.3,,,,,960,540
1939,32.317,,,,,960,540
1940,32.333,,,,,960,540
1941,32.35,,,,,960,540
1942,32.367,,,,,960,540
1943,32.383,,,,,960,540
1944,32.4,,,,,960,540
1945,32.417,,,,,960,540
1946,32.433,,,,,960,540
1947,32.45,,,,,960,540
1948,32.467,,,,,960,540
1949,32.483,,,,,960,540
1950,32.5,,,,,960,540
1951,32.517,,,,,960,540
1952,32.533,,,,,960,540
1953,32.55,,,,,960,540
1954,32.567,,,,,960,540
1955,32.583,,,,,960,540
1956,32.6,,,,,960,540
1957,32.617,,,,,960,540
1958,32.633,,,,,960,540
1959,32.65,,,,,960,540
1960,32.667,,,,,960,540
1961,32.683,,,,,960,540
1962,32.7,,,,,960,540
1963,32.717,,,,,960,540
1964,32.733,,,,,960,540
1965,32.75,,,,,960,540
1966,32.767,,,,,960,540
1967,32.783,,,,,960,540
1968,32.8,,,,,960,540
1969,32.817,,,,,960,540
1970,32.833,,,,,960,540
1971,32.85,,,,,960,540
1972,32.867,,,,,960,540
1973,32.883,,,,,960,540
1974,32.9,,,,,960,540
1975,32.917,,,,,960,540
1976,32.933,,,,,960,540
1977,32.95,,,,,960,540
1978,32.967,,,,,960,540
1979,32.983,,,,,960,540
1980,33.0,,,,,960,540
1981,33.017,,,,,960,540
1982,33.033,,,,,960,540
1983,33.05,,,,,960,540
1984,33.067,,,,,960,540
1985,33.083,,,,,960,540
1986,33.1,,,,,960,540
1987,33.117,,,,,960,540
1988,33.133,,,,,960,540
1989,33.15,,,,,960,540
1990,33.167,,,,,960,540
1991,33.183,,,,,960,540
1992,33.2,,,,,960,540
1993,33.217,,,,,960,540
1994,33.233,,,,,960,540
1995,33.25,,,,,960,540
1996,33.267,,,,,960,540
1997,33.283,,,,,960,540
1998,33.3,,,,,960,540
1999,33.317,,,,,960,540
2000,33.333,,,,,960,540
2001,33.35,,,,,960,540
2002,33.367,,,,,960,540
2003,33.383,,,,,960,540
2004,33.4,,,,,960,540
2005,33.417,,,,,960,540
2006,33.433,634.0,937.0,13.0,13.0,960,540
2007,33.45,,,,,960,540
2008,33.467,625.0,854.0,12.0,11.0,960,540
2009,33.483,,,,,960,540
2010,33.5,608.0,781.0,12.0,10.0,960,540
2011,33.517,,,,,960,540
2012,33.533,,,,,960,540
2013,33.55,581.0,735.0,13.0,11.0,960,540
2014,33.567,576.0,730.0,13.0,11.0,960,540
2015,33.583,575.0,728.0,13.0,11.0,960,540
2016,33.6,573.0,725.0,13.0,11.0,960,540
2017,33.617,573.0,721.0,13.0,11.0,960,540
2018,33.633,570.0,711.0,13.0,11.0,960,540
2019,33.65,569.0,699.0,13.0,11.0,960,540
2020,33.667,566.0,685.0,13.0,11.0,960,540
2021,33.683,563.0,665.0,13.0,11.0,960,540
2022,33.7,559.0,650.0,13.0,11.0,960,540
2023,33.717,556.0,637.0,13.0,11.0,960,540
2024,33.733,552.0,622.0,13.0,11.0,960,540
2025,33.75,550.0,612.0,13.0,11.0,960,540
2026,33.767,547.0,603.0,13.0,11.0,960,540
2027,33.783,545.0,594.0,13.0,11.0,960,540
2028,33.8,544.0,589.0,13.0,11.0,960,540
2029,33.817,543.0,585.0,13.0,11.0,960,540
2030,33.833,543.0,580.0,13.0,11.0,960,540
2031,33.85,543.0,576.0,13.0,11.0,960,540
2032,33.867,542.0,574.0,13.0,11.0,960,540
2033,33.883,542.0,570.0,13.0,11.0,960,540
2034,33.9,542.0,569.0,13.0,11.0,960,540
2035,33.917,542.0,568.0,13.0,11.0,960,540
2036,33.933,541.0,569.0,13.0,11.0,960,540
2037,33.95,542.0,568.0,13.0,11.0,960,540
2038,33.967,541.0,568.0,13.0,11.0,960,540
2039,33.983,541.0,567.0,13.0,11.0,960,540
2040,34.0,540.0,566.0,13.0,11.0,960,540
2041,34.017,539.0,564.0,13.0,11.0,960,540
2042,34.033,538.0,562.0,13.0,11.0,960,540
2043,34.05,537.0,562.0,13.0,11.0,960,540
2044,34.067,537.0,560.0,13.0,11.0,960,540
2045,34.083,536.0,561.0,13.0,11.0,960,540
2046,34.1,536.0,560.0,13.0,11.0,960,540
2047,34.117,536.0,561.0,13.0,11.0,960,540
2048,34.133,537.0,560.0,13.0,11.0,960,540
2049,34.15,536.0,560.0,13.0,11.0,960,540
2050,34.167,536.0,560.0,13.0,11.0,960,540
2051,34.183,540.0,559.0,13.0,11.0,960,540
2052,34.2,547.0,554.0,13.0,11.0,960,540
2053,34.217,563.0,549.0,13.0,11.0,960,540
2054,34.233,,,,,960,540
2055,34.25,616.0,524.0,11.0,10.0,960,540
2056,34.267,,,,,960,540
2057,34.283,,,,,960,540
2058,34.3,1017.0,51.0,11.0,12.0,960,540
2059,34.317,1027.0,47.0,11.0,12.0,960,540
2060,34.333,1046.0,40.0,11.0,12.0,960,540
2061,34.35,1053.0,37.0,11.0,12.0,960,540
2062,34.367,1057.0,36.0,11.0,12.0,960,540
2063,34.383,1058.0,36.0,11.0,12.0,960,540
2064,34.4,1057.0,35.0,11.0,12.0,960,540
2065,34.417,1057.0,33.0,11.0,12.0,960,540
2066,34.433,1058.0,32.0,11.0,12.0,960,540
2067,34.45,1057.0,30.0,11.0,12.0,960,540
2068,34.467,1059.0,28.0,11.0,12.0,960,540
2069,34.483,1059.0,25.0,11.0,12.0,960,540
2070,34.5,1059.0,24.0,11.0,12.0,960,540
2071,34.517,1059.0,21.0,11.0,12.0,960,540
2072,34.533,1058.0,20.0,11.0,12.0,960,540
2073,34.55,1058.0,19.0,11.0,12.0,960,540
2074,34.567,1058.0,18.0,11.0,12.0,960,540
2075,34.583,1057.0,18.0,11.0,12.0,960,540
2076,34.6,1058.0,17.0,11.0,12.0,960,540
2077,34.617,1057.0,17.0,11.0,12.0,960,540
2078,34.633,1058.0,17.0,11.0,12.0,960,540
2079,34.65,1058.0,20.0,11.0,12.0,960,540
2080,34.667,1060.0,26.0,11.0,12.0,960,540
2081,34.683,1062.0,36.0,11.0,12.0,960,540
2082,34.7,1069.0,49.0,11.0,12.0,960,540
2083,34.717,1074.0,58.0,11.0,12.0,960,540
2084,34.733,1080.0,66.0,11.0,12.0,960,540
2085,34.75,1085.0,72.0,11.0,12.0,960,540
2086,34.767,1088.0,76.0,11.0,12.0,960,540
2087,34.783,1090.0,79.0,11.0,12.0,960,540
2088,34.8,1091.0,81.0,11.0,12.0,960,540
2089,34.817,1091.0,82.0,11.0,12.0,960,540
2090,34.833,1092.0,82.0,11.0,12.0,960,540
2091,34.85,1093.0,83.0,11.0,12.0,960,540
2092,34.867,1096.0,85.0,11.0,12.0,960,540
2093,34.883,1098.0,87.0,11.0,12.0,960,540
2094,34.9,1102.0,88.0,11.0,12.0,960,540
2095,34.917,1106.0,90.0,11.0,12.0,960,540
2096,34.933,1108.0,91.0,11.0,12.0,960,540
2097,34.95,1109.0,90.0,11.0,12.0,960,540
2098,34.967,1110.0,90.0,11.0,12.0,960,540
2099,34.983,1110.0,90.0,11.0,12.0,960,540
2100,35.0,1109.0,90.0,11.0,12.0,960,540
2101,35.017,1109.0,90.0,11.0,12.0,960,540
2102,35.033,1107.0,90.0,11.0,12.0,960,540
2103,35.05,1096.0,94.0,11.0,12.0,960,540
2104,35.067,1085.0,99.0,11.0,12.0,960,540
2105,35.083,,,,,960,540
2106,35.1,1045.0,120.0,10.0,10.0,960,540
2107,35.117,1029.0,130.0,10.0,10.0,960,540
2108,35.133,1015.0,141.0,10.0,10.0,960,540
2109,35.15,,,,,960,540
2110,35.167,825.0,318.0,10.0,9.0,960,540
2111,35.183,820.0,321.0,10.0,9.0,960,540
2112,35.2,816.0,325.0,10.0,9.0,960,540
2113,35.217,815.0,327.0,10.0,9.0,960,540
2114,35.233,814.0,328.0,10.0,9.0,960,540
2115,35.25,814.0,329.0,10.0,9.0,960,540
2116,35.267,813.0,331.0,10.0,9.0,960,540
2117,35.283,813.0,331.0,10.0,9.0,960,540
2118,35.3,812.0,331.0,10.0,9.0,960,540
2119,35.317,812.0,333.0,10.0,9.0,960,540
2120,35.333,812.0,332.0,10.0,9.0,960,540
2121,35.35,812.0,333.0,10.0,9.0,960,540
2122,35.367,813.0,333.0,10.0,9.0,960,540
2123,35.383,813.0,333.0,10.0,9.0,960,540
2124,35.4,812.0,333.0,10.0,9.0,960,540
2125,35.417,812.0,333.0,10.0,9.0,960,540
2126,35.433,812.0,333.0,10.0,9.0,960,540
2127,35.45,815.0,334.0,10.0,9.0,960,540
2128,35.467,820.0,334.0,10.0,9.0,960,540
2129,35.483,,,,,960,540
2130,35.5,868.0,339.0,10.0,9.0,960,540
2131,35.517,,,,,960,540
2132,35.533,1092.0,178.0,10.0,9.0,960,540
2133,35.55,,,,,960,540
2134,35.567,1146.0,175.0,10.0,10.0,960,540
2135,35.583,1164.0,175.0,10.0,10.0,960,540
2136,35.6,1177.0,175.0,10.0,10.0,960,540
2137,35.617,1191.0,175.0,10.0,10.0,960,540
2138,35.633,1197.0,175.0,10.0,10.0,960,540
2139,35.65,1201.0,175.0,10.0,10.0,960,540
2140,35.667,1203.0,176.0,10.0,10.0,960,540
2141,35.683,1204.0,177.0,10.0,10.0,960,540
2142,35.7,1205.0,177.0,10.0,10.0,960,540
2143,35.717,1208.0,177.0,10.0,10.0,960,540
2144,35.733,1211.0,178.0,10.0,10.0,960,540
2145,35.75,1213.0,178.0,10.0,10.0,960,540
2146,35.767,1213.0,178.0,10.0,10.0,960,540
2147,35.783,1213.0,178.0,10.0,10.0,960,540
2148,35.8,1214.0,178.0,10.0,10.0,960,540
2149,35.817,1213.0,178.0,10.0,10.0,960,540
2150,35.833,1213.0,178.0,10.0,10.0,960,540
2151,35.85,1213.0,178.0,10.0,10.0,960,540
2152,35.867,1214.0,178.0,10.0,10.0,960,540
2153,35.883,1216.0,177.0,10.0,10.0,960,540
2154,35.9,1225.0,172.0,10.0,10.0,960,540
2155,35.917,1233.0,167.0,10.0,10.0,960,540
2156,35.933,1241.0,162.0,10.0,10.0,960,540
2157,35.95,,,,,960,540
2158,35.967,1087.0,317.0,10.0,9.0,960,540
2159,35.983,1096.0,312.0,10.0,9.0,960,540
2160,36.0,1106.0,307.0,10.0,9.0,960,540
2161,36.017,1112.0,304.0,10.0,9.0,960,540
2162,36.033,1115.0,302.0,10.0,9.0,960,540
2163,36.05,1117.0,301.0,10.0,9.0,960,540
2164,36.067,1118.0,301.0,10.0,9.0,960,540
2165,36.083,1119.0,301.0,10.0,9.0,960,540
2166,36.1,1119.0,300.0,10.0,9.0,960,540
2167,36.117,1121.0,299.0,10.0,9.0,960,540
2168,36.133,1122.0,299.0,10.0,9.0,960,540
2169,36.15,1124.0,297.0,10.0,9.0,960,540
2170,36.167,1126.0,296.0,10.0,9.0,960,540
2171,36.183,1128.0,295.0,10.0,9.0,960,540
2172,36.2,1129.0,294.0,10.0,9.0,960,540
2173,36.217,1130.0,294.0,10.0,9.0,960,540
2174,36.233,1130.0,294.0,10.0,9.0,960,540
2175,36.25,1131.0,294.0,10.0,9.0,960,540
2176,36.267,1131.0,293.0,10.0,9.0,960,540
2177,36.283,1131.0,294.0,10.0,9.0,960,540
2178,36.3,1131.0,294.0,10.0,9.0,960,540
2179,36.317,1132.0,294.0,10.0,9.0,960,540
2180,36.333,1137.0,292.0,10.0,9.0,960,540
2181,36.35,1147.0,288.0,10.0,9.0,960,540
2182,36.367,,,,,960,540
2183,36.383,1200.0,261.0,12.0,11.0,960,540
2184,36.4,,,,,960,540
2185,36.417,1257.0,237.0,12.0,10.0,960,540
2186,36.433,,,,,960,540
2187,36.45,1349.0,204.0,14.0,12.0,960,540
2188,36.467,,,,,960,540
2189,36.483,1406.0,188.0,15.0,13.0,960,540
2190,36.5,1422.0,184.0,15.0,13.0,960,540
2191,36.517,1441.0,181.0,15.0,13.0,960,540
2192,36.533,1452.0,181.0,15.0,13.0,960,540
2193,36.55,1460.0,181.0,15.0,13.0,960,540
2194,36.567,1464.0,180.0,15.0,13.0,960,540
2195,36.583,1471.0,180.0,15.0,13.0,960,540
2196,36.6,1477.0,181.0,15.0,13.0,960,540
2197,36.617,1482.0,182.0,15.0,13.0,960,540
2198,36.633,1492.0,183.0,15.0,13.0,960,540
2199,36.65,1499.0,185.0,15.0,13.0,960,540
2200,36.667,1506.0,185.0,15.0,13.0,960,540
2201,36.683,1518.0,187.0,15.0,13.0,960,540
2202,36.7,1523.0,187.0,15.0,13.0,960,540
2203,36.717,1526.0,188.0,15.0,13.0,960,540
2204,36.733,1527.0,189.0,15.0,13.0,960,540
2205,36.75,1527.0,188.0,15.0,13.0,960,540
2206,36.767,1528.0,189.0,15.0,13.0,960,540
2207,36.783,1530.0,189.0,15.0,13.0,960,540
2208,36.8,1530.0,189.0,15.0,13.0,960,540
2209,36.817,1531.0,189.0,15.0,13.0,960,540
2210,36.833,1531.0,189.0,15.0,13.0,960,540
2211,36.85,1531.0,189.0,15.0,13.0,960,540
2212,36.867,1531.0,189.0,15.0,13.0,960,540
2213,36.883,1531.0,189.0,15.0,13.0,960,540
2214,36.9,1531.0,191.0,15.0,13.0,960,540
2215,36.917,1530.0,195.0,15.0,13.0,960,540
2216,36.933,1529.0,202.0,15.0,13.0,960,540
2217,36.95,1523.0,217.0,15.0,13.0,960,540
2218,36.967,1519.0,231.0,15.0,13.0,960,540
2219,36.983,1512.0,246.0,15.0,13.0,960,540
2220,37.0,1506.0,267.0,15.0,13.0,960,540
2221,37.017,1502.0,283.0,15.0,13.0,960,540
2222,37.033,1500.0,297.0,15.0,13.0,960,540
2223,37.05,1496.0,313.0,15.0,13.0,960,540
2224,37.067,1495.0,322.0,15.0,13.0,960,540
2225,37.083,1493.0,329.0,15.0,13.0,960,540
2226,37.1,1492.0,337.0,15.0,13.0,960,540
2227,37.117,1492.0,340.0,15.0,13.0,960,540
2228,37.133,1490.0,342.0,15.0,13.0,960,540
2229,37.15,1490.0,343.0,15.0,13.0,960,540
2230,37.167,1490.0,344.0,15.0,13.0,960,540
2231,37.183,1490.0,344.0,15.0,13.0,960,540
2232,37.2,1489.0,346.0,15.0,13.0,960,540
2233,37.217,1487.0,347.0,15.0,13.0,960,540
2234,37.233,1486.0,351.0,15.0,13.0,960,540
2235,37.25,1484.0,354.0,15.0,13.0,960,540
2236,37.267,1484.0,358.0,15.0,13.0,960,540
2237,37.283,1484.0,358.0,15.0,13.0,960,540
2238,37.3,1484.0,359.0,15.0,13.0,960,540
2239,37.317,1484.0,359.0,15.0,13.0,960,540
2240,37.333,1484.0,359.0,15.0,13.0,960,540
2241,37.35,1484.0,359.0,15.0,13.0,960,540
2242,37.367,1478.0,357.0,15.0,13.0,960,540
2243,37.383,1468.0,354.0,15.0,13.0,960,540
2244,37.4,1452.0,351.0,15.0,13.0,960,540
2245,37.417,1437.0,348.0,15.0,13.0,960,540
2246,37.433,,,,,960,540
2247,37.45,953.0,234.0,10.0,9.0,960,540
2248,37.467,,,,,960,540
2249,37.483,919.0,223.0,10.0,11.0,960,540
2250,37.5,909.0,218.0,10.0,11.0,960,540
2251,37.517,903.0,214.0,10.0,11.0,960,540
2252,37.533,901.0,211.0,10.0,11.0,960,540
2253,37.55,901.0,209.0,10.0,11.0,960,540
2254,37.567,900.0,208.0,10.0,11.0,960,540
2255,37.583,898.0,206.0,10.0,11.0,960,540
2256,37.6,897.0,206.0,10.0,11.0,960,540
2257,37.617,896.0,205.0,10.0,11.0,960,540
2258,37.633,895.0,206.0,10.0,11.0,960,540
2259,37.65,895.0,205.0,10.0,11.0,960,540
2260,37.667,895.0,205.0,10.0,11.0,960,540
2261,37.683,895.0,205.0,10.0,11.0,960,540
2262,37.7,895.0,205.0,10.0,11.0,960,540
2263,37.717,894.0,205.0,10.0,11.0,960,540
2264,37.733,895.0,206.0,10.0,11.0,960,540
2265,37.75,897.0,209.0,10.0,11.0,960,540
2266,37.767,899.0,215.0,10.0,11.0,960,540
2267,37.783,908.0,227.0,10.0,11.0,960,540
2268,37.8,,,,,960,540
2269,37.817,940.0,265.0,9.0,10.0,960,540
2270,37.833,947.0,274.0,9.0,10.0,960,540
2271,37.85,,,,,960,540
2272,37.867,1665.0,200.0,19.0,15.0,960,540
2273,37.883,1677.0,205.0,19.0,15.0,960,540
2274,37.9,1693.0,213.0,19.0,15.0,960,540
2275,37.917,1713.0,224.0,19.0,15.0,960,540
2276,37.933,1720.0,227.0,19.0,15.0,960,540
2277,37.95,1725.0,232.0,19.0,15.0,960,540
2278,37.967,1731.0,239.0,19.0,15.0,960,540
2279,37.983,1733.0,241.0,19.0,15.0,960,540
2280,38.0,1733.0,244.0,19.0,15.0,960,540
2281,38.017,1732.0,248.0,19.0,15.0,960,540
2282,38.033,1732.0,248.0,19.0,15.0,960,540
2283,38.05,1731.0,250.0,19.0,15.0,960,540
2284,38.067,1726.0,251.0,19.0,15.0,960,540
2285,38.083,1724.0,251.0,19.0,15.0,960,540
2286,38.1,1721.0,253.0,19.0,15.0,960,540
2287,38.117,1717.0,255.0,19.0,15.0,960,540
2288,38.133,1717.0,255.0,19.0,15.0,960,540
2289,38.15,1716.0,257.0,19.0,15.0,960,540
2290,38.167,1717.0,256.0,19.0,15.0,960,540
2291,38.183,1717.0,257.0,19.0,15.0,960,540
2292,38.2,1717.0,257.0,19.0,15.0,960,540
2293,38.217,1718.0,258.0,19.0,15.0,960,540
2294,38.233,1715.0,266.0,19.0,15.0,960,540
2295,38.25,1711.0,270.0,19.0,15.0,960,540
2296,38.267,1703.0,282.0,19.0,15.0,960,540
2297,38.283,1692.0,297.0,19.0,15.0,960,540
2298,38.3,,,,,960,540
2299,38.317,1420.0,534.0,14.0,11.0,960,540
2300,38.333,1410.0,546.0,14.0,11.0,960,540
2301,38.35,,,,,960,540
2302,38.367,1386.0,578.0,12.0,10.0,960,540
2303,38.383,1378.0,589.0,12.0,10.0,960,540
2304,38.4,1370.0,603.0,12.0,10.0,960,540
2305,38.417,1367.0,608.0,12.0,10.0,960,540
2306,38.433,1364.0,614.0,12.0,10.0,960,540
2307,38.45,1359.0,620.0,12.0,10.0,960,540
2308,38.467,1357.0,623.0,12.0,10.0,960,540
2309,38.483,1355.0,626.0,12.0,10.0,960,540
2310,38.5,1354.0,629.0,12.0,10.0,960,540
2311,38.517,1354.0,630.0,12.0,10.0,960,540
2312,38.533,1353.0,631.0,12.0,10.0,960,540
2313,38.55,1353.0,633.0,12.0,10.0,960,540
2314,38.567,1354.0,635.0,12.0,10.0,960,540
2315,38.583,1354.0,636.0,12.0,10.0,960,540
2316,38.6,1358.0,636.0,12.0,10.0,960,540
2317,38.617,1360.0,636.0,12.0,10.0,960,540
2318,38.633,1361.0,636.0,12.0,10.0,960,540
2319,38.65,1363.0,635.0,12.0,10.0,960,540
2320,38.667,1363.0,635.0,12.0,10.0,960,540
2321,38.683,1363.0,635.0,12.0,10.0,960,540
2322,38.7,1363.0,635.0,12.0,10.0,960,540
2323,38.717,1363.0,635.0,12.0,10.0,960,540
2324,38.733,1363.0,635.0,12.0,10.0,960,540
2325,38.75,1361.0,635.0,12.0,10.0,960,540
2326,38.767,1345.0,631.0,12.0,10.0,960,540
2327,38.783,1332.0,629.0,12.0,10.0,960,540
2328,38.8,,,,,960,540
2329,38.817,1244.0,613.0,11.0,9.0,960,540
2330,38.833,,,,,960,540
2331,38.85,1177.0,604.0,11.0,9.0,960,540
2332,38.867,,,,,960,540
2333,38.883,1249.0,317.0,10.0,9.0,960,540
2334,38.9,,,,,960,540
2335,38.917,1177.0,314.0,10.0,8.0,960,540
2336,38.933,1165.0,313.0,10.0,8.0,960,540
2337,38.95,1151.0,312.0,10.0,8.0,960,540
2338,38.967,1136.0,309.0,10.0,8.0,960,540
2339,38.983,1132.0,308.0,10.0,8.0,960,540
2340,39.0,1128.0,306.0,10.0,8.0,960,540
2341,39.017,1125.0,302.0,10.0,8.0,960,540
2342,39.033,1124.0,300.0,10.0,8.0,960,540
2343,39.05,1122.0,298.0,10.0,8.0,960,540
2344,39.067,1121.0,295.0,10.0,8.0,960,540
2345,39.083,1121.0,293.0,10.0,8.0,960,540
2346,39.1,1121.0,292.0,10.0,8.0,960,540
2347,39.117,1121.0,289.0,10.0,8.0,960,540
2348,39.133,1120.0,288.0,10.0,8.0,960,540
2349,39.15,1120.0,287.0,10.0,8.0,960,540
2350,39.167,1119.0,285.0,10.0,8.0,960,540
2351,39.183,1118.0,284.0,10.0,8.0,960,540
2352,39.2,1119.0,283.0,10.0,8.0,960,540
2353,39.217,1118.0,283.0,10.0,8.0,960,540
2354,39.233,1118.0,282.0,10.0,8.0,960,540
2355,39.25,1118.0,282.0,10.0,8.0,960,540
2356,39.267,1117.0,282.0,10.0,8.0,960,540
2357,39.283,1117.0,281.0,10.0,8.0,960,540
2358,39.3,1117.0,280.0,10.0,8.0,960,540
2359,39.317,1116.0,279.0,10.0,8.0,960,540
2360,39.333,1115.0,277.0,10.0,8.0,960,540
2361,39.35,1112.0,273.0,10.0,8.0,960,540
2362,39.367,1106.0,267.0,10.0,8.0,960,540
2363,39.383,,,,,960,540
2364,39.4,,,,,960,540
2365,39.417,1043.0,228.0,9.0,10.0,960,540
2366,39.433,1029.0,222.0,9.0,10.0,960,540
2367,39.45,,,,,960,540
2368,39.467,,,,,960,540
2369,39.483,967.0,196.0,9.0,9.0,960,540
2370,39.5,,,,,960,540
2371,39.517,,,,,960,540
2372,39.533,915.0,180.0,9.0,9.0,960,540
2373,39.55,911.0,178.0,9.0,9.0,960,540
2374,39.567,906.0,174.0,9.0,9.0,960,540
2375,39.583,904.0,174.0,9.0,9.0,960,540
2376,39.6,903.0,173.0,9.0,9.0,960,540
2377,39.617,902.0,173.0,9.0,9.0,960,540
2378,39.633,900.0,171.0,9.0,9.0,960,540
2379,39.65,899.0,170.0,9.0,9.0,960,540
2380,39.667,898.0,170.0,9.0,9.0,960,540
2381,39.683,896.0,169.0,9.0,9.0,960,540
2382,39.7,895.0,169.0,9.0,9.0,960,540
2383,39.717,895.0,169.0,9.0,9.0,960,540
2384,39.733,896.0,169.0,9.0,9.0,960,540
2385,39.75,895.0,169.0,9.0,9.0,960,540
2386,39.767,895.0,169.0,9.0,9.0,960,540
2387,39.783,895.0,169.0,9.0,9.0,960,540
2388,39.8,896.0,169.0,9.0,9.0,960,540
2389,39.817,895.0,170.0,9.0,9.0,960,540
2390,39.833,897.0,171.0,9.0,9.0,960,540
2391,39.85,904.0,177.0,9.0,9.0,960,540
2392,39.867,,,,,960,540
2393,39.883,726.0,441.0,11.0,10.0,960,540
2394,39.9,,,,,960,540
2395,39.917,788.0,457.0,10.0,9.0,960,540
2396,39.933,,,,,960,540
2397,39.95,,,,,960,540
2398,39.967,1086.0,237.0,9.0,9.0,960,540
2399,39.983,1095.0,239.0,9.0,9.0,960,540
2400,40.0,1107.0,242.0,9.0,9.0,960,540
2401,40.017,1118.0,247.0,9.0,9.0,960,540
2402,40.033,1125.0,252.0,9.0,9.0,960,540
2403,40.05,1128.0,254.0,9.0,9.0,960,540
2404,40.067,1130.0,257.0,9.0,9.0,960,540
2405,40.083,1131.0,260.0,9.0,9.0,960,540
2406,40.1,1131.0,262.0,9.0,9.0,960,540
2407,40.117,1131.0,264.0,9.0,9.0,960,540
2408,40.133,1130.0,265.0,9.0,9.0,960,540
2409,40.15,1129.0,267.0,9.0,9.0,960,540
2410,40.167,1127.0,268.0,9.0,9.0,960,540
2411,40.183,1125.0,270.0,9.0,9.0,960,540
2412,40.2,1124.0,271.0,9.0,9.0,960,540
2413,40.217,1122.0,272.0,9.0,9.0,960,540
2414,40.233,1117.0,273.0,9.0,9.0,960,540
2415,40.25,1116.0,273.0,9.0,9.0,960,540
2416,40.267,1115.0,273.0,9.0,9.0,960,540
2417,40.283,1115.0,273.0,9.0,9.0,960,540
2418,40.3,1114.0,274.0,9.0,9.0,960,540
2419,40.317,1114.0,273.0,9.0,9.0,960,540
2420,40.333,1114.0,274.0,9.0,9.0,960,540
2421,40.35,1114.0,274.0,9.0,9.0,960,540
2422,40.367,1115.0,274.0,9.0,9.0,960,540
2423,40.383,1116.0,276.0,9.0,9.0,960,540
2424,40.4,1123.0,278.0,9.0,9.0,960,540
2425,40.417,1132.0,281.0,9.0,9.0,960,540
2426,40.433,1141.0,284.0,9.0,9.0,960,540
2427,40.45,1151.0,284.0,9.0,9.0,960,540
2428,40.467,1161.0,286.0,9.0,9.0,960,540
2429,40.483,1167.0,289.0,9.0,9.0,960,540
2430,40.5,1171.0,291.0,9.0,9.0,960,540
2431,40.517,1174.0,294.0,9.0,9.0,960,540
2432,40.533,1178.0,296.0,9.0,9.0,960,540
2433,40.55,1179.0,297.0,9.0,9.0,960,540
2434,40.567,1179.0,297.0,9.0,9.0,960,540
2435,40.583,1179.0,297.0,9.0,9.0,960,540
2436,40.6,1180.0,297.0,9.0,9.0,960,540
2437,40.617,1180.0,297.0,9.0,9.0,960,540
2438,40.633,1180.0,297.0,9.0,9.0,960,540
2439,40.65,1180.0,298.0,9.0,9.0,960,540
2440,40.667,1181.0,298.0,9.0,9.0,960,540
2441,40.683,1180.0,297.0,9.0,9.0,960,540
2442,40.7,1181.0,298.0,9.0,9.0,960,540
2443,40.717,1180.0,298.0,9.0,9.0,960,540
2444,40.733,1180.0,301.0,9.0,9.0,960,540
2445,40.75,1177.0,306.0,9.0,9.0,960,540
2446,40.767,1173.0,314.0,9.0,9.0,960,540
2447,40.783,1167.0,326.0,9.0,9.0,960,540
2448,40.8,1160.0,335.0,9.0,9.0,960,540
2449,40.817,1154.0,345.0,9.0,9.0,960,540
2450,40.833,1146.0,355.0,9.0,9.0,960,540
2451,40.85,1142.0,361.0,9.0,9.0,960,540
2452,40.867,1137.0,368.0,9.0,9.0,960,540
2453,40.883,1133.0,373.0,9.0,9.0,960,540
2454,40.9,1129.0,377.0,9.0,9.0,960,540
2455,40.917,1126.0,379.0,9.0,9.0,960,540
2456,40.933,1123.0,380.0,9.0,9.0,960,540
2457,40.95,1119.0,382.0,9.0,9.0,960,540
2458,40.967,1116.0,384.0,9.0,9.0,960,540
2459,40.983,1114.0,387.0,9.0,9.0,960,540
2460,41.0,1111.0,389.0,9.0,9.0,960,540
2461,41.017,1109.0,390.0,9.0,9.0,960,540
2462,41.033,1107.0,391.0,9.0,9.0,960,540
2463,41.05,1105.0,393.0,9.0,9.0,960,540
2464,41.067,1105.0,394.0,9.0,9.0,960,540
2465,41.083,1104.0,394.0,9.0,9.0,960,540
2466,41.1,1105.0,394.0,9.0,9.0,960,540
2467,41.117,1104.0,395.0,9.0,9.0,960,540
2468,41.133,1105.0,394.0,9.0,9.0,960,540
2469,41.15,1104.0,395.0,9.0,9.0,960,540
2470,41.167,1103.0,395.0,9.0,9.0,960,540
2471,41.183,1099.0,397.0,9.0,9.0,960,540
2472,41.2,1090.0,400.0,9.0,9.0,960,540
2473,41.217,1077.0,405.0,9.0,9.0,960,540
2474,41.233,1062.0,407.0,9.0,9.0,960,540
2475,41.25,,,,,960,540
2476,41.267,,,,,960,540
2477,41.283,,,,,960,540
2478,41.3,,,,,960,540
2479,41.317,,,,,960,540
2480,41.333,,,,,960,540
2481,41.35,,,,,960,540
2482,41.367,,,,,960,540
2483,41.383,,,,,960,540
2484,41.4,,,,,960,540
2485,41.417,,,,,960,540
2486,41.433,,,,,960,540
2487,41.45,,,,,960,540
2488,41.467,,,,,960,540
2489,41.483,,,,,960,540
2490,41.5,,,,,960,540
2491,41.517,,,,,960,540
2492,41.533,,,,,960,540
2493,41.55,,,,,960,540
2494,41.567,,,,,960,540
2495,41.583,,,,,960,540
2496,41.6,,,,,960,540
2497,41.617,,,,,960,540
2498,41.633,,,,,960,540
2499,41.65,,,,,960,540
2500,41.667,,,,,960,540
2501,41.683,,,,,960,540
2502,41.7,,,,,960,540
2503,41.717,,,,,960,540
2504,41.733,,,,,960,540
2505,41.75,,,,,960,540
2506,41.767,,,,,960,540
2507,41.783,,,,,960,540
2508,41.8,,,,,960,540
2509,41.817,,,,,960,540
2510,41.833,,,,,960,540
2511,41.85,,,,,960,540
2512,41.867,,,,,960,540
2513,41.883,,,,,960,540
2514,41.9,,,,,960,540
2515,41.917,,,,,960,540
2516,41.933,,,,,960,540
2517,41.95,,,,,960,540
2518,41.967,,,,,960,540
2519,41.983,,,,,960,540
2520,42.0,,,,,960,540
2521,42.017,,,,,960,540
2522,42.033,,,,,960,540
2523,42.05,,,,,960,540
2524,42.067,,,,,960,540
2525,42.083,,,,,960,540
2526,42.1,,,,,960,540
2527,42.117,,,,,960,540
2528,42.133,,,,,960,540
2529,42.15,,,,,960,540
2530,42.167,,,,,960,540
2531,42.183,,,,,960,540
2532,42.2,,,,,960,540
2533,42.217,,,,,960,540
2534,42.233,,,,,960,540
2535,42.25,,,,,960,540
2536,42.267,,,,,960,540
2537,42.283,,,,,960,540
2538,42.3,,,,,960,540
2539,42.317,,,,,960,540
2540,42.333,,,,,960,540
2541,42.35,940.0,799.0,10.0,9.0,960,540
2542,42.367,940.0,798.0,10.0,9.0,960,540
2543,42.383,940.0,801.0,10.0,9.0,960,540
2544,42.4,941.0,809.0,10.0,9.0,960,540
2545,42.417,943.0,821.0,10.0,9.0,960,540
2546,42.433,946.0,834.0,10.0,9.0,960,540
2547,42.45,,,,,960,540
2548,42.467,949.0,866.0,10.0,9.0,960,540
2549,42.483,950.0,877.0,10.0,9.0,960,540
2550,42.5,951.0,890.0,10.0,9.0,960,540
2551,42.517,951.0,900.0,10.0,9.0,960,540
2552,42.533,950.0,905.0,10.0,9.0,960,540
2553,42.55,950.0,910.0,10.0,9.0,960,540
2554,42.567,950.0,912.0,10.0,9.0,960,540
2555,42.583,949.0,913.0,10.0,9.0,960,540
2556,42.6,949.0,914.0,10.0,9.0,960,540
2557,42.617,948.0,913.0,10.0,9.0,960,540
2558,42.633,947.0,915.0,10.0,9.0,960,540
2559,42.65,944.0,917.0,10.0,9.0,960,540
2560,42.667,942.0,918.0,10.0,9.0,960,540
2561,42.683,939.0,920.0,10.0,9.0,960,540
2562,42.7,937.0,924.0,10.0,9.0,960,540
2563,42.717,935.0,925.0,10.0,9.0,960,540
2564,42.733,934.0,928.0,10.0,9.0,960,540
2565,42.75,934.0,927.0,10.0,9.0,960,540
2566,42.767,934.0,928.0,10.0,9.0,960,540
2567,42.783,934.0,927.0,10.0,9.0,960,540
2568,42.8,936.0,927.0,10.0,9.0,960,540
2569,42.817,940.0,926.0,10.0,9.0,960,540
2570,42.833,948.0,926.0,10.0,9.0,960,540
2571,42.85,959.0,924.0,10.0,9.0,960,540
2572,42.867,971.0,924.0,10.0,9.0,960,540
2573,42.883,982.0,923.0,10.0,9.0,960,540
2574,42.9,996.0,920.0,10.0,9.0,960,540
2575,42.917,1004.0,919.0,10.0,9.0,960,540
2576,42.933,1009.0,918.0,10.0,9.0,960,540
2577,42.95,1011.0,918.0,10.0,9.0,960,540
2578,42.967,1013.0,919.0,10.0,9.0,960,540
2579,42.983,1014.0,919.0,10.0,9.0,960,540
2580,43.0,1014.0,918.0,10.0,9.0,960,540
2581,43.017,1016.0,918.0,10.0,9.0,960,540
2582,43.033,1018.0,918.0,10.0,9.0,960,540
2583,43.05,1021.0,918.0,10.0,9.0,960,540
2584,43.067,1024.0,917.0,10.0,9.0,960,540
2585,43.083,1026.0,916.0,10.0,9.0,960,540
2586,43.1,1030.0,916.0,10.0,9.0,960,540
2587,43.117,1034.0,915.0,10.0,9.0,960,540
2588,43.133,1037.0,915.0,10.0,9.0,960,540
2589,43.15,1037.0,915.0,10.0,9.0,960,540
2590,43.167,1038.0,914.0,10.0,9.0,960,540
2591,43.183,1038.0,914.0,10.0,9.0,960,540
2592,43.2,1037.0,913.0,10.0,9.0,960,540
2593,43.217,1034.0,912.0,10.0,9.0,960,540
2594,43.233,1023.0,911.0,10.0,9.0,960,540
2595,43.25,1008.0,910.0,10.0,9.0,960,540
2596,43.267,,,,,960,540
2597,43.283,807.0,689.0,9.0,9.0,960,540
2598,43.3,,,,,960,540
2599,43.317,899.0,916.0,10.0,10.0,960,540
2600,43.333,881.0,917.0,10.0,10.0,960,540
2601,43.35,868.0,918.0,10.0,10.0,960,540
2602,43.367,858.0,918.0,10.0,10.0,960,540
2603,43.383,855.0,918.0,10.0,10.0,960,540
2604,43.4,854.0,918.0,10.0,10.0,960,540
2605,43.417,854.0,918.0,10.0,10.0,960,540
2606,43.433,854.0,918.0,10.0,10.0,960,540
2607,43.45,854.0,918.0,10.0,10.0,960,540
2608,43.467,854.0,918.0,10.0,10.0,960,540
2609,43.483,854.0,918.0,10.0,10.0,960,540
2610,43.5,854.0,918.0,10.0,10.0,960,540
2611,43.517,854.0,918.0,10.0,10.0,960,540
2612,43.533,854.0,918.0,10.0,10.0,960,540
2613,43.55,853.0,918.0,10.0,10.0,960,540
2614,43.567,852.0,916.0,10.0,10.0,960,540
2615,43.583,851.0,916.0,10.0,10.0,960,540
2616,43.6,851.0,914.0,10.0,10.0,960,540
2617,43.617,857.0,909.0,10.0,10.0,960,540
2618,43.633,865.0,905.0,10.0,10.0,960,540
2619,43.65,,,,,960,540
2620,43.667,777.0,656.0,10.0,8.0,960,540
2621,43.683,,,,,960,540
2622,43.7,,,,,960,540
2623,43.717,,,,,960,540
2624,43.733,890.0,594.0,10.0,9.0,960,540
2625,43.75,,,,,960,540
2626,43.767,,,,,960,540
2627,43.783,,,,,960,540
2628,43.8,,,,,960,540
2629,43.817,,,,,960,540
2630,43.833,,,,,960,540
2631,43.85,,,,,960,540
2632,43.867,,,,,960,540
2633,43.883,,,,,960,540
2634,43.9,,,,,960,540
2635,43.917,,,,,960,540
2636,43.933,,,,,960,540
2637,43.95,,,,,960,540
2638,43.967,,,,,960,540
2639,43.983,,,,,960,540
2640,44.0,,,,,960,540
2641,44.017,1111.0,742.0,10.0,9.0,960,540
2642,44.033,1111.0,743.0,10.0,9.0,960,540
2643,44.05,1112.0,747.0,10.0,9.0,960,540
2644,44.067,1115.0,753.0,10.0,9.0,960,540
2645,44.083,1124.0,767.0,10.0,9.0,960,540
2646,44.1,1131.0,779.0,10.0,9.0,960,540
2647,44.117,1139.0,789.0,10.0,9.0,960,540
2648,44.133,1146.0,798.0,10.0,9.0,960,540
2649,44.15,1151.0,806.0,10.0,9.0,960,540
2650,44.167,1155.0,815.0,10.0,9.0,960,540
2651,44.183,1158.0,820.0,10.0,9.0,960,540
2652,44.2,1161.0,824.0,10.0,9.0,960,540
2653,44.217,1163.0,827.0,10.0,9.0,960,540
2654,44.233,1163.0,828.0,10.0,9.0,960,540
2655,44.25,1164.0,830.0,10.0,9.0,960,540
2656,44.267,1164.0,832.0,10.0,9.0,960,540
2657,44.283,1165.0,834.0,10.0,9.0,960,540
2658,44.3,1165.0,834.0,10.0,9.0,960,540
2659,44.317,1166.0,836.0,10.0,9.0,960,540
2660,44.333,1168.0,837.0,10.0,9.0,960,540
2661,44.35,1170.0,837.0,10.0,9.0,960,540
2662,44.367,1173.0,837.0,10.0,9.0,960,540
2663,44.383,1180.0,836.0,10.0,9.0,960,540
2664,44.4,1190.0,833.0,10.0,9.0,960,540
2665,44.417,1206.0,828.0,10.0,9.0,960,540
2666,44.433,,,,,960,540
2667,44.45,715.0,626.0,10.0,9.0,960,540
2668,44.467,,,,,960,540
2669,44.483,,,,,960,540
2670,44.5,1392.0,747.0,12.0,10.0,960,540
2671,44.517,,,,,960,540
2672,44.533,1467.0,722.0,14.0,12.0,960,540
2673,44.55,1491.0,715.0,14.0,12.0,960,540
2674,44.567,1514.0,709.0,14.0,12.0,960,540
2675,44.583,1526.0,707.0,14.0,12.0,960,540
2676,44.6,1534.0,707.0,14.0,12.0,960,540
2677,44.617,1541.0,707.0,14.0,12.0,960,540
2678,44.633,1544.0,707.0,14.0,12.0,960,540
2679,44.65,1545.0,707.0,14.0,12.0,960,540
2680,44.667,1546.0,708.0,14.0,12.0,960,540
2681,44.683,1546.0,708.0,14.0,12.0,960,540
2682,44.7,1548.0,710.0,14.0,12.0,960,540
2683,44.717,1551.0,713.0,14.0,12.0,960,540
2684,44.733,1555.0,715.0,14.0,12.0,960,540
2685,44.75,1560.0,717.0,14.0,12.0,960,540
2686,44.767,1565.0,719.0,14.0,12.0,960,540
2687,44.783,1571.0,720.0,14.0,12.0,960,540
2688,44.8,1572.0,721.0,14.0,12.0,960,540
2689,44.817,1573.0,721.0,14.0,12.0,960,540
2690,44.833,1574.0,721.0,14.0,12.0,960,540
2691,44.85,1573.0,720.0,14.0,12.0,960,540
2692,44.867,1573.0,721.0,14.0,12.0,960,540
2693,44.883,1574.0,721.0,14.0,12.0,960,540
2694,44.9,1571.0,720.0,14.0,12.0,960,540
2695,44.917,1562.0,718.0,14.0,12.0,960,540
2696,44.933,1541.0,716.0,14.0,12.0,960,540
2697,44.95,,,,,960,540
2698,44.967,1324.0,228.0,12.0,10.0,960,540
2699,44.983,,,,,960,540
2700,45.0,1273.0,238.0,11.0,10.0,960,540
2701,45.017,1257.0,240.0,11.0,10.0,960,540
2702,45.033,1243.0,241.0,11.0,10.0,960,540
2703,45.05,1233.0,240.0,11.0,10.0,960,540
2704,45.067,1229.0,239.0,11.0,10.0,960,540
2705,45.083,1226.0,237.0,11.0,10.0,960,540
2706,45.1,1224.0,235.0,11.0,10.0,960,540
2707,45.117,1223.0,234.0,11.0,10.0,960,540
2708,45.133,1220.0,233.0,11.0,10.0,960,540
2709,45.15,1214.0,232.0,11.0,10.0,960,540
2710,45.167,1210.0,231.0,11.0,10.0,960,540
2711,45.183,1206.0,229.0,11.0,10.0,960,540
2712,45.2,1204.0,228.0,11.0,10.0,960,540
2713,45.217,1204.0,227.0,11.0,10.0,960,540
2714,45.233,1204.0,226.0,11.0,10.0,960,540
2715,45.25,1204.0,225.0,11.0,10.0,960,540
2716,45.267,1204.0,224.0,11.0,10.0,960,540
2717,45.283,1203.0,223.0,11.0,10.0,960,540
2718,45.3,1203.0,222.0,11.0,10.0,960,540
2719,45.317,1202.0,221.0,11.0,10.0,960,540
2720,45.333,1201.0,219.0,11.0,10.0,960,540
2721,45.35,1200.0,219.0,11.0,10.0,960,540
2722,45.367,1198.0,219.0,11.0,10.0,960,540
2723,45.383,1191.0,226.0,11.0,10.0,960,540
2724,45.4,1181.0,238.0,11.0,10.0,960,540
2725,45.417,,,,,960,540
2726,45.433,1274.0,731.0,11.0,9.0,960,540
2727,45.45,,,,,960,540
2728,45.467,1224.0,806.0,11.0,9.0,960,540
2729,45.483,,,,,960,540
2730,45.5,1170.0,883.0,11.0,9.0,960,540
2731,45.517,,,,,960,540
2732,45.533,1124.0,938.0,11.0,10.0,960,540
2733,45.55,,,,,960,540
2734,45.567,,,,,960,540
2735,45.583,,,,,960,540
2736,45.6,,,,,960,540
2737,45.617,,,,,960,540
2738,45.633,,,,,960,540
2739,45.65,,,,,960,540
2740,45.667,,,,,960,540
2741,45.683,,,,,960,540
2742,45.7,,,,,960,540
2743,45.717,,,,,960,540
2744,45.733,,,,,960,540
2745,45.75,,,,,960,540
2746,45.767,,,,,960,540
2747,45.783,,,,,960,540
2748,45.8,,,,,960,540
2749,45.817,,,,,960,540
2750,45.833,,,,,960,540
2751,45.85,,,,,960,540
2752,45.867,,,,,960,540
2753,45.883,,,,,960,540
2754,45.9,,,,,960,540
2755,45.917,,,,,960,540
2756,45.933,,,,,960,540
2757,45.95,,,,,960,540
2758,45.967,,,,,960,540
2759,45.983,,,,,960,540
2760,46.0,,,,,960,540
2761,46.017,1052.0,936.0,10.0,11.0,960,540
2762,46.033,,,,,960,540
2763,46.05,,,,,960,540
2764,46.067,,,,,960,540
2765,46.083,,,,,960,540
2766,46.1,,,,,960,540
2767,46.117,,,,,960,540
2768,46.133,,,,,960,540
2769,46.15,,,,,960,540
2770,46.167,452.0,936.0,14.0,11.0,960,540
2771,46.183,448.0,922.0,14.0,11.0,960,540
2772,46.2,444.0,910.0,14.0,11.0,960,540
2773,46.217,441.0,905.0,14.0,11.0,960,540
2774,46.233,440.0,901.0,14.0,11.0,960,540
2775,46.25,440.0,899.0,14.0,11.0,960,540
2776,46.267,441.0,895.0,14.0,11.0,960,540
2777,46.283,442.0,893.0,14.0,11.0,960,540
2778,46.3,443.0,890.0,14.0,11.0,960,540
2779,46.317,444.0,885.0,14.0,11.0,960,540
2780,46.333,446.0,882.0,14.0,11.0,960,540
2781,46.35,451.0,877.0,14.0,11.0,960,540
2782,46.367,455.0,872.0,14.0,11.0,960,540
2783,46.383,460.0,868.0,14.0,11.0,960,540
2784,46.4,464.0,865.0,14.0,11.0,960,540
2785,46.417,465.0,863.0,14.0,11.0,960,540
2786,46.433,466.0,862.0,14.0,11.0,960,540
2787,46.45,467.0,862.0,14.0,11.0,960,540
2788,46.467,467.0,860.0,14.0,11.0,960,540
2789,46.483,468.0,860.0,14.0,11.0,960,540
2790,46.5,468.0,860.0,14.0,11.0,960,540
2791,46.517,468.0,861.0,14.0,11.0,960,540
2792,46.533,468.0,860.0,14.0,11.0,960,540
2793,46.55,467.0,860.0,14.0,11.0,960,540
2794,46.567,467.0,860.0,14.0,11.0,960,540
2795,46.583,461.0,860.0,14.0,11.0,960,540
2796,46.6,449.0,860.0,14.0,11.0,960,540
2797,46.617,,,,,960,540
2798,46.633,443.0,881.0,14.0,12.0,960,540
2799,46.65,426.0,881.0,14.0,12.0,960,540
2800,46.667,405.0,880.0,14.0,12.0,960,540
2801,46.683,393.0,879.0,14.0,12.0,960,540
2802,46.7,386.0,877.0,14.0,12.0,960,540
2803,46.717,378.0,874.0,14.0,12.0,960,540
2804,46.733,373.0,873.0,14.0,12.0,960,540
2805,46.75,370.0,872.0,14.0,12.0,960,540
2806,46.767,367.0,871.0,14.0,12.0,960,540
2807,46.783,366.0,870.0,14.0,12.0,960,540
2808,46.8,365.0,869.0,14.0,12.0,960,540
2809,46.817,365.0,869.0,14.0,12.0,960,540
2810,46.833,364.0,869.0,14.0,12.0,960,540
2811,46.85,363.0,869.0,14.0,12.0,960,540
2812,46.867,363.0,869.0,14.0,12.0,960,540
2813,46.883,363.0,868.0,14.0,12.0,960,540
2814,46.9,363.0,868.0,14.0,12.0,960,540
2815,46.917,364.0,868.0,14.0,12.0,960,540
2816,46.933,364.0,868.0,14.0,12.0,960,540
2817,46.95,367.0,867.0,14.0,12.0,960,540
2818,46.967,371.0,863.0,14.0,12.0,960,540
2819,46.983,377.0,855.0,14.0,12.0,960,540
2820,47.0,390.0,838.0,14.0,12.0,960,540
2821,47.017,402.0,823.0,14.0,12.0,960,540
2822,47.033,417.0,805.0,14.0,12.0,960,540
2823,47.05,,,,,960,540
2824,47.067,409.0,745.0,14.0,11.0,960,540
2825,47.083,417.0,731.0,14.0,11.0,960,540
2826,47.1,424.0,718.0,14.0,11.0,960,540
2827,47.117,426.0,710.0,14.0,11.0,960,540
2828,47.133,427.0,706.0,14.0,11.0,960,540
2829,47.15,427.0,701.0,14.0,11.0,960,540
2830,47.167,427.0,700.0,14.0,11.0,960,540
2831,47.183,426.0,698.0,14.0,11.0,960,540
2832,47.2,426.0,698.0,14.0,11.0,960,540
2833,47.217,425.0,697.0,14.0,11.0,960,540
2834,47.233,424.0,696.0,14.0,11.0,960,540
2835,47.25,424.0,696.0,14.0,11.0,960,540
2836,47.267,424.0,696.0,14.0,11.0,960,540
2837,47.283,424.0,696.0,14.0,11.0,960,540
2838,47.3,423.0,696.0,14.0,11.0,960,540
2839,47.317,422.0,695.0,14.0,11.0,960,540
2840,47.333,421.0,696.0,14.0,11.0,960,540
2841,47.35,421.0,696.0,14.0,11.0,960,540
2842,47.367,419.0,695.0,14.0,11.0,960,540
2843,47.383,418.0,694.0,14.0,11.0,960,540
2844,47.4,418.0,693.0,14.0,11.0,960,540
2845,47.417,418.0,693.0,14.0,11.0,960,540
2846,47.433,417.0,691.0,14.0,11.0,960,540
2847,47.45,416.0,683.0,14.0,11.0,960,540
2848,47.467,414.0,679.0,14.0,11.0,960,540
2849,47.483,412.0,675.0,14.0,11.0,960,540
2850,47.5,409.0,664.0,14.0,11.0,960,540
2851,47.517,409.0,659.0,14.0,11.0,960,540
2852,47.533,408.0,651.0,14.0,11.0,960,540
2853,47.55,407.0,646.0,14.0,11.0,960,540
2854,47.567,407.0,643.0,14.0,11.0,960,540
2855,47.583,405.0,639.0,14.0,11.0,960,540
2856,47.6,403.0,637.0,14.0,11.0,960,540
2857,47.617,402.0,637.0,14.0,11.0,960,540
2858,47.633,401.0,635.0,14.0,11.0,960,540
2859,47.65,401.0,635.0,14.0,11.0,960,540
2860,47.667,401.0,635.0,14.0,11.0,960,540
2861,47.683,400.0,634.0,14.0,11.0,960,540
2862,47.7,399.0,635.0,14.0,11.0,960,540
2863,47.717,398.0,634.0,14.0,11.0,960,540
2864,47.733,398.0,635.0,14.0,11.0,960,540
2865,47.75,398.0,635.0,14.0,11.0,960,540
2866,47.767,398.0,634.0,14.0,11.0,960,540
2867,47.783,398.0,635.0,14.0,11.0,960,540
2868,47.8,398.0,635.0,14.0,11.0,960,540
2869,47.817,398.0,635.0,14.0,11.0,960,540
2870,47.833,399.0,635.0,14.0,11.0,960,540
2871,47.85,404.0,636.0,14.0,11.0,960,540
2872,47.867,416.0,635.0,14.0,11.0,960,540
2873,47.883,,,,,960,540
2874,47.9,486.0,647.0,10.0,10.0,960,540
2875,47.917,466.0,642.0,10.0,10.0,960,540
2876,47.933,,,,,960,540
2877,47.95,482.0,622.0,11.0,10.0,960,540
2878,47.967,485.0,622.0,11.0,10.0,960,540
2879,47.983,487.0,623.0,11.0,10.0,960,540
2880,48.0,488.0,623.0,11.0,10.0,960,540
2881,48.017,488.0,622.0,11.0,10.0,960,540
2882,48.033,491.0,621.0,11.0,10.0,960,540
2883,48.05,491.0,621.0,11.0,10.0,960,540
2884,48.067,492.0,620.0,11.0,10.0,960,540
2885,48.083,496.0,618.0,11.0,10.0,960,540
2886,48.1,498.0,617.0,11.0,10.0,960,540
2887,48.117,502.0,616.0,11.0,10.0,960,540
2888,48.133,502.0,616.0,11.0,10.0,960,540
2889,48.15,503.0,616.0,11.0,10.0,960,540
2890,48.167,504.0,617.0,11.0,10.0,960,540
2891,48.183,505.0,616.0,11.0,10.0,960,540
2892,48.2,509.0,615.0,11.0,10.0,960,540
2893,48.217,512.0,613.0,11.0,10.0,960,540
2894,48.233,516.0,613.0,11.0,10.0,960,540
2895,48.25,524.0,613.0,11.0,10.0,960,540
2896,48.267,,,,,960,540
2897,48.283,386.0,642.0,12.0,10.0,960,540
2898,48.3,400.0,639.0,12.0,10.0,960,540
2899,48.317,416.0,636.0,12.0,10.0,960,540
2900,48.333,420.0,635.0,12.0,10.0,960,540
2901,48.35,423.0,636.0,12.0,10.0,960,540
2902,48.367,423.0,636.0,12.0,10.0,960,540
2903,48.383,424.0,637.0,12.0,10.0,960,540
2904,48.4,424.0,638.0,12.0,10.0,960,540
2905,48.417,426.0,637.0,12.0,10.0,960,540
2906,48.433,428.0,637.0,12.0,10.0,960,540
2907,48.45,432.0,637.0,12.0,10.0,960,540
2908,48.467,437.0,636.0,12.0,10.0,960,540
2909,48.483,444.0,636.0,12.0,10.0,960,540
2910,48.5,447.0,635.0,12.0,10.0,960,540
2911,48.517,452.0,635.0,12.0,10.0,960,540
2912,48.533,453.0,635.0,12.0,10.0,960,540
2913,48.55,453.0,635.0,12.0,10.0,960,540
2914,48.567,454.0,635.0,12.0,10.0,960,540
2915,48.583,454.0,635.0,12.0,10.0,960,540
2916,48.6,454.0,636.0,12.0,10.0,960,540
2917,48.617,454.0,636.0,12.0,10.0,960,540
2918,48.633,454.0,636.0,12.0,10.0,960,540
2919,48.65,455.0,635.0,12.0,10.0,960,540
2920,48.667,463.0,631.0,12.0,10.0,960,540
2921,48.683,,,,,960,540
2922,48.7,871.0,278.0,10.0,10.0,960,540
2923,48.717,,,,,960,540
2924,48.733,973.0,254.0,11.0,10.0,960,540
2925,48.75,,,,,960,540
2926,48.767,1047.0,243.0,11.0,10.0,960,540
2927,48.783,,,,,960,540
2928,48.8,1128.0,238.0,10.0,9.0,960,540
2929,48.817,1140.0,237.0,10.0,9.0,960,540
2930,48.833,,,,,960,540
2931,48.85,1170.0,239.0,11.0,11.0,960,540
2932,48.867,1171.0,238.0,11.0,11.0,960,540
2933,48.883,1170.0,239.0,11.0,11.0,960,540
2934,48.9,1171.0,238.0,11.0,11.0,960,540
2935,48.917,1169.0,238.0,11.0,11.0,960,540
2936,48.933,1169.0,239.0,11.0,11.0,960,540
2937,48.95,1169.0,240.0,11.0,11.0,960,540
2938,48.967,1168.0,239.0,11.0,11.0,960,540
2939,48.983,1168.0,240.0,11.0,11.0,960,540
2940,49.0,1168.0,240.0,11.0,11.0,960,540
2941,49.017,1168.0,240.0,11.0,11.0,960,540
2942,49.033,1168.0,240.0,11.0,11.0,960,540
2943,49.05,1168.0,240.0,11.0,11.0,960,540
2944,49.067,1168.0,239.0,11.0,11.0,960,540
2945,49.083,1168.0,240.0,11.0,11.0,960,540
2946,49.1,1168.0,240.0,11.0,11.0,960,540
2947,49.117,1169.0,239.0,11.0,11.0,960,540
2948,49.133,1168.0,239.0,11.0,11.0,960,540
2949,49.15,1168.0,239.0,11.0,11.0,960,540
2950,49.167,1169.0,241.0,11.0,11.0,960,540
2951,49.183,1173.0,244.0,11.0,11.0,960,540
2952,49.2,1178.0,248.0,11.0,11.0,960,540
2953,49.217,1181.0,251.0,11.0,11.0,960,540
2954,49.233,1185.0,255.0,11.0,11.0,960,540
2955,49.25,1187.0,256.0,11.0,11.0,960,540
2956,49.267,1187.0,257.0,11.0,11.0,960,540
2957,49.283,1187.0,258.0,11.0,11.0,960,540
2958,49.3,1187.0,257.0,11.0,11.0,960,540
2959,49.317,1187.0,258.0,11.0,11.0,960,540
2960,49.333,1188.0,259.0,11.0,11.0,960,540
2961,49.35,1187.0,259.0,11.0,11.0,960,540
2962,49.367,1187.0,259.0,11.0,11.0,960,540
2963,49.383,1187.0,259.0,11.0,11.0,960,540
2964,49.4,1188.0,259.0,11.0,11.0,960,540
2965,49.417,1187.0,260.0,11.0,11.0,960,540
2966,49.433,1187.0,259.0,11.0,11.0,960,540
2967,49.45,1186.0,257.0,11.0,11.0,960,540
2968,49.467,1182.0,253.0,11.0,11.0,960,540
2969,49.483,1179.0,249.0,11.0,11.0,960,540
2970,49.5,1175.0,246.0,11.0,11.0,960,540
2971,49.517,1168.0,239.0,11.0,11.0,960,540
2972,49.533,1165.0,237.0,11.0,11.0,960,540
2973,49.55,1161.0,237.0,11.0,11.0,960,540
2974,49.567,1161.0,236.0,11.0,11.0,960,540
2975,49.583,1161.0,236.0,11.0,11.0,960,540
2976,49.6,1161.0,237.0,11.0,11.0,960,540
2977,49.617,1162.0,236.0,11.0,11.0,960,540
2978,49.633,1161.0,236.0,11.0,11.0,960,540
2979,49.65,1162.0,236.0,11.0,11.0,960,540
2980,49.667,1162.0,236.0,11.0,11.0,960,540
2981,49.683,1162.0,236.0,11.0,11.0,960,540
2982,49.7,1162.0,236.0,11.0,11.0,960,540
2983,49.717,1163.0,236.0,11.0,11.0,960,540
2984,49.733,1163.0,237.0,11.0,11.0,960,540
2985,49.75,1164.0,236.0,11.0,11.0,960,540
2986,49.767,1165.0,237.0,11.0,11.0,960,540
2987,49.783,1166.0,237.0,11.0,11.0,960,540
2988,49.8,1168.0,236.0,11.0,11.0,960,540
2989,49.817,1173.0,237.0,11.0,11.0,960,540
2990,49.833,1178.0,237.0,11.0,11.0,960,540
2991,49.85,1190.0,239.0,11.0,11.0,960,540
2992,49.867,1202.0,243.0,11.0,11.0,960,540
2993,49.883,1215.0,248.0,11.0,11.0,960,540
2994,49.9,,,,,960,540
2995,49.917,916.0,208.0,10.0,9.0,960,540
2996,49.933,930.0,210.0,10.0,9.0,960,540
2997,49.95,940.0,211.0,10.0,9.0,960,540
2998,49.967,945.0,211.0,10.0,9.0,960,540
2999,49.983,955.0,214.0,10.0,9.0,960,540
3000,50.0,959.0,214.0,10.0,9.0,960,540
3001,50.017,962.0,214.0,10.0,9.0,960,540
3002,50.033,965.0,216.0,10.0,9.0,960,540
3003,50.05,966.0,217.0,10.0,9.0,960,540
3004,50.067,970.0,219.0,10.0,9.0,960,540
3005,50.083,976.0,219.0,10.0,9.0,960,540
3006,50.1,980.0,220.0,10.0,9.0,960,540
3007,50.117,984.0,220.0,10.0,9.0,960,540
3008,50.133,989.0,221.0,10.0,9.0,960,540
3009,50.15,991.0,220.0,10.0,9.0,960,540
3010,50.167,991.0,221.0,10.0,9.0,960,540
3011,50.183,993.0,221.0,10.0,9.0,960,540
3012,50.2,994.0,222.0,10.0,9.0,960,540
3013,50.217,997.0,222.0,10.0,9.0,960,540
3014,50.233,1001.0,222.0,10.0,9.0,960,540
3015,50.25,1003.0,223.0,10.0,9.0,960,540
3016,50.267,1006.0,224.0,10.0,9.0,960,540
3017,50.283,1007.0,224.0,10.0,9.0,960,540
3018,50.3,1007.0,225.0,10.0,9.0,960,540
3019,50.317,1007.0,225.0,10.0,9.0,960,540
3020,50.333,1007.0,224.0,10.0,9.0,960,540
3021,50.35,1007.0,225.0,10.0,9.0,960,540
3022,50.367,1007.0,225.0,10.0,9.0,960,540
3023,50.383,1007.0,226.0,10.0,9.0,960,540
3024,50.4,1007.0,225.0,10.0,9.0,960,540
3025,50.417,1007.0,225.0,10.0,9.0,960,540
3026,50.433,1006.0,225.0,10.0,9.0,960,540
3027,50.45,1002.0,230.0,10.0,9.0,960,540
3028,50.467,996.0,239.0,10.0,9.0,960,540
3029,50.483,992.0,249.0,10.0,9.0,960,540
3030,50.5,,,,,960,540
3031,50.517,1304.0,360.0,12.0,10.0,960,540
3032,50.533,1299.0,377.0,12.0,10.0,960,540
3033,50.55,,,,,960,540
3034,50.567,1279.0,448.0,12.0,10.0,960,540
3035,50.583,1274.0,464.0,12.0,10.0,960,540
3036,50.6,,,,,960,540
3037,50.617,1257.0,514.0,11.0,9.0,960,540
3038,50.633,1252.0,523.0,11.0,9.0,960,540
3039,50.65,1248.0,536.0,11.0,9.0,960,540
3040,50.667,1244.0,552.0,11.0,9.0,960,540
3041,50.683,1244.0,558.0,11.0,9.0,960,540
3042,50.7,1244.0,565.0,11.0,9.0,960,540
3043,50.717,1244.0,566.0,11.0,9.0,960,540
3044,50.733,1245.0,568.0,11.0,9.0,960,540
3045,50.75,1250.0,569.0,11.0,9.0,960,540
3046,50.767,1252.0,569.0,11.0,9.0,960,540
3047,50.783,1255.0,570.0,11.0,9.0,960,540
3048,50.8,1256.0,571.0,11.0,9.0,960,540
3049,50.817,1260.0,576.0,11.0,9.0,960,540
3050,50.833,1264.0,578.0,11.0,9.0,960,540
3051,50.85,1265.0,580.0,11.0,9.0,960,540
3052,50.867,1269.0,581.0,11.0,9.0,960,540
3053,50.883,1270.0,582.0,11.0,9.0,960,540
3054,50.9,1271.0,583.0,11.0,9.0,960,540
3055,50.917,1273.0,585.0,11.0,9.0,960,540
3056,50.933,1273.0,585.0,11.0,9.0,960,540
3057,50.95,1273.0,586.0,11.0,9.0,960,540
3058,50.967,1274.0,586.0,11.0,9.0,960,540
3059,50.983,1274.0,587.0,11.0,9.0,960,540
3060,51.0,1277.0,586.0,11.0,9.0,960,540
3061,51.017,1277.0,587.0,11.0,9.0,960,540
3062,51.033,1279.0,588.0,11.0,9.0,960,540
3063,51.05,1278.0,587.0,11.0,9.0,960,540
3064,51.067,1278.0,587.0,11.0,9.0,960,540
3065,51.083,1278.0,587.0,11.0,9.0,960,540
3066,51.1,1276.0,588.0,11.0,9.0,960,540
3067,51.117,1268.0,587.0,11.0,9.0,960,540
3068,51.133,1255.0,586.0,11.0,9.0,960,540
3069,51.15,,,,,960,540
3070,51.167,1192.0,582.0,11.0,9.0,960,540
3071,51.183,,,,,960,540
3072,51.2,1017.0,210.0,10.0,10.0,960,540
3073,51.217,,,,,960,540
3074,51.233,1125.0,260.0,10.0,10.0,960,540
3075,51.25,,,,,960,540
3076,51.267,1086.0,252.0,9.0,10.0,960,540
3077,51.283,1069.0,248.0,9.0,10.0,960,540
3078,51.3,1062.0,246.0,9.0,10.0,960,540
3079,51.317,1059.0,244.0,9.0,10.0,960,540
3080,51.333,1060.0,245.0,9.0,10.0,960,540
3081,51.35,1060.0,244.0,9.0,10.0,960,540
3082,51.367,1061.0,244.0,9.0,10.0,960,540
3083,51.383,1061.0,243.0,8.0,9.0,960,540
3084,51.4,1060.0,243.0,9.0,10.0,960,540
3085,51.417,1060.0,242.0,9.0,10.0,960,540
3086,51.433,1060.0,241.0,8.0,9.0,960,540
3087,51.45,1059.0,242.0,9.0,10.0,960,540
3088,51.467,1059.0,241.0,8.0,9.0,960,540
3089,51.483,1057.0,242.0,9.0,10.0,960,540
3090,51.5,1056.0,242.0,8.0,9.0,960,540
3091,51.517,1053.0,242.0,8.0,9.0,960,540
3092,51.533,1050.0,243.0,8.0,9.0,960,540
3093,51.55,1046.0,243.0,9.0,10.0,960,540
3094,51.567,1044.0,244.0,9.0,10.0,960,540
3095,51.583,1042.0,245.0,9.0,10.0,960,540
3096,51.6,1042.0,245.0,9.0,10.0,960,540
3097,51.617,1042.0,246.0,9.0,10.0,960,540
3098,51.633,1042.0,246.0,9.0,10.0,960,540
3099,51.65,1042.0,245.0,9.0,10.0,960,540
3100,51.667,1042.0,246.0,9.0,10.0,960,540
3101,51.683,1041.0,245.0,9.0,10.0,960,540
3102,51.7,1041.0,244.0,9.0,10.0,960,540
3103,51.717,1040.0,245.0,9.0,10.0,960,540
3104,51.733,1040.0,245.0,9.0,10.0,960,540
3105,51.75,1040.0,245.0,9.0,10.0,960,540
3106,51.767,1039.0,245.0,9.0,10.0,960,540
3107,51.783,1040.0,245.0,9.0,10.0,960,540
3108,51.8,1038.0,244.0,9.0,10.0,960,540
3109,51.817,1038.0,244.0,9.0,10.0,960,540
3110,51.833,1038.0,244.0,9.0,10.0,960,540
3111,51.85,1037.0,243.0,9.0,10.0,960,540
3112,51.867,1037.0,243.0,9.0,10.0,960,540
3113,51.883,1036.0,242.0,9.0,10.0,960,540
3114,51.9,1035.0,241.0,9.0,10.0,960,540
3115,51.917,1031.0,238.0,9.0,10.0,960,540
3116,51.933,1025.0,235.0,9.0,10.0,960,540
3117,51.95,1016.0,232.0,9.0,10.0,960,540
3118,51.967,,,,,960,540
3119,51.983,969.0,228.0,9.0,9.0,960,540
3120,52.0,,,,,960,540
3121,52.017,910.0,221.0,10.0,10.0,960,540
3122,52.033,,,,,960,540
3123,52.05,858.0,212.0,10.0,10.0,960,540
3124,52.067,,,,,960,540
3125,52.083,803.0,197.0,11.0,11.0,960,540
3126,52.1,785.0,190.0,11.0,11.0,960,540
3127,52.117,768.0,184.0,11.0,11.0,960,540
3128,52.133,758.0,179.0,11.0,11.0,960,540
3129,52.15,752.0,174.0,11.0,11.0,960,540
3130,52.167,745.0,170.0,11.0,11.0,960,540
3131,52.183,741.0,168.0,11.0,11.0,960,540
3132,52.2,742.0,167.0,11.0,11.0,960,540
3133,52.217,744.0,168.0,11.0,11.0,960,540
3134,52.233,745.0,168.0,11.0,11.0,960,540
3135,52.25,745.0,167.0,11.0,11.0,960,540
3136,52.267,746.0,168.0,11.0,11.0,960,540
3137,52.283,747.0,166.0,11.0,11.0,960,540
3138,52.3,748.0,165.0,11.0,11.0,960,540
3139,52.317,748.0,165.0,11.0,11.0,960,540
3140,52.333,749.0,163.0,11.0,11.0,960,540
3141,52.35,749.0,162.0,11.0,11.0,960,540
3142,52.367,749.0,160.0,11.0,11.0,960,540
3143,52.383,750.0,159.0,11.0,11.0,960,540
3144,52.4,749.0,158.0,11.0,11.0,960,540
3145,52.417,750.0,157.0,11.0,11.0,960,540
3146,52.433,748.0,157.0,11.0,11.0,960,540
3147,52.45,748.0,156.0,11.0,11.0,960,540
3148,52.467,747.0,155.0,11.0,11.0,960,540
3149,52.483,746.0,155.0,11.0,11.0,960,540
3150,52.5,743.0,153.0,11.0,11.0,960,540
3151,52.517,742.0,152.0,11.0,11.0,960,540
3152,52.533,741.0,151.0,11.0,11.0,960,540
3153,52.55,742.0,150.0,11.0,11.0,960,540
3154,52.567,741.0,150.0,11.0,11.0,960,540
3155,52.583,741.0,150.0,11.0,11.0,960,540
3156,52.6,741.0,150.0,11.0,11.0,960,540
3157,52.617,742.0,150.0,11.0,11.0,960,540
3158,52.633,741.0,152.0,11.0,11.0,960,540
3159,52.65,741.0,157.0,11.0,11.0,960,540
3160,52.667,740.0,165.0,11.0,11.0,960,540
3161,52.683,,,,,960,540
3162,52.7,741.0,204.0,11.0,10.0,960,540
3163,52.717,,,,,960,540
3164,52.733,740.0,257.0,11.0,9.0,960,540
3165,52.75,,,,,960,540
3166,52.767,546.0,236.0,13.0,11.0,960,540
3167,52.783,,,,,960,540
3168,52.8,734.0,387.0,10.0,10.0,960,540
3169,52.817,,,,,960,540
3170,52.833,544.0,338.0,12.0,10.0,960,540
3171,52.85,542.0,349.0,12.0,10.0,960,540
3172,52.867,542.0,358.0,12.0,10.0,960,540
3173,52.883,543.0,367.0,12.0,10.0,960,540
3174,52.9,543.0,374.0,12.0,10.0,960,540
3175,52.917,545.0,383.0,12.0,10.0,960,540
3176,52.933,547.0,398.0,12.0,10.0,960,540
3177,52.95,547.0,411.0,12.0,10.0,960,540
3178,52.967,545.0,423.0,12.0,10.0,960,540
3179,52.983,544.0,437.0,12.0,10.0,960,540
3180,53.0,544.0,446.0,12.0,10.0,960,540
3181,53.017,544.0,451.0,12.0,10.0,960,540
3182,53.033,548.0,455.0,12.0,10.0,960,540
3183,53.05,550.0,456.0,12.0,10.0,960,540
3184,53.067,552.0,455.0,12.0,10.0,960,540
3185,53.083,556.0,452.0,12.0,10.0,960,540
3186,53.1,560.0,450.0,12.0,10.0,960,540
3187,53.117,564.0,449.0,12.0,10.0,960,540
3188,53.133,567.0,447.0,12.0,10.0,960,540
3189,53.15,569.0,447.0,12.0,10.0,960,540
3190,53.167,569.0,447.0,12.0,10.0,960,540
3191,53.183,569.0,447.0,12.0,10.0,960,540
3192,53.2,569.0,446.0,12.0,10.0,960,540
3193,53.217,570.0,447.0,12.0,10.0,960,540
3194,53.233,569.0,446.0,12.0,10.0,960,540
3195,53.25,569.0,445.0,12.0,10.0,960,540
3196,53.267,568.0,445.0,12.0,10.0,960,540
3197,53.283,568.0,444.0,12.0,10.0,960,540
3198,53.3,568.0,444.0,12.0,10.0,960,540
3199,53.317,568.0,445.0,12.0,10.0,960,540
3200,53.333,569.0,445.0,12.0,10.0,960,540
3201,53.35,568.0,444.0,12.0,10.0,960,540
3202,53.367,568.0,444.0,12.0,10.0,960,540
3203,53.383,568.0,444.0,12.0,10.0,960,540
3204,53.4,568.0,443.0,12.0,10.0,960,540
3205,53.417,565.0,437.0,12.0,10.0,960,540
3206,53.433,563.0,427.0,12.0,10.0,960,540
3207,53.45,,,,,960,540
3208,53.467,,,,,960,540
3209,53.483,556.0,368.0,12.0,10.0,960,540
3210,53.5,,,,,960,540
3211,53.517,734.0,408.0,10.0,9.0,960,540
3212,53.533,734.0,391.0,10.0,9.0,960,540
3213,53.55,,,,,960,540
3214,53.567,738.0,361.0,10.0,9.0,960,540
3215,53.583,740.0,350.0,10.0,9.0,960,540
3216,53.6,744.0,340.0,10.0,9.0,960,540
3217,53.617,747.0,331.0,10.0,9.0,960,540
3218,53.633,748.0,324.0,10.0,9.0,960,540
3219,53.65,749.0,318.0,10.0,9.0,960,540
3220,53.667,750.0,314.0,10.0,9.0,960,540
3221,53.683,751.0,313.0,10.0,9.0,960,540
3222,53.7,752.0,312.0,10.0,9.0,960,540
3223,53.717,754.0,312.0,10.0,9.0,960,540
3224,53.733,756.0,312.0,10.0,9.0,960,540
3225,53.75,758.0,313.0,10.0,9.0,960,540
3226,53.767,760.0,314.0,10.0,9.0,960,540
3227,53.783,761.0,317.0,10.0,9.0,960,540
3228,53.8,765.0,319.0,10.0,9.0,960,540
3229,53.817,766.0,323.0,10.0,9.0,960,540
3230,53.833,766.0,325.0,10.0,9.0,960,540
3231,53.85,766.0,327.0,10.0,9.0,960,540
3232,53.867,766.0,330.0,10.0,9.0,960,540
3233,53.883,766.0,330.0,10.0,9.0,960,540
3234,53.9,766.0,330.0,10.0,9.0,960,540
3235,53.917,766.0,330.0,10.0,9.0,960,540
3236,53.933,766.0,330.0,10.0,9.0,960,540
3237,53.95,766.0,330.0,10.0,9.0,960,540
3238,53.967,766.0,330.0,10.0,9.0,960,540
3239,53.983,766.0,331.0,10.0,9.0,960,540
3240,54.0,766.0,330.0,10.0,9.0,960,540
3241,54.017,766.0,330.0,10.0,9.0,960,540
3242,54.033,767.0,331.0,10.0,9.0,960,540
3243,54.05,766.0,337.0,10.0,9.0,960,540
3244,54.067,767.0,348.0,10.0,9.0,960,540
3245,54.083,,,,,960,540
3246,54.1,783.0,399.0,9.0,9.0,960,540
3247,54.117,,,,,960,540
3248,54.133,638.0,380.0,11.0,10.0,960,540
3249,54.15,,,,,960,540
3250,54.167,657.0,425.0,10.0,9.0,960,540
3251,54.183,,,,,960,540
3252,54.2,676.0,462.0,10.0,9.0,960,540
3253,54.217,682.0,472.0,10.0,9.0,960,540
3254,54.233,688.0,485.0,10.0,9.0,960,540
3255,54.25,691.0,493.0,11.0,10.0,960,540
3256,54.267,695.0,502.0,10.0,9.0,960,540
3257,54.283,698.0,512.0,10.0,9.0,960,540
3258,54.3,700.0,519.0,10.0,9.0,960,540
3259,54.317,701.0,525.0,10.0,9.0,960,540
3260,54.333,702.0,531.0,10.0,9.0,960,540
3261,54.35,702.0,534.0,10.0,9.0,960,540
3262,54.367,702.0,537.0,10.0,9.0,960,540
3263,54.383,702.0,542.0,10.0,9.0,960,540
3264,54.4,702.0,544.0,10.0,9.0,960,540
3265,54.417,702.0,548.0,10.0,9.0,960,540
3266,54.433,702.0,549.0,10.0,9.0,960,540
3267,54.45,702.0,552.0,10.0,9.0,960,540
3268,54.467,702.0,552.0,10.0,9.0,960,540
3269,54.483,702.0,552.0,10.0,9.0,960,540
3270,54.5,702.0,553.0,10.0,9.0,960,540
3271,54.517,702.0,552.0,10.0,9.0,960,540
3272,54.533,702.0,552.0,10.0,9.0,960,540
3273,54.55,702.0,553.0,10.0,9.0,960,540
3274,54.567,702.0,552.0,10.0,9.0,960,540
3275,54.583,701.0,553.0,10.0,9.0,960,540
3276,54.6,702.0,553.0,10.0,9.0,960,540
3277,54.617,703.0,552.0,10.0,9.0,960,540
3278,54.633,704.0,552.0,10.0,9.0,960,540
3279,54.65,705.0,551.0,10.0,9.0,960,540
3280,54.667,711.0,546.0,10.0,9.0,960,540
3281,54.683,719.0,540.0,10.0,9.0,960,540
3282,54.7,730.0,531.0,10.0,9.0,960,540
3283,54.717,742.0,520.0,10.0,9.0,960,540
3284,54.733,753.0,513.0,10.0,9.0,960,540
3285,54.75,761.0,506.0,10.0,9.0,960,540
3286,54.767,771.0,496.0,10.0,9.0,960,540
3287,54.783,776.0,492.0,10.0,9.0,960,540
3288,54.8,779.0,488.0,10.0,9.0,960,540
3289,54.817,784.0,484.0,10.0,9.0,960,540
3290,54.833,788.0,481.0,10.0,9.0,960,540
3291,54.85,790.0,479.0,10.0,9.0,960,540
3292,54.867,793.0,478.0,10.0,9.0,960,540
3293,54.883,794.0,477.0,10.0,9.0,960,540
3294,54.9,796.0,476.0,10.0,9.0,960,540
3295,54.917,800.0,477.0,10.0,9.0,960,540
3296,54.933,803.0,475.0,10.0,9.0,960,540
3297,54.95,806.0,476.0,10.0,9.0,960,540
3298,54.967,808.0,475.0,10.0,9.0,960,540
3299,54.983,809.0,475.0,10.0,9.0,960,540
3300,55.0,809.0,475.0,10.0,9.0,960,540
3301,55.017,808.0,476.0,10.0,9.0,960,540
3302,55.033,809.0,475.0,10.0,9.0,960,540
3303,55.05,809.0,475.0,10.0,9.0,960,540
3304,55.067,809.0,476.0,10.0,9.0,960,540
3305,55.083,808.0,476.0,10.0,9.0,960,540
3306,55.1,808.0,478.0,10.0,9.0,960,540
3307,55.117,812.0,482.0,10.0,9.0,960,540
3308,55.133,820.0,486.0,10.0,9.0,960,540
3309,55.15,,,,,960,540
3310,55.167,649.0,665.0,11.0,9.0,960,540
3311,55.183,,,,,960,540
3312,55.2,578.0,769.0,11.0,10.0,960,540
3313,55.217,595.0,773.0,11.0,10.0,960,540
3314,55.233,612.0,779.0,11.0,10.0,960,540
3315,55.25,629.0,783.0,11.0,10.0,960,540
3316,55.267,638.0,786.0,11.0,10.0,960,540
3317,55.283,645.0,789.0,11.0,10.0,960,540
3318,55.3,648.0,791.0,11.0,10.0,960,540
3319,55.317,650.0,792.0,11.0,10.0,960,540
3320,55.333,656.0,794.0,11.0,10.0,960,540
3321,55.35,659.0,794.0,11.0,10.0,960,540
3322,55.367,663.0,795.0,11.0,10.0,960,540
3323,55.383,665.0,796.0,11.0,10.0,960,540
3324,55.4,667.0,796.0,11.0,10.0,960,540
3325,55.417,669.0,796.0,11.0,10.0,960,540
3326,55.433,669.0,798.0,11.0,10.0,960,540
3327,55.45,669.0,798.0,11.0,10.0,960,540
3328,55.467,670.0,799.0,11.0,10.0,960,540
3329,55.483,670.0,798.0,11.0,10.0,960,540
3330,55.5,670.0,799.0,11.0,10.0,960,540
3331,55.517,670.0,799.0,11.0,10.0,960,540
3332,55.533,671.0,799.0,11.0,10.0,960,540
3333,55.55,670.0,799.0,11.0,10.0,960,540
3334,55.567,669.0,800.0,11.0,10.0,960,540
3335,55.583,665.0,799.0,11.0,10.0,960,540
3336,55.6,656.0,798.0,11.0,10.0,960,540
3337,55.617,640.0,794.0,11.0,10.0,960,540
3338,55.633,,,,,960,540
3339,55.65,697.0,686.0,10.0,9.0,960,540
3340,55.667,,,,,960,540
3341,55.683,651.0,673.0,11.0,9.0,960,540
3342,55.7,651.0,668.0,11.0,9.0,960,540
3343,55.717,651.0,668.0,11.0,9.0,960,540
3344,55.733,651.0,667.0,11.0,9.0,960,540
3345,55.75,651.0,667.0,11.0,9.0,960,540
3346,55.767,650.0,668.0,11.0,9.0,960,540
3347,55.783,650.0,668.0,11.0,9.0,960,540
3348,55.8,650.0,668.0,11.0,9.0,960,540
3349,55.817,650.0,668.0,11.0,9.0,960,540
3350,55.833,650.0,668.0,11.0,9.0,960,540
3351,55.85,650.0,668.0,11.0,9.0,960,540
3352,55.867,651.0,668.0,11.0,9.0,960,540
3353,55.883,651.0,668.0,11.0,9.0,960,540
3354,55.9,651.0,668.0,11.0,9.0,960,540
3355,55.917,651.0,668.0,11.0,9.0,960,540
3356,55.933,651.0,668.0,11.0,9.0,960,540
3357,55.95,651.0,668.0,11.0,9.0,960,540
3358,55.967,651.0,668.0,11.0,9.0,960,540
3359,55.983,651.0,668.0,11.0,9.0,960,540
3360,56.0,651.0,668.0,11.0,9.0,960,540
3361,56.017,651.0,668.0,11.0,9.0,960,540
3362,56.033,651.0,668.0,11.0,9.0,960,540
3363,56.05,651.0,668.0,11.0,9.0,960,540
3364,56.067,651.0,668.0,11.0,9.0,960,540
3365,56.083,651.0,668.0,11.0,9.0,960,540
3366,56.1,652.0,668.0,11.0,9.0,960,540
3367,56.117,651.0,668.0,11.0,9.0,960,540
3368,56.133,,,,,960,540
3369,56.15,623.0,660.0,11.0,9.0,960,540
3370,56.167,623.0,659.0,11.0,9.0,960,540
3371,56.183,622.0,659.0,11.0,9.0,960,540
3372,56.2,621.0,660.0,11.0,9.0,960,540
3373,56.217,621.0,659.0,11.0,9.0,960,540
3374,56.233,627.0,662.0,11.0,9.0,960,540
3375,56.25,639.0,668.0,11.0,9.0,960,540
3376,56.267,,,,,960,540
3377,56.283,684.0,684.0,10.0,9.0,960,540
3378,56.3,,,,,960,540
3379,56.317,721.0,693.0,10.0,9.0,960,540
3380,56.333,,,,,960,540
3381,56.35,641.0,795.0,10.0,9.0,960,540
3382,56.367,649.0,798.0,10.0,9.0,960,540
3383,56.383,656.0,802.0,10.0,9.0,960,540
3384,56.4,659.0,803.0,10.0,9.0,960,540
3385,56.417,660.0,805.0,10.0,9.0,960,540
3386,56.433,662.0,806.0,10.0,9.0,960,540
3387,56.45,663.0,806.0,10.0,9.0,960,540
3388,56.467,664.0,806.0,10.0,9.0,960,540
3389,56.483,666.0,806.0,10.0,9.0,960,540
3390,56.5,667.0,806.0,10.0,9.0,960,540
3391,56.517,667.0,806.0,10.0,9.0,960,540
3392,56.533,667.0,806.0,10.0,9.0,960,540
3393,56.55,667.0,806.0,10.0,9.0,960,540
3394,56.567,667.0,805.0,10.0,9.0,960,540
3395,56.583,667.0,804.0,10.0,9.0,960,540
3396,56.6,667.0,804.0,10.0,9.0,960,540
3397,56.617,667.0,803.0,10.0,9.0,960,540
3398,56.633,667.0,802.0,10.0,9.0,960,540
3399,56.65,667.0,803.0,10.0,9.0,960,540
3400,56.667,667.0,803.0,10.0,9.0,960,540
3401,56.683,667.0,802.0,10.0,9.0,960,540
3402,56.7,667.0,803.0,10.0,9.0,960,540
3403,56.717,663.0,801.0,10.0,9.0,960,540
3404,56.733,653.0,797.0,10.0,9.0,960,540
3405,56.75,639.0,791.0,10.0,9.0,960,540
3406,56.767,,,,,960,540
3407,56.783,1256.0,817.0,11.0,9.0,960,540
3408,56.8,,,,,960,540
3409,56.817,635.0,666.0,11.0,9.0,960,540
3410,56.833,618.0,660.0,11.0,9.0,960,540
3411,56.85,601.0,653.0,11.0,9.0,960,540
3412,56.867,592.0,650.0,11.0,9.0,960,540
3413,56.883,588.0,647.0,11.0,9.0,960,540
3414,56.9,587.0,646.0,11.0,9.0,960,540
3415,56.917,587.0,645.0,11.0,9.0,960,540
3416,56.933,587.0,645.0,11.0,9.0,960,540
3417,56.95,587.0,644.0,11.0,9.0,960,540
3418,56.967,587.0,645.0,11.0,9.0,960,540
3419,56.983,587.0,644.0,11.0,9.0,960,540
3420,57.0,587.0,644.0,11.0,9.0,960,540
3421,57.017,588.0,645.0,11.0,9.0,960,540
3422,57.033,588.0,644.0,11.0,9.0,960,540
3423,57.05,588.0,643.0,11.0,9.0,960,540
3424,57.067,590.0,644.0,11.0,9.0,960,540
3425,57.083,589.0,643.0,11.0,9.0,960,540
3426,57.1,590.0,643.0,11.0,9.0,960,540
3427,57.117,589.0,643.0,11.0,9.0,960,540
3428,57.133,590.0,643.0,11.0,9.0,960,540
3429,57.15,589.0,643.0,11.0,9.0,960,540
3430,57.167,589.0,642.0,11.0,9.0,960,540
3431,57.183,582.0,636.0,11.0,9.0,960,540
3432,57.2,573.0,628.0,11.0,9.0,960,540
3433,57.217,,,,,960,540
3434,57.233,862.0,931.0,11.0,10.0,960,540
3435,57.25,,,,,960,540
3436,57.267,816.0,877.0,11.0,10.0,960,540
3437,57.283,,,,,960,540
3438,57.3,767.0,815.0,11.0,9.0,960,540
3439,57.317,,,,,960,540
3440,57.333,733.0,767.0,11.0,9.0,960,540
3441,57.35,722.0,753.0,11.0,9.0,960,540
3442,57.367,715.0,742.0,11.0,9.0,960,540
3443,57.383,711.0,733.0,11.0,9.0,960,540
3444,57.4,710.0,731.0,11.0,9.0,960,540
3445,57.417,709.0,728.0,11.0,9.0,960,540
3446,57.433,710.0,728.0,11.0,9.0,960,540
3447,57.45,711.0,728.0,11.0,9.0,960,540
3448,57.467,711.0,728.0,11.0,9.0,960,540
3449,57.483,712.0,727.0,11.0,9.0,960,540
3450,57.5,714.0,727.0,11.0,9.0,960,540
3451,57.517,719.0,726.0,11.0,9.0,960,540
3452,57.533,721.0,724.0,11.0,9.0,960,540
3453,57.55,723.0,724.0,11.0,9.0,960,540
3454,57.567,724.0,723.0,11.0,9.0,960,540
3455,57.583,726.0,724.0,11.0,9.0,960,540
3456,57.6,728.0,725.0,11.0,9.0,960,540
3457,57.617,731.0,725.0,11.0,9.0,960,540
3458,57.633,732.0,724.0,11.0,9.0,960,540
3459,57.65,735.0,725.0,11.0,9.0,960,540
3460,57.667,735.0,724.0,11.0,9.0,960,540
3461,57.683,736.0,724.0,11.0,9.0,960,540
3462,57.7,736.0,724.0,11.0,9.0,960,540
3463,57.717,737.0,724.0,11.0,9.0,960,540
3464,57.733,737.0,724.0,11.0,9.0,960,540
3465,57.75,737.0,724.0,11.0,9.0,960,540
3466,57.767,737.0,725.0,11.0,9.0,960,540
3467,57.783,737.0,723.0,11.0,9.0,960,540
3468,57.8,739.0,720.0,11.0,9.0,960,540
3469,57.817,741.0,713.0,11.0,9.0,960,540
3470,57.833,746.0,699.0,11.0,9.0,960,540
3471,57.85,,,,,960,540
3472,57.867,363.0,321.0,14.0,12.0,960,540
3473,57.883,,,,,960,540
3474,57.9,387.0,260.0,15.0,12.0,960,540
3475,57.917,,,,,960,540
3476,57.933,393.0,373.0,15.0,12.0,960,540
3477,57.95,397.0,353.0,15.0,12.0,960,540
3478,57.967,403.0,332.0,15.0,12.0,960,540
3479,57.983,404.0,319.0,15.0,12.0,960,540
3480,58.0,404.0,310.0,15.0,12.0,960,540
3481,58.017,404.0,302.0,15.0,12.0,960,540
3482,58.033,401.0,299.0,15.0,12.0,960,540
3483,58.05,397.0,296.0,15.0,12.0,960,540
3484,58.067,393.0,294.0,15.0,12.0,960,540
3485,58.083,388.0,293.0,15.0,12.0,960,540
3486,58.1,386.0,292.0,15.0,12.0,960,540
3487,58.117,385.0,291.0,15.0,12.0,960,540
3488,58.133,384.0,289.0,15.0,12.0,960,540
3489,58.15,381.0,286.0,15.0,12.0,960,540
3490,58.167,377.0,284.0,15.0,12.0,960,540
3491,58.183,373.0,283.0,15.0,12.0,960,540
3492,58.2,369.0,281.0,15.0,12.0,960,540
3493,58.217,367.0,280.0,15.0,12.0,960,540
3494,58.233,367.0,280.0,15.0,12.0,960,540
3495,58.25,366.0,279.0,15.0,12.0,960,540
3496,58.267,364.0,278.0,15.0,12.0,960,540
3497,58.283,362.0,277.0,15.0,12.0,960,540
3498,58.3,361.0,277.0,15.0,12.0,960,540
3499,58.317,360.0,276.0,15.0,12.0,960,540
3500,58.333,360.0,277.0,15.0,12.0,960,540
3501,58.35,360.0,277.0,15.0,12.0,960,540
3502,58.367,359.0,277.0,15.0,12.0,960,540
3503,58.383,360.0,277.0,15.0,12.0,960,540
3504,58.4,360.0,278.0,15.0,12.0,960,540
3505,58.417,362.0,277.0,15.0,12.0,960,540
3506,58.433,365.0,278.0,15.0,12.0,960,540
3507,58.45,368.0,278.0,15.0,12.0,960,540
3508,58.467,374.0,278.0,15.0,12.0,960,540
3509,58.483,381.0,278.0,15.0,12.0,960,540
3510,58.5,387.0,278.0,15.0,12.0,960,540
3511,58.517,392.0,277.0,15.0,12.0,960,540
3512,58.533,394.0,277.0,15.0,12.0,960,540
3513,58.55,394.0,277.0,15.0,12.0,960,540
3514,58.567,394.0,277.0,15.0,12.0,960,540
3515,58.583,396.0,278.0,15.0,12.0,960,540
3516,58.6,398.0,276.0,15.0,12.0,960,540
3517,58.617,401.0,276.0,15.0,12.0,960,540
3518,58.633,403.0,275.0,15.0,12.0,960,540
3519,58.65,404.0,275.0,15.0,12.0,960,540
3520,58.667,406.0,274.0,15.0,12.0,960,540
3521,58.683,407.0,274.0,15.0,12.0,960,540
3522,58.7,408.0,273.0,15.0,12.0,960,540
3523,58.717,408.0,272.0,15.0,12.0,960,540
3524,58.733,410.0,272.0,15.0,12.0,960,540
3525,58.75,410.0,272.0,15.0,12.0,960,540
3526,58.767,410.0,273.0,15.0,12.0,960,540
3527,58.783,413.0,274.0,15.0,12.0,960,540
3528,58.8,416.0,275.0,15.0,12.0,960,540
3529,58.817,422.0,277.0,15.0,12.0,960,540
3530,58.833,427.0,279.0,15.0,12.0,960,540
3531,58.85,433.0,282.0,15.0,12.0,960,540
3532,58.867,444.0,287.0,15.0,12.0,960,540
3533,58.883,458.0,293.0,15.0,12.0,960,540
3534,58.9,478.0,301.0,15.0,12.0,960,540
3535,58.917,498.0,310.0,15.0,12.0,960,540
3536,58.933,,,,,960,540
3537,58.95,535.0,330.0,12.0,11.0,960,540
3538,58.967,548.0,338.0,12.0,11.0,960,540
3539,58.983,564.0,349.0,12.0,11.0,960,540
3540,59.0,575.0,357.0,12.0,11.0,960,540
3541,59.017,584.0,362.0,12.0,11.0,960,540
3542,59.033,591.0,368.0,12.0,11.0,960,540
3543,59.05,594.0,372.0,12.0,11.0,960,540
3544,59.067,596.0,373.0,12.0,11.0,960,540
3545,59.083,597.0,376.0,12.0,11.0,960,540
3546,59.1,597.0,377.0,12.0,11.0,960,540
3547,59.117,598.0,378.0,12.0,11.0,960,540
3548,59.133,598.0,378.0,12.0,11.0,960,540
3549,59.15,599.0,379.0,12.0,11.0,960,540
3550,59.167,600.0,378.0,12.0,11.0,960,540
3551,59.183,600.0,376.0,12.0,11.0,960,540
3552,59.2,601.0,375.0,12.0,11.0,960,540
3553,59.217,603.0,373.0,12.0,11.0,960,540
3554,59.233,603.0,372.0,12.0,11.0,960,540
3555,59.25,603.0,372.0,12.0,11.0,960,540
3556,59.267,603.0,371.0,12.0,11.0,960,540
3557,59.283,603.0,372.0,12.0,11.0,960,540
3558,59.3,600.0,377.0,12.0,11.0,960,540
3559,59.317,591.0,385.0,12.0,11.0,960,540
3560,59.333,582.0,394.0,12.0,11.0,960,540
3561,59.35,,,,,960,540
3562,59.367,704.0,267.0,10.0,10.0,960,540
3563,59.383,,,,,960,540
3564,59.4,651.0,318.0,11.0,10.0,960,540
3565,59.417,640.0,329.0,11.0,10.0,960,540
3566,59.433,,,,,960,540
3567,59.45,615.0,361.0,10.0,9.0,960,540
3568,59.467,611.0,367.0,10.0,9.0,960,540
3569,59.483,608.0,372.0,10.0,9.0,960,540
3570,59.5,607.0,375.0,10.0,9.0,960,540
3571,59.517,606.0,377.0,10.0,9.0,960,540
3572,59.533,605.0,377.0,10.0,9.0,960,540
3573,59.55,604.0,378.0,10.0,9.0,960,540
3574,59.567,603.0,378.0,10.0,9.0,960,540
3575,59.583,602.0,379.0,10.0,9.0,960,540
3576,59.6,601.0,380.0,10.0,9.0,960,540
3577,59.617,599.0,380.0,10.0,9.0,960,540
3578,59.633,595.0,382.0,10.0,9.0,960,540
3579,59.65,589.0,384.0,10.0,9.0,960,540
3580,59.667,587.0,387.0,10.0,9.0,960,540
3581,59.683,586.0,388.0,10.0,9.0,960,540
3582,59.7,585.0,388.0,10.0,9.0,960,540
3583,59.717,584.0,390.0,10.0,9.0,960,540
3584,59.733,584.0,389.0,10.0,9.0,960,540
3585,59.75,584.0,390.0,10.0,9.0,960,540
3586,59.767,584.0,390.0,10.0,9.0,960,540
3587,59.783,584.0,389.0,10.0,9.0,960,540
3588,59.8,588.0,391.0,10.0,9.0,960,540
3589,59.817,595.0,392.0,10.0,9.0,960,540
3590,59.833,612.0,393.0,10.0,9.0,960,540
3591,59.85,,,,,960,540
3592,59.867,542.0,408.0,12.0,10.0,960,540
3593,59.883,,,,,960,540
3594,59.9,789.0,397.0,10.0,9.0,960,540
3595,59.917,,,,,960,540
3596,59.933,895.0,215.0,9.0,10.0,960,540
3597,59.95,,,,,960,540
3598,59.967,975.0,213.0,10.0,10.0,960,540
3599,59.983,,,,,960,540
3600,60.0,1009.0,212.0,10.0,10.0,960,540
3601,60.017,1022.0,212.0,10.0,10.0,960,540
3602,60.033,1026.0,212.0,10.0,10.0,960,540
3603,60.05,1027.0,211.0,10.0,10.0,960,540
3604,60.067,1028.0,210.0,10.0,10.0,960,540
3605,60.083,1030.0,209.0,10.0,10.0,960,540
3606,60.1,1033.0,209.0,10.0,10.0,960,540
3607,60.117,1041.0,208.0,10.0,10.0,960,540
3608,60.133,1050.0,208.0,10.0,10.0,960,540
3609,60.15,1056.0,209.0,10.0,10.0,960,540
3610,60.167,1064.0,209.0,10.0,10.0,960,540
3611,60.183,1072.0,210.0,10.0,10.0,960,540
3612,60.2,1074.0,209.0,10.0,10.0,960,540
3613,60.217,1076.0,209.0,10.0,10.0,960,540
3614,60.233,1076.0,209.0,10.0,10.0,960,540
3615,60.25,1077.0,210.0,10.0,10.0,960,540
3616,60.267,1079.0,209.0,10.0,10.0,960,540
3617,60.283,1081.0,209.0,10.0,10.0,960,540
3618,60.3,1083.0,209.0,10.0,10.0,960,540
3619,60.317,1085.0,209.0,10.0,10.0,960,540
3620,60.333,1086.0,209.0,10.0,10.0,960,540
3621,60.35,1086.0,209.0,10.0,10.0,960,540
3622,60.367,1088.0,209.0,10.0,10.0,960,540
3623,60.383,1089.0,209.0,10.0,10.0,960,540
3624,60.4,1089.0,209.0,10.0,10.0,960,540
3625,60.417,1089.0,209.0,10.0,10.0,960,540
3626,60.433,1090.0,208.0,10.0,10.0,960,540
3627,60.45,1090.0,209.0,10.0,10.0,960,540
3628,60.467,1090.0,209.0,10.0,10.0,960,540
3629,60.483,1090.0,209.0,10.0,10.0,960,540
3630,60.5,1091.0,210.0,10.0,10.0,960,540
3631,60.517,1095.0,212.0,10.0,10.0,960,540
3632,60.533,1101.0,216.0,10.0,10.0,960,540
3633,60.55,1106.0,220.0,10.0,10.0,960,540
3634,60.567,1113.0,225.0,10.0,10.0,960,540
3635,60.583,1117.0,228.0,10.0,10.0,960,540
3636,60.6,1125.0,235.0,10.0,10.0,960,540
3637,60.617,1131.0,239.0,10.0,10.0,960,540
3638,60.633,1133.0,241.0,10.0,10.0,960,540
3639,60.65,1138.0,245.0,10.0,10.0,960,540
3640,60.667,1141.0,247.0,10.0,10.0,960,540
3641,60.683,1142.0,248.0,10.0,10.0,960,540
3642,60.7,1143.0,250.0,10.0,10.0,960,540
3643,60.717,1144.0,251.0,10.0,10.0,960,540
3644,60.733,1145.0,251.0,10.0,10.0,960,540
3645,60.75,1147.0,251.0,10.0,10.0,960,540
3646,60.767,1149.0,252.0,10.0,10.0,960,540
3647,60.783,1151.0,253.0,10.0,10.0,960,540
3648,60.8,1154.0,253.0,10.0,10.0,960,540
3649,60.817,1154.0,253.0,10.0,10.0,960,540
3650,60.833,1154.0,253.0,10.0,10.0,960,540
3651,60.85,1154.0,253.0,10.0,10.0,960,540
3652,60.867,1155.0,253.0,10.0,10.0,960,540
3653,60.883,1154.0,253.0,10.0,10.0,960,540
3654,60.9,1153.0,254.0,10.0,10.0,960,540
3655,60.917,1150.0,255.0,10.0,10.0,960,540
3656,60.933,1140.0,262.0,10.0,10.0,960,540
3657,60.95,1135.0,266.0,10.0,10.0,960,540
3658,60.967,1126.0,274.0,10.0,10.0,960,540
3659,60.983,,,,,960,540
3660,61.0,1126.0,464.0,9.0,10.0,960,540
3661,61.017,1114.0,472.0,9.0,10.0,960,540
3662,61.033,1105.0,478.0,9.0,10.0,960,540
3663,61.05,1098.0,483.0,9.0,10.0,960,540
3664,61.067,1089.0,488.0,9.0,10.0,960,540
3665,61.083,1085.0,490.0,9.0,10.0,960,540
3666,61.1,1082.0,491.0,9.0,10.0,960,540
3667,61.117,1079.0,493.0,9.0,10.0,960,540
3668,61.133,1079.0,492.0,9.0,10.0,960,540
3669,61.15,1079.0,493.0,9.0,10.0,960,540
3670,61.167,1079.0,494.0,9.0,10.0,960,540
3671,61.183,1079.0,495.0,9.0,10.0,960,540
3672,61.2,1080.0,497.0,9.0,10.0,960,540
3673,61.217,1082.0,501.0,9.0,10.0,960,540
3674,61.233,1085.0,504.0,9.0,10.0,960,540
3675,61.25,1086.0,505.0,9.0,10.0,960,540
3676,61.267,1089.0,508.0,9.0,10.0,960,540
3677,61.283,1090.0,509.0,9.0,10.0,960,540
3678,61.3,1090.0,509.0,9.0,10.0,960,540
3679,61.317,1090.0,511.0,9.0,10.0,960,540
3680,61.333,1090.0,512.0,9.0,10.0,960,540
3681,61.35,1090.0,513.0,9.0,10.0,960,540
3682,61.367,1089.0,514.0,9.0,10.0,960,540
3683,61.383,1090.0,515.0,9.0,10.0,960,540
3684,61.4,1090.0,515.0,9.0,10.0,960,540
3685,61.417,1090.0,516.0,9.0,10.0,960,540
3686,61.433,1090.0,517.0,9.0,10.0,960,540
3687,61.45,1090.0,517.0,9.0,10.0,960,540
3688,61.467,1089.0,518.0,9.0,10.0,960,540
3689,61.483,1089.0,519.0,9.0,10.0,960,540
3690,61.5,1089.0,519.0,9.0,10.0,960,540
3691,61.517,1089.0,519.0,9.0,10.0,960,540
3692,61.533,1090.0,520.0,9.0,10.0,960,540
3693,61.55,1089.0,520.0,9.0,10.0,960,540
3694,61.567,1089.0,520.0,9.0,10.0,960,540
3695,61.583,1089.0,520.0,9.0,10.0,960,540
3696,61.6,1089.0,519.0,9.0,10.0,960,540
3697,61.617,1084.0,521.0,9.0,10.0,960,540
3698,61.633,1080.0,521.0,9.0,10.0,960,540
3699,61.65,1064.0,524.0,9.0,10.0,960,540
3700,61.667,,,,,960,540
3701,61.683,1305.0,413.0,11.0,10.0,960,540
3702,61.7,,,,,960,540
3703,61.717,1262.0,424.0,11.0,9.0,960,540
3704,61.733,1247.0,427.0,11.0,9.0,960,540
3705,61.75,1239.0,429.0,11.0,9.0,960,540
3706,61.767,1225.0,433.0,11.0,9.0,960,540
3707,61.783,1223.0,434.0,11.0,9.0,960,540
3708,61.8,1222.0,435.0,11.0,9.0,960,540
3709,61.817,1221.0,436.0,11.0,9.0,960,540
3710,61.833,1222.0,435.0,11.0,9.0,960,540
3711,61.85,1221.0,435.0,11.0,9.0,960,540
3712,61.867,1223.0,436.0,10.0,8.0,960,540
3713,61.883,1223.0,436.0,10.0,8.0,960,540
3714,61.9,1226.0,435.0,10.0,8.0,960,540
3715,61.917,1229.0,435.0,10.0,8.0,960,540
3716,61.933,1232.0,435.0,10.0,8.0,960,540
3717,61.95,1234.0,434.0,10.0,8.0,960,540
3718,61.967,1234.0,434.0,10.0,8.0,960,540
3719,61.983,1234.0,433.0,10.0,8.0,960,540
3720,62.0,1234.0,433.0,10.0,8.0,960,540
3721,62.017,1235.0,433.0,10.0,8.0,960,540
3722,62.033,1235.0,432.0,10.0,8.0,960,540
3723,62.05,1237.0,430.0,10.0,8.0,960,540
3724,62.067,1238.0,430.0,10.0,8.0,960,540
3725,62.083,1238.0,430.0,10.0,8.0,960,540
3726,62.1,1238.0,432.0,10.0,8.0,960,540
3727,62.117,1237.0,438.0,10.0,8.0,960,540
3728,62.133,1236.0,448.0,11.0,9.0,960,540
3729,62.15,1236.0,461.0,11.0,9.0,960,540
3730,62.167,1237.0,476.0,11.0,9.0,960,540
3731,62.183,1236.0,485.0,11.0,9.0,960,540
3732,62.2,,,,,960,540
3733,62.217,,,,,960,540
3734,62.233,1234.0,540.0,11.0,9.0,960,540
3735,62.25,,,,,960,540
3736,62.267,,,,,960,540
3737,62.283,,,,,960,540
3738,62.3,,,,,960,540
3739,62.317,1233.0,592.0,10.0,9.0,960,540
3740,62.333,1234.0,592.0,10.0,9.0,960,540
3741,62.35,1240.0,592.0,10.0,9.0,960,540
3742,62.367,1243.0,591.0,10.0,9.0,960,540
3743,62.383,1246.0,592.0,10.0,9.0,960,540
3744,62.4,1249.0,592.0,10.0,9.0,960,540
3745,62.417,1250.0,591.0,10.0,9.0,960,540
3746,62.433,1252.0,591.0,10.0,9.0,960,540
3747,62.45,1256.0,591.0,10.0,9.0,960,540
3748,62.467,1258.0,590.0,10.0,9.0,960,540
3749,62.483,1258.0,589.0,10.0,9.0,960,540
3750,62.5,1258.0,589.0,10.0,9.0,960,540
3751,62.517,1258.0,589.0,10.0,9.0,960,540
3752,62.533,1258.0,589.0,10.0,9.0,960,540
3753,62.55,1261.0,589.0,10.0,9.0,960,540
3754,62.567,1262.0,589.0,10.0,9.0,960,540
3755,62.583,1262.0,590.0,10.0,9.0,960,540
3756,62.6,1263.0,589.0,10.0,9.0,960,540
3757,62.617,1263.0,589.0,10.0,9.0,960,540
3758,62.633,1263.0,590.0,10.0,9.0,960,540
3759,62.65,1263.0,589.0,10.0,9.0,960,540
3760,62.667,1260.0,589.0,10.0,9.0,960,540
3761,62.683,1251.0,586.0,10.0,9.0,960,540
3762,62.7,1240.0,585.0,10.0,9.0,960,540
3763,62.717,,,,,960,540
3764,62.733,736.0,852.0,10.0,9.0,960,540
3765,62.75,,,,,960,540
3766,62.767,621.0,839.0,11.0,11.0,960,540
3767,62.783,,,,,960,540
3768,62.8,,,,,960,540
3769,62.817,521.0,825.0,13.0,11.0,960,540
3770,62.833,,,,,960,540
3771,62.85,486.0,811.0,14.0,11.0,960,540
3772,62.867,482.0,806.0,14.0,11.0,960,540
3773,62.883,478.0,800.0,14.0,11.0,960,540
3774,62.9,475.0,796.0,14.0,11.0,960,540
3775,62.917,474.0,795.0,14.0,11.0,960,540
3776,62.933,471.0,792.0,14.0,11.0,960,540
3777,62.95,468.0,791.0,14.0,11.0,960,540
3778,62.967,467.0,791.0,14.0,11.0,960,540
3779,62.983,466.0,791.0,14.0,11.0,960,540
3780,63.0,464.0,791.0,14.0,11.0,960,540
3781,63.017,463.0,792.0,14.0,11.0,960,540
3782,63.033,459.0,793.0,14.0,11.0,960,540
3783,63.05,458.0,794.0,14.0,11.0,960,540
3784,63.067,457.0,794.0,14.0,11.0,960,540
3785,63.083,455.0,795.0,14.0,11.0,960,540
3786,63.1,454.0,795.0,14.0,11.0,960,540
3787,63.117,453.0,796.0,14.0,11.0,960,540
3788,63.133,451.0,795.0,14.0,11.0,960,540
3789,63.15,450.0,797.0,14.0,11.0,960,540
3790,63.167,450.0,796.0,14.0,11.0,960,540
3791,63.183,450.0,796.0,14.0,11.0,960,540
3792,63.2,449.0,791.0,14.0,11.0,960,540
3793,63.217,445.0,777.0,14.0,11.0,960,540
3794,63.233,440.0,757.0,14.0,11.0,960,540
3795,63.25,,,,,960,540
3796,63.267,425.0,694.0,14.0,11.0,960,540
3797,63.283,,,,,960,540
3798,63.3,716.0,921.0,12.0,10.0,960,540
3799,63.317,,,,,960,540
3800,63.333,699.0,848.0,11.0,10.0,960,540
3801,63.35,,,,,960,540
3802,63.367,487.0,757.0,13.0,12.0,960,540
3803,63.383,483.0,747.0,13.0,12.0,960,540
3804,63.4,480.0,736.0,13.0,12.0,960,540
3805,63.417,478.0,726.0,13.0,12.0,960,540
3806,63.433,475.0,717.0,13.0,12.0,960,540
3807,63.45,473.0,711.0,13.0,12.0,960,540
3808,63.467,470.0,705.0,13.0,12.0,960,540
3809,63.483,468.0,703.0,13.0,12.0,960,540
3810,63.5,464.0,700.0,13.0,12.0,960,540
3811,63.517,455.0,694.0,13.0,12.0,960,540
3812,63.533,450.0,691.0,13.0,12.0,960,540
3813,63.55,443.0,686.0,13.0,12.0,960,540
3814,63.567,432.0,679.0,13.0,12.0,960,540
3815,63.583,428.0,677.0,13.0,12.0,960,540
3816,63.6,424.0,674.0,13.0,12.0,960,540
3817,63.617,421.0,668.0,13.0,12.0,960,540
3818,63.633,420.0,666.0,13.0,12.0,960,540
3819,63.65,419.0,663.0,13.0,12.0,960,540
3820,63.667,417.0,661.0,13.0,12.0,960,540
3821,63.683,418.0,661.0,13.0,12.0,960,540
3822,63.7,418.0,660.0,13.0,12.0,960,540
3823,63.717,417.0,660.0,13.0,12.0,960,540
3824,63.733,418.0,661.0,13.0,12.0,960,540
3825,63.75,418.0,661.0,13.0,12.0,960,540
3826,63.767,418.0,659.0,13.0,12.0,960,540
3827,63.783,419.0,659.0,13.0,12.0,960,540
3828,63.8,419.0,658.0,13.0,12.0,960,540
3829,63.817,419.0,657.0,13.0,12.0,960,540
3830,63.833,419.0,657.0,13.0,12.0,960,540
3831,63.85,419.0,657.0,13.0,12.0,960,540
3832,63.867,419.0,657.0,13.0,12.0,960,540
3833,63.883,418.0,657.0,13.0,12.0,960,540
3834,63.9,418.0,655.0,13.0,12.0,960,540
3835,63.917,416.0,652.0,13.0,12.0,960,540
3836,63.933,412.0,644.0,13.0,12.0,960,540
3837,63.95,408.0,634.0,13.0,12.0,960,540
3838,63.967,404.0,623.0,13.0,12.0,960,540
3839,63.983,402.0,610.0,13.0,12.0,960,540
3840,64.0,400.0,594.0,13.0,12.0,960,540
3841,64.017,398.0,584.0,13.0,12.0,960,540
3842,64.033,397.0,575.0,13.0,12.0,960,540
3843,64.05,395.0,565.0,13.0,12.0,960,540
3844,64.067,392.0,560.0,13.0,12.0,960,540
3845,64.083,390.0,555.0,13.0,12.0,960,540
3846,64.1,389.0,555.0,13.0,12.0,960,540
3847,64.117,389.0,553.0,13.0,12.0,960,540
3848,64.133,389.0,552.0,13.0,12.0,960,540
3849,64.15,389.0,551.0,13.0,12.0,960,540
3850,64.167,389.0,550.0,13.0,12.0,960,540
3851,64.183,388.0,549.0,13.0,12.0,960,540
3852,64.2,387.0,548.0,13.0,12.0,960,540
3853,64.217,387.0,548.0,13.0,12.0,960,540
3854,64.233,386.0,547.0,13.0,12.0,960,540
3855,64.25,385.0,546.0,13.0,12.0,960,540
3856,64.267,385.0,545.0,13.0,12.0,960,540
3857,64.283,385.0,543.0,13.0,12.0,960,540
3858,64.3,383.0,541.0,13.0,12.0,960,540
3859,64.317,382.0,539.0,13.0,12.0,960,540
3860,64.333,381.0,537.0,13.0,12.0,960,540
3861,64.35,381.0,537.0,13.0,12.0,960,540
3862,64.367,380.0,537.0,13.0,12.0,960,540
3863,64.383,381.0,537.0,13.0,12.0,960,540
3864,64.4,380.0,537.0,13.0,12.0,960,540
3865,64.417,381.0,538.0,13.0,12.0,960,540
3866,64.433,382.0,540.0,13.0,12.0,960,540
3867,64.45,385.0,541.0,13.0,12.0,960,540
3868,64.467,396.0,543.0,13.0,12.0,960,540
3869,64.483,,,,,960,540
3870,64.5,471.0,537.0,12.0,10.0,960,540
3871,64.517,,,,,960,540
3872,64.533,482.0,652.0,11.0,9.0,960,540
3873,64.55,,,,,960,540
3874,64.567,515.0,272.0,12.0,11.0,960,540
3875,64.583,,,,,960,540
3876,64.6,562.0,418.0,10.0,9.0,960,540
3877,64.617,,,,,960,540
3878,64.633,603.0,414.0,10.0,9.0,960,540
3879,64.65,611.0,412.0,10.0,9.0,960,540
3880,64.667,615.0,413.0,10.0,9.0,960,540
3881,64.683,617.0,413.0,10.0,9.0,960,540
3882,64.7,617.0,413.0,10.0,9.0,960,540
3883,64.717,618.0,413.0,10.0,9.0,960,540
3884,64.733,620.0,412.0,10.0,9.0,960,540
3885,64.75,623.0,411.0,10.0,9.0,960,540
3886,64.767,626.0,411.0,10.0,9.0,960,540
3887,64.783,629.0,411.0,10.0,9.0,960,540
3888,64.8,632.0,411.0,10.0,9.0,960,540
3889,64.817,634.0,411.0,10.0,9.0,960,540
3890,64.833,635.0,411.0,10.0,9.0,960,540
3891,64.85,635.0,412.0,10.0,9.0,960,540
3892,64.867,636.0,412.0,10.0,9.0,960,540
3893,64.883,636.0,412.0,10.0,9.0,960,540
3894,64.9,636.0,412.0,10.0,9.0,960,540
3895,64.917,636.0,413.0,10.0,9.0,960,540
3896,64.933,637.0,412.0,10.0,9.0,960,540
3897,64.95,637.0,413.0,10.0,9.0,960,540
3898,64.967,637.0,415.0,10.0,9.0,960,540
3899,64.983,637.0,416.0,10.0,9.0,960,540
3900,65.0,638.0,416.0,10.0,9.0,960,540
3901,65.017,638.0,417.0,10.0,9.0,960,540
3902,65.033,638.0,417.0,10.0,9.0,960,540
3903,65.05,638.0,417.0,10.0,9.0,960,540
3904,65.067,636.0,416.0,10.0,9.0,960,540
3905,65.083,630.0,415.0,10.0,9.0,960,540
3906,65.1,620.0,413.0,10.0,9.0,960,540
3907,65.117,610.0,412.0,10.0,9.0,960,540
3908,65.133,,,,,960,540
3909,65.15,579.0,409.0,10.0,10.0,960,540
3910,65.167,567.0,407.0,10.0,10.0,960,540
3911,65.183,553.0,407.0,10.0,10.0,960,540
3912,65.2,543.0,406.0,10.0,10.0,960,540
3913,65.217,538.0,406.0,10.0,10.0,960,540
3914,65.233,536.0,406.0,10.0,10.0,960,540
3915,65.25,535.0,406.0,10.0,10.0,960,540
3916,65.267,534.0,405.0,10.0,10.0,960,540
3917,65.283,533.0,404.0,10.0,10.0,960,540
3918,65.3,531.0,405.0,10.0,10.0,960,540
3919,65.317,529.0,405.0,10.0,10.0,960,540
3920,65.333,527.0,405.0,10.0,10.0,960,540
3921,65.35,524.0,405.0,10.0,10.0,960,540
3922,65.367,522.0,406.0,10.0,10.0,960,540
3923,65.383,518.0,407.0,10.0,10.0,960,540
3924,65.4,515.0,407.0,10.0,10.0,960,540
3925,65.417,513.0,408.0,10.0,10.0,960,540
3926,65.433,511.0,409.0,10.0,10.0,960,540
3927,65.45,512.0,408.0,10.0,10.0,960,540
3928,65.467,511.0,408.0,10.0,10.0,960,540
3929,65.483,512.0,409.0,10.0,10.0,960,540
3930,65.5,514.0,410.0,10.0,10.0,960,540
3931,65.517,520.0,411.0,10.0,10.0,960,540
3932,65.533,537.0,412.0,10.0,10.0,960,540
3933,65.55,,,,,960,540
3934,65.567,652.0,271.0,11.0,10.0,960,540
3935,65.583,,,,,960,540
3936,65.6,732.0,278.0,10.0,9.0,960,540
3937,65.617,,,,,960,540
3938,65.633,1048.0,350.0,10.0,9.0,960,540
3939,65.65,,,,,960,540
3940,65.667,,,,,960,540
3941,65.683,1582.0,255.0,16.0,13.0,960,540
3942,65.7,1587.0,259.0,16.0,13.0,960,540
3943,65.717,1590.0,263.0,16.0,13.0,960,540
3944,65.733,1592.0,267.0,16.0,13.0,960,540
3945,65.75,1592.0,269.0,16.0,13.0,960,540
3946,65.767,1593.0,270.0,16.0,13.0,960,540
3947,65.783,1594.0,271.0,16.0,13.0,960,540
3948,65.8,1595.0,271.0,16.0,13.0,960,540
3949,65.817,1597.0,271.0,16.0,13.0,960,540
3950,65.833,1603.0,271.0,16.0,13.0,960,540
3951,65.85,1608.0,272.0,16.0,13.0,960,540
3952,65.867,1613.0,272.0,16.0,13.0,960,540
3953,65.883,1616.0,272.0,16.0,13.0,960,540
3954,65.9,1615.0,271.0,16.0,13.0,960,540
3955,65.917,1616.0,271.0,16.0,13.0,960,540
3956,65.933,1616.0,271.0,16.0,13.0,960,540
3957,65.95,1616.0,272.0,16.0,13.0,960,540
3958,65.967,1617.0,271.0,16.0,13.0,960,540
3959,65.983,1621.0,268.0,16.0,13.0,960,540
3960,66.0,1627.0,265.0,16.0,13.0,960,540
3961,66.017,,,,,960,540
3962,66.033,898.0,301.0,9.0,10.0,960,540
3963,66.05,907.0,293.0,9.0,10.0,960,540
3964,66.067,,,,,960,540
3965,66.083,1206.0,326.0,11.0,10.0,960,540
3966,66.1,1221.0,315.0,11.0,10.0,960,540
3967,66.117,1230.0,309.0,11.0,10.0,960,540
3968,66.133,1235.0,304.0,11.0,10.0,960,540
3969,66.15,1239.0,299.0,11.0,10.0,960,540
3970,66.167,1239.0,296.0,11.0,10.0,960,540
3971,66.183,1239.0,295.0,11.0,10.0,960,540
3972,66.2,1239.0,295.0,11.0,10.0,960,540
3973,66.217,1239.0,294.0,11.0,10.0,960,540
3974,66.233,1239.0,294.0,11.0,10.0,960,540
3975,66.25,1239.0,293.0,11.0,10.0,960,540
3976,66.267,1239.0,292.0,11.0,10.0,960,540
3977,66.283,1239.0,292.0,11.0,10.0,960,540
3978,66.3,1240.0,290.0,11.0,10.0,960,540
3979,66.317,1241.0,289.0,11.0,10.0,960,540
3980,66.333,1242.0,288.0,11.0,10.0,960,540
3981,66.35,1242.0,287.0,11.0,10.0,960,540
3982,66.367,1244.0,287.0,11.0,10.0,960,540
3983,66.383,1244.0,286.0,11.0,10.0,960,540
3984,66.4,1245.0,286.0,11.0,10.0,960,540
3985,66.417,1245.0,286.0,11.0,10.0,960,540
3986,66.433,1245.0,286.0,11.0,10.0,960,540
3987,66.45,1245.0,286.0,11.0,10.0,960,540
3988,66.467,1244.0,286.0,11.0,10.0,960,540
3989,66.483,1246.0,292.0,11.0,10.0,960,540
3990,66.5,1247.0,302.0,11.0,10.0,960,540
3991,66.517,1248.0,310.0,11.0,10.0,960,540
3992,66.533,,,,,960,540
3993,66.55,1257.0,357.0,11.0,9.0,960,540
3994,66.567,1259.0,369.0,11.0,9.0,960,540
3995,66.583,,,,,960,540
3996,66.6,1045.0,31.0,11.0,13.0,960,540
3997,66.617,1046.0,43.0,11.0,13.0,960,540
3998,66.633,,,,,960,540
3999,66.65,1278.0,454.0,11.0,10.0,960,540
4000,66.667,1278.0,459.0,11.0,10.0,960,540
4001,66.683,1277.0,467.0,11.0,10.0,960,540
4002,66.7,1278.0,470.0,11.0,10.0,960,540
4003,66.717,1277.0,471.0,11.0,10.0,960,540
4004,66.733,1277.0,472.0,11.0,10.0,960,540
4005,66.75,1277.0,473.0,11.0,10.0,960,540
4006,66.767,1275.0,474.0,11.0,10.0,960,540
4007,66.783,1274.0,474.0,11.0,10.0,960,540
4008,66.8,1274.0,475.0,11.0,10.0,960,540
4009,66.817,1272.0,475.0,11.0,10.0,960,540
4010,66.833,1273.0,476.0,11.0,10.0,960,540
4011,66.85,1271.0,476.0,11.0,10.0,960,540
4012,66.867,1272.0,476.0,11.0,10.0,960,540
4013,66.883,1271.0,476.0,11.0,10.0,960,540
4014,66.9,1270.0,476.0,11.0,10.0,960,540
4015,66.917,1270.0,476.0,11.0,10.0,960,540
4016,66.933,1269.0,476.0,11.0,10.0,960,540
4017,66.95,1270.0,476.0,11.0,10.0,960,540
4018,66.967,1267.0,479.0,11.0,10.0,960,540
4019,66.983,1266.0,481.0,11.0,10.0,960,540
4020,67.0,1261.0,486.0,11.0,10.0,960,540
4021,67.017,1252.0,502.0,11.0,10.0,960,540
4022,67.033,1244.0,515.0,11.0,10.0,960,540
4023,67.05,,,,,960,540
4024,67.067,1229.0,545.0,11.0,9.0,960,540
4025,67.083,1219.0,556.0,11.0,9.0,960,540
4026,67.1,1209.0,571.0,11.0,9.0,960,540
4027,67.117,1204.0,578.0,11.0,9.0,960,540
4028,67.133,1201.0,583.0,11.0,9.0,960,540
4029,67.15,1197.0,588.0,11.0,9.0,960,540
4030,67.167,1194.0,594.0,11.0,9.0,960,540
4031,67.183,1194.0,596.0,11.0,9.0,960,540
4032,67.2,1193.0,599.0,11.0,9.0,960,540
4033,67.217,1193.0,600.0,11.0,9.0,960,540
4034,67.233,1194.0,600.0,11.0,9.0,960,540
4035,67.25,1197.0,602.0,11.0,9.0,960,540
4036,67.267,1200.0,602.0,11.0,9.0,960,540
4037,67.283,1203.0,603.0,11.0,9.0,960,540
4038,67.3,1207.0,601.0,11.0,9.0,960,540
4039,67.317,1209.0,601.0,11.0,9.0,960,540
4040,67.333,1209.0,600.0,11.0,9.0,960,540
4041,67.35,1211.0,601.0,11.0,9.0,960,540
4042,67.367,1211.0,601.0,11.0,9.0,960,540
4043,67.383,1211.0,600.0,11.0,9.0,960,540
4044,67.4,1211.0,601.0,11.0,9.0,960,540
4045,67.417,1210.0,599.0,11.0,9.0,960,540
4046,67.433,1208.0,598.0,11.0,9.0,960,540
4047,67.45,1199.0,594.0,11.0,9.0,960,540
4048,67.467,1187.0,590.0,11.0,9.0,960,540
4049,67.483,1175.0,587.0,11.0,9.0,960,540
4050,67.5,,,,,960,540
4051,67.517,,,,,960,540
4052,67.533,,,,,960,540
4053,67.55,883.0,235.0,10.0,10.0,960,540
4054,67.567,874.0,231.0,10.0,10.0,960,540
4055,67.583,868.0,229.0,10.0,10.0,960,540
4056,67.6,866.0,226.0,10.0,10.0,960,540
4057,67.617,865.0,224.0,10.0,10.0,960,540
4058,67.633,863.0,221.0,10.0,10.0,960,540
4059,67.65,861.0,219.0,10.0,10.0,960,540
4060,67.667,859.0,218.0,10.0,10.0,960,540
4061,67.683,858.0,216.0,10.0,10.0,960,540
4062,67.7,857.0,215.0,10.0,10.0,960,540
4063,67.717,856.0,214.0,10.0,10.0,960,540
4064,67.733,854.0,214.0,10.0,10.0,960,540
4065,67.75,852.0,213.0,10.0,10.0,960,540
4066,67.767,851.0,213.0,10.0,10.0,960,540
4067,67.783,852.0,213.0,10.0,10.0,960,540
4068,67.8,852.0,213.0,10.0,10.0,960,540
4069,67.817,852.0,213.0,10.0,10.0,960,540
4070,67.833,852.0,213.0,10.0,10.0,960,540
4071,67.85,852.0,213.0,10.0,10.0,960,540
4072,67.867,855.0,215.0,10.0,10.0,960,540
4073,67.883,869.0,223.0,10.0,10.0,960,540
4074,67.9,884.0,229.0,10.0,10.0,960,540
4075,67.917,895.0,233.0,10.0,10.0,960,540
4076,67.933,,,,,960,540
4077,67.95,1152.0,577.0,11.0,9.0,960,540
4078,67.967,,,,,960,540
4079,67.983,956.0,249.0,9.0,9.0,960,540
4080,68.0,959.0,250.0,9.0,9.0,960,540
4081,68.017,964.0,251.0,9.0,9.0,960,540
4082,68.033,964.0,253.0,9.0,9.0,960,540
4083,68.05,965.0,252.0,9.0,9.0,960,540
4084,68.067,964.0,252.0,9.0,9.0,960,540
4085,68.083,966.0,253.0,9.0,9.0,960,540
4086,68.1,968.0,253.0,9.0,9.0,960,540
4087,68.117,971.0,253.0,9.0,9.0,960,540
4088,68.133,974.0,254.0,9.0,9.0,960,540
4089,68.15,978.0,254.0,9.0,9.0,960,540
4090,68.167,979.0,255.0,9.0,9.0,960,540
4091,68.183,980.0,255.0,9.0,9.0,960,540
4092,68.2,980.0,256.0,9.0,9.0,960,540
4093,68.217,981.0,255.0,9.0,9.0,960,540
4094,68.233,980.0,256.0,9.0,9.0,960,540
4095,68.25,980.0,256.0,9.0,9.0,960,540
4096,68.267,980.0,256.0,9.0,9.0,960,540
4097,68.283,980.0,256.0,9.0,9.0,960,540
4098,68.3,975.0,254.0,9.0,9.0,960,540
4099,68.317,965.0,250.0,9.0,9.0,960,540
4100,68.333,954.0,247.0,9.0,9.0,960,540
4101,68.35,,,,,960,540
4102,68.367,,,,,960,540
4103,68.383,1095.0,567.0,10.0,9.0,960,540
4104,68.4,,,,,960,540
4105,68.417,815.0,216.0,10.0,10.0,960,540
4106,68.433,805.0,213.0,10.0,10.0,960,540
4107,68.45,,,,,960,540
4108,68.467,776.0,206.0,9.0,11.0,960,540
4109,68.483,772.0,204.0,9.0,11.0,960,540
4110,68.5,767.0,203.0,9.0,11.0,960,540
4111,68.517,765.0,202.0,9.0,11.0,960,540
4112,68.533,763.0,201.0,9.0,11.0,960,540
4113,68.55,758.0,200.0,9.0,11.0,960,540
4114,68.567,755.0,200.0,9.0,11.0,960,540
4115,68.583,752.0,199.0,9.0,11.0,960,540
4116,68.6,746.0,198.0,9.0,11.0,960,540
4117,68.617,743.0,197.0,9.0,11.0,960,540
4118,68.633,739.0,196.0,9.0,11.0,960,540
4119,68.65,738.0,194.0,9.0,11.0,960,540
4120,68.667,736.0,194.0,9.0,11.0,960,540
4121,68.683,735.0,194.0,9.0,11.0,960,540
4122,68.7,731.0,192.0,9.0,11.0,960,540
4123,68.717,730.0,193.0,9.0,11.0,960,540
4124,68.733,729.0,192.0,9.0,11.0,960,540
4125,68.75,730.0,193.0,9.0,11.0,960,540
4126,68.767,729.0,192.0,9.0,11.0,960,540
4127,68.783,729.0,192.0,9.0,11.0,960,540
4128,68.8,729.0,192.0,9.0,11.0,960,540
4129,68.817,729.0,192.0,9.0,11.0,960,540
4130,68.833,729.0,192.0,9.0,11.0,960,540
4131,68.85,729.0,193.0,9.0,11.0,960,540
4132,68.867,733.0,196.0,9.0,11.0,960,540
4133,68.883,737.0,201.0,9.0,11.0,960,540
4134,68.9,740.0,203.0,9.0,11.0,960,540
4135,68.917,745.0,208.0,9.0,11.0,960,540
4136,68.933,750.0,213.0,9.0,11.0,960,540
4137,68.95,753.0,215.0,9.0,11.0,960,540
4138,68.967,755.0,216.0,9.0,11.0,960,540
4139,68.983,757.0,219.0,9.0,11.0,960,540
4140,69.0,761.0,221.0,9.0,11.0,960,540
4141,69.017,761.0,221.0,9.0,11.0,960,540
4142,69.033,762.0,221.0,9.0,11.0,960,540
4143,69.05,763.0,222.0,9.0,11.0,960,540
4144,69.067,762.0,222.0,9.0,11.0,960,540
4145,69.083,763.0,222.0,9.0,11.0,960,540
4146,69.1,762.0,222.0,9.0,11.0,960,540
4147,69.117,763.0,222.0,9.0,11.0,960,540
4148,69.133,761.0,220.0,9.0,11.0,960,540
4149,69.15,759.0,214.0,9.0,11.0,960,540
4150,69.167,756.0,207.0,9.0,11.0,960,540
4151,69.183,,,,,960,540
4152,69.2,740.0,160.0,10.0,10.0,960,540
4153,69.217,735.0,144.0,10.0,10.0,960,540
4154,69.233,,,,,960,540
4155,69.25,709.0,64.0,12.0,12.0,960,540
4156,69.267,,,,,960,540
4157,69.283,1039.0,216.0,11.0,11.0,960,540
4158,69.3,1031.0,199.0,11.0,11.0,960,540
4159,69.317,,,,,960,540
4160,69.333,1018.0,169.0,11.0,10.0,960,540
4161,69.35,1013.0,160.0,11.0,10.0,960,540
4162,69.367,1012.0,156.0,11.0,10.0,960,540
4163,69.383,1008.0,149.0,11.0,10.0,960,540
4164,69.4,1006.0,147.0,11.0,10.0,960,540
4165,69.417,1005.0,143.0,11.0,10.0,960,540
4166,69.433,1003.0,141.0,11.0,10.0,960,540
4167,69.45,1003.0,139.0,11.0,10.0,960,540
4168,69.467,1003.0,136.0,11.0,10.0,960,540
4169,69.483,1003.0,135.0,11.0,10.0,960,540
4170,69.5,1003.0,133.0,11.0,10.0,960,540
4171,69.517,1003.0,128.0,11.0,10.0,960,540
4172,69.533,1003.0,126.0,11.0,10.0,960,540
4173,69.55,1002.0,124.0,11.0,10.0,960,540
4174,69.567,1003.0,124.0,11.0,10.0,960,540
4175,69.583,1003.0,120.0,11.0,10.0,960,540
4176,69.6,1004.0,118.0,11.0,10.0,960,540
4177,69.617,1004.0,118.0,11.0,10.0,960,540
4178,69.633,1004.0,118.0,11.0,10.0,960,540
4179,69.65,1005.0,118.0,11.0,10.0,960,540
4180,69.667,1004.0,117.0,11.0,10.0,960,540
4181,69.683,1004.0,116.0,11.0,10.0,960,540
4182,69.7,1005.0,115.0,11.0,10.0,960,540
4183,69.717,1004.0,114.0,11.0,10.0,960,540
4184,69.733,1005.0,114.0,11.0,10.0,960,540
4185,69.75,1004.0,114.0,11.0,10.0,960,540
4186,69.767,1005.0,113.0,11.0,10.0,960,540
4187,69.783,1004.0,114.0,11.0,10.0,960,540
4188,69.8,997.0,115.0,11.0,10.0,960,540
4189,69.817,985.0,118.0,11.0,10.0,960,540
4190,69.833,977.0,119.0,11.0,10.0,960,540
4191,69.85,,,,,960,540
4192,69.867,894.0,137.0,10.0,12.0,960,540
4193,69.883,,,,,960,540
4194,69.9,817.0,155.0,12.0,10.0,960,540
4195,69.917,,,,,960,540
4196,69.933,773.0,165.0,12.0,12.0,960,540
4197,69.95,,,,,960,540
4198,69.967,728.0,177.0,12.0,11.0,960,540
4199,69.983,718.0,178.0,12.0,11.0,960,540
4200,70.0,713.0,179.0,12.0,11.0,960,540
4201,70.017,713.0,179.0,12.0,11.0,960,540
4202,70.033,714.0,178.0,12.0,11.0,960,540
4203,70.05,714.0,179.0,12.0,11.0,960,540
4204,70.067,713.0,178.0,12.0,11.0,960,540
4205,70.083,713.0,178.0,12.0,11.0,960,540
4206,70.1,713.0,178.0,12.0,11.0,960,540
4207,70.117,714.0,178.0,12.0,11.0,960,540
4208,70.133,714.0,178.0,12.0,11.0,960,540
4209,70.15,714.0,178.0,12.0,11.0,960,540
4210,70.167,714.0,179.0,12.0,11.0,960,540
4211,70.183,714.0,178.0,12.0,11.0,960,540
4212,70.2,713.0,178.0,12.0,11.0,960,540
4213,70.217,713.0,178.0,12.0,11.0,960,540
4214,70.233,714.0,178.0,12.0,11.0,960,540
4215,70.25,716.0,177.0,12.0,11.0,960,540
4216,70.267,723.0,172.0,12.0,11.0,960,540
4217,70.283,,,,,960,540
4218,70.3,762.0,144.0,11.0,11.0,960,540
4219,70.317,774.0,133.0,11.0,11.0,960,540
4220,70.333,,,,,960,540
4221,70.35,1144.0,183.0,11.0,10.0,960,540
4222,70.367,1153.0,176.0,11.0,10.0,960,540
4223,70.383,,,,,960,540
4224,70.4,1180.0,157.0,11.0,10.0,960,540
4225,70.417,1182.0,154.0,11.0,10.0,960,540
4226,70.433,1188.0,149.0,11.0,10.0,960,540
4227,70.45,1190.0,146.0,11.0,10.0,960,540
4228,70.467,1192.0,143.0,11.0,10.0,960,540
4229,70.483,1196.0,139.0,11.0,10.0,960,540
4230,70.5,1201.0,134.0,11.0,10.0,960,540
4231,70.517,1202.0,131.0,11.0,10.0,960,540
4232,70.533,1204.0,129.0,11.0,10.0,960,540
4233,70.55,1205.0,128.0,11.0,10.0,960,540
4234,70.567,1205.0,127.0,11.0,10.0,960,540
4235,70.583,1208.0,126.0,11.0,10.0,960,540
4236,70.6,1214.0,122.0,11.0,10.0,960,540
4237,70.617,1215.0,121.0,11.0,10.0,960,540
4238,70.633,1218.0,120.0,11.0,10.0,960,540
4239,70.65,1219.0,120.0,11.0,10.0,960,540
4240,70.667,1219.0,120.0,11.0,10.0,960,540
4241,70.683,1219.0,120.0,11.0,10.0,960,540
4242,70.7,1219.0,120.0,11.0,10.0,960,540
4243,70.717,1219.0,120.0,11.0,10.0,960,540
4244,70.733,1218.0,121.0,11.0,10.0,960,540
4245,70.75,1215.0,124.0,11.0,10.0,960,540
4246,70.767,,,,,960,540
4247,70.783,851.0,76.0,12.0,13.0,960,540
4248,70.8,839.0,90.0,12.0,13.0,960,540
4249,70.817,,,,,960,540
4250,70.833,786.0,162.0,11.0,12.0,960,540
4251,70.85,771.0,179.0,11.0,12.0,960,540
4252,70.867,,,,,960,540
4253,70.883,722.0,240.0,12.0,10.0,960,540
4254,70.9,711.0,252.0,12.0,10.0,960,540
4255,70.917,,,,,960,540
4256,70.933,687.0,276.0,11.0,11.0,960,540
4257,70.95,682.0,281.0,11.0,11.0,960,540
4258,70.967,680.0,284.0,11.0,11.0,960,540
4259,70.983,679.0,285.0,11.0,11.0,960,540
4260,71.0,679.0,285.0,11.0,11.0,960,540
4261,71.017,679.0,285.0,11.0,11.0,960,540
4262,71.033,679.0,284.0,11.0,11.0,960,540
4263,71.05,678.0,283.0,11.0,11.0,960,540
4264,71.067,678.0,281.0,11.0,11.0,960,540
4265,71.083,678.0,279.0,11.0,11.0,960,540
4266,71.1,677.0,280.0,11.0,11.0,960,540
4267,71.117,675.0,278.0,11.0,11.0,960,540
4268,71.133,673.0,278.0,11.0,11.0,960,540
4269,71.15,673.0,278.0,11.0,11.0,960,540
4270,71.167,673.0,278.0,11.0,11.0,960,540
4271,71.183,673.0,278.0,11.0,11.0,960,540
4272,71.2,672.0,277.0,11.0,11.0,960,540
4273,71.217,672.0,277.0,11.0,11.0,960,540
4274,71.233,672.0,278.0,11.0,11.0,960,540
4275,71.25,672.0,277.0,11.0,11.0,960,540
4276,71.267,672.0,277.0,11.0,11.0,960,540
4277,71.283,672.0,281.0,11.0,11.0,960,540
4278,71.3,671.0,292.0,11.0,11.0,960,540
4279,71.317,674.0,308.0,11.0,11.0,960,540
4280,71.333,,,,,960,540
4281,71.35,682.0,347.0,11.0,10.0,960,540
4282,71.367,682.0,363.0,11.0,10.0,960,540
4283,71.383,,,,,960,540
4284,71.4,687.0,396.0,11.0,10.0,960,540
4285,71.417,686.0,408.0,11.0,10.0,960,540
4286,71.433,686.0,419.0,11.0,10.0,960,540
4287,71.45,686.0,432.0,11.0,10.0,960,540
4288,71.467,685.0,439.0,11.0,10.0,960,540
4289,71.483,685.0,445.0,11.0,10.0,960,540
4290,71.5,682.0,452.0,11.0,10.0,960,540
4291,71.517,680.0,456.0,11.0,10.0,960,540
4292,71.533,678.0,460.0,11.0,10.0,960,540
4293,71.55,676.0,462.0,11.0,10.0,960,540
4294,71.567,675.0,463.0,11.0,10.0,960,540
4295,71.583,673.0,466.0,11.0,10.0,960,540
4296,71.6,671.0,467.0,11.0,10.0,960,540
4297,71.617,669.0,469.0,11.0,10.0,960,540
4298,71.633,668.0,470.0,11.0,10.0,960,540
4299,71.65,667.0,470.0,11.0,10.0,960,540
4300,71.667,666.0,470.0,11.0,10.0,960,540
4301,71.683,667.0,471.0,11.0,10.0,960,540
4302,71.7,666.0,470.0,11.0,10.0,960,540
4303,71.717,665.0,468.0,11.0,10.0,960,540
4304,71.733,664.0,468.0,11.0,10.0,960,540
4305,71.75,664.0,468.0,11.0,10.0,960,540
4306,71.767,663.0,468.0,11.0,10.0,960,540
4307,71.783,664.0,468.0,11.0,10.0,960,540
4308,71.8,663.0,469.0,11.0,10.0,960,540
4309,71.817,664.0,474.0,11.0,10.0,960,540
4310,71.833,664.0,481.0,11.0,10.0,960,540
4311,71.85,664.0,487.0,11.0,10.0,960,540
4312,71.867,663.0,498.0,11.0,10.0,960,540
4313,71.883,665.0,516.0,11.0,10.0,960,540
4314,71.9,665.0,530.0,11.0,10.0,960,540
4315,71.917,664.0,548.0,11.0,10.0,960,540
4316,71.933,662.0,560.0,11.0,10.0,960,540
4317,71.95,659.0,571.0,11.0,10.0,960,540
4318,71.967,657.0,581.0,11.0,10.0,960,540
4319,71.983,653.0,587.0,11.0,10.0,960,540
4320,72.0,651.0,592.0,11.0,10.0,960,540
4321,72.017,648.0,595.0,11.0,10.0,960,540
4322,72.033,646.0,597.0,11.0,10.0,960,540
4323,72.05,645.0,599.0,11.0,10.0,960,540
4324,72.067,643.0,601.0,11.0,10.0,960,540
4325,72.083,641.0,603.0,11.0,10.0,960,540
4326,72.1,640.0,604.0,11.0,10.0,960,540
4327,72.117,639.0,605.0,11.0,10.0,960,540
4328,72.133,637.0,605.0,11.0,10.0,960,540
4329,72.15,637.0,606.0,11.0,10.0,960,540
4330,72.167,636.0,606.0,11.0,10.0,960,540
4331,72.183,636.0,606.0,11.0,10.0,960,540
4332,72.2,635.0,606.0,11.0,10.0,960,540
4333,72.217,637.0,606.0,11.0,10.0,960,540
4334,72.233,641.0,604.0,11.0,10.0,960,540
4335,72.25,648.0,597.0,11.0,10.0,960,540
4336,72.267,659.0,586.0,11.0,10.0,960,540
4337,72.283,,,,,960,540
4338,72.3,698.0,547.0,11.0,9.0,960,540
4339,72.317,,,,,960,540
4340,72.333,734.0,506.0,11.0,9.0,960,540
4341,72.35,742.0,491.0,11.0,9.0,960,540
4342,72.367,748.0,479.0,11.0,9.0,960,540
4343,72.383,756.0,466.0,11.0,9.0,960,540
4344,72.4,759.0,459.0,11.0,9.0,960,540
4345,72.417,761.0,453.0,11.0,9.0,960,540
4346,72.433,762.0,446.0,11.0,9.0,960,540
4347,72.45,764.0,443.0,11.0,9.0,960,540
4348,72.467,764.0,440.0,11.0,9.0,960,540
4349,72.483,767.0,437.0,11.0,9.0,960,540
4350,72.5,767.0,435.0,11.0,9.0,960,540
4351,72.517,769.0,434.0,11.0,9.0,960,540
4352,72.533,771.0,431.0,11.0,9.0,960,540
4353,72.55,775.0,428.0,11.0,9.0,960,540
4354,72.567,777.0,426.0,11.0,9.0,960,540
4355,72.583,779.0,424.0,11.0,9.0,960,540
4356,72.6,779.0,423.0,11.0,9.0,960,540
4357,72.617,778.0,423.0,11.0,9.0,960,540
4358,72.633,779.0,422.0,11.0,9.0,960,540
4359,72.65,780.0,423.0,11.0,9.0,960,540
4360,72.667,780.0,421.0,11.0,9.0,960,540
4361,72.683,780.0,422.0,11.0,9.0,960,540
4362,72.7,781.0,421.0,11.0,9.0,960,540
4363,72.717,781.0,422.0,11.0,9.0,960,540
4364,72.733,781.0,428.0,11.0,9.0,960,540
4365,72.75,781.0,441.0,11.0,9.0,960,540
4366,72.767,,,,,960,540
4367,72.783,411.0,271.0,14.0,11.0,960,540
4368,72.8,,,,,960,540
4369,72.817,,,,,960,540
4370,72.833,777.0,567.0,10.0,9.0,960,540
4371,72.85,777.0,566.0,10.0,9.0,960,540
4372,72.867,777.0,566.0,10.0,9.0,960,540
4373,72.883,776.0,573.0,11.0,10.0,960,540
