frame,time_s,chunk_id,error_px,is_miss,speed_t,accel_t,speed_c,accel_c,v_rel,a_rel,cross_x,cross_y,ball_x,ball_y,ball_w,ball_h,on_target
776,12.933,0,400.78048854703536,1.0,0.0,0.0,0.0,0.0,0.0,0.0,960,540,655.0,280.0,10.0,10.0,0.0
777,12.95,0,400.78048854703536,1.0,0.0,0.0,0.0,0.0,0.0,0.0,960,540,655.0,280.0,10.0,10.0,0.0
778,12.967,0,400.78048854703536,1.0,0.0,85.71428571426623,0.0,0.0,0.0,85.71428571426623,960,540,655.0,280.0,10.0,10.0,0.0
779,12.983,0,400.78048854703536,1.0,2.8571428571422075,42.85714285713311,0.0,0.0,2.8571428571422075,42.85714285713311,960,540,655.0,280.0,10.0,10.0,0.0
780,13.0,0,400.8529709362154,1.0,1.4285714285711038,557.1428571428328,0.0,0.0,1.4285714285711038,557.1428571428328,960,540,655.0,280.0,10.0,10.0,0.0
781,13.017,0,400.74425092386093,1.0,15.714285714285552,385.71428571430033,0.0,0.0,15.714285714285552,385.71428571430033,960,540,655.0,280.0,10.0,10.0,0.0
782,13.033,0,400.45443573775174,1.0,14.285714285714448,1032.136678182268,0.0,0.0,14.285714285714448,1032.136678182268,960,540,655.0,280.0,10.0,10.0,0.0
783,13.05,0,400.38200579808,1.0,18.789923482810906,516.068339091083,0.0,0.0,18.789923482810906,516.068339091083,960,540,656.0,280.0,10.0,10.0,0.0
784,13.067,0,400.8637075342952,1.0,3.194382824998973,3228.255357474335,0.0,0.0,3.194382824998973,3228.255357474335,960,540,656.0,280.0,10.0,10.0,0.0
785,13.083,0,400.48535463157293,1.0,88.85898022905154,6052.575771469927,0.0,0.0,88.85898022905154,6052.575771469927,960,540,655.0,280.0,10.0,10.0,0.0
786,13.1,0,398.77584221665336,1.0,198.8230676880702,12816.292246151741,0.0,0.0,198.8230676880702,12816.292246151741,960,540,656.0,280.0,10.0,10.0,0.0
787,13.117,0,395.2557798682706,1.0,516.0683390910904,22692.80655599391,0.0,0.0,516.0683390910904,22692.80655599391,960,540,665.0,279.0,10.0,10.0,0.0
788,13.133,0,386.90943000846966,1.0,947.806274875763,21019.801160247327,0.0,0.0,947.806274875763,21019.801160247327,960,540,673.0,279.0,10.0,10.0,0.0
789,13.15,0,376.7204223877322,1.0,1202.4575175999562,11152.495831216846,0.0,0.0,1202.4575175999562,11152.495831216846,960,540,687.0,277.0,10.0,10.0,0.0
791,13.183,0,366.96276541607654,1.0,1291.1140577826902,4658.829668226782,0.0,0.0,1291.1140577826902,4658.829668226782,960,540,720.0,266.0,10.0,10.0,0.0
792,13.2,0,359.51012903646944,1.0,1147.081478521624,14998.5917706309,0.0,0.0,1147.081478521624,14998.5917706309,960,540,734.0,260.0,10.0,10.0,0.0
793,13.217,0,355.6510717082918,1.0,815.8944009302895,16782.93594027896,0.0,0.0,815.8944009302895,16782.93594027896,960,540,749.0,254.0,10.0,10.0,0.0
794,13.233,0,354.95514391963894,1.0,612.555703422902,9404.091597571274,0.0,0.0,612.555703422902,9404.091597571274,960,540,758.0,248.0,10.0,10.0,0.0
795,13.25,0,355.1729322335578,1.0,534.1329040451244,5964.692030642517,0.0,0.0,534.1329040451244,5964.692030642517,960,540,765.0,243.0,10.0,10.0,0.0
796,13.267,0,356.78190331155025,1.0,452.66106615913714,5242.779290975159,0.0,0.0,452.66106615913714,5242.779290975159,960,540,773.0,236.0,10.0,10.0,0.0
797,13.283,0,358.9165258975386,1.0,403.43676640806706,4372.268826807989,0.0,0.0,403.43676640806706,4372.268826807989,960,540,776.0,232.0,10.0,10.0,0.0
798,13.3,0,361.9634601520724,1.0,364.82592997712663,3259.6794633955683,0.0,0.0,364.82592997712663,3259.6794633955683,960,540,780.0,226.0,10.0,10.0,0.0
799,13.317,0,365.504407162662,1.0,353.8822587545533,1706.2310774909859,0.0,0.0,353.8822587545533,1706.2310774909859,960,540,782.0,221.0,10.0,10.0,0.0
800,13.333,0,369.39863491074664,1.0,332.1082931324467,2315.872471903857,0.0,0.0,332.1082931324467,2315.872471903857,960,540,784.0,215.0,10.0,10.0,0.0
801,13.35,0,372.8992252600515,1.0,281.0621254586748,2984.6546308251736,0.0,0.0,281.0621254586748,2984.6546308251736,960,540,786.0,210.0,10.0,10.0,0.0
802,13.367,0,376.0180738165852,1.0,235.95658542215443,2721.681653024084,0.0,0.0,235.95658542215443,2721.681653024084,960,540,787.0,206.0,10.0,10.0,0.0
803,13.383,0,378.76079420793434,1.0,191.98745707329525,2297.15884855841,0.0,0.0,191.98745707329525,2297.15884855841,960,540,788.0,203.0,10.0,10.0,0.0
804,13.4,0,380.9219422363297,1.0,159.3865792112173,1655.9724931168018,0.0,0.0,159.3865792112173,1655.9724931168018,960,540,788.0,200.0,10.0,10.0,0.0
805,13.417,0,382.75106620988987,1.0,136.85982699425648,1571.753213219369,0.0,0.0,136.85982699425648,1571.753213219369,960,540,789.0,197.0,10.0,10.0,0.0
806,13.433,0,384.3940515253491,1.0,107.14285714285761,2064.2733563643405,0.0,0.0,107.14285714285761,2064.2733563643405,960,540,790.0,196.0,10.0,10.0,0.0
807,13.45,0,385.3799844650784,1.0,69.78099852468503,2092.9912194985295,0.0,0.0,69.78099852468503,2092.9912194985295,960,540,790.0,194.0,10.0,10.0,0.0
808,13.467,0,385.91740977252266,1.0,38.33259389999683,1538.6848346585114,0.0,0.0,38.33259389999683,1538.6848346585114,960,540,790.0,193.0,10.0,10.0,0.0
809,13.483,0,386.15518598666955,1.0,21.23724106760095,772.6181304565467,0.0,0.0,21.23724106760095,772.6181304565467,960,540,791.0,193.0,10.0,10.0,0.0
810,13.5,0,386.1156054486471,1.0,17.899948694488653,558.7887775888775,0.0,0.0,17.899948694488653,558.7887775888775,960,540,791.0,193.0,10.0,10.0,0.0
811,13.517,0,386.18272847609705,1.0,13.17077779613303,963.0945023247341,0.0,0.0,13.17077779613303,963.0945023247341,960,540,791.0,193.0,10.0,10.0,0.0
812,13.533,0,386.5426290613144,1.0,24.578072191550227,479.1574237499398,0.0,0.0,24.578072191550227,479.1574237499398,960,540,791.0,192.0,10.0,10.0,0.0
813,13.55,0,386.99050771462703,1.0,29.13725436338724,260.6898227271082,0.0,0.0,29.13725436338724,260.6898227271082,960,540,791.0,192.0,10.0,10.0,0.0
814,13.567,0,387.48241712723785,1.0,19.430672155336005,691.0506641398455,0.0,0.0,19.430672155336005,691.0506641398455,960,540,790.0,192.0,10.0,10.0,0.0
815,13.583,0,387.6305193107659,1.0,6.388765650000997,1032.1366781820811,0.0,0.0,6.388765650000997,1032.1366781820811,960,540,791.0,191.0,10.0,10.0,0.0
816,13.6,0,387.69536220794714,1.0,20.454030090390496,772.6181304565723,0.0,0.0,20.454030090390496,772.6181304565723,960,540,791.0,191.0,10.0,10.0,0.0
817,13.617,0,387.2109381946701,1.0,20.050955496597364,6280.143635429983,0.0,0.0,20.050955496597364,6280.143635429983,960,540,791.0,192.0,10.0,10.0,0.0
818,13.633,0,387.1166804246995,1.0,229.79138720293665,21288.398680204726,0.0,0.0,229.79138720293665,21288.398680204726,960,540,793.0,192.0,10.0,10.0,0.0
819,13.65,0,382.4987454220386,1.0,710.5689011385854,24596.901248336464,0.0,0.0,710.5689011385854,24596.901248336464,960,540,797.0,193.0,10.0,10.0,0.0
820,13.667,0,374.5334361369902,1.0,1047.996144252136,15385.77397521259,0.0,0.0,1047.996144252136,15385.77397521259,960,540,805.0,194.0,10.0,10.0,0.0
822,13.7,0,365.5353046655227,1.0,1220.6798039098787,5174.900176499469,0.0,0.0,1220.6798039098787,5174.900176499469,960,540,842.0,198.0,10.0,10.0,0.0
823,13.717,0,357.69950271193164,1.0,1196.3831547883055,8818.683783505567,0.0,0.0,1196.3831547883055,8818.683783505567,960,540,856.0,199.0,10.0,10.0,0.0
824,13.733,0,352.418315265028,1.0,945.9257424365267,11673.675251502666,0.0,0.0,945.9257424365267,11673.675251502666,960,540,870.0,198.0,10.0,10.0,0.0
825,13.75,0,350.3596079391626,1.0,818.6711482516042,4749.414571872177,0.0,0.0,818.6711482516042,4749.414571872177,960,540,887.0,197.0,10.0,10.0,0.0
826,13.767,0,348.3611257343487,1.0,791.4917458024885,5750.687625255403,0.0,0.0,791.4917458024885,5750.687625255403,960,540,900.0,197.0,10.0,10.0,0.0
827,13.783,0,347.3680666039199,1.0,628.5844154502595,10058.197996598346,0.0,0.0,628.5844154502595,10058.197996598346,960,540,913.0,196.0,10.0,10.0,0.0
828,13.8,0,347.3966803450192,1.0,461.7292253594333,9752.707630317422,0.0,0.0,461.7292253594333,9752.707630317422,960,540,922.0,195.0,10.0,10.0,0.0
829,13.817,0,348.08085437027205,1.0,312.60916460641073,7761.403723238578,0.0,0.0,312.60916460641073,7761.403723238578,960,540,927.0,193.0,9.0,9.0,0.0
830,13.833,0,349.17481278955603,1.0,213.84717029902242,3514.54702861197,0.0,0.0,213.84717029902242,3514.54702861197,960,540,932.0,192.0,9.0,9.0,0.0
831,13.85,0,350.2854682927232,1.0,201.47415897503103,479.15742374995125,0.0,0.0,201.47415897503103,479.15742374995125,960,540,934.0,191.0,9.0,9.0,0.0
832,13.867,0,351.43376238262,1.0,227.39429030938146,2945.6297618465355,0.0,0.0,227.39429030938146,2945.6297618465355,960,540,937.0,189.0,9.0,9.0,0.0
833,13.883,0,352.4971269241724,1.0,297.25959245434126,3889.6251327691343,0.0,0.0,297.25959245434126,3889.6251327691343,960,540,941.0,188.0,9.0,9.0,0.0
834,13.9,0,354.1469550336941,1.0,356.9999714171393,1536.2955710516464,0.0,0.0,356.9999714171393,1536.2955710516464,960,540,947.0,186.0,9.0,9.0,0.0
835,13.917,0,356.1271047522629,1.0,347.61285056446286,1777.9258725165473,0.0,0.0,347.61285056446286,1777.9258725165473,960,540,952.0,185.0,9.0,9.0,0.0
836,13.933,0,357.95937772291063,1.0,297.9556192126721,3721.421716472982,0.0,0.0,297.9556192126721,3721.421716472982,960,540,959.0,181.0,9.0,9.0,0.0
837,13.95,0,359.5757452238514,1.0,224.54034681308207,4792.532456534684,0.0,0.0,224.54034681308207,4792.532456534684,960,540,961.0,180.0,9.0,9.0,0.0
838,13.967,0,360.98193433480844,1.0,139.9270947198381,4068.043705743197,0.0,0.0,139.9270947198381,4068.043705743197,960,540,965.0,180.0,10.0,10.0,0.0
839,13.983,0,361.76247829611634,1.0,96.22465210885142,2489.0371878395476,0.0,0.0,96.22465210885142,2489.0371878395476,960,540,966.0,178.0,10.0,10.0,0.0
840,14.0,0,363.11601814073924,1.0,80.11471367320243,1745.0805489858603,0.0,0.0,80.11471367320243,1745.0805489858603,960,540,967.0,177.0,10.0,10.0,0.0
841,14.017,0,364.0729070291461,1.0,43.448303787846015,1450.1935127733625,0.0,0.0,43.448303787846015,1450.1935127733625,960,540,967.0,176.0,10.0,10.0,0.0
842,14.033,0,364.41499417814794,1.0,34.40455593940723,845.2749824277903,0.0,0.0,34.40455593940723,845.2749824277903,960,540,968.0,175.0,10.0,10.0,0.0
843,14.05,0,364.85278303444807,1.0,50.507627227610485,1157.1428571427987,0.0,0.0,50.507627227610485,1157.1428571427987,960,540,968.0,176.0,10.0,10.0,0.0
844,14.067,0,365.25849884028287,1.0,68.22830820719678,648.5462550180274,0.0,0.0,68.22830820719678,648.5462550180274,960,540,969.0,175.0,10.0,10.0,0.0
845,14.083,0,365.6684991179385,1.0,71.09924078930935,230.79277744856913,0.0,0.0,71.09924078930935,230.79277744856913,960,540,970.0,174.0,10.0,10.0,0.0
846,14.1,0,366.2245014844427,1.0,62.66203485560438,488.6466107566556,0.0,0.0,62.66203485560438,488.6466107566556,960,540,972.0,174.0,10.0,10.0,0.0
847,14.117,0,366.5837011888615,1.0,54.97680401398554,2826.2977875080355,0.0,0.0,54.97680401398554,2826.2977875080355,960,540,972.0,174.0,10.0,10.0,0.0
848,14.133,0,367.0415059910551,1.0,38.4654629080996,5194.738311257588,0.0,0.0,38.4654629080996,5194.738311257588,960,540,972.0,174.0,10.0,10.0,0.0
849,14.15,0,365.3783085926462,1.0,120.24634578009974,14343.319571372776,0.0,0.0,120.24634578009974,14343.319571372776,960,540,972.0,174.0,10.0,10.0,0.0
850,14.167,0,364.18888847033924,1.0,513.1614695956237,41498.19764957652,0.0,0.0,513.1614695956237,41498.19764957652,960,540,970.0,177.0,10.0,10.0,0.0
851,14.183,0,353.14311719824053,1.0,1500.9663553857688,25967.680068949106,0.0,0.0,1500.9663553857688,25967.680068949106,960,540,960.0,187.0,10.0,10.0,0.0
852,14.2,0,338.9131655554983,1.0,1366.744978675513,72560.18051189253,0.0,0.0,1366.744978675513,72560.18051189253,960,540,951.0,194.0,10.0,10.0,0.0
854,14.233,0,317.1352244183764,1.0,1685.4055407333522,90492.90534825099,0.0,0.0,1685.4055407333522,90492.90534825099,960,540,917.0,233.0,10.0,9.0,0.0
855,14.25,0,294.8918438113976,1.0,2517.905268030456,44102.24900554324,0.0,0.0,2517.905268030456,44102.24900554324,960,540,909.0,242.0,10.0,9.0,0.0
857,14.283,0,280.68646010965557,1.0,2672.545602978552,20645.447192926487,0.0,0.0,2672.545602978552,20645.447192926487,960,540,1064.0,266.0,9.0,10.0,0.0
858,14.3,0,279.57548804346106,1.0,1863.655613276758,80154.38419776125,0.0,0.0,1863.655613276758,80154.38419776125,960,540,1057.0,274.0,9.0,10.0,0.0
859,14.317,0,273.93837961787057,1.0,612.3707693739732,74587.30126639515,0.0,0.0,612.3707693739732,74587.30126639515,960,540,1049.0,285.0,9.0,10.0,0.0
860,14.333,0,259.2702868295041,1.0,890.8846783978574,6184.8069278432,0.0,0.0,890.8846783978574,6184.8069278432,960,540,1043.0,297.0,9.0,10.0,0.0
861,14.35,0,250.19731442428582,1.0,454.91645341956996,19082.163912717406,0.0,0.0,454.91645341956996,19082.163912717406,960,540,1040.0,302.0,9.0,10.0,0.0
862,14.367,0,244.27851098634406,1.0,313.1961633460652,5462.39463074948,0.0,0.0,313.1961633460652,5462.39463074948,960,540,1038.0,308.0,9.0,10.0,0.0
863,14.383,0,239.91405301579834,1.0,272.8608825473006,1580.4933355359306,0.0,0.0,272.8608825473006,1580.4933355359306,960,540,1034.0,313.0,9.0,10.0,0.0
864,14.4,0,235.30961897050764,1.0,261.9588688698907,1245.8093017501978,0.0,0.0,261.9588688698907,1245.8093017501978,960,540,1033.0,315.0,8.0,9.0,0.0
865,14.417,0,231.26373220243528,1.0,234.69041701086445,1272.0704639704657,0.0,0.0,234.69041701086445,1272.0704639704657,960,540,1031.0,320.0,9.0,10.0,0.0
866,14.433,0,227.53158809881015,1.0,226.8956426489105,818.7845646228733,0.0,0.0,226.8956426489105,818.7845646228733,960,540,1030.0,324.0,9.0,10.0,0.0
867,14.45,0,223.70729681556256,1.0,222.27028958602253,669.4499722207653,0.0,0.0,222.27028958602253,669.4499722207653,960,540,1028.0,327.0,8.0,9.0,0.0
868,14.467,0,220.1226054980435,1.0,235.30267091296352,1203.0573297957908,0.0,0.0,235.30267091296352,1203.0573297957908,960,540,1027.0,330.0,9.0,10.0,0.0
869,14.483,0,215.87266865051478,1.0,259.8743809565506,479.15742375024865,0.0,0.0,259.8743809565506,479.15742375024865,960,540,1027.0,334.0,9.0,10.0,0.0
870,14.5,0,211.473874382831,1.0,237.1815803152025,2909.870605160131,0.0,0.0,237.1815803152025,2909.870605160131,960,540,1025.0,339.0,9.0,10.0,0.0
871,14.517,0,207.96808799328542,1.0,175.72009281925781,4454.669643492371,0.0,0.0,175.72009281925781,4454.669643492371,960,540,1024.0,343.0,9.0,10.0,0.0
872,14.533,0,205.70203336528385,1.0,92.37236091615907,4600.909404339362,0.0,0.0,92.37236091615907,4600.909404339362,960,540,1022.0,344.0,9.0,10.0,0.0
873,14.55,0,204.9801107546504,1.0,22.36067977500044,2557.1029526017246,0.0,0.0,22.36067977500044,2557.1029526017246,960,540,1022.0,344.0,9.0,10.0,0.0
874,14.567,0,204.9656793348962,1.0,14.069796859708639,388.0879344918204,0.0,0.0,14.069796859708639,388.0879344918204,960,540,1022.0,345.0,9.0,10.0,0.0
875,14.583,0,204.6296915347244,1.0,18.789923482809737,677.6309271789559,0.0,0.0,18.789923482809737,677.6309271789559,960,540,1023.0,345.0,9.0,10.0,0.0
876,14.6,0,204.40476606484194,1.0,12.857142857143344,422.09390579138903,0.0,0.0,12.857142857143344,422.09390579138903,960,540,1022.0,345.0,9.0,10.0,0.0
877,14.617,0,204.49954953406936,1.0,6.388765649999472,2032.8927815368643,0.0,0.0,6.388765649999472,2032.8927815368643,960,540,1022.0,346.0,9.0,10.0,0.0
878,14.633,0,204.19434631193812,1.0,57.65838877317324,3815.248674592561,0.0,0.0,57.65838877317324,3815.248674592561,960,540,1022.0,345.0,9.0,10.0,0.0
879,14.65,0,203.7141298781659,1.0,128.6111049891517,6216.058860331128,0.0,0.0,128.6111049891517,6216.058860331128,960,540,1023.0,346.0,9.0,10.0,0.0
880,14.667,0,202.54088918384687,1.0,264.69080922804005,9213.488337591609,0.0,0.0,264.69080922804005,9213.488337591609,960,540,1026.0,349.0,9.0,10.0,0.0
881,14.683,0,199.7570519871432,1.0,434.6661867198173,7954.590511401584,0.0,0.0,434.6661867198173,7954.590511401584,960,540,1029.0,352.0,9.0,10.0,0.0
882,14.7,0,196.08440267018088,1.0,529.7053474357558,5310.309572435806,0.0,0.0,529.7053474357558,5310.309572435806,960,540,1034.0,358.0,9.0,10.0,0.0
883,14.717,0,192.43305517925884,1.0,611.663839916358,3759.722091336415,0.0,0.0,611.663839916358,3759.722091336415,960,540,1043.0,367.0,9.0,10.0,0.0
884,14.733,0,188.43733207067527,1.0,655.027651698611,805.2126097737353,0.0,0.0,655.027651698611,805.2126097737353,960,540,1049.0,374.0,9.0,10.0,0.0
885,14.75,0,185.33633091101066,1.0,586.1113636607367,3584.917384412081,0.0,0.0,586.1113636607367,3584.917384412081,960,540,1055.0,380.0,9.0,10.0,0.0
886,14.767,0,183.21208730386888,1.0,540.5458314688731,2972.3212944684965,0.0,0.0,540.5458314688731,2972.3212944684965,960,540,1064.0,390.0,9.0,10.0,0.0
887,14.783,0,182.28572050554823,1.0,511.23300331010034,4638.283461517833,0.0,0.0,511.23300331010034,4638.283461517833,960,540,1069.0,394.0,9.0,10.0,0.0
888,14.8,0,182.28206320670571,1.0,398.5944693801025,5792.060012091526,0.0,0.0,398.5944693801025,5792.060012091526,960,540,1074.0,398.0,9.0,10.0,0.0
889,14.817,0,182.90825798471292,1.0,320.67848988910436,3917.8555150405546,0.0,0.0,320.67848988910436,3917.8555150405546,960,540,1082.0,403.0,9.0,10.0,0.0
890,14.833,0,183.3267902357445,1.0,269.07627323182334,4795.40596481145,0.0,0.0,269.07627323182334,4795.40596481145,960,540,1084.0,405.0,9.0,10.0,0.0
891,14.85,0,183.41513326634512,1.0,166.70271718951545,4930.24816198691,0.0,0.0,166.70271718951545,4930.24816198691,960,540,1086.0,407.0,9.0,10.0,0.0
892,14.867,0,183.08337319907068,1.0,118.36470792272982,2473.120807929233,0.0,0.0,118.36470792272982,2473.120807929233,960,540,1089.0,410.0,9.0,10.0,0.0
893,14.883,0,182.33253740079238,1.0,112.49489784348513,1388.0686920600515,0.0,0.0,112.49489784348513,1388.0686920600515,960,540,1089.0,411.0,9.0,10.0,0.0
894,14.9,0,181.3615674297883,1.0,96.57396446374534,345.52533206985294,0.0,0.0,96.57396446374534,345.52533206985294,960,540,1089.0,412.0,9.0,10.0,0.0
895,14.917,0,180.3982052894523,1.0,108.15710417570298,1030.3555954431654,0.0,0.0,108.15710417570298,1030.3555954431654,960,540,1089.0,415.0,9.0,10.0,0.0
896,14.933,0,179.4581413304952,1.0,125.61684535417443,274.4196101755432,0.0,0.0,125.61684535417443,274.4196101755432,960,540,1090.0,416.0,9.0,10.0,0.0
897,14.95,0,178.53767935045488,1.0,102.62871460378136,1362.0213070345553,0.0,0.0,102.62871460378136,1362.0213070345553,960,540,1091.0,418.0,9.0,10.0,0.0
898,14.967,0,177.90887244155093,1.0,80.73640657682884,1437.4722712497667,0.0,0.0,80.73640657682884,1437.4722712497667,960,540,1091.0,420.0,9.0,10.0,0.0
899,14.983,0,177.22052188921253,1.0,56.170295003821366,2001.0201479878197,0.0,0.0,56.170295003821366,2001.0201479878197,960,540,1091.0,421.0,9.0,10.0,0.0
900,15.0,0,176.83360742956455,1.0,14.708043058552494,2014.7415897502535,0.0,0.0,14.708043058552494,2014.7415897502535,960,540,1091.0,421.0,9.0,10.0,0.0
901,15.017,0,177.10947586142683,1.0,14.285714285713766,582.920164660082,0.0,0.0,14.285714285713766,582.920164660082,960,540,1092.0,422.0,9.0,10.0,0.0
902,15.033,0,177.30103664776448,1.0,5.150787536376902,1571.7532132193298,0.0,0.0,5.150787536376902,1571.7532132193298,960,540,1091.0,421.0,9.0,10.0,0.0
903,15.05,0,177.06731620239867,1.0,40.02550207463342,3198.532826922067,0.0,0.0,40.02550207463342,3198.532826922067,960,540,1092.0,421.0,9.0,10.0,0.0
904,15.067,0,176.37377852324576,1.0,102.62871460378163,4935.27494426699,0.0,0.0,102.62871460378163,4935.27494426699,960,540,1091.0,422.0,9.0,10.0,0.0
905,15.083,0,175.59687004891376,1.0,201.48428814015713,6573.788396164725,0.0,0.0,201.48428814015713,6573.788396164725,960,540,1092.0,425.0,9.0,10.0,0.0
906,15.1,0,173.78872674011447,1.0,321.36507309301646,6747.24433546392,0.0,0.0,321.36507309301646,6747.24433546392,960,540,1094.0,429.0,9.0,10.0,0.0
907,15.117,0,172.0790041622437,1.0,423.74905935721233,6639.953282353437,0.0,0.0,423.74905935721233,6639.953282353437,960,540,1096.0,433.0,9.0,10.0,0.0
908,15.133,0,170.7096698585643,1.0,535.546640435387,6480.362801635049,0.0,0.0,535.546640435387,6480.362801635049,960,540,1099.0,443.0,9.0,10.0,0.0
909,15.15,0,169.95873181905665,1.0,636.3319631661884,3068.1045135592526,0.0,0.0,636.3319631661884,3068.1045135592526,960,540,1104.0,450.0,9.0,10.0,0.0
910,15.167,0,169.78711493836335,1.0,635.600310810213,787.9189847505925,0.0,0.0,635.600310810213,787.9189847505925,960,540,1110.0,459.0,9.0,10.0,0.0
911,15.183,0,170.62662290640478,1.0,610.2592289598039,2567.496994414097,0.0,0.0,610.2592289598039,2567.496994414097,960,540,1116.0,470.0,9.0,10.0,0.0
912,15.2,0,171.483932859685,1.0,560.3078599834079,5091.529580527583,0.0,0.0,560.3078599834079,5091.529580527583,960,540,1119.0,478.0,9.0,10.0,0.0
913,15.217,0,172.11832137598844,1.0,448.3484432119904,6087.524881565069,0.0,0.0,448.3484432119904,6087.524881565069,960,540,1123.0,484.0,9.0,10.0,0.0
914,15.233,0,172.80958285765763,1.0,359.2310381572174,5446.905131375415,0.0,0.0,359.2310381572174,5446.905131375415,960,540,1127.0,493.0,9.0,10.0,0.0
915,15.25,0,173.4080228929103,1.0,269.69748737034763,6137.55585202559,0.0,0.0,269.69748737034763,6137.55585202559,960,540,1127.0,496.0,9.0,10.0,0.0
916,15.267,0,173.39120567111155,1.0,160.25489899863342,5331.022033191053,0.0,0.0,160.25489899863342,5331.022033191053,960,540,1129.0,500.0,9.0,10.0,0.0
917,15.283,0,173.18953349573903,1.0,94.97582936339847,2656.451522967832,0.0,0.0,94.97582936339847,2656.451522967832,960,540,1129.0,502.0,9.0,10.0,0.0
918,15.3,0,173.0654457888031,1.0,72.98308442539928,966.9012148009921,0.0,0.0,72.98308442539928,966.9012148009921,960,540,1129.0,503.0,9.0,10.0,0.0
919,15.317,0,172.80865776790966,1.0,63.003077346286545,388.08793449152097,0.0,0.0,63.003077346286545,388.08793449152097,960,540,1129.0,504.0,9.0,10.0,0.0
920,15.333,0,172.77130231173913,1.0,73.45691504104074,1153.1677754634877,0.0,0.0,73.45691504104074,1153.1677754634877,960,540,1129.0,505.0,9.0,10.0,0.0
921,15.35,0,172.8909385826537,1.0,96.22465210885224,1610.9953825040727,0.0,0.0,96.22465210885224,1610.9953825040727,960,540,1130.0,507.0,9.0,10.0,0.0
922,15.367,0,173.16698585083174,1.0,126.07901636413312,1419.4710138581272,0.0,0.0,126.07901636413312,1419.4710138581272,960,540,1130.0,508.0,9.0,10.0,0.0
923,15.383,0,173.57690892125495,1.0,142.98565648058224,542.1047417430599,0.0,0.0,142.98565648058224,542.1047417430599,960,540,1131.0,510.0,9.0,10.0,0.0
924,15.4,0,174.15082602181846,1.0,138.01064732661322,1206.8681005994322,0.0,0.0,138.01064732661322,1206.8681005994322,960,540,1132.0,513.0,9.0,10.0,0.0
925,15.417,0,174.8990314490452,1.0,104.79328534339398,2237.2085376238274,0.0,0.0,104.79328534339398,2237.2085376238274,960,540,1133.0,515.0,9.0,10.0,0.0
926,15.433,0,175.296186023733,1.0,64.20630015498121,1878.3948857839348,0.0,0.0,64.20630015498121,1878.3948857839348,960,540,1134.0,516.0,9.0,10.0,0.0
927,15.45,0,175.77808236626896,1.0,42.18520874352342,908.1265757321477,0.0,0.0,42.18520874352342,908.1265757321477,960,540,1134.0,516.0,9.0,10.0,0.0
928,15.467,0,175.79056287373584,1.0,44.652856023107944,787.918984750562,0.0,0.0,44.652856023107944,787.918984750562,960,540,1134.0,517.0,9.0,10.0,0.0
929,15.483,0,175.77518624587844,1.0,62.23720260226317,613.6209027118471,0.0,0.0,62.23720260226317,613.6209027118471,960,540,1135.0,518.0,9.0,10.0,0.0
930,15.5,0,175.86591728267896,1.0,65.05884306706088,303.04576336572455,0.0,0.0,65.05884306706088,303.04576336572455,960,540,1134.0,519.0,9.0,10.0,0.0
931,15.517,0,175.8498767082936,1.0,52.13796454541155,989.4339754811617,0.0,0.0,52.13796454541155,989.4339754811617,960,540,1135.0,520.0,9.0,10.0,0.0
932,15.533,0,175.9543978233529,1.0,33.956755211443785,1590.3407413095556,0.0,0.0,33.956755211443785,1590.3407413095556,960,540,1135.0,521.0,9.0,10.0,0.0
933,15.55,0,176.16018401114093,1.0,21.428571428573377,2127.8042721097345,0.0,0.0,21.428571428573377,2127.8042721097345,960,540,1135.0,521.0,9.0,10.0,0.0
934,15.567,0,176.66443972412392,1.0,55.47567953984716,2297.158848558297,0.0,0.0,55.47567953984716,2297.158848558297,960,540,1136.0,521.0,9.0,10.0,0.0
935,15.583,0,177.7897877179115,1.0,94.63140092387648,2805.424774123599,0.0,0.0,94.63140092387648,2805.424774123599,960,540,1136.0,520.0,9.0,10.0,0.0
936,15.6,0,179.5796363872827,1.0,147.6689623752416,4462.290982928922,0.0,0.0,147.6689623752416,4462.290982928922,960,540,1139.0,519.0,9.0,10.0,0.0
937,15.617,0,182.47392880594637,1.0,241.95209510672188,4880.8246208596265,0.0,0.0,241.95209510672188,4880.8246208596265,960,540,1141.0,518.0,9.0,10.0,0.0
938,15.633,0,187.3991459673632,1.0,309.65748029401453,3337.6332809890323,0.0,0.0,309.65748029401453,3337.6332809890323,960,540,1145.0,517.0,9.0,10.0,0.0
939,15.65,0,192.52171300225913,1.0,353.0913046051279,1955.0562390785697,0.0,0.0,353.0913046051279,1955.0562390785697,960,540,1151.0,514.0,9.0,10.0,0.0
940,15.667,0,198.79803217429458,1.0,374.5800369502288,1236.1890087303998,0.0,0.0,374.5800369502288,1236.1890087303998,960,540,1158.0,512.0,9.0,10.0,0.0
941,15.683,0,204.66751423521018,1.0,319.8532826922045,3705.098527980313,0.0,0.0,319.8532826922045,3705.098527980313,960,540,1161.0,510.0,9.0,10.0,0.0
942,15.7,0,209.31093081737788,1.0,261.71334996713233,2788.6797402852553,0.0,0.0,261.71334996713233,2788.6797402852553,960,540,1168.0,508.0,9.0,10.0,0.0
943,15.717,0,213.37281203588176,1.0,239.6085242598008,2110.469528956098,0.0,0.0,239.6085242598008,2110.469528956098,960,540,1171.0,508.0,9.0,10.0,0.0
944,15.733,0,217.29771003068686,1.0,193.3433025813485,2649.1816218041968,0.0,0.0,193.3433025813485,2649.1816218041968,960,540,1174.0,508.0,9.0,10.0,0.0
945,15.75,0,219.81728136843253,1.0,157.66795385705797,2073.1519924196123,0.0,0.0,157.66795385705797,2073.1519924196123,960,540,1178.0,507.0,9.0,10.0,0.0
946,15.767,0,222.48516473256632,1.0,145.0756312256172,2206.2064587832447,0.0,0.0,145.0756312256172,2206.2064587832447,960,540,1180.0,506.0,9.0,10.0,0.0
947,15.783,0,224.4598505073814,1.0,86.24833627498829,3508.270112701598,0.0,0.0,86.24833627498829,3508.270112701598,960,540,1181.0,505.0,9.0,10.0,0.0
948,15.8,0,225.2249568301398,1.0,28.139593719412428,2556.0252944994954,0.0,0.0,28.139593719412428,2556.0252944994954,960,540,1183.0,504.0,9.0,10.0,0.0
949,15.817,0,225.3660413809271,1.0,12.289036095777739,1249.4896917523856,0.0,0.0,12.289036095777739,1249.4896917523856,960,540,1183.0,505.0,9.0,10.0,0.0
950,15.833,0,225.40803012615046,1.0,14.142135623730146,758.220257698232,0.0,0.0,14.142135623730146,758.220257698232,960,540,1182.0,505.0,9.0,10.0,0.0
951,15.85,0,224.9846807584102,1.0,13.47711590294163,787.9189847508346,0.0,0.0,13.47711590294163,787.9189847508346,960,540,1182.0,505.0,9.0,10.0,0.0
952,15.867,0,225.06892368375358,1.0,12.121830534631007,800.6375010974863,0.0,0.0,12.121830534631007,800.6375010974863,960,540,1183.0,505.0,9.0,10.0,0.0
953,15.883,0,225.31154042665727,1.0,14.285714285717859,516.068339091202,0.0,0.0,14.285714285717859,516.068339091202,960,540,1182.0,504.0,9.0,10.0,0.0
954,15.9,0,225.53923792946776,1.0,11.15749953700959,709.4119438818681,0.0,0.0,11.15749953700959,709.4119438818681,960,540,1183.0,505.0,9.0,10.0,0.0
955,15.917,0,225.5021104425833,1.0,37.08787138784765,2818.488522421247,0.0,0.0,37.08787138784765,2818.488522421247,960,540,1183.0,505.0,9.0,10.0,0.0
956,15.933,0,226.6634903739038,1.0,100.16313224547254,3981.1033236364137,0.0,0.0,100.16313224547254,3981.1033236364137,960,540,1184.0,505.0,9.0,10.0,0.0
957,15.95,0,228.82478022572536,1.0,165.8681551653545,3917.6211024090157,0.0,0.0,165.8681551653545,3917.6211024090157,960,540,1185.0,505.0,9.0,10.0,0.0
958,15.967,0,232.19168717212239,1.0,230.3502213799544,3270.929469101589,0.0,0.0,230.3502213799544,3270.929469101589,960,540,1190.0,504.0,9.0,10.0,0.0
959,15.983,0,236.4997207478947,1.0,274.8283323183719,1334.7781287770272,0.0,0.0,274.8283323183719,1334.7781287770272,960,540,1194.0,504.0,9.0,10.0,0.0
960,16.0,0,241.34736118887744,1.0,274.8283323183721,824.3736026428621,0.0,0.0,274.8283323183721,824.3736026428621,960,540,1198.0,503.0,9.0,10.0,0.0
961,16.017,0,245.65563161141574,1.0,247.36983796472967,1736.6399648016568,0.0,0.0,247.36983796472967,1736.6399648016568,960,540,1203.0,503.0,9.0,10.0,0.0
962,16.033,0,249.5874600751357,1.0,217.8184977433872,2538.3587819935333,0.0,0.0,217.8184977433872,2538.3587819935333,960,540,1207.0,502.0,9.0,10.0,0.0
963,16.05,0,252.8971630064074,1.0,163.2576528818446,3429.6426897846814,0.0,0.0,163.2576528818446,3429.6426897846814,960,540,1210.0,502.0,9.0,10.0,0.0
964,16.067,0,255.0115643636259,1.0,103.84446768791878,2788.6797402850525,0.0,0.0,103.84446768791878,2788.6797402850525,960,540,1212.0,502.0,9.0,10.0,0.0
965,16.083,0,256.3583889455667,1.0,71.74216873994602,1714.8213448920362,0.0,0.0,71.74216873994602,1714.8213448920362,960,540,1214.0,502.0,9.0,10.0,0.0
966,16.1,0,257.39705248970046,1.0,47.48791468170183,985.7142857146755,0.0,0.0,47.48791468170183,985.7142857146755,960,540,1214.0,501.0,9.0,10.0,0.0
967,16.117,0,257.92922529401557,1.0,40.33026918140102,353.4090536243402,0.0,0.0,40.33026918140102,353.4090536243402,960,540,1215.0,501.0,9.0,10.0,0.0
968,16.133,0,258.69999872903674,1.0,54.30450802499094,763.04973491878,0.0,0.0,54.30450802499094,763.04973491878,960,540,1216.0,501.0,9.0,10.0,0.0
969,16.15,0,259.6521395253478,1.0,63.79175303362372,857.1428571428669,0.0,0.0,63.79175303362372,857.1428571428669,960,540,1216.0,501.0,9.0,10.0,0.0
970,16.167,0,260.6235023502761,1.0,71.78482586515553,366.17158908537294,0.0,0.0,71.78482586515553,366.17158908537294,960,540,1218.0,499.0,9.0,10.0,0.0
971,16.183,0,261.5250624254665,1.0,57.58755534498856,1521.881220391502,0.0,0.0,57.58755534498856,1521.881220391502,960,540,1218.0,499.0,9.0,10.0,0.0
972,16.2,0,262.196685792968,1.0,23.64706479606227,1727.626660349696,0.0,0.0,23.64706479606227,1727.626660349696,960,540,1219.0,498.0,9.0,10.0,0.0
973,16.217,0,262.2831422566426,1.0,2.020305089105168,637.1172320277911,0.0,0.0,2.020305089105168,637.1172320277911,960,540,1219.0,498.0,9.0,10.0,0.0
974,16.233,0,262.23612803744766,1.0,3.1943828250004986,669.4499722205164,0.0,0.0,3.1943828250004986,669.4499722205164,960,540,1219.0,499.0,9.0,10.0,0.0
975,16.25,0,262.34530049029365,1.0,22.587697572628088,1426.5700266079225,0.0,0.0,22.587697572628088,1426.5700266079225,960,540,1219.0,498.0,9.0,10.0,0.0
976,16.267,0,262.9156077148052,1.0,50.32547129659386,1992.2810227149255,0.0,0.0,50.32547129659386,1992.2810227149255,960,540,1219.0,498.0,9.0,10.0,0.0
977,16.283,0,263.8612335431134,1.0,88.35226340609414,2509.248200280807,0.0,0.0,88.35226340609414,2509.248200280807,960,540,1221.0,497.0,9.0,10.0,0.0
978,16.3,0,265.77876415154566,1.0,130.5639260113984,2131.254301569625,0.0,0.0,130.5639260113984,2131.254301569625,960,540,1222.0,497.0,9.0,10.0,0.0
979,16.317,0,268.16606524456597,1.0,159.04049028791562,1830.8579454254013,0.0,0.0,159.04049028791562,1830.8579454254013,960,540,1224.0,496.0,9.0,10.0,0.0
980,16.333,0,271.00036816669694,1.0,191.5777670198942,1457.1428571427305,0.0,0.0,191.5777670198942,1457.1428571427305,960,540,1228.0,495.0,9.0,10.0,0.0
981,16.35,0,274.4927872448258,1.0,205.4859844269596,516.068339091151,0.0,0.0,205.4859844269596,516.068339091151,960,540,1230.0,494.0,9.0,10.0,0.0
982,16.367,0,277.820824328989,1.0,185.78570055473074,1249.4896917521837,0.0,0.0,185.78570055473074,1249.4896917521837,960,540,1234.0,493.0,9.0,10.0,0.0
983,16.383,0,280.67843383479743,1.0,165.86200312801037,1715.3568082448462,0.0,0.0,165.86200312801037,1715.3568082448462,960,540,1237.0,493.0,9.0,10.0,0.0
984,16.4,0,283.34830292587816,1.0,128.61110498915025,2743.1919438527298,0.0,0.0,128.61110498915025,2743.1919438527298,960,540,1239.0,492.0,9.0,10.0,0.0
985,16.417,0,284.9615003633692,1.0,77.47283921689045,2584.2537311454103,0.0,0.0,77.47283921689045,2584.2537311454103,960,540,1241.0,492.0,9.0,10.0,0.0
986,16.433,0,285.8644446684891,1.0,53.62378394035245,1459.6616885078527,0.0,0.0,53.62378394035245,1459.6616885078527,960,540,1242.0,491.0,9.0,10.0,0.0
987,16.45,0,286.4785215520662,1.0,35.4849781382123,1274.2344640558092,0.0,0.0,35.4849781382123,1274.2344640558092,960,540,1242.0,491.0,9.0,10.0,0.0
988,16.467,0,286.7706542923551,1.0,12.205719636171514,1042.759290908214,0.0,0.0,12.205719636171514,1042.759290908214,960,540,1242.0,490.0,9.0,10.0,0.0
989,16.483,0,286.87840621881713,1.0,18.57142857142435,542.1047417428333,0.0,0.0,18.57142857142435,542.1047417428333,960,540,1243.0,490.0,9.0,10.0,0.0
990,16.5,0,287.29234835622816,1.0,28.607120563566045,287.49445424999914,0.0,0.0,28.607120563566045,287.49445424999914,960,540,1243.0,491.0,9.0,10.0,0.0
991,16.517,0,287.808345936892,1.0,21.47613768339179,582.9201646595667,0.0,0.0,21.47613768339179,582.9201646595667,960,540,1243.0,491.0,9.0,10.0,0.0
992,16.533,0,288.0041729352511,1.0,10.879675865529935,388.0879344917187,0.0,0.0,10.879675865529935,388.0879344917187,960,540,1244.0,490.0,9.0,10.0,0.0
993,16.55,0,288.16128719458817,1.0,9.035079029050458,2027.0114726378438,0.0,0.0,9.035079029050458,2027.0114726378438,960,540,1244.0,490.0,9.0,10.0,0.0
994,16.567,0,288.30201158962,1.0,56.874369249698674,27268.05711405922,0.0,0.0,56.874369249698674,27268.05711405922,960,540,1243.0,491.0,9.0,10.0,0.0
995,16.583,0,286.2662921523873,1.0,914.0580073586249,23839.24478326971,0.0,0.0,914.0580073586249,23839.24478326971,960,540,1242.0,491.0,9.0,10.0,0.0
996,16.6,0,303.01235914714647,1.0,844.5189428887081,177642.44356319384,0.0,0.0,844.5189428887081,177642.44356319384,960,540,1239.0,491.0,9.0,10.0,0.0
997,16.617,0,262.12331141180175,1.0,5038.662156419153,219745.27229016554,0.0,0.0,5038.662156419153,219745.27229016554,960,540,1228.0,493.0,9.0,10.0,0.0
998,16.633,0,211.3640452801481,1.0,8112.332385614796,49348.00411571167,0.0,0.0,8112.332385614796,49348.00411571167,960,540,1216.0,496.0,9.0,10.0,0.0
1000,16.667,0,235.93037233380792,1.0,6683.595512865262,222316.9001259979,0.0,0.0,6683.595512865262,222316.9001259979,960,540,1039.0,819.0,11.0,10.0,0.0
1001,16.683,0,263.0313303118541,1.0,1211.5911279076502,361710.6017077123,0.0,0.0,1211.5911279076502,361710.6017077123,960,540,1029.0,820.0,11.0,10.0,0.0
1002,16.7,0,223.30310486867663,1.0,5510.5718433585225,231263.11942928348,0.0,0.0,5510.5718433585225,231263.11942928348,960,540,1017.0,821.0,11.0,10.0,0.0
1004,16.733,0,149.40295388775158,1.0,7079.128563918668,39887.01645438652,0.0,0.0,7079.128563918668,39887.01645438652,960,540,1131.0,509.0,9.0,9.0,0.0
1005,16.75,0,159.66086507574255,1.0,4194.482284222115,199909.1354815443,0.0,0.0,4194.482284222115,199909.1354815443,960,540,1125.0,509.0,9.0,9.0,0.0
1006,16.767,0,182.97825850056603,1.0,434.6239284527701,155320.16308652336,0.0,0.0,434.6239284527701,155320.16308652336,960,540,1120.0,509.0,9.0,9.0,0.0
1007,16.783,0,162.31533376023398,1.0,988.8789777586428,13102.375544075912,0.0,0.0,988.8789777586428,13102.375544075912,960,540,1120.0,510.0,9.0,9.0,0.0
1008,16.8,0,161.86757275968262,1.0,12.936264483050323,28889.68815395172,0.0,0.0,12.936264483050323,28889.68815395172,960,540,1119.0,510.0,9.0,9.0,0.0
1009,16.817,0,161.8854470271609,1.0,49.09382936411568,2868.8687950595568,0.0,0.0,49.09382936411568,2868.8687950595568,960,540,1119.0,509.0,9.0,9.0,0.0
1010,16.833,0,160.2326044484851,1.0,108.46799584416469,2483.1267320348966,0.0,0.0,108.46799584416469,2483.1267320348966,960,540,1118.0,510.0,9.0,9.0,0.0
1011,16.85,0,158.2723405616031,1.0,131.08651139376357,404.31347708793976,0.0,0.0,131.08651139376357,404.31347708793976,960,540,1116.0,510.0,9.0,9.0,0.0
1012,16.867,0,155.88475451224352,1.0,118.37332849066092,2017.4746793039212,0.0,0.0,118.37332849066092,2017.4746793039212,960,540,1112.0,512.0,9.0,9.0,0.0
1013,16.883,0,154.35481256917572,1.0,64.2063001549835,3627.6995577955213,0.0,0.0,64.2063001549835,3627.6995577955213,960,540,1112.0,511.0,9.0,9.0,0.0
1014,16.9,0,153.77874526192198,1.0,7.14285714285279,2674.0247125382643,0.0,0.0,7.14285714285279,2674.0247125382643,960,540,1111.0,512.0,9.0,9.0,0.0
1015,16.917,0,154.46029217702008,1.0,31.331017427802365,1000.5100739942792,0.0,0.0,31.331017427802365,1000.5100739942792,960,540,1112.0,512.0,9.0,9.0,0.0
1016,16.933,0,154.63794302834057,1.0,38.8613443106779,536.9984608346106,0.0,0.0,38.8613443106779,536.9984608346106,960,540,1112.0,512.0,9.0,9.0,0.0
1017,16.95,0,155.60903680571042,1.0,20.203050891046374,4987.658237477814,0.0,0.0,20.203050891046374,4987.658237477814,960,540,1113.0,512.0,9.0,9.0,0.0
1018,16.967,0,155.31089441150786,1.0,172.02277969704502,10261.131337553605,0.0,0.0,172.02277969704502,10261.131337553605,960,540,1112.0,513.0,9.0,9.0,0.0
1019,16.983,0,159.5331198420278,1.0,321.83466410627756,44527.91144842978,0.0,0.0,321.83466410627756,44527.91144842978,960,540,1112.0,511.0,9.0,9.0,0.0
1020,17.0,0,144.591041081382,1.0,1336.1114764685624,31337.452327324278,0.0,0.0,1336.1114764685624,31337.452327324278,960,540,1105.0,512.0,9.0,9.0,0.0
1021,17.017,0,116.73837446428038,1.0,1365.5267354783111,29892.849462363687,0.0,0.0,1365.5267354783111,29892.849462363687,960,540,1096.0,510.0,9.0,9.0,0.0
1023,17.05,0,99.43853717617365,1.0,2323.186147847576,121687.07442301711,0.0,0.0,2323.186147847576,121687.07442301711,960,540,1025.0,558.0,10.0,9.0,0.0
1024,17.067,0,54.94709886308328,1.0,4903.415094792273,108748.49471161053,0.0,0.0,4903.415094792273,108748.49471161053,960,540,1011.0,555.0,10.0,9.0,0.0
1025,17.083,0,102.04241926178474,1.0,5585.9380663978745,23631.546711969768,0.0,0.0,5585.9380663978745,23631.546711969768,960,540,1001.0,553.0,10.0,9.0,0.0
1027,17.117,0,187.14325093863673,1.0,5181.729677335526,56804.859306368606,0.0,0.0,5181.729677335526,56804.859306368606,960,540,859.0,803.0,10.0,9.0,0.0
1028,17.133,0,267.7517591634957,1.0,3699.2117196693243,143125.36035067265,0.0,0.0,3699.2117196693243,143125.36035067265,960,540,851.0,799.0,10.0,9.0,0.0
1029,17.15,0,307.9382134627935,1.0,444.2949011453016,135455.04940076268,0.0,0.0,444.2949011453016,135455.04940076268,960,540,849.0,798.0,10.0,9.0,0.0
1030,17.167,0,280.5083173450893,1.0,829.8573764846943,12515.826715298545,0.0,0.0,829.8573764846943,12515.826715298545,960,540,848.0,797.0,10.0,9.0,0.0
1031,17.183,0,280.3080666782497,1.0,68.36277779431934,25075.677295671965,0.0,0.0,68.36277779431934,25075.677295671965,960,540,846.0,796.0,10.0,9.0,0.0
1032,17.2,0,280.4267318346055,1.0,61.44518047887597,1058.4933458767132,0.0,0.0,61.44518047887597,1058.4933458767132,960,540,845.0,796.0,10.0,9.0,0.0
1033,17.217,0,280.5428007248607,1.0,33.441999744916394,1521.8812203912169,0.0,0.0,33.441999744916394,1521.8812203912169,960,540,844.0,795.0,10.0,9.0,0.0
1034,17.233,0,280.51110624291454,1.0,13.17077779613451,994.0640146923661,0.0,0.0,13.17077779613451,994.0640146923661,960,540,844.0,796.0,10.0,9.0,0.0
1035,17.25,0,280.35742088753807,1.0,7.284313590845179,345.5253320699608,0.0,0.0,7.284313590845179,345.5253320699608,960,540,844.0,795.0,10.0,9.0,0.0
1036,17.267,0,280.2746466432891,1.0,9.035079029053694,95.83148475006071,0.0,0.0,9.035079029053694,95.83148475006071,960,540,844.0,795.0,10.0,9.0,0.0
1037,17.283,0,280.0579183699748,1.0,10.400156984687369,154.52362609136384,0.0,0.0,10.400156984687369,154.52362609136384,960,540,844.0,795.0,10.0,9.0,0.0
1038,17.3,0,279.9317903637169,1.0,9.147320339192497,728.5714285714434,0.0,0.0,9.147320339192497,728.5714285714434,960,540,844.0,795.0,10.0,9.0,0.0
1039,17.317,0,279.785964517599,1.0,14.285714285713766,3007.643324489699,0.0,0.0,14.285714285713766,3007.643324489699,960,540,844.0,795.0,10.0,9.0,0.0
1040,17.333,0,280.3968721218048,1.0,91.62924406185495,5980.37607171837,0.0,0.0,91.62924406185495,5980.37607171837,960,540,844.0,795.0,10.0,9.0,0.0
1041,17.35,0,282.8207127414038,1.0,213.44597366422002,8213.043384315653,0.0,0.0,213.44597366422002,8213.043384315653,960,540,843.0,797.0,10.0,9.0,0.0
1042,17.367,0,287.49911170127984,1.0,365.3709325703734,8391.46797013954,0.0,0.0,365.3709325703734,8391.46797013954,960,540,840.0,801.0,10.0,9.0,0.0
1043,17.383,0,294.95053968704315,1.0,491.748234903398,5873.930645188975,0.0,0.0,491.748234903398,5873.930645188975,960,540,837.0,808.0,10.0,9.0,0.0
1044,17.4,0,303.72669792015057,1.0,549.0659972970046,3815.248674592616,0.0,0.0,549.0659972970046,3815.248674592616,960,540,832.0,815.0,10.0,9.0,0.0
1045,17.417,0,312.760472852125,1.0,544.5181356024809,4164.206076180434,0.0,0.0,544.5181356024809,4164.206076180434,960,540,825.0,823.0,10.0,9.0,0.0
1046,17.433,0,320.76657048976307,1.0,466.2945552383181,5983.139575814099,0.0,0.0,466.2945552383181,5983.139575814099,960,540,819.0,828.0,10.0,9.0,0.0
1047,17.45,0,326.8501497753418,1.0,354.5880046775811,5916.769664716268,0.0,0.0,354.5880046775811,5916.769664716268,960,540,812.0,832.0,10.0,9.0,0.0
1048,17.467,0,331.29358567484684,1.0,269.0762732318244,4930.24816198715,0.0,0.0,269.0762732318244,4930.24816198715,960,540,809.0,835.0,10.0,9.0,0.0
1049,17.483,0,335.0564341405147,1.0,197.04448891619722,3699.144964635472,0.0,0.0,197.04448891619722,3699.144964635472,960,540,807.0,837.0,10.0,9.0,0.0
1050,17.5,0,337.598810596394,1.0,150.92233439888201,2189.4925327619544,0.0,0.0,150.92233439888201,2189.4925327619544,960,540,804.0,840.0,10.0,9.0,0.0
1051,17.517,0,339.95118363705683,1.0,124.74463711837889,2217.4171406187625,0.0,0.0,124.74463711837889,2217.4171406187625,960,540,803.0,842.0,10.0,9.0,0.0
1052,17.533,0,341.6600828965802,1.0,77.01046841110775,2282.318906690367,0.0,0.0,77.01046841110775,2282.318906690367,960,540,802.0,842.0,10.0,9.0,0.0
1053,17.55,0,342.4532674144195,1.0,49.590157022031114,977.2932215135311,0.0,0.0,49.590157022031114,977.2932215135311,960,540,801.0,844.0,10.0,9.0,0.0
1054,17.567,0,343.2045131819815,1.0,44.49260429256615,691.0506641398582,0.0,0.0,44.49260429256615,691.0506641398582,960,540,801.0,844.0,10.0,9.0,0.0
1055,17.583,0,343.88750599584966,1.0,27.441961017572698,848.5281374238812,0.0,0.0,27.441961017572698,848.5281374238812,960,540,800.0,844.0,10.0,9.0,0.0
1056,17.6,0,344.10251662856757,1.0,16.288220358560196,654.1858938204363,0.0,0.0,16.288220358560196,654.1858938204363,960,540,800.0,845.0,10.0,9.0,0.0
1057,17.617,0,344.421892320011,1.0,10.10152544551981,404.31347708818925,0.0,0.0,10.10152544551981,404.31347708818925,960,540,800.0,845.0,10.0,9.0,0.0
1058,17.633,0,344.37556951650737,1.0,5.890150893738176,260.6898227269905,0.0,0.0,5.890150893738176,260.6898227269905,960,540,800.0,845.0,10.0,9.0,0.0
1059,17.65,0,344.5684309801438,1.0,11.15749953700959,461.5855548973282,0.0,0.0,11.15749953700959,461.5855548973282,960,540,800.0,845.0,10.0,9.0,0.0
1060,17.667,0,344.73917972985976,1.0,20.45403009039681,8977.216058627093,0.0,0.0,20.45403009039681,8977.216058627093,960,540,800.0,845.0,10.0,9.0,0.0
1061,17.683,0,345.22522143484747,1.0,304.2890677213079,4547.9082431103,0.0,0.0,304.2890677213079,4547.9082431103,960,540,799.0,846.0,10.0,9.0,0.0
1062,17.7,0,351.34076848681735,1.0,131.45962366086468,56395.83137004321,0.0,0.0,131.45962366086468,56395.83137004321,960,540,799.0,845.0,10.0,9.0,0.0
1063,17.717,0,341.3058290364241,1.0,1577.941050604746,111975.96316411339,0.0,0.0,1577.941050604746,111975.96316411339,960,540,797.0,845.0,10.0,9.0,0.0
1064,17.733,0,325.3429308833022,1.0,3830.873508318278,84854.03673968976,0.0,0.0,3830.873508318278,84854.03673968976,960,540,791.0,840.0,10.0,9.0,0.0
1066,17.767,0,315.66878936711277,1.0,4210.87343695355,94847.12726814924,0.0,0.0,4210.87343695355,94847.12726814924,960,540,732.0,739.0,9.0,10.0,0.0
1068,17.8,0,348.56323500648404,1.0,3003.0684987464483,154513.2251125904,0.0,0.0,3003.0684987464483,154513.2251125904,960,540,657.0,710.0,11.0,9.0,0.0
1070,17.833,0,400.2411121384264,1.0,3253.8118932622183,109915.4712327905,0.0,0.0,3253.8118932622183,109915.4712327905,960,540,579.0,682.0,12.0,10.0,0.0
1072,17.867,0,453.20991717408674,1.0,3399.1418484850515,48923.90175839679,0.0,0.0,3399.1418484850515,48923.90175839679,960,540,628.0,879.0,13.0,11.0,0.0
1074,17.9,0,491.17101270211407,1.0,2240.9951324519866,98595.89137442833,0.0,0.0,2240.9951324519866,98595.89137442833,960,540,584.0,866.0,13.0,12.0,0.0
1075,17.917,0,512.1653666656807,1.0,893.7526937307807,91941.98703308351,0.0,0.0,893.7526937307807,91941.98703308351,960,540,571.0,861.0,13.0,12.0,0.0
1076,17.933,0,513.4548844517376,1.0,1239.7572178388934,14404.654859893804,0.0,0.0,1239.7572178388934,14404.654859893804,960,540,556.0,856.0,13.0,12.0,0.0
1077,17.95,0,517.1093210208279,1.0,497.7049367663937,24732.470601231656,0.0,0.0,497.7049367663937,24732.470601231656,960,540,548.0,852.0,13.0,12.0,0.0
1078,17.967,0,520.9529946892881,1.0,433.43196156504683,5536.704980475146,0.0,0.0,433.43196156504683,5536.704980475146,960,540,540.0,848.0,13.0,12.0,0.0
1079,17.983,0,522.8330400377375,1.0,335.5531528198594,5231.380978171622,0.0,0.0,335.5531528198594,5231.380978171622,960,540,535.0,845.0,13.0,12.0,0.0
1080,18.0,0,524.0165175427172,1.0,292.0756122398928,3257.4247998273822,0.0,0.0,292.0756122398928,3257.4247998273822,960,540,531.0,841.0,13.0,12.0,0.0
1081,18.017,0,524.2040592093985,1.0,260.5841162324658,1911.3516960839238,0.0,0.0,260.5841162324658,1911.3516960839238,960,540,529.0,838.0,13.0,12.0,0.0
1082,18.033,0,524.2735023014419,1.0,237.16006822225293,1860.7108582365806,0.0,0.0,237.16006822225293,1860.7108582365806,960,540,526.0,834.0,13.0,12.0,0.0
1083,18.05,0,524.4823730471679,1.0,198.61767190216793,3031.063664586219,0.0,0.0,198.61767190216793,3031.063664586219,960,540,524.0,831.0,13.0,12.0,0.0
1084,18.067,0,524.4884366517591,1.0,138.75540070386734,3608.663046003558,0.0,0.0,138.75540070386734,3608.663046003558,960,540,522.0,829.0,13.0,12.0,0.0
1085,18.083,0,524.1163819796237,1.0,90.80142046897626,2745.868882224317,0.0,0.0,90.80142046897626,2745.868882224317,960,540,521.0,827.0,13.0,12.0,0.0
1086,18.1,0,523.4268580584703,1.0,70.52282884112599,1733.9938563552305,0.0,0.0,70.52282884112599,1733.9938563552305,960,540,522.0,826.0,13.0,12.0,0.0
1087,18.117,0,522.6019088197453,1.0,47.487914681699,1249.4896917524838,0.0,0.0,47.487914681699,1249.4896917524838,960,540,522.0,825.0,13.0,12.0,0.0
1088,18.133,0,522.1428028575748,1.0,28.891069165938298,848.5281374238089,0.0,0.0,28.891069165938298,848.5281374238089,960,540,522.0,824.0,13.0,12.0,0.0
1089,18.15,0,521.9635177214976,1.0,24.453203955177916,366.1715890850496,0.0,0.0,24.453203955177916,366.1715890850496,960,540,522.0,824.0,13.0,12.0,0.0
1090,18.167,0,521.7822870719563,1.0,17.142857142856656,171.42857142863477,0.0,0.0,17.142857142856656,171.42857142863477,960,540,522.0,824.0,13.0,12.0,0.0
1091,18.183,0,521.6529284665987,1.0,18.789923482807534,395.1233338841019,0.0,0.0,18.789923482807534,395.1233338841019,960,540,522.0,823.0,13.0,12.0,0.0
1092,18.2,0,521.526113946699,1.0,27.59029702261588,977.2932215135938,0.0,0.0,27.59029702261588,977.2932215135938,960,540,522.0,823.0,13.0,12.0,0.0
1093,18.217,0,520.9077742720419,1.0,30.27088585774373,2142.857142857167,0.0,0.0,30.27088585774373,2142.857142857167,960,540,522.0,823.0,13.0,12.0,0.0
1094,18.233,0,520.5452945019465,1.0,46.7952552975952,8165.944713333836,0.0,0.0,46.7952552975952,8165.944713333836,960,540,522.0,823.0,13.0,12.0,0.0
1095,18.25,0,521.4560810312262,1.0,249.80808960610264,17582.139592582567,0.0,0.0,249.80808960610264,17582.139592582567,960,540,523.0,824.0,13.0,12.0,0.0
1096,18.267,0,527.7009412979213,1.0,618.180344863456,21950.389332235893,0.0,0.0,618.180344863456,21950.389332235893,960,540,520.0,829.0,13.0,12.0,0.0
1097,18.283,0,540.3079410871304,1.0,975.715331520037,17157.636486297426,0.0,0.0,975.715331520037,17157.636486297426,960,540,513.0,839.0,13.0,12.0,0.0
1098,18.3,0,558.3988224360427,1.0,1181.6418878071336,7334.083140393627,0.0,0.0,1181.6418878071336,7334.083140393627,960,540,499.0,858.0,13.0,12.0,0.0
1099,18.317,0,578.1281625518695,1.0,1208.4608189843836,3412.4621549817302,0.0,0.0,1208.4608189843836,3412.4621549817302,960,540,486.0,873.0,13.0,12.0,0.0
1100,18.333,0,597.4357981237972,1.0,1082.2387981986885,8796.161036474297,0.0,0.0,1082.2387981986885,8796.161036474297,960,540,473.0,886.0,13.0,12.0,0.0
1101,18.35,0,613.3499701973118,1.0,917.8613118304493,9344.429749692563,0.0,0.0,917.8613118304493,9344.429749692563,960,540,463.0,898.0,13.0,12.0,0.0
1102,18.367,0,627.4286617804314,1.0,771.9257657023171,10183.780621905798,0.0,0.0,771.9257657023171,10183.780621905798,960,540,452.0,910.0,13.0,12.0,0.0
1103,18.383,0,638.6731143071358,1.0,582.1319017374082,11725.717418545953,0.0,0.0,582.1319017374082,11725.717418545953,960,540,445.0,917.0,13.0,12.0,0.0
1104,18.4,0,646.6856088115703,1.0,386.8791932943472,9966.474413998929,0.0,0.0,386.8791932943472,9966.474413998929,960,540,438.0,923.0,13.0,12.0,0.0
1105,18.417,0,651.5521969160437,1.0,254.08499301114296,5639.583137004501,0.0,0.0,254.08499301114296,5639.583137004501,960,540,434.0,925.0,13.0,12.0,0.0
1106,18.433,0,655.1541647519592,1.0,202.1567385440686,790.2466677682704,0.0,0.0,202.1567385440686,790.2466677682704,960,540,432.0,927.0,13.0,12.0,0.0
1107,18.45,0,658.2724453027777,1.0,245.05726111357853,4640.06509454696,0.0,0.0,245.05726111357853,4640.06509454696,960,540,429.0,929.0,13.0,12.0,0.0
1108,18.467,0,663.2703282558866,1.0,355.2435209594589,5189.078011771011,0.0,0.0,355.2435209594589,5189.078011771011,960,540,425.0,931.0,13.0,12.0,0.0
1109,18.483,0,669.9731354819938,1.0,417.1868861304049,2498.979383505157,0.0,0.0,417.1868861304049,2498.979383505157,960,540,419.0,934.0,13.0,12.0,0.0
1110,18.5,0,676.9895513283127,1.0,438.40387678905665,345.52533206984657,0.0,0.0,438.40387678905665,345.52533206984657,960,540,411.0,938.0,13.0,12.0,0.0
1111,18.517,0,684.4450753891726,1.0,421.17668016922414,2448.864793227653,0.0,0.0,421.17668016922414,2448.864793227653,960,540,405.0,941.0,13.0,12.0,0.0
1112,18.533,0,690.9004164765925,1.0,357.1371428114305,4131.437462942378,0.0,0.0,357.1371428114305,4131.437462942378,960,540,401.0,944.0,13.0,12.0,0.0
1113,18.55,0,696.2053447698951,1.0,285.8928013741377,4683.797517365002,0.0,0.0,285.8928013741377,4683.797517365002,960,540,394.0,947.0,13.0,12.0,0.0
1114,18.567,0,700.2271432572403,1.0,203.4899586350789,5465.756104686593,0.0,0.0,203.4899586350789,5465.756104686593,960,540,391.0,948.0,13.0,12.0,0.0
1115,18.583,0,702.7670415857801,1.0,103.73632194075557,5345.30119805782,0.0,0.0,103.73632194075557,5345.30119805782,960,540,388.0,949.0,13.0,12.0,0.0
1116,18.6,0,703.5973293113468,1.0,30.572763655763605,3412.462154981861,0.0,0.0,30.572763655763605,3412.462154981861,960,540,388.0,949.0,13.0,12.0,0.0
1117,18.617,0,703.7416198958939,1.0,23.255457994426532,479.157423749997,0.0,0.0,23.255457994426532,479.157423749997,960,540,388.0,950.0,13.0,12.0,0.0
1118,18.633,0,703.5042140160376,1.0,21.618208500604293,7840.163471848777,0.0,0.0,21.618208500604293,7840.163471848777,960,540,388.0,950.0,13.0,12.0,0.0
1119,18.65,0,704.2351458068321,1.0,255.5386467836266,9558.584132195865,0.0,0.0,255.5386467836266,9558.584132195865,960,540,389.0,950.0,13.0,12.0,0.0
1120,18.667,0,711.9893244887472,1.0,332.96748630880154,46359.068857193895,0.0,0.0,332.96748630880154,46359.068857193895,960,540,388.0,950.0,13.0,12.0,0.0
1121,18.683,0,715.3339514740804,1.0,1302.5696737994247,146393.37556106615,0.0,0.0,1302.5696737994247,146393.37556106615,960,540,388.0,950.0,13.0,12.0,0.0
1122,18.7,0,672.8550483572052,1.0,4546.818802689363,194771.11685048233,0.0,0.0,4546.818802689363,194771.11685048233,960,540,394.0,946.0,13.0,12.0,0.0
1124,18.733,0,563.7738506249907,1.0,7462.034793895434,118309.19797940884,0.0,0.0,7462.034793895434,118309.19797940884,960,540,474.0,899.0,16.0,14.0,0.0
1126,18.767,0,432.62304162530114,1.0,7924.306446185773,36957.32232547984,0.0,0.0,7924.306446185773,36957.32232547984,960,540,634.0,789.0,12.0,10.0,0.0
1128,18.8,0,327.42350545957925,1.0,7534.481280304936,34962.39379092679,0.0,0.0,7534.481280304936,34962.39379092679,960,540,661.0,581.0,11.0,9.0,0.0
1132,18.867,1,237.73802727900434,1.0,420.77673560272916,1630.8255077520816,0.0,0.0,420.77673560272916,1630.8255077520816,960,540,768.0,398.0,10.0,9.0,0.0
1133,18.883,1,236.1582015199236,1.0,443.1473703371545,1308.3717876405474,0.0,0.0,443.1473703371545,1308.3717876405474,960,540,778.0,390.0,10.0,9.0,0.0
1134,18.9,1,234.12460585286578,1.0,417.6708986652515,5940.933754684636,0.0,0.0,417.6708986652515,5940.933754684636,960,540,785.0,385.0,10.0,9.0,0.0
1135,18.917,1,232.20094999620142,1.0,250.03673199539756,9095.109697423413,0.0,0.0,250.03673199539756,9095.109697423413,960,540,788.0,383.0,9.0,8.0,0.0
1136,18.933,1,231.41074789292514,1.0,114.50871101343711,3565.6524719916174,0.0,0.0,114.50871101343711,3565.6524719916174,960,540,791.0,383.0,9.0,8.0,0.0
1137,18.95,1,231.2883074847028,1.0,139.53274796656976,3188.7557550409197,0.0,0.0,139.53274796656976,3188.7557550409197,960,540,792.0,382.0,9.0,8.0,0.0
1138,18.967,1,231.0863332697034,1.0,217.29787699593234,5801.565587434652,0.0,0.0,217.29787699593234,5801.565587434652,960,540,793.0,379.0,9.0,8.0,0.0
1139,18.983,1,230.95509571305797,1.0,331.7147779004596,7399.779367918692,0.0,0.0,331.7147779004596,7399.779367918692,960,540,797.0,376.0,9.0,8.0,0.0
1140,19.0,1,229.5850392543757,1.0,453.0824135512043,5898.893012719375,0.0,0.0,453.0824135512043,5898.893012719375,960,540,803.0,373.0,9.0,8.0,0.0
1141,19.017,1,227.51558716630439,1.0,520.611884894953,2335.2227529987817,0.0,0.0,520.611884894953,2335.2227529987817,960,540,809.0,369.0,10.0,9.0,0.0
1142,19.033,1,226.02326150029145,1.0,529.2466729383657,2228.9834783906176,0.0,0.0,529.2466729383657,2228.9834783906176,960,540,819.0,364.0,10.0,9.0,0.0
1143,19.05,1,225.29559318457632,1.0,456.4391905762251,6466.31775480631,0.0,0.0,456.4391905762251,6466.31775480631,960,540,825.0,360.0,10.0,9.0,0.0
1144,19.067,1,225.1290886934956,1.0,317.1460746297545,8208.90507004308,0.0,0.0,317.1460746297545,8208.90507004308,960,540,831.0,355.0,10.0,9.0,0.0
1145,19.083,1,225.60978593625805,1.0,185.3237652304341,6702.862623307964,0.0,0.0,185.3237652304341,6702.862623307964,960,540,834.0,353.0,10.0,9.0,0.0
1146,19.1,1,225.84322718493513,1.0,93.72125409632467,3528.3689936149017,0.0,0.0,93.72125409632467,3528.3689936149017,960,540,835.0,352.0,10.0,9.0,0.0
1147,19.117,1,225.82127763589213,1.0,71.55702735067437,867.791002770741,0.0,0.0,71.55702735067437,867.791002770741,960,540,836.0,351.0,10.0,9.0,0.0
1148,19.133,1,225.54570759194695,1.0,106.92358514951154,1707.8450438718564,0.0,0.0,106.92358514951154,1707.8450438718564,960,540,837.0,351.0,10.0,9.0,0.0
1149,19.15,1,225.19935738561404,1.0,128.1341771228066,422.09390579116564,0.0,0.0,128.1341771228066,422.09390579116564,960,540,839.0,350.0,10.0,9.0,0.0
1150,19.167,1,224.79610817234627,1.0,120.99080754422506,1480.2785176431757,0.0,0.0,120.99080754422506,1480.2785176431757,960,540,842.0,349.0,10.0,9.0,0.0
1151,19.183,1,224.57120642987542,1.0,78.79189847507288,2498.9793835049977,0.0,0.0,78.79189847507288,2498.9793835049977,960,540,843.0,348.0,10.0,9.0,0.0
1152,19.2,1,224.37901709085386,1.0,37.7153679498431,1775.8585161515014,0.0,0.0,37.7153679498431,1775.8585161515014,960,540,844.0,348.0,10.0,9.0,0.0
1153,19.217,1,224.4266719125865,1.0,19.846348556357015,979.1708278969082,0.0,0.0,19.846348556357015,979.1708278969082,960,540,844.0,348.0,10.0,9.0,0.0
1154,19.233,1,224.36924943205355,1.0,5.150787536375956,866.7320749781564,0.0,0.0,5.150787536375956,866.7320749781564,960,540,844.0,348.0,10.0,9.0,0.0
1155,19.25,1,224.4345982438737,1.0,12.777531299999705,542.1047417431569,0.0,0.0,12.777531299999705,542.1047417431569,960,540,845.0,347.0,10.0,9.0,0.0
1156,19.267,1,224.72891202563784,1.0,15.452362609132598,818.7845646231839,0.0,0.0,15.452362609132598,818.7845646231839,960,540,844.0,348.0,10.0,9.0,0.0
1157,19.283,1,224.90042644259057,1.0,15.971914124994866,16905.0650542912,0.0,0.0,15.971914124994866,16905.0650542912,960,540,844.0,348.0,10.0,9.0,0.0
1158,19.3,1,224.19816813280272,1.0,561.6902334626889,12515.826715296738,0.0,0.0,561.6902334626889,12515.826715296738,960,540,844.0,348.0,10.0,9.0,0.0
1159,19.317,1,215.80125441223882,1.0,426.51889447822197,86030.18217403739,0.0,0.0,426.51889447822197,86030.18217403739,960,540,847.0,350.0,10.0,9.0,0.0
1160,19.333,1,215.11568896105243,1.0,2361.440670611123,92565.7537943185,0.0,0.0,2361.440670611123,92565.7537943185,960,540,851.0,356.0,10.0,9.0,0.0
1161,19.35,1,227.68909561733193,1.0,3365.4013921985998,29119.81231717968,0.0,0.0,3365.4013921985998,29119.81231717968,960,540,860.0,367.0,10.0,9.0,0.0
1163,19.383,1,255.95902538440973,1.0,3331.8383722467,37355.15700812996,0.0,0.0,3331.8383722467,37355.15700812996,960,540,992.0,240.0,10.0,9.0,0.0
1164,19.4,1,282.7922524573234,1.0,2328.370718782054,97983.47320037209,0.0,0.0,2328.370718782054,97983.47320037209,960,540,998.0,251.0,10.0,9.0,0.0
1165,19.417,1,291.2189449931141,1.0,1057.803847408319,86039.86380315361,0.0,0.0,1057.803847408319,86039.86380315361,960,540,1006.0,264.0,10.0,9.0,0.0
1167,19.45,1,262.99303768062185,1.0,1250.8552176451813,10248.683340024229,0.0,0.0,1250.8552176451813,10248.683340024229,960,540,1022.0,289.0,9.0,10.0,0.0
1168,19.467,1,252.97190472560206,1.0,759.0985523928367,27219.9881539652,0.0,0.0,759.0985523928367,27219.9881539652,960,540,1028.0,297.0,9.0,10.0,0.0
1169,19.483,1,246.90073927934992,1.0,398.7352453926985,17008.671257895974,0.0,0.0,398.7352453926985,17008.671257895974,960,540,1033.0,303.0,9.0,10.0,0.0
1170,19.5,1,244.78379094292615,1.0,194.28571428572207,8033.513984476564,0.0,0.0,194.28571428572207,8033.513984476564,960,540,1036.0,307.0,9.0,10.0,0.0
1171,19.517,1,242.3961497714772,1.0,145.86826598135943,3428.571428571672,0.0,0.0,145.86826598135943,3428.571428571672,960,540,1036.0,310.0,9.0,10.0,0.0
1172,19.533,1,240.68016337680183,1.0,102.85714285714334,2443.2330537839102,0.0,0.0,102.85714285714334,2443.2330537839102,960,540,1037.0,312.0,9.0,10.0,0.0
1173,19.55,1,239.14536514207077,1.0,65.96226503208712,2496.4055792932377,0.0,0.0,65.96226503208712,2496.4055792932377,960,540,1036.0,313.0,9.0,10.0,0.0
1174,19.567,1,238.66608235401452,1.0,27.441961017572698,2390.7986881681854,0.0,0.0,27.441961017572698,2390.7986881681854,960,540,1037.0,314.0,9.0,10.0,0.0
1175,19.583,1,238.6527282822331,1.0,28.139593719417277,1789.7668300989367,0.0,0.0,28.139593719417277,1789.7668300989367,960,540,1037.0,315.0,9.0,10.0,0.0
1176,19.6,1,239.30375672324803,1.0,49.507781289036835,1074.851674627276,0.0,0.0,49.507781289036835,1074.851674627276,960,540,1038.0,313.0,9.0,10.0,0.0
1177,19.617,1,240.14958018218164,1.0,59.675995926299805,563.6977044843427,0.0,0.0,59.675995926299805,563.6977044843427,960,540,1038.0,313.0,9.0,10.0,0.0
1178,19.633,1,241.13420581787966,1.0,65.43418566056667,624.0094190812422,0.0,0.0,65.43418566056667,624.0094190812422,960,540,1039.0,312.0,9.0,10.0,0.0
1179,19.65,1,241.94237146707317,1.0,71.32850133040039,214.2857142858702,0.0,0.0,71.32850133040039,214.2857142858702,960,540,1040.0,312.0,9.0,10.0,0.0
1180,19.667,1,243.00893948824574,1.0,59.81263261559342,901.0198303555126,0.0,0.0,59.81263261559342,901.0198303555126,960,540,1041.0,311.0,9.0,10.0,0.0
1181,19.683,1,243.66172975818947,1.0,47.745071334482546,523.1380978171654,0.0,0.0,47.745071334482546,523.1380978171654,960,540,1042.0,310.0,9.0,10.0,0.0
1182,19.7,1,244.5102374867518,1.0,43.189189879515766,1945.638765054241,0.0,0.0,43.189189879515766,1945.638765054241,960,540,1042.0,310.0,9.0,10.0,0.0
1183,19.717,1,244.82438520669635,1.0,47.164497197772455,3960.751320192683,0.0,0.0,47.164497197772455,3960.751320192683,960,540,1042.0,310.0,9.0,10.0,0.0
1184,19.733,1,244.09406758911553,1.0,123.26344774920427,6385.714285714105,0.0,0.0,123.26344774920427,6385.714285714105,960,540,1044.0,310.0,9.0,10.0,0.0
1185,19.75,1,242.31426250647962,1.0,253.00237959677335,8336.457917619588,0.0,0.0,253.00237959677335,8336.457917619588,960,540,1045.0,313.0,9.0,10.0,0.0
1186,19.767,1,238.32305767297103,1.0,396.6903897324941,8165.044959072515,0.0,0.0,396.6903897324941,8165.044959072515,960,540,1046.0,318.0,9.0,10.0,0.0
1187,19.783,1,232.31869286970766,1.0,518.0575966718253,5723.15383297711,0.0,0.0,518.0575966718253,5723.15383297711,960,540,1050.0,325.0,9.0,10.0,0.0
1188,19.8,1,224.9193405435981,1.0,583.516783592979,1699.7598870045197,0.0,0.0,583.516783592979,1699.7598870045197,960,540,1052.0,335.0,9.0,10.0,0.0
1189,19.817,1,217.17795246881974,1.0,556.1548015303914,3458.972361254006,0.0,0.0,556.1548015303914,3458.972361254006,960,540,1054.0,344.0,9.0,10.0,0.0
1190,19.833,1,210.1991281366026,1.0,476.0916564130507,4740.123997344867,0.0,0.0,476.0916564130507,4740.123997344867,960,540,1056.0,354.0,9.0,10.0,0.0
1191,19.85,1,204.53700273429368,1.0,398.4152279689511,4600.909404339286,0.0,0.0,398.4152279689511,4600.909404339286,960,540,1057.0,360.0,9.0,10.0,0.0
1192,19.867,1,199.87626557935852,1.0,322.7686351502224,3742.339113551246,0.0,0.0,322.7686351502224,3742.339113551246,960,540,1058.0,365.0,9.0,10.0,0.0
1193,19.883,1,196.29724903147365,1.0,273.84264809990697,2724.379727196627,0.0,0.0,273.84264809990697,2724.379727196627,960,540,1059.0,371.0,9.0,10.0,0.0
1194,19.9,1,192.87139865006858,1.0,233.36491525820566,3226.548038523377,0.0,0.0,233.36491525820566,3226.548038523377,960,540,1060.0,375.0,9.0,10.0,0.0
1195,19.917,1,190.2010512833648,1.0,167.75224685985685,3306.9500098045883,0.0,0.0,167.75224685985685,3306.9500098045883,960,540,1060.0,378.0,9.0,10.0,0.0
1196,19.933,1,188.37722082105134,1.0,127.27120327738679,1955.0562390781815,0.0,0.0,127.27120327738679,1955.0562390781815,960,540,1060.0,381.0,9.0,10.0,0.0
1197,19.95,1,186.5079074636927,1.0,109.50724512421243,1032.136678182268,0.0,0.0,109.50724512421243,1032.136678182268,960,540,1060.0,382.0,9.0,10.0,0.0
1198,19.967,1,185.06548451856386,1.0,93.2519081163854,463.5708782739212,0.0,0.0,93.2519081163854,463.5708782739212,960,540,1060.0,384.0,9.0,10.0,0.0
1199,19.983,1,183.74616475242308,1.0,100.01020356106879,978.2324751867328,0.0,0.0,100.01020356106879,978.2324751867328,960,540,1059.0,386.0,9.0,10.0,0.0
1200,20.0,1,182.24018563634937,1.0,110.39816620778264,1328.5714285713311,0.0,0.0,110.39816620778264,1328.5714285713311,960,540,1060.0,387.0,9.0,10.0,0.0
1201,20.017,1,181.0833736393732,1.0,108.79675865519859,1132.2724125963596,0.0,0.0,108.79675865519859,1132.2724125963596,960,540,1060.0,389.0,9.0,10.0,0.0
1202,20.033,1,180.25608515616813,1.0,84.97298490264498,1992.2810227147472,0.0,0.0,84.97298490264498,1992.2810227147472,960,540,1061.0,391.0,9.0,10.0,0.0
1203,20.05,1,179.71014707425758,1.0,42.88094577086857,2303.945152408321,0.0,0.0,42.88094577086857,2303.945152408321,960,540,1062.0,392.0,9.0,10.0,0.0
1204,20.067,1,179.63624116063573,1.0,25.71428571428669,2467.9165798092367,0.0,0.0,25.71428571428669,2467.9165798092367,960,540,1062.0,392.0,9.0,10.0,0.0
1205,20.083,1,180.1957615252239,1.0,64.03124237432351,3025.908532817811,0.0,0.0,64.03124237432351,3025.908532817811,960,540,1062.0,391.0,9.0,10.0,0.0
1206,20.1,1,181.68039641059056,1.0,118.2957207637721,4386.109800685988,0.0,0.0,118.2957207637721,4386.109800685988,960,540,1063.0,391.0,9.0,10.0,0.0
1207,20.117,1,184.04266610719873,1.0,208.16496597944374,7480.382506862744,0.0,0.0,208.16496597944374,7480.382506862744,960,540,1066.0,389.0,9.0,10.0,0.0
1208,20.133,1,188.59924037330515,1.0,361.16026178675116,12314.550875501329,0.0,0.0,361.16026178675116,12314.550875501329,960,540,1068.0,385.0,9.0,10.0,0.0
1209,20.15,1,196.0642277568646,1.0,617.9442548003983,9636.855275028132,0.0,0.0,617.9442548003983,9636.855275028132,960,540,1071.0,380.0,9.0,10.0,0.0
1210,20.167,1,209.19687154869132,1.0,673.4195405176611,13505.373080401194,0.0,0.0,673.4195405176611,13505.373080401194,960,540,1076.0,369.0,9.0,10.0,0.0
1211,20.183,1,218.0907932589277,1.0,637.2021112741581,14315.88955942143,0.0,0.0,637.2021112741581,14315.88955942143,960,540,1083.0,358.0,9.0,10.0,0.0
1212,20.2,1,225.51726382070868,1.0,649.2397437757191,3987.326862724261,0.0,0.0,649.2397437757191,3987.326862724261,960,540,1089.0,344.0,9.0,10.0,0.0
1214,20.233,1,231.82402036293294,1.0,607.6132631460736,6658.323010047074,0.0,0.0,607.6132631460736,6658.323010047074,960,540,1060.0,341.0,9.0,10.0,0.0
1215,20.25,1,239.04398119030452,1.0,550.0018552844415,16083.538294841115,0.0,0.0,550.0018552844415,16083.538294841115,960,540,1070.0,328.0,9.0,10.0,0.0
1216,20.267,1,247.9613842366637,1.0,630.8853513362061,11668.87539830737,0.0,0.0,630.8853513362061,11668.87539830737,960,540,1077.0,319.0,9.0,10.0,0.0
1217,20.283,1,260.00010901794326,1.0,562.1623703275109,9812.788407304362,0.0,0.0,562.1623703275109,9812.788407304362,960,540,1082.0,310.0,9.0,10.0,0.0
1218,20.3,1,266.21014068263366,1.0,303.8964646462538,11994.258830705487,0.0,0.0,303.8964646462538,11994.258830705487,960,540,1086.0,305.0,9.0,10.0,0.0
1219,20.317,1,270.0822835901997,1.0,162.43051889774006,7367.939373545668,0.0,0.0,162.43051889774006,7367.939373545668,960,540,1087.0,302.0,9.0,10.0,0.0
1220,20.333,1,271.523780294298,1.0,62.023695274553745,4380.662516290569,0.0,0.0,62.023695274553745,4380.662516290569,960,540,1089.0,301.0,9.0,10.0,0.0
1221,20.35,1,271.9821631139702,1.0,28.571428571428896,1706.7692358634372,0.0,0.0,28.571428571428896,1706.7692358634372,960,540,1090.0,301.0,9.0,10.0,0.0
1222,20.367,1,271.9770440159527,1.0,14.069796859711756,901.0198303555369,0.0,0.0,14.069796859711756,901.0198303555369,960,540,1089.0,301.0,9.0,10.0,0.0
1223,20.383,1,272.0188902337319,1.0,12.936264483055595,697.6637398328241,0.0,0.0,12.936264483055595,697.6637398328241,960,540,1090.0,301.0,9.0,10.0,0.0
1224,20.4,1,272.376427701347,1.0,19.16629694999689,230.79277744871163,0.0,0.0,19.16629694999689,230.79277744871163,960,540,1090.0,301.0,9.0,10.0,0.0
1225,20.417,1,272.6574021678418,1.0,7.142857142855519,574.9889084999066,0.0,0.0,7.142857142855519,574.9889084999066,960,540,1090.0,300.0,9.0,10.0,0.0
1226,20.433,1,272.6119732914524,1.0,0.0,257.1428571427987,0.0,0.0,0.0,257.1428571427987,960,540,1090.0,300.0,9.0,10.0,0.0
1227,20.45,1,272.6574021678418,1.0,5.150787536375956,1345.7415829807935,0.0,0.0,5.150787536375956,1345.7415829807935,960,540,1090.0,301.0,9.0,10.0,0.0
1228,20.467,1,272.59643907084416,1.0,44.858052766026454,1176.8168758064805,0.0,0.0,44.858052766026454,1176.8168758064805,960,540,1090.0,301.0,9.0,10.0,0.0
1229,20.483,1,274.1354168241853,1.0,41.52697672498495,20541.272539719,0.0,0.0,41.52697672498495,20541.272539719,960,540,1090.0,301.0,9.0,10.0,0.0
1230,20.5,1,271.33817208074174,1.0,639.9824614943717,54963.930658837395,0.0,0.0,639.9824614943717,54963.930658837395,960,540,1089.0,303.0,9.0,10.0,0.0
1231,20.517,1,252.86333505107518,1.0,1868.891409911472,25271.218605281927,0.0,0.0,1868.891409911472,25271.218605281927,960,540,1087.0,309.0,9.0,10.0,0.0
1233,20.55,1,209.1335976786239,1.0,1367.14360352273,91496.9889099743,0.0,0.0,1367.14360352273,91496.9889099743,960,540,1072.0,339.0,9.0,10.0,0.0
1235,20.583,1,211.22171884650396,1.0,1587.0168395387602,103149.58426815917,0.0,0.0,1587.0168395387602,103149.58426815917,960,540,1050.0,380.0,10.0,9.0,0.0
1237,20.617,1,240.09937946221464,1.0,2574.002679858429,43923.86734395047,0.0,0.0,2574.002679858429,43923.86734395047,960,540,1073.0,398.0,9.0,10.0,0.0
1239,20.65,1,285.5079771016249,1.0,2689.512891182474,35898.86303696711,0.0,0.0,2689.512891182474,35898.86303696711,960,540,1211.0,276.0,10.0,10.0,0.0
1241,20.683,1,325.003764150537,1.0,1411.0446267838345,104977.1957743815,0.0,0.0,1411.0446267838345,104977.1957743815,960,540,1187.0,310.0,10.0,10.0,0.0
1242,20.7,1,330.7930414642651,1.0,872.1917033238083,78587.91775029068,0.0,0.0,872.1917033238083,78587.91775029068,960,540,1180.0,320.0,10.0,10.0,0.0
1243,20.717,1,296.32760567760425,1.0,1245.0268417727552,13416.750115934865,0.0,0.0,1245.0268417727552,13416.750115934865,960,540,1174.0,330.0,10.0,10.0,0.0
1244,20.733,1,289.4393086273617,1.0,424.96818608418283,26903.53515955825,0.0,0.0,424.96818608418283,26903.53515955825,960,540,1167.0,340.0,10.0,10.0,0.0
1245,20.75,1,282.38967705143835,1.0,350.07287870980184,6891.476545675385,0.0,0.0,350.07287870980184,6891.476545675385,960,540,1163.0,344.0,10.0,10.0,0.0
1246,20.767,1,277.95978844237504,1.0,195.3437577028524,7510.156388491074,0.0,0.0,195.3437577028524,7510.156388491074,960,540,1161.0,347.0,10.0,10.0,0.0
1247,20.783,1,276.01972143547164,1.0,100.46829127153028,4125.208714571445,0.0,0.0,100.46829127153028,4125.208714571445,960,540,1160.0,350.0,10.0,10.0,0.0
1248,20.8,1,274.7489020609065,1.0,58.01125858356314,2142.8571428572614,0.0,0.0,58.01125858356314,2142.8571428572614,960,540,1159.0,351.0,10.0,10.0,0.0
1249,20.817,1,274.1067951499788,1.0,35.28311152921887,691.0506641397948,0.0,0.0,35.28311152921887,691.0506641397948,960,540,1159.0,351.0,10.0,10.0,0.0
1250,20.833,1,273.5977027459222,1.0,37.71536794984071,2021.567385440393,0.0,0.0,37.71536794984071,2021.567385440393,960,540,1158.0,351.0,10.0,10.0,0.0
1251,20.85,1,272.94002314762815,1.0,75.92961294810216,2618.497777781242,0.0,0.0,75.92961294810216,2618.497777781242,960,540,1158.0,352.0,10.0,10.0,0.0
1252,20.867,1,272.0023425936206,1.0,116.77643038677574,1542.8571428572525,0.0,0.0,116.77643038677574,1542.8571428572525,960,540,1158.0,354.0,10.0,10.0,0.0
1253,20.883,1,270.6852185257718,1.0,127.27120327738709,862.4833627499058,0.0,0.0,127.27120327738709,862.4833627499058,960,540,1159.0,356.0,10.0,10.0,0.0
1254,20.9,1,269.26018151868294,1.0,103.34211066518381,1994.1240212798075,0.0,0.0,103.34211066518381,1994.1240212798075,960,540,1159.0,358.0,10.0,10.0,0.0
1255,20.917,1,268.1210171146497,1.0,61.57789160643694,3072.59114210309,0.0,0.0,61.57789160643694,3072.59114210309,960,540,1158.0,360.0,10.0,10.0,0.0
1256,20.933,1,267.77526791006756,1.0,31.200470954052737,3634.7809635606623,0.0,0.0,31.200470954052737,3634.7809635606623,960,540,1158.0,360.0,10.0,10.0,0.0
1257,20.95,1,268.6696924256958,1.0,77.9455592325972,2315.8724719041143,0.0,0.0,77.9455592325972,2315.8724719041143,960,540,1159.0,360.0,10.0,10.0,0.0
1258,20.967,1,270.27250043205663,1.0,93.906162454544,815.4127538762425,0.0,0.0,93.906162454544,815.4127538762425,960,540,1161.0,359.0,10.0,10.0,0.0
1259,20.983,1,271.7625347310531,1.0,55.787497685045544,3961.6786794468535,0.0,0.0,55.787497685045544,3961.6786794468535,960,540,1162.0,358.0,10.0,10.0,0.0
1260,21.0,1,272.1306750595936,1.0,38.33259389999454,6327.200754500473,0.0,0.0,38.33259389999454,6327.200754500473,960,540,1162.0,358.0,10.0,10.0,0.0
1261,21.017,1,270.53118153256577,1.0,155.32060325634822,7433.212835727432,0.0,0.0,155.32060325634822,7433.212835727432,960,540,1161.0,358.0,10.0,10.0,0.0
1262,21.033,1,267.00340133887966,1.0,285.6928563392201,7619.537186652354,0.0,0.0,285.6928563392201,7619.537186652354,960,540,1158.0,361.0,10.0,10.0,0.0
1263,21.05,1,261.09670148882566,1.0,409.3050356945247,5556.573602867602,0.0,0.0,409.3050356945247,5556.573602867602,960,540,1153.0,364.0,10.0,10.0,0.0
1264,21.067,1,253.49949795779253,1.0,470.72675032272394,2319.4387076117864,0.0,0.0,470.72675032272394,2319.4387076117864,960,540,1147.0,368.0,10.0,10.0,0.0
1265,21.083,1,245.62313739463335,1.0,483.39150482686017,824.3736026429393,0.0,0.0,483.39150482686017,824.3736026429393,960,540,1139.0,373.0,10.0,10.0,0.0
1266,21.1,1,237.7179153034875,1.0,460.17299320306586,3193.648032438903,0.0,0.0,460.17299320306586,3193.648032438903,960,540,1133.0,377.0,10.0,10.0,0.0
1267,21.117,1,230.70105126914677,1.0,378.52560369553146,5402.210431945281,0.0,0.0,378.52560369553146,5402.210431945281,960,540,1127.0,380.0,10.0,10.0,0.0
1268,21.133,1,225.52337214404204,1.0,280.14937706407795,5828.0987203272825,0.0,0.0,280.14937706407795,5828.0987203272825,960,540,1121.0,383.0,10.0,10.0,0.0
1269,21.15,1,221.6726202463748,1.0,185.0592844888083,5926.850008259903,0.0,0.0,185.0592844888083,5926.850008259903,960,540,1118.0,385.0,10.0,10.0,0.0
1270,21.167,1,219.48116515867724,1.0,85.06899960548222,4696.720523244698,0.0,0.0,85.06899960548222,4696.720523244698,960,540,1117.0,386.0,10.0,10.0,0.0
1271,21.183,1,218.84235206351036,1.0,32.103150077495314,1733.993856355276,0.0,0.0,32.103150077495314,1733.993856355276,960,540,1116.0,387.0,10.0,10.0,0.0
1272,21.2,1,218.43961685818806,1.0,27.292818820772705,463.5708782739212,0.0,0.0,27.292818820772705,463.5708782739212,960,540,1116.0,387.0,10.0,10.0,0.0
1273,21.217,1,217.93294023600333,1.0,35.28311152922377,523.1380978172074,0.0,0.0,35.28311152922377,523.1380978172074,960,540,1116.0,387.0,10.0,10.0,0.0
1274,21.233,1,217.2922888082094,1.0,44.62999814803639,326.3902759656159,0.0,0.0,44.62999814803639,326.3902759656159,960,540,1115.0,388.0,10.0,10.0,0.0
1275,21.25,1,216.45023203463177,1.0,44.62999814803749,677.6309271787844,0.0,0.0,44.62999814803749,677.6309271787844,960,540,1114.0,388.0,10.0,10.0,0.0
1276,21.267,1,215.80963413606244,1.0,24.9897938350535,1467.1922373104776,0.0,0.0,24.9897938350535,1467.1922373104776,960,540,1114.0,389.0,10.0,10.0,0.0
1277,21.283,1,215.644002005405,1.0,26.95423180587422,1050.6557718971376,0.0,0.0,26.95423180587422,1050.6557718971376,960,540,1114.0,389.0,10.0,10.0,0.0
1278,21.3,1,215.6166340517787,1.0,25.75393768188735,609.11444586658,0.0,0.0,25.75393768188735,609.11444586658,960,540,1114.0,389.0,10.0,10.0,0.0
1279,21.317,1,215.82213744502204,1.0,28.06697529198422,388.0879344915436,0.0,0.0,28.06697529198422,388.0879344915436,960,540,1115.0,390.0,10.0,10.0,0.0
1280,21.333,1,216.09946164732364,1.0,35.4849781382079,2331.6806586402,0.0,0.0,35.4849781382079,2331.6806586402,960,540,1115.0,390.0,10.0,10.0,0.0
1281,21.35,1,215.74035372817352,1.0,72.42166774648979,5826.365128640859,0.0,0.0,72.42166774648979,5826.365128640859,960,540,1115.0,390.0,10.0,10.0,0.0
1282,21.367,1,214.03516039805578,1.0,202.15673854406532,10168.348249467625,0.0,0.0,202.15673854406532,10168.348249467625,960,540,1115.0,392.0,10.0,10.0,0.0
1283,21.383,1,209.2108322616232,1.0,404.86077223899764,33879.94711221672,0.0,0.0,404.86077223899764,33879.94711221672,960,540,1112.0,396.0,10.0,10.0,0.0
1284,21.4,1,200.72261746250197,1.0,1280.4861959268671,9385.812132563216,0.0,0.0,1280.4861959268671,9385.812132563216,960,540,1107.0,402.0,10.0,10.0,0.0
1285,21.417,1,171.09136809268773,1.0,245.9176898966479,126801.59739546257,0.0,0.0,245.9176898966479,126801.59739546257,960,540,1098.0,412.0,10.0,10.0,0.0
1286,21.433,1,194.591501889753,1.0,3164.793896632632,185760.60136748257,0.0,0.0,3164.793896632632,185760.60136748257,960,540,1088.0,422.0,10.0,10.0,0.0
1287,21.45,1,229.9480864216517,1.0,5997.2510709626995,123258.82673199195,0.0,0.0,5997.2510709626995,123258.82673199195,960,540,1076.0,433.0,10.0,10.0,0.0
1290,21.5,1,300.62538368406626,1.0,6854.535367334601,51317.20083988216,0.0,0.0,6854.535367334601,51317.20083988216,960,540,1343.0,457.0,10.0,9.0,0.0
1292,21.533,1,383.0340416953887,1.0,5729.122524257908,150451.70762251347,0.0,0.0,5729.122524257908,150451.70762251347,960,540,1361.0,672.0,11.0,9.0,0.0
1293,21.55,1,436.57202328971255,1.0,3160.6628728667743,181947.75264860265,0.0,0.0,3160.6628728667743,181947.75264860265,960,540,1351.0,680.0,11.0,9.0,0.0
1294,21.567,1,420.81174121208886,1.0,1356.9450983735378,103517.18579589551,0.0,0.0,1356.9450983735378,103517.18579589551,960,540,1342.0,689.0,11.0,9.0,0.0
1295,21.583,1,407.21088264908406,1.0,479.1339977032385,30225.83365944005,0.0,0.0,479.1339977032385,30225.83365944005,960,540,1337.0,695.0,11.0,9.0,0.0
1296,21.6,1,404.9305671005041,1.0,369.7655076021064,14120.566849926347,0.0,0.0,369.7655076021064,14120.566849926347,960,540,1333.0,699.0,11.0,9.0,0.0
1297,21.617,1,402.8071847893409,1.0,297.8151734734514,3326.608863484199,0.0,0.0,297.8151734734514,3326.608863484199,960,540,1327.0,704.0,11.0,9.0,0.0
1298,21.633,1,400.6761320715168,1.0,270.2870733883122,2037.4053126865153,0.0,0.0,270.2870733883122,2037.4053126865153,960,540,1325.0,707.0,11.0,9.0,0.0
1299,21.65,1,398.5165491034184,1.0,239.3187610442529,1206.868100599683,0.0,0.0,239.3187610442529,1206.868100599683,960,540,1321.0,708.0,11.0,9.0,0.0
1300,21.667,1,396.4890272792358,1.0,239.1225456470698,395.1233338837135,0.0,0.0,239.1225456470698,395.1233338837135,960,540,1318.0,711.0,11.0,9.0,0.0
1301,21.683,1,394.16068008282645,1.0,248.67403465219363,971.6386327503297,0.0,0.0,248.67403465219363,971.6386327503297,960,540,1314.0,713.0,11.0,9.0,0.0
1302,21.7,1,391.99343439362605,1.0,207.31519924196465,3448.069557515788,0.0,0.0,207.31519924196465,3448.069557515788,960,540,1311.0,715.0,11.0,9.0,0.0
1303,21.717,1,390.3169158319695,1.0,133.78325449649665,4530.10339117036,0.0,0.0,133.78325449649665,4530.10339117036,960,540,1308.0,717.0,11.0,9.0,0.0
1304,21.733,1,389.55999366224944,1.0,59.60756012864633,3566.4250665199224,0.0,0.0,59.60756012864633,3566.4250665199224,960,540,1306.0,717.0,11.0,9.0,0.0
1305,21.75,1,389.7357090420308,1.0,26.068982272705213,763.0497349187685,0.0,0.0,26.068982272705213,763.0497349187685,960,540,1307.0,718.0,11.0,9.0,0.0
1306,21.767,1,389.8238598692442,1.0,34.58205267688111,1642.608676862997,0.0,0.0,34.58205267688111,1642.608676862997,960,540,1307.0,718.0,11.0,9.0,0.0
1307,21.783,1,389.51482700086655,1.0,67.15805299167515,1800.5101317944927,0.0,0.0,67.15805299167515,1800.5101317944927,960,540,1307.0,719.0,11.0,9.0,0.0
1308,21.8,1,388.59250934879793,1.0,86.29564748879598,488.6466107566623,0.0,0.0,86.29564748879598,488.6466107566623,960,540,1304.0,719.0,11.0,9.0,0.0
1309,21.817,1,387.5462813412175,1.0,71.4285714285702,1843.355414366279,0.0,0.0,71.4285714285702,1843.355414366279,960,540,1303.0,720.0,11.0,9.0,0.0
1310,21.833,1,386.8756912155569,1.0,24.94892742367763,2572.1427579639108,0.0,0.0,24.94892742367763,2572.1427579639108,960,540,1303.0,720.0,11.0,9.0,0.0
1311,21.85,1,387.0264570517758,1.0,16.28822035855541,1622.3565626357483,0.0,0.0,16.28822035855541,1622.3565626357483,960,540,1302.0,720.0,11.0,9.0,0.0
1312,21.867,1,387.40585280114266,1.0,30.033994345190404,368.6710828727791,0.0,0.0,30.033994345190404,368.6710828727791,960,540,1303.0,720.0,11.0,9.0,0.0
1313,21.883,1,387.8897674021953,1.0,6.388765650008623,6686.4010636274525,0.0,0.0,6.388765650008623,6686.4010636274525,960,540,1303.0,720.0,11.0,9.0,0.0
1314,21.9,1,387.5302606866285,1.0,193.59646648825117,13364.008930477834,0.0,0.0,193.59646648825117,13364.008930477834,960,540,1303.0,720.0,11.0,9.0,0.0
1315,21.917,1,381.7098095213267,1.0,440.4265094247681,9608.510258502762,0.0,0.0,440.4265094247681,9608.510258502762,960,540,1300.0,719.0,11.0,9.0,0.0
1316,21.933,1,373.4455279666326,1.0,513.8490209453857,2120.454321746339,0.0,0.0,513.8490209453857,2120.454321746339,960,540,1291.0,718.0,11.0,9.0,0.0
1317,21.95,1,365.2808101923571,1.0,511.05333401132407,171.42857142812318,0.0,0.0,511.05333401132407,171.42857142812318,960,540,1275.0,714.0,11.0,9.0,0.0
1351,22.517,3,443.56660273938587,1.0,1173.6042513451857,3903.530584023792,0.0,0.0,1173.6042513451857,3903.530584023792,960,540,729.0,932.0,12.0,11.0,0.0
1353,22.55,3,427.6728198241351,1.0,1238.3942862284428,501.6299961735492,0.0,0.0,1238.3942862284428,501.6299961735492,960,540,728.0,891.0,11.0,10.0,0.0
1354,22.567,3,410.52100351999815,1.0,1168.9669257380135,15218.148403019162,0.0,0.0,1168.9669257380135,15218.148403019162,960,540,726.0,873.0,11.0,10.0,0.0
1355,22.583,3,397.33263993456444,1.0,731.9264488530418,22618.057622444747,0.0,0.0,731.9264488530418,22618.057622444747,960,540,724.0,862.0,11.0,10.0,0.0
1356,22.6,3,392.21135955871273,1.0,415.08297670589553,11620.92588253404,0.0,0.0,415.08297670589553,11620.92588253404,960,540,724.0,853.0,11.0,10.0,0.0
1357,22.617,3,386.81526877076016,1.0,353.69189866842737,5045.143148390842,0.0,0.0,353.69189866842737,5045.143148390842,960,540,724.0,848.0,11.0,10.0,0.0
1358,22.633,3,382.3900076019671,1.0,272.8907982235864,5042.229827432919,0.0,0.0,272.8907982235864,5042.229827432919,960,540,724.0,840.0,11.0,10.0,0.0
1359,22.65,3,378.65005772236736,1.0,210.11172926685956,4765.629495648739,0.0,0.0,210.11172926685956,4765.629495648739,960,540,726.0,837.0,11.0,10.0,0.0
1360,22.667,3,375.6500095903309,1.0,141.45742851343158,3946.582091390098,0.0,0.0,141.45742851343158,3946.582091390098,960,540,727.0,836.0,11.0,10.0,0.0
1361,22.683,3,373.93484098987443,1.0,106.29185850136399,1928.5714285715017,0.0,0.0,106.29185850136399,1928.5714285715017,960,540,729.0,833.0,11.0,10.0,0.0
1362,22.7,3,372.23614892550887,1.0,99.07737648228135,1395.9854978489407,0.0,0.0,99.07737648228135,1395.9854978489407,960,540,730.0,833.0,11.0,10.0,0.0
1363,22.717,3,370.9050828700875,1.0,101.70987149329736,1844.8494214313957,0.0,0.0,101.70987149329736,1844.8494214313957,960,540,731.0,832.0,11.0,10.0,0.0
1364,22.733,3,369.69693109583466,1.0,140.8791637379734,1531.5058615893192,0.0,0.0,140.8791637379734,1531.5058615893192,960,540,734.0,832.0,11.0,10.0,0.0
1365,22.75,3,367.632546631013,1.0,152.47616073287736,1141.159453345566,0.0,0.0,152.47616073287736,1141.159453345566,960,540,735.0,832.0,11.0,10.0,0.0
1366,22.767,3,365.77233232295015,1.0,127.59950099064295,2007.4351591938826,0.0,0.0,127.59950099064295,2007.4351591938826,960,540,739.0,831.0,11.0,10.0,0.0
1367,22.783,3,363.98588657196996,1.0,99.48848769416955,2463.8198317377987,0.0,0.0,99.48848769416955,2463.8198317377987,960,540,741.0,830.0,11.0,10.0,0.0
1368,22.8,3,362.67007113748224,1.0,48.0008503326062,2840.8823004301307,0.0,0.0,48.0008503326062,2840.8823004301307,960,540,740.0,829.0,11.0,10.0,0.0
1369,22.817,3,362.4504720250783,1.0,5.714285714287826,1372.0980508784912,0.0,0.0,5.714285714287826,1372.0980508784912,960,540,742.0,829.0,11.0,10.0,0.0
1370,22.833,3,362.5551580523792,1.0,12.289036095772387,260.68982272712503,0.0,0.0,12.289036095772387,260.68982272712503,960,540,741.0,829.0,11.0,10.0,0.0
1371,22.85,3,362.4395547384453,1.0,9.58314847499997,516.0683390909726,0.0,0.0,9.58314847499997,516.0683390909726,960,540,742.0,830.0,11.0,10.0,0.0
1372,22.867,3,362.6970087847515,1.0,9.147320339189834,632.7781311528547,0.0,0.0,9.147320339189834,632.7781311528547,960,540,741.0,829.0,11.0,10.0,0.0
1373,22.883,3,362.73501569324344,1.0,14.356965173029973,3395.4651630474796,0.0,0.0,14.356965173029973,3395.4651630474796,960,540,742.0,829.0,11.0,10.0,0.0
1374,22.9,3,362.94613644339006,1.0,108.2891066185517,8959.603216433019,0.0,0.0,108.2891066185517,8959.603216433019,960,540,741.0,829.0,11.0,10.0,0.0
1375,22.917,3,360.2091386719203,1.0,298.984676421204,9952.642967615024,0.0,0.0,298.984676421204,9952.642967615024,960,540,741.0,827.0,11.0,10.0,0.0
1376,22.933,3,354.7376310008185,1.0,434.8304853852886,10450.554130411048,0.0,0.0,434.8304853852886,10450.554130411048,960,540,741.0,822.0,11.0,10.0,0.0
1377,22.95,3,347.76922066077475,1.0,640.7664415784067,12750.990357695378,0.0,0.0,640.7664415784067,12750.990357695378,960,540,743.0,807.0,11.0,10.0,0.0
1378,22.967,3,335.70218147716355,1.0,853.7265250604728,8124.0007234800405,0.0,0.0,853.7265250604728,8124.0007234800405,960,540,746.0,800.0,11.0,10.0,0.0
1379,22.983,3,322.1380283311061,1.0,911.0052756405398,1973.291045695318,0.0,0.0,911.0052756405398,1973.291045695318,960,540,748.0,789.0,11.0,10.0,0.0
1381,23.017,3,308.8185444950427,1.0,898.8064648323889,5041.865543949389,0.0,0.0,898.8064648323889,5041.865543949389,960,540,755.0,764.0,11.0,9.0,0.0
1382,23.033,3,296.5601161557828,1.0,758.0237463298923,12131.297018329848,0.0,0.0,758.0237463298923,12131.297018329848,960,540,755.0,755.0,11.0,9.0,0.0
1383,23.05,3,288.16304593594964,1.0,499.373076354501,12136.973364434,0.0,0.0,499.373076354501,12136.973364434,960,540,756.0,743.0,11.0,9.0,0.0
1384,23.067,3,283.67501606456153,1.0,354.38362702309223,6217.9791979487,0.0,0.0,354.38362702309223,6217.9791979487,960,540,757.0,739.0,11.0,9.0,0.0
1385,23.083,3,279.164488772092,1.0,292.7456233660909,3601.0202635884716,0.0,0.0,292.7456233660909,3601.0202635884716,960,540,757.0,733.0,11.0,9.0,0.0
1386,23.1,3,276.0395195013403,1.0,234.78170495077802,2874.9445424997807,0.0,0.0,234.78170495077802,2874.9445424997807,960,540,759.0,727.0,11.0,9.0,0.0
1387,23.117,3,273.1390382943511,1.0,197.04448891619606,3191.3467184797983,0.0,0.0,197.04448891619606,3191.3467184797983,960,540,758.0,725.0,11.0,9.0,0.0
1388,23.133,3,271.0658311319529,1.0,130.0313933836995,2934.3844746210566,0.0,0.0,130.0313933836995,2934.3844746210566,960,540,759.0,722.0,11.0,9.0,0.0
1389,23.15,3,270.16024890924115,1.0,99.23174278178925,1536.2955710515378,0.0,0.0,99.23174278178925,1536.2955710515378,960,540,759.0,720.0,11.0,9.0,0.0
1390,23.167,3,268.5888587724544,1.0,85.95205117995151,989.4339754814675,0.0,0.0,85.95205117995151,989.4339754814675,960,540,759.0,718.0,11.0,9.0,0.0
1391,23.183,3,267.7552991571923,1.0,70.47940790596378,697.6637398330065,0.0,0.0,70.47940790596378,697.6637398330065,960,540,759.0,718.0,11.0,9.0,0.0
1392,23.2,3,266.5705651664341,1.0,90.90250439961827,1334.7781287770533,0.0,0.0,90.90250439961827,1334.7781287770533,960,540,761.0,716.0,11.0,9.0,0.0
1393,23.217,3,264.88049759190517,1.0,111.28195482371903,739.8289929271042,0.0,0.0,111.28195482371903,739.8289929271042,960,540,760.0,715.0,11.0,9.0,0.0
1394,23.233,3,263.07501753797874,1.0,114.36604319785957,214.28571428568603,0.0,0.0,114.36604319785957,214.28571428568603,960,540,762.0,713.0,11.0,9.0,0.0
1395,23.25,3,261.3701426596448,1.0,112.45860916581532,827.7089106782856,0.0,0.0,112.45860916581532,827.7089106782856,960,540,763.0,711.0,11.0,9.0,0.0
1396,23.267,3,259.6361836220159,1.0,95.98044018423299,1711.068409515078,0.0,0.0,95.98044018423299,1711.068409515078,960,540,763.0,710.0,11.0,9.0,0.0
1397,23.283,3,258.7361266231579,1.0,80.11471367320195,1278.5514763007577,0.0,0.0,80.11471367320195,1278.5514763007577,960,540,764.0,708.0,11.0,9.0,0.0
1398,23.3,3,258.01086742567776,1.0,66.27093431282015,1030.355595443246,0.0,0.0,66.27093431282015,1030.355595443246,960,540,763.0,707.0,11.0,9.0,0.0
1399,23.317,3,257.5355247053518,1.0,49.25982757019332,471.4285714286689,0.0,0.0,49.25982757019332,471.4285714286689,960,540,763.0,706.0,11.0,9.0,0.0
1400,23.333,3,257.36150316365826,1.0,50.72937401304114,303.0457633655654,0.0,0.0,50.72937401304114,303.0457633655654,960,540,763.0,705.0,11.0,9.0,0.0
1401,23.35,3,256.6834697212075,1.0,48.76013761678462,1485.233438671034,0.0,0.0,48.76013761678462,1485.233438671034,960,540,763.0,705.0,11.0,9.0,0.0
1402,23.367,3,256.43401860067587,1.0,88.54838409891809,32203.257535821565,0.0,0.0,88.54838409891809,32203.257535821565,960,540,763.0,703.0,11.0,9.0,0.0
1403,23.383,3,254.194249646384,1.0,1064.439106875063,20549.72068929849,0.0,0.0,1064.439106875063,20549.72068929849,960,540,764.0,701.0,11.0,9.0,0.0
1404,23.4,3,232.22196942559103,1.0,773.3732103253869,169878.10816186253,0.0,0.0,773.3732103253869,169878.10816186253,960,540,766.0,699.0,11.0,9.0,0.0
1405,23.417,3,233.8254577055314,1.0,4618.228744301635,205941.2408768064,0.0,0.0,4618.228744301635,205941.2408768064,960,540,774.0,689.0,11.0,9.0,0.0
1406,23.433,3,332.71584983990994,1.0,6812.153904333561,42675.66577078337,0.0,0.0,6812.153904333561,42675.66577078337,960,540,784.0,679.0,11.0,9.0,0.0
1408,23.467,3,418.3250588660487,1.0,5525.370982096682,149895.56364349244,0.0,0.0,5525.370982096682,149895.56364349244,960,540,473.0,567.0,14.0,11.0,0.0
1411,23.517,3,471.4663885745782,1.0,3299.776739510168,223397.6618188336,0.0,0.0,3299.776739510168,223397.6618188336,960,540,364.0,640.0,14.0,11.0,0.0
1413,23.55,3,468.75037717293947,1.0,3267.4429870265826,177917.58697526698,0.0,0.0,3267.4429870265826,177917.58697526698,960,540,585.0,498.0,10.0,10.0,0.0
1414,23.567,3,385.58456666454833,1.0,4367.300104650613,60210.548943531874,0.0,0.0,4367.300104650613,60210.548943531874,960,540,599.0,491.0,10.0,10.0,0.0
1415,23.583,3,339.58439317893243,1.0,1285.7222221977545,141853.16135974712,0.0,0.0,1285.7222221977545,141853.16135974712,960,540,607.0,488.0,10.0,10.0,0.0
1416,23.6,3,350.77971135128655,1.0,390.9303398461403,31370.31613952794,0.0,0.0,390.9303398461403,31370.31613952794,960,540,613.0,486.0,10.0,10.0,0.0
1417,23.617,3,347.010141852876,1.0,245.78072191550493,18565.999206360426,0.0,0.0,245.78072191550493,18565.999206360426,960,540,618.0,484.0,10.0,10.0,0.0
1418,23.633,3,343.4689811949315,1.0,239.56167456078603,1495.0940179295692,0.0,0.0,239.56167456078603,1495.0940179295692,960,540,621.0,483.0,10.0,10.0,0.0
1419,23.65,3,340.2389049942049,1.0,242.4071461194923,2061.1567982418915,0.0,0.0,242.4071461194923,2061.1567982418915,960,540,624.0,482.0,10.0,10.0,0.0
1420,23.667,3,337.21234823246573,1.0,269.72397077042103,2016.1085976582356,0.0,0.0,269.72397077042103,2016.1085976582356,960,540,629.0,479.0,10.0,10.0,0.0
1421,23.683,3,334.09210239067147,1.0,279.2701859037137,1799.9999999997954,0.0,0.0,279.2701859037137,1799.9999999997954,960,540,632.0,476.0,10.0,10.0,0.0
1422,23.7,3,331.57372984299536,1.0,224.26296517932093,3368.5823336792487,0.0,0.0,224.26296517932093,3368.5823336792487,960,540,635.0,473.0,10.0,10.0,0.0
1423,23.717,3,330.03164831405047,1.0,167.68532239566625,2788.0210229641552,0.0,0.0,167.68532239566625,2788.0210229641552,960,540,638.0,470.0,10.0,10.0,0.0
1424,23.733,3,328.5360919576737,1.0,131.33537068069978,1764.965167026349,0.0,0.0,131.33537068069978,1764.965167026349,960,540,639.0,469.0,10.0,10.0,0.0
1425,23.75,3,327.73332724464916,1.0,112.28607778930659,670.8203932498988,0.0,0.0,112.28607778930659,670.8203932498988,960,540,640.0,468.0,10.0,10.0,0.0
1426,23.767,3,327.0175333528489,1.0,126.40233787556429,748.4678227101531,0.0,0.0,126.40233787556429,748.4678227101531,960,540,642.0,466.0,10.0,10.0,0.0
1427,23.783,3,326.2035763792766,1.0,126.49917318436108,1403.8576589280121,0.0,0.0,126.49917318436108,1403.8576589280121,960,540,642.0,464.0,10.0,10.0,0.0
1428,23.8,3,326.0397879257342,1.0,97.7293221513564,1988.5899013920914,0.0,0.0,97.7293221513564,1988.5899013920914,960,540,644.0,462.0,10.0,10.0,0.0
1429,23.817,3,326.11802115004485,1.0,62.400941908120934,2008.8071391870553,0.0,0.0,62.400941908120934,2008.8071391870553,960,540,644.0,461.0,10.0,10.0,0.0
1430,23.833,3,325.9687985012862,1.0,31.33101742780532,1695.4320381302903,0.0,0.0,31.33101742780532,1695.4320381302903,960,540,643.0,460.0,10.0,10.0,0.0
1431,23.85,3,325.9348529149213,1.0,5.890150893739003,1560.0235477030435,0.0,0.0,5.890150893739003,1560.0235477030435,960,540,644.0,460.0,10.0,10.0,0.0
1432,23.867,3,325.9693237100696,1.0,28.71393034605672,1518.8610125714404,0.0,0.0,28.71393034605672,1518.8610125714404,960,540,644.0,460.0,10.0,10.0,0.0
1433,23.883,3,326.8348380112937,1.0,47.91574237498521,8370.42899931938,0.0,0.0,47.91574237498521,8370.42899931938,960,540,643.0,460.0,10.0,10.0,0.0
1434,23.9,3,327.4232422902147,1.0,307.4118423488546,28994.05287366365,0.0,0.0,307.4118423488546,28994.05287366365,960,540,639.0,460.0,10.0,10.0,0.0
1435,23.917,3,336.87319051129685,1.0,1012.579047052908,56142.07196833733,0.0,0.0,1012.579047052908,56142.07196833733,960,540,632.0,459.0,10.0,10.0,0.0
1436,23.933,3,360.7996724334951,1.0,2177.0838012237755,65325.82856383136,0.0,0.0,2177.0838012237755,65325.82856383136,960,540,618.0,458.0,10.0,10.0,0.0
1438,23.967,3,409.140025041186,1.0,3184.5757094124137,34845.703626480616,0.0,0.0,3184.5757094124137,34845.703626480616,960,540,565.0,451.0,12.0,10.0,0.0
1440,24.0,3,466.8240162325826,1.0,3327.539079639883,17948.907078318414,0.0,0.0,3327.539079639883,17948.907078318414,960,540,506.0,441.0,13.0,11.0,0.0
1443,24.05,3,520.0340408359026,1.0,2606.8802216051236,55039.26798575828,0.0,0.0,2606.8802216051236,55039.26798575828,960,540,436.0,423.0,14.0,12.0,0.0
1444,24.067,3,553.715731319881,1.0,1499.2705709437548,60240.512844389625,0.0,0.0,1499.2705709437548,60240.512844389625,960,540,422.0,419.0,14.0,12.0,0.0
1445,24.083,3,569.9527708483681,1.0,601.3335520460761,35860.87914512468,0.0,0.0,601.3335520460761,35860.87914512468,960,540,407.0,415.0,14.0,12.0,0.0
1446,24.1,3,573.6841692753059,1.0,305.00920026272155,8506.899960548717,0.0,0.0,305.00920026272155,8506.899960548717,960,540,401.0,413.0,14.0,12.0,0.0
1447,24.117,3,580.0461198334036,1.0,320.21994991963425,2254.7908179372585,0.0,0.0,320.21994991963425,2254.7908179372585,960,540,395.0,411.0,14.0,12.0,0.0
1448,24.133,3,584.2064408519306,1.0,241.59757398430787,3841.1573511012557,0.0,0.0,241.59757398430787,3841.1573511012557,960,540,391.0,409.0,14.0,12.0,0.0
1449,24.15,3,587.8154819467815,1.0,196.51037257766419,3011.3052292441807,0.0,0.0,196.51037257766419,3011.3052292441807,960,540,387.0,407.0,14.0,12.0,0.0
1450,24.167,3,590.4693778408844,1.0,141.6088317319602,3307.505379698485,0.0,0.0,141.6088317319602,3307.505379698485,960,540,385.0,405.0,14.0,12.0,0.0
1451,24.183,3,592.3093989092878,1.0,86.30747123996298,2949.3686629860804,0.0,0.0,86.30747123996298,2949.3686629860804,960,540,384.0,405.0,14.0,12.0,0.0
1452,24.2,3,593.2418679022917,1.0,44.30874976934651,1808.1448379767714,0.0,0.0,44.30874976934651,1808.1448379767714,960,540,382.0,404.0,14.0,12.0,0.0
1453,24.217,3,593.7735678578341,1.0,26.263966158359114,1401.2385192233694,0.0,0.0,26.263966158359114,1401.2385192233694,960,540,382.0,404.0,14.0,12.0,0.0
1454,24.233,3,594.1062305277803,1.0,3.194382824999736,1477.794827105816,0.0,0.0,3.194382824999736,1477.794827105816,960,540,382.0,404.0,14.0,12.0,0.0
1455,24.25,3,593.705413411258,1.0,23.430313524082884,428.5714285713311,0.0,0.0,23.430313524082884,428.5714285713311,960,540,382.0,404.0,14.0,12.0,0.0
1456,24.267,3,593.394594788929,1.0,15.97191412499685,388.0879344917074,0.0,0.0,15.97191412499685,388.0879344917074,960,540,382.0,404.0,14.0,12.0,0.0
1457,24.283,3,593.1737097062057,1.0,20.050955496594447,326.3902759656159,0.0,0.0,20.050955496594447,326.3902759656159,960,540,383.0,405.0,14.0,12.0,0.0
1458,24.3,3,592.7347167531569,1.0,26.687916703241324,191.66296950009854,0.0,0.0,26.687916703241324,191.66296950009854,960,540,383.0,404.0,14.0,12.0,0.0
1459,24.317,3,592.2848260699783,1.0,23.947220877487588,366.1715890849059,0.0,0.0,23.947220877487588,366.1715890849059,960,540,383.0,404.0,14.0,12.0,0.0
1460,24.333,3,591.9385444138711,1.0,18.2946406783818,832.1351930978205,0.0,0.0,18.2946406783818,832.1351930978205,960,540,384.0,405.0,14.0,12.0,0.0
1461,24.35,3,591.7341592241776,1.0,22.85714285714448,923.171109794666,0.0,0.0,22.85714285714448,923.171109794666,960,540,384.0,405.0,14.0,12.0,0.0
1462,24.367,3,591.7646943800718,1.0,26.95423180587838,832.1351930977784,0.0,0.0,26.95423180587838,832.1351930977784,960,540,384.0,405.0,14.0,12.0,0.0
1463,24.383,3,592.0243682549819,1.0,23.94722087748596,2200.7883559658603,0.0,0.0,23.94722087748596,2200.7883559658603,960,540,383.0,405.0,14.0,12.0,0.0
1464,24.4,3,592.4525641908617,1.0,54.97680401397983,5357.314282971372,0.0,0.0,54.97680401397983,5357.314282971372,960,540,383.0,406.0,14.0,12.0,0.0
1465,24.417,3,593.1464679371398,1.0,172.7626660349639,9815.7827928665,0.0,0.0,172.7626660349639,9815.7827928665,960,540,383.0,404.0,14.0,12.0,0.0
1466,24.433,3,594.4693569281188,1.0,378.2235598485197,12901.779658921057,0.0,0.0,378.2235598485197,12901.779658921057,960,540,382.0,400.0,14.0,12.0,0.0
1467,24.45,3,597.0778748723922,1.0,602.1068452203663,11059.21907417582,0.0,0.0,602.1068452203663,11059.21907417582,960,540,382.0,392.0,14.0,12.0,0.0
1468,24.467,3,600.429929111835,1.0,746.0221039566025,5624.744892174347,0.0,0.0,746.0221039566025,5624.744892174347,960,540,381.0,381.0,14.0,12.0,0.0
1469,24.483,3,604.4294736874865,1.0,788.7577419653031,95.83148475006071,0.0,0.0,788.7577419653031,95.83148475006071,960,540,381.0,365.0,14.0,12.0,0.0
1470,24.5,3,608.5147003890454,1.0,748.8385564816157,4202.623087587778,0.0,0.0,748.8385564816157,4202.623087587778,960,540,381.0,353.0,14.0,12.0,0.0
1471,24.517,3,612.6886178179163,1.0,653.0306115273917,5374.25837313615,0.0,0.0,653.0306115273917,5374.25837313615,960,540,380.0,342.0,14.0,12.0,0.0
1472,24.533,3,616.9502932968697,1.0,577.5617291860768,3773.619493487967,0.0,0.0,577.5617291860768,3773.619493487967,960,540,380.0,332.0,14.0,12.0,0.0
1473,24.55,3,621.070717982014,1.0,528.086650280127,4356.487070087153,0.0,0.0,528.086650280127,4356.487070087153,960,540,378.0,322.0,14.0,12.0,0.0
1474,24.567,3,624.6358776053753,1.0,434.8868020672138,6271.217048173879,0.0,0.0,434.8868020672138,6271.217048173879,960,540,377.0,315.0,14.0,12.0,0.0
1475,24.583,3,626.9964991746963,1.0,332.53816721252025,5712.714069583467,0.0,0.0,332.53816721252025,5712.714069583467,960,540,378.0,307.0,14.0,12.0,0.0
1476,24.6,3,627.8743031766547,1.0,273.71965398851466,3557.4010233337644,0.0,0.0,273.71965398851466,3557.4010233337644,960,540,378.0,303.0,14.0,12.0,0.0
1477,24.617,3,628.3045555401237,1.0,232.66424964146398,2021.5673854406532,0.0,0.0,232.66424964146398,2021.5673854406532,960,540,380.0,300.0,14.0,12.0,0.0
1478,24.633,3,628.499947234262,1.0,211.02761208246042,1206.8681005996357,0.0,0.0,211.02761208246042,1206.8681005996357,960,540,381.0,296.0,14.0,12.0,0.0
1479,24.65,3,628.6827102071278,1.0,193.45410255644327,2388.4928216730596,0.0,0.0,193.45410255644327,2388.4928216730596,960,540,382.0,292.0,14.0,12.0,0.0
1480,24.667,3,628.819830066457,1.0,133.53131559637464,3727.5860766968053,0.0,0.0,133.53131559637464,3727.5860766968053,960,540,383.0,290.0,14.0,12.0,0.0
1481,24.683,3,628.4786168853216,1.0,76.0907084890624,2751.2149449779204,0.0,0.0,76.0907084890624,2751.2149449779204,960,540,384.0,288.0,14.0,12.0,0.0
1482,24.7,3,628.11597135353,1.0,44.49260429256363,1800.510131794276,0.0,0.0,44.49260429256363,1800.510131794276,960,540,385.0,288.0,14.0,12.0,0.0
1483,24.717,3,628.0020888363088,1.0,16.16244071283652,1333.4013588088321,0.0,0.0,16.16244071283652,1333.4013588088321,960,540,385.0,288.0,14.0,12.0,0.0
1484,24.733,3,627.9201857220302,1.0,2.020305089103962,479.15742374998325,0.0,0.0,2.020305089103962,479.15742374998325,960,540,385.0,287.0,14.0,12.0,0.0
1485,24.75,3,628.0648409554901,1.0,5.150787536375956,60.60915267315504,0.0,0.0,5.150787536375956,60.60915267315504,960,540,385.0,287.0,14.0,12.0,0.0
1486,24.767,3,628.0648409554901,1.0,1.7053025658242404e-12,422.09390579130593,0.0,0.0,1.7053025658242404e-12,422.09390579130593,960,540,385.0,288.0,14.0,12.0,0.0
1487,24.783,3,628.0648409554901,1.0,17.379321515138866,1115.1095855364283,0.0,0.0,17.379321515138866,1115.1095855364283,960,540,385.0,287.0,14.0,12.0,0.0
1488,24.8,3,628.2077826170178,1.0,37.17031951787924,940.9070742899323,0.0,0.0,37.17031951787924,940.9070742899323,960,540,385.0,287.0,14.0,12.0,0.0
1489,24.817,3,628.6075025723524,1.0,46.114321118767144,727.3098320775711,0.0,0.0,46.114321118767144,727.3098320775711,960,540,385.0,286.0,14.0,12.0,0.0
1490,24.833,3,629.1961632045955,1.0,57.37453036578048,274.419610175711,0.0,0.0,57.37453036578048,274.419610175711,960,540,385.0,285.0,14.0,12.0,0.0
1491,24.85,3,629.90626844752,1.0,54.679026311441774,422.09390579123317,0.0,0.0,54.679026311441774,422.09390579123317,960,540,384.0,285.0,14.0,12.0,0.0
1492,24.867,3,630.4575777715858,1.0,48.022103754205965,599.9999999999659,0.0,0.0,48.022103754205965,599.9999999999659,960,540,384.0,283.0,14.0,12.0,0.0
1493,24.883,3,631.2073824324214,1.0,36.505520969089176,2303.945152408336,0.0,0.0,36.505520969089176,2303.945152408336,960,540,384.0,283.0,14.0,12.0,0.0
1494,24.9,3,631.4496028243507,1.0,31.943828249994308,5967.001092744539,0.0,0.0,31.943828249994308,5967.001092744539,960,540,384.0,283.0,14.0,12.0,0.0
1495,24.917,3,630.1436272229578,1.0,166.8067438562247,11757.941302518459,0.0,0.0,166.8067438562247,11757.941302518459,960,540,384.0,283.0,14.0,12.0,0.0
1496,24.933,3,625.9033000736495,1.0,423.8525927821619,16134.163272069578,0.0,0.0,423.8525927821619,16134.163272069578,960,540,388.0,285.0,14.0,12.0,0.0
1497,24.95,3,616.0156740356509,1.0,704.0712510325977,13315.404612703262,0.0,0.0,704.0712510325977,13315.404612703262,960,540,396.0,289.0,14.0,12.0,0.0
1498,24.967,3,602.4342645334023,1.0,867.5710874831693,4935.833159618873,0.0,0.0,867.5710874831693,4935.833159618873,960,540,409.0,294.0,14.0,12.0,0.0
1499,24.983,3,587.0979726403925,1.0,868.3141066198937,3889.625132768924,0.0,0.0,868.3141066198937,3889.625132768924,960,540,426.0,302.0,14.0,12.0,0.0
1500,25.0,3,573.4925206154087,1.0,738.4622743324472,9283.7910096147,0.0,0.0,738.4622743324472,9283.7910096147,960,540,436.0,306.0,14.0,12.0,0.0
1501,25.017,3,562.482884597259,1.0,560.9394452385159,10016.934640489384,0.0,0.0,560.9394452385159,10016.934640489384,960,540,447.0,311.0,14.0,12.0,0.0
1502,25.033,3,554.8093603246575,1.0,408.96334849001704,8429.903042510145,0.0,0.0,408.96334849001704,8429.903042510145,960,540,452.0,314.0,14.0,12.0,0.0
1503,25.05,3,548.9256131737584,1.0,285.69285633923045,7398.414060610969,0.0,0.0,285.69285633923045,7398.414060610969,960,540,459.0,318.0,14.0,12.0,0.0
1504,25.067,3,545.4460593203681,1.0,163.74444997605215,7074.674579665443,0.0,0.0,163.74444997605215,7074.674579665443,960,540,461.0,320.0,14.0,12.0,0.0
1505,25.083,3,543.5855806096337,1.0,49.979587670104955,5093.513281716322,0.0,0.0,49.979587670104955,5093.513281716322,960,540,462.0,321.0,14.0,12.0,0.0
1506,25.1,3,543.7931049977412,1.0,9.999999999997726,1669.2293223557724,0.0,0.0,9.999999999997726,1669.2293223557724,960,540,463.0,321.0,14.0,12.0,0.0
1507,25.117,3,543.7200180698584,1.0,11.517511068997214,271.0523708714976,0.0,0.0,11.517511068997214,271.0523708714976,960,540,462.0,320.0,14.0,12.0,0.0
1508,25.133,3,543.9032735469214,1.0,11.15749953700806,383.32593899996834,0.0,0.0,11.15749953700806,383.32593899996834,960,540,462.0,320.0,14.0,12.0,0.0
1509,25.15,3,544.0775296560633,1.0,4.285714285715017,312.0047095405578,0.0,0.0,4.285714285715017,312.0047095405578,960,540,463.0,321.0,14.0,12.0,0.0
1510,25.167,3,544.0339646093124,1.0,18.070158058104692,1297.0925100361494,0.0,0.0,18.070158058104692,1297.0925100361494,960,540,462.0,320.0,14.0,12.0,0.0
1511,25.183,3,544.4826831867566,1.0,44.008348002141766,772.6181304566205,0.0,0.0,44.008348002141766,772.6181304566205,960,540,462.0,320.0,14.0,12.0,0.0
1512,25.2,3,544.9169984019519,1.0,39.51233338839946,1018.702656343305,0.0,0.0,39.51233338839946,1018.702656343305,960,540,462.0,319.0,14.0,12.0,0.0
1513,25.217,3,544.7429754453495,1.0,36.867108287325685,395.12333388399645,0.0,0.0,36.867108287325685,395.12333388399645,960,540,462.0,318.0,14.0,12.0,0.0
1514,25.233,3,544.6712212234327,1.0,35.28311152922377,499.7958767010262,0.0,0.0,35.28311152922377,499.7958767010262,960,540,463.0,318.0,14.0,12.0,0.0
1515,25.25,3,544.5853297747711,1.0,22.587697572631537,1022.3023235894146,0.0,0.0,22.587697572631537,1022.3023235894146,960,540,463.0,318.0,14.0,12.0,0.0
1516,25.267,3,544.7455916638415,1.0,15.185922589622287,1254.6241001403632,0.0,0.0,15.185922589622287,1254.6241001403632,960,540,463.0,317.0,14.0,12.0,0.0
1517,25.283,3,545.0452684605219,1.0,20.05095549659615,17852.45652793098,0.0,0.0,20.05095549659615,17852.45652793098,960,540,463.0,317.0,14.0,12.0,0.0
1518,25.3,3,544.4297792925177,1.0,602.7166390094218,23090.456549696602,0.0,0.0,602.7166390094218,23090.456549696602,960,540,463.0,318.0,14.0,12.0,0.0
1519,25.317,3,561.7143038802512,1.0,777.0299287698195,115035.28562478411,0.0,0.0,777.0299287698195,115035.28562478411,960,540,465.0,320.0,14.0,12.0,0.0
1520,25.333,3,518.6767067037995,1.0,3242.1238944461556,105438.50998451767,0.0,0.0,3242.1238944461556,105438.50998451767,960,540,470.0,324.0,14.0,12.0,0.0
1521,25.35,3,463.1075282981714,1.0,4244.294369371359,61672.50073524561,0.0,0.0,4244.294369371359,61672.50073524561,960,540,480.0,330.0,14.0,12.0,0.0
1523,25.383,3,394.32051836268397,1.0,4926.439497491974,28019.297286125377,0.0,0.0,4926.439497491974,28019.297286125377,960,540,728.0,332.0,10.0,10.0,0.0
1525,25.417,3,302.5846782775784,1.0,4388.439823175522,130552.88161491937,0.0,0.0,4388.439823175522,130552.88161491937,960,540,684.0,320.0,10.0,11.0,0.0
1527,25.45,3,262.72526885213085,1.0,3474.0889276976163,163505.05515495504,0.0,0.0,3474.0889276976163,163505.05515495504,960,540,750.0,374.0,11.0,9.0,0.0
1529,25.483,3,293.76394645331743,1.0,4622.666648026401,74896.9250887856,0.0,0.0,4622.666648026401,74896.9250887856,960,540,800.0,420.0,9.0,10.0,0.0
1531,25.517,3,340.33545209785046,1.0,5230.750911871147,36865.239974362856,0.0,0.0,5230.750911871147,36865.239974362856,960,540,855.0,111.0,10.0,11.0,0.0
1532,25.533,3,411.46500059180914,1.0,3782.65105178787,149365.6710006318,0.0,0.0,3782.65105178787,149365.6710006318,960,540,865.0,121.0,10.0,11.0,0.0
1533,25.55,3,449.0761214001372,1.0,383.0969398287394,148071.24870776653,0.0,0.0,383.0969398287394,148071.24870776653,960,540,874.0,129.0,10.0,11.0,0.0
1534,25.567,3,412.7591194667276,1.0,1218.5370954801235,11347.758926461722,0.0,0.0,1218.5370954801235,11347.758926461722,960,540,879.0,135.0,10.0,11.0,0.0
1535,25.583,3,408.58964605850394,1.0,210.0777309979004,33652.27347749336,0.0,0.0,210.0777309979004,33652.27347749336,960,540,882.0,140.0,10.0,11.0,0.0
1536,25.6,3,406.3709335089154,1.0,104.13883982061786,4638.283461517778,0.0,0.0,104.13883982061786,4638.283461517778,960,540,883.0,141.0,10.0,11.0,0.0
1537,25.617,3,405.252120511588,1.0,55.47567953984874,1254.6241001404367,0.0,0.0,55.47567953984874,1254.6241001404367,960,540,883.0,141.0,10.0,11.0,0.0
1538,25.633,3,404.67681178375557,1.0,73.74805428080005,2092.5523912687104,0.0,0.0,73.74805428080005,2092.5523912687104,960,540,884.0,143.0,10.0,11.0,0.0
1539,25.65,3,403.23825831699287,1.0,123.25516920070253,2891.825212772178,0.0,0.0,123.25516920070253,2891.825212772178,960,540,885.0,144.0,10.0,11.0,0.0
1540,25.667,3,401.32299634121466,1.0,169.89792854078345,3497.520987960547,0.0,0.0,169.89792854078345,3497.520987960547,960,540,887.0,145.0,10.0,11.0,0.0
1541,25.683,3,398.4248180032306,1.0,232.29116141917567,3815.2486745924716,0.0,0.0,232.29116141917567,3815.2486745924716,960,540,889.0,148.0,10.0,11.0,0.0
1542,25.7,3,394.1261035348061,1.0,276.3205769111125,1830.8579454253008,0.0,0.0,276.3205769111125,1830.8579454253008,960,540,891.0,151.0,10.0,11.0,0.0
1543,25.717,3,389.47521236027876,1.0,264.36292308499225,1575.8379695015246,0.0,0.0,264.36292308499225,1575.8379695015246,960,540,893.0,157.0,10.0,11.0,0.0
1544,25.733,3,385.4462619635561,1.0,228.14692723804833,3067.206400299947,0.0,0.0,228.14692723804833,3067.206400299947,960,540,894.0,161.0,10.0,11.0,0.0
1545,25.75,3,381.9669406691797,1.0,162.63769676235407,4314.120148194869,0.0,0.0,162.63769676235407,4314.120148194869,960,540,895.0,163.0,10.0,11.0,0.0
1546,25.767,3,380.1634121725141,1.0,86.30747123996298,3676.9830135088073,0.0,0.0,86.30747123996298,3676.9830135088073,960,540,896.0,165.0,10.0,11.0,0.0
1547,25.783,3,379.24656181503656,1.0,40.25429372458909,2626.901643552379,0.0,0.0,40.25429372458909,2626.901643552379,960,540,897.0,167.0,10.0,11.0,0.0
1548,25.8,3,378.8860896552427,1.0,1.4285714285711038,1993.6634313623242,0.0,0.0,1.4285714285711038,1993.6634313623242,960,540,897.0,166.0,10.0,11.0,0.0
1549,25.817,3,379.2935102179107,1.0,26.263966158358325,242.43661069245738,0.0,0.0,26.263966158358325,242.43661069245738,960,540,896.0,166.0,10.0,11.0,0.0
1550,25.833,3,379.7399426400671,1.0,7.142857142855007,4463.114131982444,0.0,0.0,7.142857142855007,4463.114131982444,960,540,897.0,166.0,10.0,11.0,0.0
1551,25.85,3,379.12084719788976,1.0,124.25286922322238,8916.860891774844,0.0,0.0,124.25286922322238,8916.860891774844,960,540,897.0,166.0,10.0,11.0,0.0
1552,25.867,3,376.3897302330971,1.0,304.36283395624105,10377.536572140894,0.0,0.0,304.36283395624105,10377.536572140894,960,540,899.0,168.0,10.0,11.0,0.0
1553,25.883,3,371.4917284521829,1.0,468.3318202701442,9282.900672632582,0.0,0.0,468.3318202701442,9282.900672632582,960,540,903.0,172.0,10.0,11.0,0.0
1554,25.9,3,365.451691438842,1.0,610.9811447038883,6847.627326308178,0.0,0.0,610.9811447038883,6847.627326308178,960,540,913.0,179.0,10.0,11.0,0.0
1555,25.917,3,357.98876329925,1.0,695.3563174109134,1536.2955710515964,0.0,0.0,695.3563174109134,1536.2955710515964,960,540,922.0,184.0,10.0,11.0,0.0
1556,25.933,3,350.60638433247937,1.0,662.0762025319935,2664.7356954359343,0.0,0.0,662.0762025319935,2664.7356954359343,960,540,930.0,189.0,10.0,11.0,0.0
1557,25.95,3,344.21451216572467,1.0,607.0689030589753,3435.2613304031133,0.0,0.0,607.0689030589753,3435.2613304031133,960,540,941.0,198.0,10.0,11.0,0.0
1558,25.967,3,338.1670547467628,1.0,547.5734970703755,5629.96719459759,0.0,0.0,547.5734970703755,5629.96719459759,960,540,948.0,202.0,10.0,11.0,0.0
1559,25.983,3,333.46750020975867,1.0,420.5196008438597,6747.108224102776,0.0,0.0,420.5196008438597,6747.108224102776,960,540,954.0,206.0,10.0,11.0,0.0
1560,26.0,3,330.4762453684602,1.0,323.6431645488362,4397.819496810999,0.0,0.0,323.6431645488362,4397.819496810999,960,540,961.0,210.0,10.0,11.0,0.0
1561,26.017,3,327.88331672678214,1.0,275.013914304758,3365.036312992093,0.0,0.0,275.013914304758,3365.036312992093,960,540,964.0,212.0,10.0,11.0,0.0
1562,26.033,3,326.0935274765995,1.0,217.59351731039706,3018.6157119325535,0.0,0.0,217.59351731039706,3018.6157119325535,960,540,967.0,214.0,10.0,11.0,0.0
1563,26.05,3,325.17971308952974,1.0,185.69780146622443,2092.991219498468,0.0,0.0,185.69780146622443,2092.991219498468,960,540,971.0,215.0,10.0,11.0,0.0
1564,26.067,3,324.43284893701497,1.0,153.49665953953854,2523.117605063229,0.0,0.0,153.49665953953854,2523.117605063229,960,540,974.0,216.0,10.0,11.0,0.0
1565,26.083,3,324.09778835597405,1.0,101.87026563432755,1983.0403373587933,0.0,0.0,101.87026563432755,1983.0403373587933,960,540,976.0,216.0,10.0,11.0,0.0
1566,26.1,3,323.73237876558574,1.0,88.61749953869212,388.0879344915803,0.0,0.0,88.61749953869212,388.0879344915803,960,540,977.0,217.0,10.0,11.0,0.0
1567,26.117,3,323.1979413564578,1.0,107.18094561087032,936.0141286216735,0.0,0.0,107.18094561087032,936.0141286216735,960,540,978.0,217.0,10.0,11.0,0.0
1568,26.133,3,322.641355756581,1.0,119.7361043874282,479.1574237500519,0.0,0.0,119.7361043874282,479.1574237500519,960,540,980.0,218.0,10.0,11.0,0.0
1569,26.15,3,322.10520668305844,1.0,122.9069666413577,800.6375010972753,0.0,0.0,122.9069666413577,800.6375010972753,960,540,983.0,219.0,10.0,11.0,0.0
1570,26.167,3,321.5303295716709,1.0,93.1314629314642,2484.605664109046,0.0,0.0,93.1314629314642,2484.605664109046,960,540,984.0,219.0,10.0,11.0,0.0
1571,26.183,3,321.2273303011848,1.0,40.93299651969744,2692.165504206584,0.0,0.0,40.93299651969744,2692.165504206584,960,540,985.0,220.0,10.0,11.0,0.0
1572,26.2,3,320.9575031384402,1.0,11.428571428571388,1560.0235477028411,0.0,0.0,11.428571428571388,1560.0235477028411,960,540,986.0,220.0,10.0,11.0,0.0
1573,26.217,3,320.8475524722572,1.0,12.9362644830507,1072.2853717025143,0.0,0.0,12.9362644830507,1072.2853717025143,960,540,985.0,220.0,10.0,11.0,0.0
1574,26.233,3,320.87642170239826,1.0,24.327694808464162,3347.24986110272,0.0,0.0,24.327694808464162,3347.24986110272,960,540,985.0,220.0,10.0,11.0,0.0
1575,26.25,3,321.6583164825035,1.0,102.63865683820255,4765.62949564841,0.0,0.0,102.63865683820255,4765.62949564841,960,540,985.0,219.0,10.0,11.0,0.0
1576,26.267,3,323.8338716336413,1.0,178.5714285714207,9987.09371220295,0.0,0.0,178.5714285714207,9987.09371220295,960,540,987.0,218.0,10.0,11.0,0.0
1577,26.283,3,326.701306645952,1.0,435.28550330529947,19803.75660096367,0.0,0.0,435.28550330529947,19803.75660096367,960,540,990.0,213.0,10.0,11.0,0.0
1578,26.3,3,336.01901738644415,1.0,838.4874623330951,19995.739342088455,0.0,0.0,838.4874623330951,19995.739342088455,960,540,995.0,207.0,10.0,11.0,0.0
1579,26.317,3,350.15213085061896,1.0,1101.2321485036466,10339.235751174632,0.0,0.0,1101.2321485036466,10339.235751174632,960,540,1002.0,198.0,10.0,11.0,0.0
1581,26.35,3,366.8606073366551,1.0,1181.0277433711049,1871.0468531092467,0.0,0.0,1181.0277433711049,1871.0468531092467,960,540,1024.0,173.0,10.0,11.0,0.0
1582,26.367,3,383.4627820472535,1.0,1043.0577106541677,14130.254124843123,0.0,0.0,1043.0577106541677,14130.254124843123,960,540,1033.0,163.0,10.0,11.0,0.0
1583,26.383,3,396.6385801523928,1.0,710.586133456906,17609.071178091763,0.0,0.0,710.586133456906,17609.071178091763,960,540,1043.0,153.0,10.0,11.0,0.0
1584,26.4,3,403.73521609658155,1.0,456.6604597621836,11232.496587662066,0.0,0.0,456.6604597621836,11232.496587662066,960,540,1048.0,146.0,10.0,11.0,0.0
1585,26.417,3,409.6396569255438,1.0,336.3944477689815,7438.523553304291,0.0,0.0,336.3944477689815,7438.523553304291,960,540,1054.0,141.0,10.0,11.0,0.0
1586,26.433,3,413.3090896993654,1.0,209.22110167895553,6429.142831748349,0.0,0.0,209.22110167895553,6429.142831748349,960,540,1057.0,138.0,10.0,11.0,0.0
1587,26.45,3,415.45758997796037,1.0,122.33276798327277,4100.199099197635,0.0,0.0,122.33276798327277,4100.199099197635,960,540,1058.0,137.0,10.0,11.0,0.0
1588,26.467,3,416.7019658517001,1.0,72.75903758998409,2032.440977379235,0.0,0.0,72.75903758998409,2032.440977379235,960,540,1060.0,135.0,10.0,11.0,0.0
1589,26.483,3,417.5666280833385,1.0,54.585637641554825,1485.2334386711227,0.0,0.0,54.585637641554825,1485.2334386711227,960,540,1060.0,135.0,10.0,11.0,0.0
1590,26.5,3,418.2241069428187,1.0,23.430313524083925,1558.2564825170596,0.0,0.0,23.430313524083925,1558.2564825170596,960,540,1061.0,134.0,10.0,11.0,0.0
1591,26.517,3,418.28207670376014,1.0,10.879675865519745,850.6899960550138,0.0,0.0,10.879675865519745,850.6899960550138,960,540,1061.0,134.0,10.0,11.0,0.0
1592,26.533,3,418.5131575453143,1.0,5.150787536381633,729.8308442539893,0.0,0.0,5.150787536381633,729.8308442539893,960,540,1061.0,134.0,10.0,11.0,0.0
1593,26.55,3,418.15523216377596,1.0,14.56862718169504,345.5253320700116,0.0,0.0,14.56862718169504,345.5253320700116,960,540,1060.0,134.0,10.0,11.0,0.0
1594,26.567,3,418.0280480776285,1.0,14.56862718169454,181.82745801950128,0.0,0.0,14.56862718169454,181.82745801950128,960,540,1061.0,134.0,10.0,11.0,0.0
1595,26.583,3,417.67011958983403,1.0,10.101525445523187,1594.9537770795607,0.0,0.0,10.101525445523187,1594.9537770795607,960,540,1061.0,135.0,10.0,11.0,0.0
1596,26.6,3,417.71602555388677,1.0,39.71839649845017,4217.456434334549,0.0,0.0,39.71839649845017,4217.456434334549,960,540,1061.0,134.0,10.0,11.0,0.0
1597,26.617,3,418.8821805461991,1.0,133.72222198670136,8766.878764149893,0.0,0.0,133.72222198670136,8766.878764149893,960,540,1061.0,134.0,10.0,11.0,0.0
1598,26.633,3,421.7025878060964,1.0,331.4285714285639,15080.173495456092,0.0,0.0,331.4285714285639,15080.173495456092,960,540,1064.0,131.0,10.0,11.0,0.0
1599,26.65,3,428.2518226263217,1.0,634.7183209414761,15695.605780482898,0.0,0.0,634.7183209414761,15695.605780482898,960,540,1069.0,126.0,10.0,11.0,0.0
1600,26.667,3,439.30023204814154,1.0,853.9332765598939,15397.349361073097,0.0,0.0,853.9332765598939,15397.349361073097,960,540,1078.0,119.0,10.0,11.0,0.0
1601,26.683,3,452.0041663966265,1.0,1147.8720329730204,18394.303687915733,0.0,0.0,1147.8720329730204,18394.303687915733,960,540,1093.0,105.0,10.0,11.0,0.0
1602,26.7,3,471.64651287439386,1.0,1467.0698270876599,11929.384061285034,0.0,0.0,1467.0698270876599,11929.384061285034,960,540,1109.0,93.0,10.0,11.0,0.0
1603,26.717,3,493.91285367914685,1.0,1545.4851955926113,632.7781311529869,0.0,0.0,1545.4851955926113,632.7781311529869,960,540,1122.0,80.0,10.0,11.0,0.0
1605,26.75,3,516.3829064971544,1.0,1487.686877302468,8456.00861119798,0.0,0.0,1487.686877302468,8456.00861119798,960,540,1154.0,54.0,12.0,13.0,0.0
1606,26.767,3,537.550320378265,1.0,1263.623716918604,18722.882431148533,0.0,0.0,1263.623716918604,18722.882431148533,960,540,1165.0,44.0,12.0,13.0,0.0
1607,26.783,3,553.8599841892965,1.0,863.7188223499827,19631.09777877911,0.0,0.0,863.7188223499827,19631.09777877911,960,540,1180.0,32.0,12.0,13.0,0.0
1608,26.8,3,563.4753393449324,1.0,609.8260039569132,11667.852223532922,0.0,0.0,609.8260039569132,11667.852223532922,960,540,1188.0,24.0,12.0,13.0,0.0
1609,26.817,3,572.4391856915397,1.0,474.7953372190013,8001.326420650582,0.0,0.0,474.7953372190013,8001.326420650582,960,540,1194.0,19.0,12.0,13.0,0.0
1610,26.833,3,577.8621499969463,1.0,344.0603886244531,5081.23799795275,0.0,0.0,344.0603886244531,5081.23799795275,960,540,1200.0,13.0,12.0,13.0,0.0
1611,26.85,3,582.7404664575527,1.0,308.58465580115615,2550.2700937392697,0.0,0.0,308.58465580115615,2550.2700937392697,960,540,1204.0,11.0,12.0,13.0,0.0
1612,26.867,3,586.8645171172368,1.0,270.00377926304066,1560.0235477030196,0.0,0.0,270.00377926304066,1560.0235477030196,960,540,1207.0,9.0,12.0,13.0,0.0
1613,26.883,3,590.2510265780294,1.0,294.52486815069585,2551.710110846474,0.0,0.0,294.52486815069585,2551.710110846474,960,540,1212.0,5.0,12.0,13.0,0.0
1614,26.9,3,594.6091801322159,1.0,340.1110262900628,1714.2857142856935,0.0,0.0,340.1110262900628,1714.2857142856935,960,540,1216.0,4.0,12.0,13.0,0.0
1615,26.917,3,598.6834118834423,1.0,309.65748029402,3212.856825255585,0.0,0.0,309.65748029402,3212.856825255585,960,540,1221.0,2.0,12.0,13.0,0.0
1616,26.933,3,601.5518498998355,1.0,245.75165828742743,4704.535371450073,0.0,0.0,245.75165828742743,4704.535371450073,960,540,1228.0,0.0,12.0,13.0,0.0
1617,26.95,3,603.8022475902286,1.0,155.00493738021615,6063.490609157686,0.0,0.0,155.00493738021615,6063.490609157686,960,540,1230.0,0.0,12.0,13.0,0.0
1618,26.967,3,604.5915395580854,1.0,45.80348440538543,4891.725625158886,0.0,0.0,45.80348440538543,4891.725625158886,960,540,1231.0,0.0,12.0,13.0,0.0
1619,26.983,3,604.3999685601128,1.0,9.147320339188354,1716.4272338147805,0.0,0.0,9.147320339188354,1716.4272338147805,960,540,1232.0,0.0,12.0,13.0,0.0
1620,27.0,3,604.3144370073503,1.0,11.428571428575651,422.0939057913654,0.0,0.0,11.428571428575651,422.0939057913654,960,540,1231.0,0.0,12.0,13.0,0.0
1621,27.017,3,604.228953392598,1.0,5.714285714291236,53359.07053316731,0.0,0.0,5.714285714291236,53359.07053316731,960,540,1231.0,0.0,12.0,13.0,0.0
1622,27.033,3,604.3999685601128,1.0,1778.2042076437451,85335.45929005666,0.0,0.0,1778.2042076437451,85335.45929005666,960,540,1231.0,0.0,12.0,13.0,0.0
1623,27.05,3,658.5539576927221,1.0,2842.3362767632,267675.0306637115,0.0,0.0,2842.3362767632,267675.0306637115,960,540,1232.0,0.0,12.0,13.0,0.0
1624,27.067,3,509.9756252233981,1.0,7156.123822521967,176317.77029684186,0.0,0.0,7156.123822521967,176317.77029684186,960,540,1233.0,0.0,12.0,13.0,0.0
1625,27.083,3,467.1855060381838,1.0,5994.419173238572,249492.9408841498,0.0,0.0,5994.419173238572,249492.9408841498,960,540,1231.0,0.0,12.0,13.0,0.0
1627,27.117,3,510.9781824577694,1.0,5382.2068912676,214550.51495950273,0.0,0.0,5382.2068912676,214550.51495950273,960,540,1218.0,622.0,11.0,9.0,0.0
1629,27.15,3,591.6244308006401,1.0,4911.964775849241,265296.2379634324,0.0,0.0,4911.964775849241,265296.2379634324,960,540,1595.0,13.0,17.0,17.0,0.0
1631,27.183,3,674.5556646202012,1.0,7052.379248255403,222297.35601170652,0.0,0.0,7052.379248255403,222297.35601170652,960,540,1487.0,14.0,16.0,16.0,0.0
1633,27.217,3,763.8083318480176,1.0,4705.280576769269,288970.53942064545,0.0,0.0,4705.280576769269,288970.53942064545,960,540,1395.0,11.0,14.0,15.0,0.0
1635,27.25,3,657.4509302020832,1.0,4210.545555809913,113672.66377540208,0.0,0.0,4210.545555809913,113672.66377540208,960,540,1338.0,6.0,13.0,14.0,0.0
1636,27.267,3,643.6246229975973,1.0,1107.9462522881008,118210.90802252427,0.0,0.0,1107.9462522881008,118210.90802252427,960,540,1322.0,5.0,13.0,14.0,0.0
1637,27.283,3,639.952159493122,1.0,325.57641192201663,29771.15779970135,0.0,0.0,325.57641192201663,29771.15779970135,960,540,1312.0,4.0,13.0,14.0,0.0
1638,27.3,3,639.4350344368901,1.0,122.72418054238318,7885.830744482328,0.0,0.0,122.72418054238318,7885.830744482328,960,540,1307.0,3.0,13.0,14.0,0.0
1639,27.317,3,639.375942909868,1.0,83.89741062872082,3686.710828733149,0.0,0.0,83.89741062872082,3686.710828733149,960,540,1306.0,2.0,13.0,14.0,0.0
1640,27.333,3,640.1262984790859,1.0,49.8978548473527,2341.1143343566705,0.0,0.0,49.8978548473527,2341.1143343566705,960,540,1305.0,1.0,13.0,14.0,0.0
1641,27.35,3,640.9445198697163,1.0,33.227723856036086,1143.5712054965766,0.0,0.0,33.227723856036086,1143.5712054965766,960,540,1306.0,0.0,14.0,15.0,0.0
1642,27.367,3,641.2252320253326,1.0,11.780301787479203,1054.1463322498546,0.0,0.0,11.780301787479203,1054.1463322498546,960,540,1306.0,0.0,14.0,15.0,0.0
1643,27.383,3,641.3166869577949,1.0,2.0203050891039833,461.5855548972346,0.0,0.0,2.0203050891039833,461.5855548972346,960,540,1306.0,0.0,14.0,15.0,0.0
1644,27.4,3,641.1594532130405,1.0,4.040610178208293,218.5294077255562,0.0,0.0,4.040610178208293,218.5294077255562,960,540,1305.0,0.0,14.0,15.0,0.0
1645,27.417,3,641.1851272034775,1.0,5.714285714291236,353.4090536242943,0.0,0.0,5.714285714291236,353.4090536242943,960,540,1306.0,0.0,14.0,15.0,0.0
1646,27.433,3,641.2621642240456,1.0,8.571428571426623,171.42857142812318,0.0,0.0,8.571428571426623,171.42857142812318,960,540,1306.0,0.0,14.0,15.0,0.0
1685,28.083,5,600.2102220535712,1.0,888.364698046182,13014.183785079862,0.0,0.0,888.364698046182,13014.183785079862,960,540,1239.0,5.0,14.0,13.0,0.0
1686,28.1,5,587.7211939466365,1.0,1102.5804612223887,15084.80110872529,0.0,0.0,1102.5804612223887,15084.80110872529,960,540,1239.0,14.0,14.0,13.0,0.0
1688,28.133,5,570.1404250782354,1.0,1382.3678296048865,8032.599396286959,0.0,0.0,1382.3678296048865,8032.599396286959,960,540,1243.0,54.0,12.0,13.0,0.0
1689,28.15,5,551.9945980543471,1.0,1338.3099302432745,12424.876297991877,0.0,0.0,1338.3099302432745,12424.876297991877,960,540,1247.0,69.0,12.0,13.0,0.0
1690,28.167,5,537.8941132764946,1.0,994.9187229649134,18401.34200962241,0.0,0.0,994.9187229649134,18401.34200962241,960,540,1253.0,88.0,12.0,13.0,0.0
1691,28.183,5,530.2894965142902,1.0,731.8971713210586,12376.8134107323,0.0,0.0,731.8971713210586,12376.8134107323,960,540,1257.0,100.0,12.0,13.0,0.0
1692,28.2,5,522.7714128693145,1.0,582.4087911424456,10117.372410354263,0.0,0.0,582.4087911424456,10117.372410354263,960,540,1260.0,112.0,12.0,13.0,0.0
1693,28.217,5,518.0175558884248,1.0,395.4279521052181,10016.934640489419,0.0,0.0,395.4279521052181,10016.934640489419,960,540,1262.0,120.0,12.0,13.0,0.0
1694,28.233,5,514.4516178613709,1.0,248.77249667526095,7995.011199593994,0.0,0.0,248.77249667526095,7995.011199593994,960,540,1263.0,124.0,12.0,13.0,0.0
1695,28.25,5,512.6853848656851,1.0,128.92807676992936,5425.280957645262,0.0,0.0,128.92807676992936,5425.280957645262,960,540,1265.0,127.0,12.0,13.0,0.0
1696,28.267,5,511.7908378214727,1.0,70.27642214999534,3663.220396518636,0.0,0.0,70.27642214999534,3663.220396518636,960,540,1264.0,129.0,12.0,13.0,0.0
1697,28.283,5,511.62415343337494,1.0,47.22935787090738,3661.214251572667,0.0,0.0,47.22935787090738,3661.214251572667,960,540,1265.0,129.0,12.0,13.0,0.0
1698,28.3,5,512.6510175154611,1.0,96.5739644637468,2939.700109652821,0.0,0.0,96.5739644637468,2939.700109652821,960,540,1266.0,129.0,12.0,13.0,0.0
1699,28.317,5,514.5628397968256,1.0,134.31610598334478,1188.4649677595846,0.0,0.0,134.31610598334478,1188.4649677595846,960,540,1268.0,128.0,12.0,13.0,0.0
1700,28.333,5,516.7428603023652,1.0,136.13468720801663,951.5829990502699,0.0,0.0,136.13468720801663,951.5829990502699,960,540,1270.0,126.0,12.0,13.0,0.0
1701,28.35,5,518.6770302201601,1.0,117.95017972839041,2395.7871187497335,0.0,0.0,117.95017972839041,2395.7871187497335,960,540,1272.0,126.0,12.0,13.0,0.0
1702,28.367,5,519.9192266761963,1.0,106.67516972911432,2426.2594036659925,0.0,0.0,106.67516972911432,2426.2594036659925,960,540,1274.0,125.0,12.0,13.0,0.0
1703,28.383,5,520.4251902865653,1.0,98.39528775841478,1613.2740192617237,0.0,0.0,98.39528775841478,1613.2740192617237,960,540,1275.0,126.0,12.0,13.0,0.0
1704,28.4,5,520.5717618001133,1.0,80.57193515544824,989.4339754812919,0.0,0.0,80.57193515544824,989.4339754812919,960,540,1277.0,127.0,12.0,13.0,0.0
1705,28.417,5,520.4434355571342,1.0,65.91583997176804,1058.4933458766484,0.0,0.0,65.91583997176804,1058.4933458766484,960,540,1278.0,128.0,12.0,13.0,0.0
1706,28.433,5,520.8659499991156,1.0,49.34261725477617,749.6938150515568,0.0,0.0,49.34261725477617,749.6938150515568,960,540,1278.0,128.0,12.0,13.0,0.0
1707,28.45,5,520.8854074647811,1.0,40.932996519698065,999.5917534020458,0.0,0.0,40.932996519698065,999.5917534020458,960,540,1279.0,128.0,12.0,13.0,0.0
1708,28.467,5,521.0685362801463,1.0,17.20227796970631,948.6832980505853,0.0,0.0,17.20227796970631,948.6832980505853,960,540,1280.0,128.0,12.0,13.0,0.0
1709,28.483,5,521.1981051890041,1.0,46.795255297606886,5052.237330214225,0.0,0.0,46.795255297606886,5052.237330214225,960,540,1279.0,129.0,12.0,13.0,0.0
1710,28.5,5,522.2679045971867,1.0,153.4501181997037,32192.30482267273,0.0,0.0,153.4501181997037,32192.30482267273,960,540,1278.0,127.0,12.0,13.0,0.0
1711,28.517,5,521.0511310602243,1.0,1035.7733973278998,107909.5709851748,0.0,0.0,1035.7733973278998,107909.5709851748,960,540,1272.0,123.0,12.0,13.0,0.0
1712,28.533,5,515.9596149535729,1.0,3744.6538762696755,72103.24230588214,0.0,0.0,3744.6538762696755,72103.24230588214,960,540,1262.0,117.0,12.0,13.0,0.0
1714,28.567,5,499.4313546469974,1.0,3431.755961543912,140645.2658866512,0.0,0.0,3431.755961543912,140645.2658866512,960,540,1206.0,93.0,12.0,12.0,0.0
1716,28.6,5,522.8151340570514,1.0,1951.7156241499436,203107.04928531722,0.0,0.0,1951.7156241499436,203107.04928531722,960,540,1126.0,51.0,11.0,12.0,0.0
1718,28.633,5,562.8951904794109,1.0,3965.8895082738563,116249.12902899516,0.0,0.0,3965.8895082738563,116249.12902899516,960,540,1051.0,5.0,11.0,13.0,0.0
1720,28.667,5,613.026685025446,1.0,4929.31112461622,29071.804139377895,0.0,0.0,4929.31112461622,29071.804139377895,960,540,1426.0,36.0,14.0,14.0,0.0
1722,28.7,5,662.4919628999502,1.0,3598.3037386966625,159105.30013362766,0.0,0.0,3598.3037386966625,159105.30013362766,960,540,1371.0,13.0,14.0,14.0,0.0
1723,28.717,5,687.4860509819703,1.0,538.0425595790119,154792.76798483788,0.0,0.0,538.0425595790119,154792.76798483788,960,540,1362.0,8.0,14.0,14.0,0.0
1724,28.733,5,664.2757295716591,1.0,1598.2081803554233,14083.381435330844,0.0,0.0,1598.2081803554233,14083.381435330844,960,540,1350.0,0.0,14.0,14.0,0.0
1725,28.75,5,664.461229586485,1.0,68.69037302956636,92460.25069824926,0.0,0.0,68.69037302956636,92460.25069824926,960,540,1346.0,0.0,15.0,15.0,0.0
1753,29.217,6,326.07900771803196,1.0,1034.3409614289646,10602.271608731051,0.0,0.0,1034.3409614289646,10602.271608731051,960,540,689.0,369.0,10.0,10.0,0.0
1754,29.233,6,343.30109484730156,1.0,1210.6365335337136,10892.292725424022,0.0,0.0,1210.6365335337136,10892.292725424022,960,540,676.0,360.0,10.0,10.0,0.0
1756,29.267,6,366.3768304074513,1.0,1396.3874674257381,1371.428571428362,0.0,0.0,1396.3874674257381,1371.428571428362,960,540,644.0,338.0,11.0,11.0,0.0
1757,29.283,6,389.7582715018137,1.0,1173.7155376262663,21134.48193191869,0.0,0.0,1173.7155376262663,21134.48193191869,960,540,632.0,328.0,11.0,11.0,0.0
1758,29.3,6,405.4074516015449,1.0,693.6519741372492,23012.210600780913,0.0,0.0,693.6519741372492,23012.210600780913,960,540,621.0,319.0,11.0,11.0,0.0
1759,29.317,6,412.75174411209196,1.0,409.56173689266234,11842.615885876356,0.0,0.0,409.56173689266234,11842.615885876356,960,540,614.0,314.0,11.0,11.0,0.0
1760,29.333,6,418.88630282437936,1.0,301.0525752443044,6489.992295835124,0.0,0.0,301.0525752443044,6489.992295835124,960,540,611.0,311.0,11.0,11.0,0.0
1761,29.35,6,422.6057409038574,1.0,198.3451948662553,5115.642278186467,0.0,0.0,198.3451948662553,5115.642278186467,960,540,607.0,306.0,11.0,11.0,0.0
1762,29.367,6,425.16492731586106,1.0,140.1602581304121,3983.870541294951,0.0,0.0,140.1602581304121,3983.870541294951,960,540,606.0,305.0,11.0,11.0,0.0
1763,29.383,6,426.7891326156527,1.0,73.20644557325022,2303.9451524084493,0.0,0.0,73.20644557325022,2303.9451524084493,960,540,605.0,303.0,11.0,11.0,0.0
1764,29.4,6,427.05414484627795,1.0,70.04371812646512,1218.2288917330307,0.0,0.0,70.04371812646512,1218.2288917330307,960,540,605.0,302.0,11.0,11.0,0.0
1765,29.417,6,428.4577759355494,1.0,109.33938924658494,2643.6292308500333,0.0,0.0,109.33938924658494,2643.6292308500333,960,540,605.0,301.0,11.0,11.0,0.0
1766,29.433,6,430.2968126058753,1.0,138.39458524266797,2463.8198317380284,0.0,0.0,138.39458524266797,2463.8198317380284,960,540,604.0,300.0,11.0,11.0,0.0
1767,29.45,6,432.97993438815007,1.0,175.24909385774075,883.5226340608604,0.0,0.0,175.24909385774075,883.5226340608604,960,540,601.0,296.0,11.0,11.0,0.0
1768,29.467,6,436.0995044456919,1.0,165.97270491110908,1915.1916832717304,0.0,0.0,165.97270491110908,1915.1916832717304,960,540,599.0,296.0,11.0,11.0,0.0
1769,29.483,6,438.4664783169975,1.0,111.41025490483236,2610.0668534717115,0.0,0.0,111.41025490483236,2610.0668534717115,960,540,597.0,294.0,11.0,11.0,0.0
1770,29.5,6,439.78793333134456,1.0,82.86945721299055,1716.4272338143767,0.0,0.0,82.86945721299055,1716.4272338143767,960,540,596.0,292.0,11.0,11.0,0.0
1771,29.517,6,441.06412499576174,1.0,75.07819053411922,595.3904566907363,0.0,0.0,75.07819053411922,595.3904566907363,960,540,596.0,292.0,11.0,11.0,0.0
1772,29.533,6,441.84966046041035,1.0,65.21549834578936,523.1380978171403,0.0,0.0,65.21549834578936,523.1380978171403,960,540,595.0,291.0,11.0,11.0,0.0
1773,29.55,6,443.0039618379072,1.0,66.96023797290445,644.2841305016585,0.0,0.0,66.96023797290445,644.2841305016585,960,540,595.0,289.0,11.0,11.0,0.0
1774,29.567,6,443.9207759598536,1.0,48.52939357561082,1117.57755517759,0.0,0.0,48.52939357561082,1117.57755517759,960,540,594.0,289.0,11.0,11.0,0.0
1775,29.583,6,444.5805304695233,1.0,44.10099725837869,1185.370001651845,0.0,0.0,44.10099725837869,1185.370001651845,960,540,593.0,288.0,11.0,11.0,0.0
1776,29.6,6,445.37041323898296,1.0,24.453203955177514,1355.2618543578599,0.0,0.0,24.453203955177514,1355.2618543578599,960,540,594.0,289.0,11.0,11.0,0.0
1777,29.617,6,445.1943446801047,1.0,59.47045227572111,33646.132688587175,0.0,0.0,59.47045227572111,33646.132688587175,960,540,593.0,289.0,11.0,11.0,0.0
1778,29.633,6,446.408012225011,1.0,1120.030976248048,39442.77694408974,0.0,0.0,1120.030976248048,39442.77694408974,960,540,595.0,290.0,11.0,11.0,0.0
1779,29.65,6,420.10950413535426,1.0,1267.423064524924,133322.15165698912,0.0,0.0,1267.423064524924,133322.15165698912,960,540,602.0,297.0,11.0,11.0,0.0
1780,29.667,6,407.04003435677157,1.0,3781.4350477574053,145611.85265167616,0.0,0.0,3781.4350477574053,145611.85265167616,960,540,618.0,308.0,11.0,11.0,0.0
1782,29.7,6,395.2748720698,1.0,5551.440335256999,65162.830584590316,0.0,0.0,5551.440335256999,65162.830584590316,960,540,688.0,347.0,10.0,9.0,0.0
1784,29.733,6,395.6951029675149,1.0,5804.130830182725,63032.19294089957,0.0,0.0,5804.130830182725,63032.19294089957,960,540,785.0,83.0,12.0,12.0,0.0
1786,29.767,6,401.6791428327444,1.0,4539.77276245123,151399.24311675457,0.0,0.0,4539.77276245123,151399.24311675457,960,540,875.0,140.0,10.0,11.0,0.0
1788,29.8,6,395.0994191597961,1.0,3277.450788870739,137072.7678040728,0.0,0.0,3277.450788870739,137072.7678040728,960,540,925.0,176.0,10.0,10.0,0.0
1790,29.833,6,334.76419426162937,1.0,2695.6628051712323,69141.25736047706,0.0,0.0,2695.6628051712323,69141.25736047706,960,540,962.0,209.0,10.0,10.0,0.0
1791,29.85,6,318.04955831120196,1.0,1081.6700994673374,61370.26136160549,0.0,0.0,1081.6700994673374,61370.26136160549,960,540,971.0,220.0,10.0,10.0,0.0
1792,29.867,6,307.0998013380338,1.0,651.1919996500106,18041.686422826653,0.0,0.0,651.1919996500106,18041.686422826653,960,540,979.0,233.0,10.0,10.0,0.0
1793,29.883,6,299.83457268143206,1.0,503.5810536060982,6692.441670287923,0.0,0.0,503.5810536060982,6692.441670287923,960,540,984.0,241.0,10.0,10.0,0.0
1794,29.9,6,292.5472847800844,1.0,429.33265728599173,6133.963661783713,0.0,0.0,429.33265728599173,6133.963661783713,960,540,988.0,248.0,10.0,10.0,0.0
1795,29.917,6,287.7341302404281,1.0,299.38712908411185,6537.9270258944125,0.0,0.0,299.38712908411185,6537.9270258944125,960,540,991.0,255.0,10.0,10.0,0.0
1796,29.933,6,283.8732510747309,1.0,215.06524876067397,4683.993586499424,0.0,0.0,215.06524876067397,4683.993586499424,960,540,992.0,258.0,10.0,10.0,0.0
1797,29.95,6,281.2814537715344,1.0,147.25377234348997,2666.802717617881,0.0,0.0,147.25377234348997,2666.802717617881,960,540,993.0,260.0,10.0,10.0,0.0
1798,29.967,6,279.2820768650399,1.0,140.26214524152556,1249.4896917526787,0.0,0.0,140.26214524152556,1249.4896917526787,960,540,993.0,263.0,10.0,10.0,0.0
1799,29.983,6,276.6819272899643,1.0,158.59716650838922,542.104741743254,0.0,0.0,158.59716650838922,542.104741743254,960,540,994.0,265.0,10.0,10.0,0.0
1800,30.0,6,274.0233037080184,1.0,157.16882902257396,677.6309271790109,0.0,0.0,157.16882902257396,677.6309271790109,960,540,993.0,268.0,10.0,10.0,0.0
1801,30.017,6,271.49442810082877,1.0,166.7516789989836,1465.9398322702966,0.0,0.0,166.7516789989836,1465.9398322702966,960,540,993.0,271.0,10.0,10.0,0.0
1802,30.033,6,268.6184398233898,1.0,177.20045146669372,1496.9356454207311,0.0,0.0,177.20045146669372,1496.9356454207311,960,540,994.0,273.0,10.0,10.0,0.0
1803,30.05,6,266.0864862043725,1.0,159.26489293767793,1916.629694999837,0.0,0.0,159.26489293767793,1916.629694999837,960,540,995.0,276.0,10.0,10.0,0.0
1804,30.067,6,264.0843162270294,1.0,113.87425933359793,3131.2121927329435,0.0,0.0,113.87425933359793,3131.2121927329435,960,540,996.0,279.0,10.0,10.0,0.0
1805,30.083,6,262.72163518898105,1.0,56.874369249697,3259.679463395331,0.0,0.0,56.874369249697,3259.679463395331,960,540,997.0,280.0,10.0,10.0,0.0
1806,30.1,6,262.29719949263307,1.0,11.15749953700959,2037.4053126864292,0.0,0.0,11.15749953700959,2037.4053126864292,960,540,996.0,280.0,10.0,10.0,0.0
1807,30.117,6,262.4057762001822,1.0,15.971914124997918,894.8834150495172,0.0,0.0,15.971914124997918,894.8834150495172,960,540,996.0,280.0,10.0,10.0,0.0
1808,30.133,6,262.4674302221854,1.0,20.05095549659797,637.1172320280114,0.0,0.0,20.05095549659797,637.1172320280114,960,540,996.0,280.0,10.0,10.0,0.0
1809,30.15,6,263.07265147606785,1.0,22.85714285714448,2141.9998285027423,0.0,0.0,22.85714285714448,2141.9998285027423,960,540,996.0,280.0,10.0,10.0,0.0
1810,30.167,6,263.22219302804706,1.0,52.39177377397505,30733.621820478493,0.0,0.0,52.39177377397505,30733.621820478493,960,540,996.0,280.0,10.0,10.0,0.0
1811,30.183,6,261.4119042306023,1.0,1044.6852860737074,75541.97238513654,0.0,0.0,1044.6852860737074,75541.97238513654,960,540,996.0,280.0,10.0,10.0,0.0
1812,30.2,6,292.34183855017176,1.0,2563.0211764674095,196477.73358810865,0.0,0.0,2563.0211764674095,196477.73358810865,960,540,994.0,286.0,10.0,10.0,0.0
1813,30.217,6,178.97075984589966,1.0,5510.125188399751,101682.69674003986,0.0,0.0,5510.125188399751,101682.69674003986,960,540,994.0,297.0,10.0,10.0,0.0
1814,30.233,6,147.5958276668792,1.0,2649.8844795768046,150936.31039587467,0.0,0.0,2649.8844795768046,150936.31039587467,960,540,993.0,313.0,10.0,10.0,0.0
1816,30.267,6,212.32339600193995,1.0,2423.6441612596823,136106.81654569897,0.0,0.0,2423.6441612596823,136106.81654569897,960,540,1148.0,734.0,10.0,9.0,0.0
1818,30.3,6,202.6514159138362,1.0,4812.270455697133,196187.60960689338,0.0,0.0,4812.270455697133,196187.60960689338,960,540,1134.0,233.0,11.0,9.0,0.0
1820,30.333,6,180.56074159654855,1.0,6120.995650635827,174370.625685752,0.0,0.0,6120.995650635827,174370.625685752,960,540,1118.0,279.0,10.0,10.0,0.0
1822,30.367,6,181.8803399212968,1.0,10008.087545906574,102395.57149224739,0.0,0.0,10008.087545906574,102395.57149224739,960,540,1122.0,873.0,11.0,10.0,0.0
1823,30.383,6,355.3436457514917,1.0,9522.86100038494,267323.3206345831,0.0,0.0,9522.86100038494,267323.3206345831,960,540,1119.0,882.0,11.0,10.0,0.0
1824,30.4,6,435.7642386145596,1.0,1100.0009276434948,329401.4748489311,0.0,0.0,1100.0009276434948,329401.4748489311,960,540,1119.0,891.0,11.0,10.0,0.0
1825,30.417,6,388.53007774841944,1.0,1457.3452240428815,30900.118882278668,0.0,0.0,1457.3452240428815,30900.118882278668,960,540,1119.0,895.0,11.0,10.0,0.0
1826,30.433,6,390.63268931207455,1.0,70.13107262076736,43733.18919007057,0.0,0.0,70.13107262076736,43733.18919007057,960,540,1118.0,897.0,11.0,10.0,0.0
1827,30.45,6,390.7197295114218,1.0,18.57142857143117,2237.208537623957,0.0,0.0,18.57142857143117,2237.208537623957,960,540,1119.0,897.0,11.0,10.0,0.0
1828,30.467,6,390.884391744862,1.0,49.59015702203072,2487.930046919935,0.0,0.0,49.59015702203072,2487.930046919935,960,540,1119.0,897.0,11.0,10.0,0.0
1829,30.483,6,391.68376572893743,1.0,96.39417375907306,4194.09205469593,0.0,0.0,96.39417375907306,4194.09205469593,960,540,1120.0,897.0,11.0,10.0,0.0
1830,30.5,6,393.7655442707951,1.0,172.04650534084752,4740.123997344617,0.0,0.0,172.04650534084752,4740.123997344617,960,540,1122.0,899.0,11.0,10.0,0.0
1831,30.517,6,397.3071830868734,1.0,242.85714285713638,3445.671641527316,0.0,0.0,242.85714285713638,3445.671641527316,960,540,1123.0,902.0,11.0,10.0,0.0
1832,30.533,6,401.84304705583776,1.0,277.62844058274845,1757.1428571430117,0.0,0.0,277.62844058274845,1757.1428571430117,960,540,1126.0,906.0,11.0,10.0,0.0
1833,30.55,6,406.56089847934925,1.0,289.7606330918651,818.7845646232909,0.0,0.0,289.7606330918651,818.7845646232909,960,540,1127.0,911.0,11.0,10.0,0.0
1834,30.567,6,411.48069555179814,1.0,270.6040107098315,2089.478013128547,0.0,0.0,270.6040107098315,2089.478013128547,960,540,1129.0,915.0,11.0,10.0,0.0
1835,30.583,6,415.5303826030214,1.0,220.46333398697578,3135.60852408702,0.0,0.0,220.46333398697578,3135.60852408702,960,540,1130.0,919.0,11.0,10.0,0.0
1836,30.6,6,418.79833494353113,1.0,166.40251175498338,3322.4652759966166,0.0,0.0,166.40251175498338,3322.4652759966166,960,540,1131.0,923.0,11.0,10.0,0.0
1837,30.617,6,421.02101627487065,1.0,113.9459234434836,2760.2129465321455,0.0,0.0,113.9459234434836,2760.2129465321455,960,540,1132.0,924.0,11.0,10.0,0.0
1838,30.633,6,422.4469106174759,1.0,77.35420783246212,1504.889988521111,0.0,0.0,77.35420783246212,1504.889988521111,960,540,1132.0,926.0,11.0,10.0,0.0
1839,30.65,6,423.4477669534564,1.0,65.72981183044405,818.7845646231999,0.0,0.0,65.72981183044405,818.7845646231999,960,540,1131.0,927.0,11.0,10.0,0.0
1840,30.667,6,424.429821607045,1.0,50.08156612273967,1278.5514763008332,0.0,0.0,50.08156612273967,1278.5514763008332,960,540,1132.0,928.0,11.0,10.0,0.0
1841,30.683,6,425.0102039591379,1.0,25.753937681886214,1203.0573297959804,0.0,0.0,25.753937681886214,1203.0573297959804,960,540,1132.0,929.0,11.0,10.0,0.0
1842,30.7,6,425.28573294730495,1.0,11.51751106899531,366.1715890851454,0.0,0.0,11.51751106899531,366.1715890851454,960,540,1132.0,929.0,11.0,10.0,0.0
1843,30.717,6,425.3920933757187,1.0,18.18274580193566,501.62999617387266,0.0,0.0,18.18274580193566,501.62999617387266,960,540,1132.0,929.0,11.0,10.0,0.0
1844,30.733,6,425.85107528571024,1.0,28.139593719420393,601.5286648980776,0.0,0.0,28.139593719420393,601.5286648980776,960,540,1132.0,929.0,11.0,10.0,0.0
1845,30.75,6,426.3300782268444,1.0,34.78798760539234,326.390275965589,0.0,0.0,34.78798760539234,326.390275965589,960,540,1133.0,930.0,11.0,10.0,0.0
1846,30.767,6,427.00677611493813,1.0,36.86710828732113,521.3796454537791,0.0,0.0,36.86710828732113,521.3796454537791,960,540,1133.0,931.0,11.0,10.0,0.0
1847,30.783,6,427.53360319325844,1.0,52.00078492342373,2537.635087386661,0.0,0.0,52.00078492342373,2537.635087386661,960,540,1132.0,931.0,11.0,10.0,0.0
1848,30.8,6,428.7236396370902,1.0,115.17511068998101,40086.918320174096,0.0,0.0,115.17511068998101,40086.918320174096,960,540,1134.0,932.0,11.0,10.0,0.0
1849,30.817,6,431.21101683872143,1.0,1385.9027854118744,13492.310735361276,0.0,0.0,1385.9027854118744,13492.310735361276,960,540,1133.0,934.0,11.0,10.0,0.0
1850,30.833,6,471.06323987732316,1.0,335.55315281979847,175888.14743513463,0.0,0.0,335.55315281979847,175888.14743513463,960,540,1132.0,940.0,11.0,10.0,0.0
1851,30.85,6,420.1357436399598,1.0,4524.515082823103,195426.94078267223,0.0,0.0,4524.515082823103,195426.94078267223,960,540,1129.0,946.0,11.0,10.0,0.0
1852,30.867,6,321.1781740734185,1.0,6844.753241627883,149196.8190556582,0.0,0.0,6844.753241627883,149196.8190556582,960,540,1119.0,955.0,11.0,10.0,0.0
1854,30.9,6,214.62640641604733,1.0,8342.234443493186,128910.93033247386,0.0,0.0,8342.234443493186,128910.93033247386,960,540,1104.0,557.0,10.0,9.0,0.0
1856,30.933,6,198.30495423786886,1.0,7463.725611248055,185998.03488099316,0.0,0.0,7463.725611248055,185998.03488099316,960,540,1055.0,599.0,9.0,9.0,0.0
1858,30.967,6,271.96612600863426,1.0,4563.257205826871,216563.4148536177,0.0,0.0,4563.257205826871,216563.4148536177,960,540,1314.0,474.0,11.0,9.0,0.0
1859,30.983,6,333.5446744989652,1.0,3939.940950557184,172812.60583271444,0.0,0.0,3939.940950557184,172812.60583271444,960,540,1303.0,482.0,11.0,9.0,0.0
1863,31.05,7,133.0835244866769,1.0,6.388765650004048,85.7142857146755,0.0,0.0,6.388765650004048,85.7142857146755,960,540,985.0,671.0,10.0,9.0,0.0
1864,31.067,7,133.01888942293374,1.0,5.150787536375956,596.9309261651845,0.0,0.0,5.150787536375956,596.9309261651845,960,540,985.0,670.0,10.0,9.0,0.0
1865,31.083,7,132.9632022475672,1.0,13.552618543578923,1610.995382503791,0.0,0.0,13.552618543578923,1610.995382503791,960,540,985.0,671.0,10.0,9.0,0.0
1866,31.1,7,133.24004389466464,1.0,48.57142857142515,1903.648484101121,0.0,0.0,48.57142857142515,1903.648484101121,960,540,985.0,671.0,10.0,9.0,0.0
1867,31.117,7,133.98467607915572,1.0,76.73170858283383,1245.8093017500114,0.0,0.0,76.73170858283383,1245.8093017500114,960,540,986.0,671.0,10.0,9.0,0.0
1868,31.133,7,134.89535710918486,1.0,90.09065728815831,463.5708782739496,0.0,0.0,90.09065728815831,463.5708782739496,960,540,988.0,672.0,10.0,9.0,0.0
1869,31.15,7,135.88216850941424,1.0,90.73396861828637,666.7006794045969,0.0,0.0,90.73396861828637,666.7006794045969,960,540,989.0,673.0,10.0,9.0,0.0
1870,31.167,7,137.05923376442286,1.0,86.0113898485161,670.8203932496929,0.0,0.0,86.0113898485161,670.8203932496929,960,540,990.0,674.0,10.0,9.0,0.0
1871,31.183,7,138.21007540447494,1.0,81.87845646232927,548.8392203514061,0.0,0.0,81.87845646232927,548.8392203514061,960,540,991.0,674.0,10.0,9.0,0.0
1872,31.2,7,139.424969053125,1.0,84.86483851588135,609.1144458665945,0.0,0.0,84.86483851588135,609.1144458665945,960,540,992.0,676.0,10.0,9.0,0.0
1873,31.217,7,140.81653685613134,1.0,83.11536118736586,729.8308442539669,0.0,0.0,83.11536118736586,729.8308442539669,960,540,993.0,677.0,10.0,9.0,0.0
1874,31.233,7,142.096403033652,1.0,61.49498071437518,1236.9316876853645,0.0,0.0,61.49498071437518,1236.9316876853645,960,540,993.0,678.0,10.0,9.0,0.0
1875,31.25,7,142.7751272506919,1.0,44.492604292561325,1074.8516746273003,0.0,0.0,44.492604292561325,1074.8516746273003,960,540,994.0,679.0,10.0,9.0,0.0
1876,31.267,7,143.3972014009148,1.0,33.319725113401745,1072.2853717025396,0.0,0.0,33.319725113401745,1072.2853717025396,960,540,994.0,679.0,10.0,9.0,0.0
1877,31.283,7,143.5580030049087,1.0,28.713930346059946,2551.7101108462725,0.0,0.0,28.713930346059946,2551.7101108462725,960,540,995.0,679.0,10.0,9.0,0.0
1878,31.3,7,143.53556371118148,1.0,69.29675906076588,6075.444050286518,0.0,0.0,69.29675906076588,6075.444050286518,960,540,995.0,679.0,10.0,9.0,0.0
1879,31.317,7,141.52912891368268,1.0,199.20249158346266,9870.549888534033,0.0,0.0,199.20249158346266,9870.549888534033,960,540,995.0,677.0,10.0,9.0,0.0
1880,31.333,7,136.93317303543023,1.0,386.4147079636164,27234.626818799057,0.0,0.0,386.4147079636164,27234.626818799057,960,540,995.0,674.0,10.0,9.0,0.0
1881,31.35,7,128.66008407256774,1.0,911.540521561734,18390.45892825383,0.0,0.0,911.540521561734,18390.45892825383,960,540,992.0,664.0,10.0,9.0,0.0
1882,31.367,7,133.10490637002667,1.0,942.0700177626278,153141.87899474494,0.0,0.0,942.0700177626278,153141.87899474494,960,540,988.0,655.0,10.0,9.0,0.0
1883,31.383,7,100.3021738403395,1.0,4428.811975033933,167377.62084336192,0.0,0.0,4428.811975033933,167377.62084336192,960,540,983.0,642.0,10.0,9.0,0.0
1884,31.4,7,107.87399216651255,1.0,6292.107138701471,56597.39663732368,0.0,0.0,6292.107138701471,56597.39663732368,960,540,981.0,631.0,10.0,9.0,0.0
1887,31.45,7,193.9171340425669,1.0,6287.740582486941,56843.77624647352,0.0,0.0,6287.740582486941,56843.77624647352,960,540,1231.0,424.0,9.0,9.0,0.0
1888,31.467,7,283.250103822032,1.0,4397.495808725146,169388.93598063788,0.0,0.0,4397.495808725146,169388.93598063788,960,540,1229.0,410.0,9.0,9.0,0.0
1889,31.483,7,330.0738081412411,1.0,714.6641854460404,156233.3850758046,0.0,0.0,714.6641854460404,156233.3850758046,960,540,1228.0,404.0,9.0,9.0,0.0
1890,31.5,7,301.0301172960515,1.0,860.4472021890915,17984.73842808349,0.0,0.0,860.4472021890915,17984.73842808349,960,540,1226.0,399.0,9.0,9.0,0.0
1891,31.517,7,301.5151835242989,1.0,172.72131617500435,26637.498503623716,0.0,0.0,172.72131617500435,26637.498503623716,960,540,1225.0,397.0,9.0,9.0,0.0
1892,31.533,7,301.7883394269221,1.0,167.60619539472202,670.8203932497387,0.0,0.0,167.60619539472202,670.8203932497387,960,540,1224.0,395.0,9.0,9.0,0.0
1893,31.55,7,302.4890582905234,1.0,176.36349291350777,776.1758689831606,0.0,0.0,176.36349291350777,776.1758689831606,960,540,1224.0,390.0,9.0,9.0,0.0
1894,31.567,7,303.39820641415946,1.0,191.32726530471305,827.7089106781347,0.0,0.0,191.32726530471305,827.7089106781347,960,540,1222.0,389.0,9.0,9.0,0.0
1895,31.583,7,304.0804658395793,1.0,174.8351993700814,1557.6670153188218,0.0,0.0,174.8351993700814,1557.6670153188218,960,540,1222.0,385.0,9.0,9.0,0.0
1896,31.6,7,304.206711556483,1.0,145.19515368310815,2077.1349970377205,0.0,0.0,145.19515368310815,2077.1349970377205,960,540,1221.0,383.0,9.0,9.0,0.0
1897,31.617,7,304.6943079796419,1.0,105.60805473300447,2738.1656305650986,0.0,0.0,105.60805473300447,2738.1656305650986,960,540,1219.0,380.0,9.0,9.0,0.0
1898,31.633,7,304.71690515993635,1.0,55.47567953985383,2523.117605062956,0.0,0.0,55.47567953985383,2523.117605062956,960,540,1219.0,380.0,9.0,9.0,0.0
1899,31.65,7,304.603783385249,1.0,21.80619646068121,1274.2344640561087,0.0,0.0,21.80619646068121,1274.2344640561087,960,540,1219.0,379.0,9.0,9.0,0.0
1900,31.667,7,304.7196771340066,1.0,14.568627181694037,479.157423750029,0.0,0.0,14.568627181694037,479.157423750029,960,540,1219.0,379.0,9.0,9.0,0.0
1901,31.683,7,304.7747169925911,1.0,21.852940772538883,808.6269541761236,0.0,0.0,21.852940772538883,808.6269541761236,960,540,1218.0,379.0,9.0,9.0,0.0
1902,31.7,7,305.21882414465364,1.0,34.87587318781215,1095.1656290726573,0.0,0.0,34.87587318781215,1095.1656290726573,960,540,1219.0,378.0,9.0,9.0,0.0
1903,31.717,7,305.8448022836099,1.0,53.62378394035272,249.89793835048238,0.0,0.0,53.62378394035272,249.89793835048238,960,540,1219.0,378.0,9.0,9.0,0.0
1904,31.733,7,306.9353193254781,1.0,42.61838254336208,5757.071959861083,0.0,0.0,42.61838254336208,5757.071959861083,960,540,1220.0,377.0,9.0,9.0,0.0
1905,31.75,7,307.1931667914445,1.0,144.84333549298506,12774.735909247805,0.0,0.0,144.84333549298506,12774.735909247805,960,540,1219.0,377.0,9.0,9.0,0.0
1906,31.767,7,302.3272280732705,1.0,388.61344310673246,9960.759744812663,0.0,0.0,388.61344310673246,9960.759744812663,960,540,1218.0,377.0,9.0,9.0,0.0
1907,31.783,7,294.55285301615186,1.0,475.69927046230384,2606.898227270349,0.0,0.0,475.69927046230384,2606.898227270349,960,540,1211.0,380.0,9.0,9.0,0.0
1908,31.8,7,286.8016807510598,1.0,474.8791468169849,121.21830534652713,0.0,0.0,474.8791468169849,121.21830534652713,960,540,1195.0,386.0,9.0,9.0,0.0
2006,33.433,8,494.1265203777172,1.0,3345.792362148648,15977.152053952115,0.0,0.0,3345.792362148648,15977.152053952115,960,540,634.0,937.0,13.0,13.0,0.0
2008,33.467,8,462.79748782726756,1.0,3588.3328514870536,9717.331455304338,0.0,0.0,3588.3328514870536,9717.331455304338,960,540,625.0,854.0,12.0,11.0,0.0
2010,33.5,8,436.49334463345235,1.0,3480.3383602806284,44014.807341462605,0.0,0.0,3480.3383602806284,44014.807341462605,960,540,608.0,781.0,12.0,10.0,0.0
2013,33.55,8,424.09476222530645,1.0,2190.8795177335883,83406.5736654621,0.0,0.0,2190.8795177335883,83406.5736654621,960,540,581.0,735.0,13.0,11.0,0.0
2014,33.567,8,426.06963171031094,1.0,768.1849798488241,63228.11471011867,0.0,0.0,768.1849798488241,63228.11471011867,960,540,576.0,730.0,13.0,11.0,0.0
2015,33.583,8,428.9816158734193,1.0,120.44136519062718,19728.488672631254,0.0,0.0,120.44136519062718,19728.488672631254,960,540,575.0,728.0,13.0,11.0,0.0
2016,33.6,8,428.75283197864195,1.0,137.6182237576295,10806.205700089306,0.0,0.0,137.6182237576295,10806.205700089306,960,540,573.0,725.0,13.0,11.0,0.0
2017,33.617,8,427.3833399588439,1.0,411.5798333053635,14885.501780769702,0.0,0.0,411.5798333053635,14885.501780769702,960,540,573.0,721.0,13.0,11.0,0.0
2018,33.633,8,425.4663441182212,1.0,633.1730910780236,13515.9769403866,0.0,0.0,633.1730910780236,13515.9769403866,960,540,570.0,711.0,13.0,11.0,0.0
2019,33.65,8,422.3212445048095,1.0,861.9212047892213,10186.846260482063,0.0,0.0,861.9212047892213,10186.846260482063,960,540,569.0,699.0,13.0,11.0,0.0
2020,33.667,8,419.3309783306684,1.0,972.6263623901664,4220.939057912623,0.0,0.0,972.6263623901664,4220.939057912623,960,540,566.0,685.0,13.0,11.0,0.0
2021,33.683,8,416.8642606309439,1.0,998.8003007690398,1342.3251225743297,0.0,0.0,998.8003007690398,1342.3251225743297,960,540,563.0,665.0,13.0,11.0,0.0
2022,33.7,8,415.7689103914251,1.0,968.6114614567119,4843.046772519815,0.0,0.0,968.6114614567119,4843.046772519815,960,540,559.0,650.0,13.0,11.0,0.0
2023,33.717,8,415.37120245349786,1.0,841.6031834346613,7085.959097153322,0.0,0.0,841.6031834346613,7085.959097153322,960,540,556.0,637.0,13.0,11.0,0.0
2024,33.733,8,415.94731100570914,1.0,733.8867732275668,5657.305192476116,0.0,0.0,733.8867732275668,5657.305192476116,960,540,552.0,622.0,13.0,11.0,0.0
2025,33.75,8,416.671406775759,1.0,653.1212344877322,6435.139501841588,0.0,0.0,653.1212344877322,6435.139501841588,960,540,550.0,612.0,13.0,11.0,0.0
2026,33.767,8,417.5619687332967,1.0,519.3893588845024,7401.392588215977,0.0,0.0,519.3893588845024,7401.392588215977,960,540,547.0,603.0,13.0,11.0,0.0
2027,33.783,8,418.40521376112724,1.0,406.42041166802846,5571.428571428595,0.0,0.0,406.42041166802846,5571.428571428595,960,540,545.0,594.0,13.0,11.0,0.0
2028,33.8,8,419.07061625207746,1.0,336.56427351114394,4525.235364269945,0.0,0.0,336.56427351114394,4525.235364269945,960,540,544.0,589.0,13.0,11.0,0.0
2029,33.817,8,419.03578446492116,1.0,262.83384989963577,3280.7415786866372,0.0,0.0,262.83384989963577,3280.7415786866372,960,540,543.0,585.0,13.0,11.0,0.0
2030,33.833,8,419.0408278670487,1.0,229.5736954284022,1362.0213070348661,0.0,0.0,229.5736954284022,1362.0213070348661,960,540,543.0,580.0,13.0,11.0,0.0
2031,33.85,8,419.01509884636005,1.0,217.81849774338028,1606.4284126277971,0.0,0.0,217.81849774338028,1606.4284126277971,960,540,543.0,576.0,13.0,11.0,0.0
2032,33.867,8,418.9758217714064,1.0,176.18404106652474,2957.1428571426964,0.0,0.0,176.18404106652474,2957.1428571426964,960,540,542.0,574.0,13.0,11.0,0.0
2033,33.883,8,418.9739897435555,1.0,119.80426212990365,3215.4283683261583,0.0,0.0,119.80426212990365,3215.4283683261583,960,540,542.0,570.0,13.0,11.0,0.0
2034,33.9,8,419.2522038473254,1.0,69.29675906077249,2897.21893391255,0.0,0.0,69.29675906077249,2897.21893391255,960,540,542.0,569.0,13.0,11.0,0.0
2035,33.917,8,419.14598412614026,1.0,23.255457994426216,2014.2857142856656,0.0,0.0,23.255457994426216,2014.2857142856656,960,540,542.0,568.0,13.0,11.0,0.0
2036,33.933,8,419.3424612095023,1.0,10.101525445520293,368.6710828732311,0.0,0.0,10.101525445520293,368.6710828732311,960,540,541.0,569.0,13.0,11.0,0.0
2037,33.95,8,419.475349884827,1.0,17.20227796970418,1101.8537256154111,0.0,0.0,17.20227796970418,1101.8537256154111,960,540,542.0,568.0,13.0,11.0,0.0
2038,33.967,8,419.6937794162858,1.0,41.52697672499123,1897.8505564699922,0.0,0.0,41.52697672499123,1897.8505564699922,960,540,541.0,568.0,13.0,11.0,0.0
2039,33.983,8,420.0115887614029,1.0,79.92343274685058,1834.3658193459166,0.0,0.0,79.92343274685058,1834.3658193459166,960,540,541.0,567.0,13.0,11.0,0.0
2040,34.0,8,420.82815717164294,1.0,102.23023235894618,917.1829096729895,0.0,0.0,102.23023235894618,917.1829096729895,960,540,540.0,566.0,13.0,11.0,0.0
2041,34.017,8,421.69168541841174,1.0,110.25017932328664,121.21830534638242,0.0,0.0,110.25017932328664,121.21830534638242,960,540,539.0,564.0,13.0,11.0,0.0
2042,34.033,8,422.55057795452785,1.0,98.2811460732386,1274.2344640559056,0.0,0.0,98.2811460732386,1274.2344640559056,960,540,538.0,562.0,13.0,11.0,0.0
2043,34.05,8,423.3022244716306,1.0,69.16410535377392,1856.758201922889,0.0,0.0,69.16410535377392,1856.758201922889,960,540,537.0,562.0,13.0,11.0,0.0
2044,34.067,8,423.8850574744452,1.0,40.85814184592908,1640.3707893432506,0.0,0.0,40.85814184592908,1640.3707893432506,960,540,537.0,560.0,13.0,11.0,0.0
2045,34.083,8,424.3560547753385,1.0,15.452362609132598,1212.9404312644267,0.0,0.0,15.452362609132598,1212.9404312644267,960,540,536.0,561.0,13.0,11.0,0.0
2046,34.1,8,424.29929965958024,1.0,3.194382824998973,242.43661069254782,0.0,0.0,3.194382824998973,242.43661069254782,960,540,536.0,560.0,13.0,11.0,0.0
2047,34.117,8,424.30388502590085,1.0,7.693092581622137,422.09390579125915,0.0,0.0,7.693092581622137,422.09390579125915,960,540,536.0,561.0,13.0,11.0,0.0
2048,34.133,8,424.5325587325861,1.0,11.780301787479662,618.0945043651999,0.0,0.0,11.780301787479662,618.0945043651999,960,540,537.0,560.0,13.0,11.0,0.0
2049,34.15,8,424.6889965188322,1.0,17.437936593901327,1320.250440063931,0.0,0.0,17.437936593901327,1320.250440063931,960,540,536.0,560.0,13.0,11.0,0.0
2050,34.167,8,424.1771011640396,1.0,33.350335799786365,40178.06285392667,0.0,0.0,33.350335799786365,40178.06285392667,960,540,536.0,560.0,13.0,11.0,0.0
2051,34.183,8,423.84413181329165,1.0,1321.8918106955305,61341.92726688652,0.0,0.0,1321.8918106955305,61341.92726688652,960,540,540.0,559.0,13.0,11.0,0.0
2052,34.2,8,449.6015494724016,1.0,2077.7077243334024,318308.8286682678,0.0,0.0,2077.7077243334024,318308.8286682678,960,540,547.0,554.0,13.0,11.0,0.0
2053,34.217,8,367.00350947057836,1.0,9322.729958416188,324374.85401672166,0.0,0.0,9322.729958416188,324374.85401672166,960,540,563.0,549.0,13.0,11.0,0.0
2055,34.25,8,282.6551026064786,1.0,12834.907836976221,99045.56465360383,0.0,0.0,12834.907836976221,99045.56465360383,960,540,616.0,524.0,11.0,10.0,0.0
2058,34.3,8,340.1677590665946,1.0,12613.508227131686,126802.69101631608,0.0,0.0,12613.508227131686,126802.69101631608,960,540,1017.0,51.0,11.0,12.0,0.0
2059,34.317,8,477.19080644919666,1.0,8609.609367990422,337547.87687626114,0.0,0.0,8609.609367990422,337547.87687626114,960,540,1027.0,47.0,11.0,12.0,0.0
2060,34.333,8,556.6185587587304,1.0,1381.9979621357033,298263.2165161,0.0,0.0,1381.9979621357033,298263.2165161,960,540,1046.0,40.0,11.0,12.0,0.0
2061,34.35,8,510.6760447443538,1.0,1362.6205245325414,36305.337775878594,0.0,0.0,1362.6205245325414,36305.337775878594,960,540,1053.0,37.0,11.0,12.0,0.0
2062,34.367,8,513.3773746457729,1.0,179.34119801686316,42017.92620357161,0.0,0.0,179.34119801686316,42017.92620357161,960,540,1057.0,36.0,11.0,12.0,0.0
2063,34.383,8,513.945919492767,1.0,38.86134431067483,5408.326913195987,0.0,0.0,38.86134431067483,5408.326913195987,960,540,1058.0,36.0,11.0,12.0,0.0
2064,34.4,8,514.6652854128308,1.0,60.288422417168256,1648.7472052860937,0.0,0.0,60.288422417168256,1648.7472052860937,960,540,1057.0,35.0,11.0,12.0,0.0
2065,34.417,8,515.7728344727412,1.0,86.89660757568792,1878.3948857836674,0.0,0.0,86.89660757568792,1878.3948857836674,960,540,1057.0,33.0,11.0,12.0,0.0
2066,34.433,8,517.3808471939063,1.0,112.06776375688558,1759.2322072947966,0.0,0.0,112.06776375688558,1759.2322072947966,960,540,1058.0,32.0,11.0,12.0,0.0
2067,34.45,8,519.5084127612425,1.0,123.42890211595876,596.930926165094,0.0,0.0,123.42890211595876,596.930926165094,960,540,1057.0,30.0,11.0,12.0,0.0
2068,34.467,8,521.4777971980417,1.0,131.7077779613269,702.909405722378,0.0,0.0,131.7077779613269,702.909405722378,960,540,1059.0,28.0,11.0,12.0,0.0
2069,34.483,8,523.8968433712226,1.0,138.59351812154225,1092.6470386269832,0.0,0.0,138.59351812154225,1092.6470386269832,960,540,1059.0,25.0,11.0,12.0,0.0
2070,34.5,8,526.0929105841419,1.0,121.63847404233186,1669.2293223558338,0.0,0.0,121.63847404233186,1669.2293223558338,960,540,1059.0,24.0,11.0,12.0,0.0
2071,34.517,8,527.8276727817474,1.0,102.27015045197517,1369.4181693146427,0.0,0.0,102.27015045197517,1369.4181693146427,960,540,1059.0,21.0,11.0,12.0,0.0
2072,34.533,8,529.2335813924414,1.0,81.82859138068493,1414.2857142857256,0.0,0.0,81.82859138068493,1414.2857142857256,960,540,1058.0,20.0,11.0,12.0,0.0
2073,34.55,8,530.2595778999649,1.0,57.03561365050724,1289.2807676992923,0.0,0.0,57.03561365050724,1289.2807676992923,960,540,1058.0,19.0,11.0,12.0,0.0
2074,34.567,8,530.8328992191653,1.0,38.861344310672415,576.5838877318027,0.0,0.0,38.861344310672415,576.5838877318027,960,540,1058.0,18.0,11.0,12.0,0.0
2075,34.583,8,531.406391412888,1.0,39.51233338839837,274.4196101756461,0.0,0.0,39.51233338839837,274.4196101756461,960,540,1057.0,18.0,11.0,12.0,0.0
2076,34.6,8,532.0443010896704,1.0,30.53936903776115,1504.8899885210049,0.0,0.0,30.53936903776115,1504.8899885210049,960,540,1058.0,17.0,11.0,12.0,0.0
2077,34.617,8,532.354580231044,1.0,12.121830534623395,4220.503887123397,0.0,0.0,12.121830534623395,4220.503887123397,960,540,1057.0,17.0,11.0,12.0,0.0
2078,34.633,8,531.8158428468904,1.0,110.14832300685985,8665.731242035097,0.0,0.0,110.14832300685985,8665.731242035097,960,540,1058.0,17.0,11.0,12.0,0.0
2079,34.65,8,528.9112464071494,1.0,299.0631630779722,12269.798661089613,0.0,0.0,299.0631630779722,12269.798661089613,960,540,1058.0,20.0,11.0,12.0,0.0
2080,34.667,8,522.6933497457964,1.0,517.738410033956,11222.51745194388,0.0,0.0,517.738410033956,11222.51745194388,960,540,1060.0,26.0,11.0,12.0,0.0
2081,34.683,8,513.8117833923577,1.0,666.6471085566459,6656.667671575124,0.0,0.0,666.6471085566459,6656.667671575124,960,540,1062.0,36.0,11.0,12.0,0.0
2082,34.7,8,504.18387838164296,1.0,716.2216621882864,3711.7848723728293,0.0,0.0,716.2216621882864,3711.7848723728293,960,540,1069.0,49.0,11.0,12.0,0.0
2083,34.717,8,495.42346576523767,1.0,657.8381414969538,6659.564243880071,0.0,0.0,657.8381414969538,6659.564243880071,960,540,1074.0,58.0,11.0,12.0,0.0
2084,34.733,8,488.9195130585746,1.0,519.4286500078572,8285.517239036257,0.0,0.0,519.4286500078572,8285.517239036257,960,540,1080.0,66.0,11.0,12.0,0.0
2085,34.75,8,484.5132536582689,1.0,386.4226300044988,7397.54509748943,0.0,0.0,386.4226300044988,7397.54509748943,960,540,1085.0,72.0,11.0,12.0,0.0
2086,34.767,8,481.20644397530305,1.0,272.8721013102468,6789.307319421545,0.0,0.0,272.8721013102468,6789.307319421545,960,540,1088.0,76.0,11.0,12.0,0.0
2087,34.783,8,478.8616154088972,1.0,162.68160966270824,5592.159233959446,0.0,0.0,162.68160966270824,5592.159233959446,960,540,1090.0,79.0,11.0,12.0,0.0
2088,34.8,8,477.4589248755447,1.0,88.16728070977166,3104.999260573688,0.0,0.0,88.16728070977166,3104.999260573688,960,540,1091.0,81.0,11.0,12.0,0.0
2089,34.817,8,476.7066535722898,1.0,60.017004393146706,1064.5493441462763,0.0,0.0,60.017004393146706,1064.5493441462763,960,540,1091.0,82.0,11.0,12.0,0.0
2090,34.833,8,476.2895825439705,1.0,81.2152594488679,2156.9536340846043,0.0,0.0,81.2152594488679,2156.9536340846043,960,540,1092.0,82.0,11.0,12.0,0.0
2091,34.85,8,475.6419316729059,1.0,127.21506777652986,3182.124819573644,0.0,0.0,127.21506777652986,3182.124819573644,960,540,1093.0,83.0,11.0,12.0,0.0
2092,34.867,8,474.936914297424,1.0,185.96137408897704,3112.089658222794,0.0,0.0,185.96137408897704,3112.089658222794,960,540,1096.0,85.0,11.0,12.0,0.0
2093,34.883,8,474.05311039368075,1.0,229.64480114707243,1249.489691752686,0.0,0.0,229.64480114707243,1249.489691752686,960,540,1098.0,87.0,11.0,12.0,0.0
2094,34.9,8,473.292601485926,1.0,220.5049862919042,1993.663431362211,0.0,0.0,220.5049862919042,1993.663431362211,960,540,1102.0,88.0,11.0,12.0,0.0
2095,34.917,8,473.098595621609,1.0,179.39239853756897,3154.0061987956237,0.0,0.0,179.39239853756897,3154.0061987956237,960,540,1106.0,90.0,11.0,12.0,0.0
2096,34.933,8,473.36659124320954,1.0,124.711912921299,3890.805488191415,0.0,0.0,124.711912921299,3890.805488191415,960,540,1108.0,91.0,11.0,12.0,0.0
2097,34.95,8,473.69433632147104,1.0,56.006559382601736,3416.227780007829,0.0,0.0,56.006559382601736,3416.227780007829,960,540,1109.0,90.0,11.0,12.0,0.0
2098,34.967,8,474.13086494923107,1.0,23.25545799442999,1153.9638872426713,0.0,0.0,23.25545799442999,1153.9638872426713,960,540,1110.0,90.0,11.0,12.0,0.0
2099,34.983,8,474.40189818099674,1.0,24.327694808473648,1413.6362144975656,0.0,0.0,24.327694808473648,1413.6362144975656,960,540,1110.0,90.0,11.0,12.0,0.0
2100,35.0,8,474.82358103465793,1.0,30.539369037760164,3455.2533206994035,0.0,0.0,30.539369037760164,3455.2533206994035,960,540,1109.0,90.0,11.0,12.0,0.0
2101,35.017,8,474.2677014173642,1.0,95.72494610142596,11810.23423362342,0.0,0.0,95.72494610142596,11810.23423362342,960,540,1109.0,90.0,11.0,12.0,0.0
2102,35.033,8,473.86805572897975,1.0,419.74968245176103,28002.281248177867,0.0,0.0,419.74968245176103,28002.281248177867,960,540,1107.0,90.0,11.0,12.0,0.0
2103,35.05,8,465.8269023444722,1.0,1019.1392927167421,11399.838881782855,0.0,0.0,1019.1392927167421,11399.838881782855,960,540,1096.0,94.0,11.0,12.0,0.0
2104,35.067,8,451.64277116296773,1.0,793.3460526048108,27882.97703193118,0.0,0.0,793.3460526048108,27882.97703193118,960,540,1085.0,99.0,11.0,12.0,0.0
2106,35.1,8,453.3799320788172,1.0,1927.716212495557,116068.44215938414,0.0,0.0,1927.716212495557,116068.44215938414,960,540,1045.0,120.0,10.0,10.0,0.0
2107,35.117,8,406.7928041245688,1.0,4556.476664248012,108288.22933377948,0.0,0.0,4556.476664248012,108288.22933377948,960,540,1029.0,130.0,10.0,10.0,0.0
2108,35.133,8,342.4440103531647,1.0,5495.917780034383,18750.28163053847,0.0,0.0,5495.917780034383,18750.28163053847,960,540,1015.0,141.0,10.0,10.0,0.0
2110,35.167,8,289.27245119507796,1.0,5130.0779721170065,58451.92687244797,0.0,0.0,5130.0779721170065,58451.92687244797,960,540,825.0,318.0,10.0,9.0,0.0
2111,35.183,8,261.7181543000977,1.0,3548.9650690341587,137383.3026125607,0.0,0.0,3548.9650690341587,137383.3026125607,960,540,820.0,321.0,10.0,9.0,0.0
2112,35.2,8,255.91276326832218,1.0,550.6897344907736,123997.27613861453,0.0,0.0,550.6897344907736,123997.27613861453,960,540,816.0,325.0,10.0,9.0,0.0
2113,35.217,8,258.0924354091371,1.0,584.7884669009559,14082.468475639653,0.0,0.0,584.7884669009559,14082.468475639653,960,540,815.0,327.0,10.0,9.0,0.0
2114,35.233,8,257.1235662958013,1.0,91.79613615095693,19137.189992689335,0.0,0.0,91.79613615095693,19137.189992689335,960,540,814.0,328.0,10.0,9.0,0.0
2115,35.25,8,256.35870295447154,1.0,58.901508937395654,1032.1366781822169,0.0,0.0,58.901508937395654,1032.1366781822169,960,540,814.0,329.0,10.0,9.0,0.0
2116,35.267,8,256.07239711136066,1.0,59.5390456690708,309.04725218265673,0.0,0.0,59.5390456690708,309.04725218265673,960,540,813.0,331.0,10.0,9.0,0.0
2117,35.283,8,255.5278827568789,1.0,53.908463611753504,800.6375010972753,0.0,0.0,53.908463611753504,800.6375010972753,960,540,813.0,331.0,10.0,9.0,0.0
2118,35.3,8,255.37525188313862,1.0,34.40455593940709,848.5281374238812,0.0,0.0,34.40455593940709,848.5281374238812,960,540,812.0,331.0,10.0,9.0,0.0
2119,35.317,8,255.26905462557195,1.0,27.105237087157306,1114.2857142857679,0.0,0.0,27.105237087157306,1114.2857142857679,960,540,812.0,333.0,10.0,9.0,0.0
2120,35.333,8,254.8425195107108,1.0,29.416086117106644,999.5917534020524,0.0,0.0,29.416086117106644,999.5917534020524,960,540,812.0,332.0,10.0,9.0,0.0
2121,35.35,8,254.29464047111907,1.0,21.759351731038596,652.7805519312251,0.0,0.0,21.759351731038596,652.7805519312251,960,540,812.0,333.0,10.0,9.0,0.0
2122,35.367,8,254.2229501638725,1.0,8.081220356417054,1050.6557718969373,0.0,0.0,8.081220356417054,1050.6557718969373,960,540,813.0,333.0,10.0,9.0,0.0
2123,35.383,8,254.02898579410754,1.0,14.356965173029973,1008.7373396520661,0.0,0.0,14.356965173029973,1008.7373396520661,960,540,813.0,333.0,10.0,9.0,0.0
2124,35.4,8,254.4605516295228,1.0,27.18042512920468,2787.0326550668888,0.0,0.0,27.18042512920468,2787.0326550668888,960,540,812.0,333.0,10.0,9.0,0.0
2125,35.417,8,254.59367832505987,1.0,107.15238052914448,19408.41917039917,0.0,0.0,107.15238052914448,19408.41917039917,960,540,812.0,333.0,10.0,9.0,0.0
2126,35.433,8,256.59067697444556,1.0,664.0767720555539,31512.59223529026,0.0,0.0,664.0767720555539,31512.59223529026,960,540,812.0,333.0,10.0,9.0,0.0
2127,35.45,8,251.16416923856258,1.0,944.5061337728847,150659.85272955103,0.0,0.0,944.5061337728847,150659.85272955103,960,540,815.0,334.0,10.0,9.0,0.0
2128,35.467,8,243.54005290632318,1.0,4394.194686034673,168425.37074385374,0.0,0.0,4394.194686034673,168425.37074385374,960,540,820.0,334.0,10.0,9.0,0.0
2130,35.5,8,258.4236927773108,1.0,6502.552089254599,68903.90380220661,0.0,0.0,6502.552089254599,68903.90380220661,960,540,868.0,339.0,10.0,9.0,0.0
2132,35.533,8,318.0948709721281,1.0,6690.9602434622075,47612.91627193509,0.0,0.0,6690.9602434622075,47612.91627193509,960,540,1092.0,178.0,10.0,9.0,0.0
2134,35.567,8,393.1754842958117,1.0,4920.836580609179,153835.54563897214,0.0,0.0,4920.836580609179,153835.54563897214,960,540,1146.0,175.0,10.0,10.0,0.0
2135,35.583,8,439.8522762738756,1.0,1654.3603486742213,147593.52897711404,0.0,0.0,1654.3603486742213,147593.52897711404,960,540,1164.0,175.0,10.0,10.0,0.0
2136,35.6,8,427.20773781284163,1.0,515.9061772003378,36120.53799857135,0.0,0.0,515.9061772003378,36120.53799857135,960,540,1177.0,175.0,10.0,10.0,0.0
2137,35.617,8,431.1983328673405,1.0,461.48385338902096,13564.675011338983,0.0,0.0,461.48385338902096,13564.675011338983,960,540,1191.0,175.0,10.0,10.0,0.0
2138,35.633,8,435.1822955790915,1.0,357.4284572342018,8559.63474330382,0.0,0.0,357.4284572342018,8559.63474330382,960,540,1197.0,175.0,10.0,10.0,0.0
2139,35.65,8,437.2514467264795,1.0,179.90927418779205,8207.674358023105,0.0,0.0,179.90927418779205,8207.674358023105,960,540,1201.0,175.0,10.0,10.0,0.0
2140,35.667,8,437.5528137866423,1.0,90.99226251025361,2657.4884567879894,0.0,0.0,90.99226251025361,2657.4884567879894,960,540,1203.0,176.0,10.0,10.0,0.0
2141,35.683,8,437.85919624573575,1.0,94.46951781351048,1092.6470386271883,0.0,0.0,94.46951781351048,1092.6470386271883,960,540,1204.0,177.0,10.0,10.0,0.0
2142,35.7,8,438.2907482999746,1.0,123.03143782740726,1777.9258725168231,0.0,0.0,123.03143782740726,1777.9258725168231,960,540,1205.0,177.0,10.0,10.0,0.0
2143,35.717,8,439.3551164688393,1.0,146.71922373106798,404.31347708800484,0.0,0.0,146.71922373106798,404.31347708800484,960,540,1208.0,177.0,10.0,10.0,0.0
2144,35.733,8,440.56253979874776,1.0,128.11028412254328,1932.852391505263,0.0,0.0,128.11028412254328,1932.852391505263,960,540,1211.0,178.0,10.0,10.0,0.0
2145,35.75,8,441.3327809972502,1.0,82.43736026430777,2860.854731704877,0.0,0.0,82.43736026430777,2860.854731704877,960,540,1213.0,178.0,10.0,10.0,0.0
2146,35.767,8,441.7610603789344,1.0,32.888184094917484,2487.9300469200602,0.0,0.0,32.888184094917484,2487.9300469200602,960,540,1213.0,178.0,10.0,10.0,0.0
2147,35.783,8,441.9210100666434,1.0,2.85714285714306,1243.5958395896575,0.0,0.0,2.85714285714306,1243.5958395896575,960,540,1213.0,178.0,10.0,10.0,0.0
2148,35.8,8,441.83908584209496,1.0,8.571428571426623,345.52533207006235,0.0,0.0,8.571428571426623,345.52533207006235,960,540,1214.0,178.0,10.0,10.0,0.0
2149,35.817,8,441.75719262232786,1.0,10.400156984690883,545.4823740584316,0.0,0.0,10.400156984690883,545.4823740584316,960,540,1213.0,178.0,10.0,10.0,0.0
2150,35.833,8,441.5699907028813,1.0,24.989793835059057,1227.2418054236139,0.0,0.0,24.989793835059057,1227.2418054236139,960,540,1213.0,178.0,10.0,10.0,0.0
2151,35.85,8,440.9967400293947,1.0,30.539369037752987,6133.963661783921,0.0,0.0,30.539369037752987,6133.963661783921,960,540,1213.0,178.0,10.0,10.0,0.0
2152,35.867,8,442.29962859044696,1.0,179.59705465518445,28994.9080681009,0.0,0.0,179.59705465518445,28994.9080681009,960,540,1214.0,178.0,10.0,10.0,0.0
2153,35.883,8,446.1840524007781,1.0,993.2876764378663,1834.3658193452497,0.0,0.0,993.2876764378663,1834.3658193452497,960,540,1216.0,177.0,10.0,10.0,0.0
2154,35.9,8,474.22843410085795,1.0,201.83343304290608,100309.04490521326,0.0,0.0,201.83343304290608,100309.04490521326,960,540,1225.0,172.0,10.0,10.0,0.0
2155,35.917,8,450.8026628318955,1.0,2358.5883014019587,113915.00322250742,0.0,0.0,2358.5883014019587,113915.00322250742,960,540,1233.0,167.0,10.0,10.0,0.0
2156,35.933,8,396.1260249774056,1.0,3638.4365334801805,38399.35426753027,0.0,0.0,3638.4365334801805,38399.35426753027,960,540,1241.0,162.0,10.0,10.0,0.0
2158,35.967,8,330.8336374850822,1.0,3638.0205988354533,38287.742483591,0.0,0.0,3638.0205988354533,38287.742483591,960,540,1087.0,317.0,10.0,9.0,0.0
2159,35.983,8,276.52439994360896,1.0,2365.5197470047524,113581.95638536221,0.0,0.0,2365.5197470047524,113581.95638536221,960,540,1096.0,312.0,10.0,9.0,0.0
2160,36.0,8,253.00236167146414,1.0,208.61545523583297,100376.82674272325,0.0,0.0,208.61545523583297,100376.82674272325,960,540,1106.0,307.0,10.0,9.0,0.0
2161,36.017,8,280.3385789021227,1.0,990.811870773287,2628.2996753938096,0.0,0.0,990.811870773287,2628.2996753938096,960,540,1112.0,304.0,10.0,9.0,0.0
2162,36.033,8,284.17891030339416,1.0,192.31139713857547,27212.66586855163,0.0,0.0,192.31139713857547,27212.66586855163,960,540,1115.0,302.0,10.0,9.0,0.0
2163,36.05,8,285.8340859949236,1.0,87.80776777502113,4140.097603108723,0.0,0.0,87.80776777502113,4140.097603108723,960,540,1117.0,301.0,10.0,9.0,0.0
2164,36.067,8,286.58425092774837,1.0,54.3983793276022,1084.2094834859095,0.0,0.0,54.3983793276022,1084.2094834859095,960,540,1118.0,301.0,10.0,9.0,0.0
2165,36.083,8,287.34876136429847,1.0,51.78448274398571,422.0939057910826,0.0,0.0,51.78448274398571,422.0939057910826,960,540,1119.0,301.0,10.0,9.0,0.0
2166,36.1,8,288.04799691384295,1.0,65.41858938202486,1366.733033065592,0.0,0.0,65.41858938202486,1366.733033065592,960,540,1119.0,300.0,10.0,9.0,0.0
2167,36.117,8,289.32905808935845,1.0,95.15829990503006,1690.5499648559073,0.0,0.0,95.15829990503006,1690.5499648559073,960,540,1121.0,299.0,10.0,9.0,0.0
2168,36.133,8,291.02076197451424,1.0,121.76424192777435,1179.1556993313754,0.0,0.0,121.76424192777435,1179.1556993313754,960,540,1122.0,299.0,10.0,9.0,0.0
2169,36.15,8,293.0069999860352,1.0,133.27890045360786,345.5253320699481,0.0,0.0,133.27890045360786,345.5253320699481,960,540,1124.0,297.0,10.0,9.0,0.0
2170,36.167,8,295.04738079857594,1.0,131.9399987316458,832.1351930977917,0.0,0.0,131.9399987316458,832.1351930977917,960,540,1126.0,296.0,10.0,9.0,0.0
2171,36.183,8,297.0775263956238,1.0,105.60805473300664,2060.711190886584,0.0,0.0,105.60805473300664,2060.711190886584,960,540,1128.0,295.0,10.0,9.0,0.0
2172,36.2,8,298.22224967980134,1.0,66.05501726683893,1868.5910877078807,0.0,0.0,66.05501726683893,1868.5910877078807,960,540,1129.0,294.0,10.0,9.0,0.0
2173,36.217,8,298.9047050076949,1.0,44.30874976934332,1114.2857142858584,0.0,0.0,44.30874976934332,1114.2857142858584,960,540,1130.0,294.0,10.0,9.0,0.0
2174,36.233,8,299.4375869538187,1.0,28.926366759018297,901.0198303553739,0.0,0.0,28.926366759018297,901.0198303553739,960,540,1130.0,294.0,10.0,9.0,0.0
2175,36.25,8,299.6936455434756,1.0,14.568627181697048,1015.9945363822045,0.0,0.0,14.568627181697048,1015.9945363822045,960,540,1131.0,294.0,10.0,9.0,0.0
2176,36.267,8,299.78704838004154,1.0,6.388765649996421,823.2588305272768,0.0,0.0,6.388765649996421,823.2588305272768,960,540,1131.0,293.0,10.0,9.0,0.0
2177,36.283,8,299.48284979988955,1.0,15.971914125000968,2243.357541995098,0.0,0.0,15.971914125000968,2243.357541995098,960,540,1131.0,294.0,10.0,9.0,0.0
2178,36.3,8,299.26007769882784,1.0,80.81220356418501,5222.244415449203,0.0,0.0,80.81220356418501,5222.244415449203,960,540,1131.0,294.0,10.0,9.0,0.0
2179,36.317,8,296.8325608166964,1.0,162.21049564671833,28936.57032270372,0.0,0.0,162.21049564671833,28936.57032270372,960,540,1132.0,294.0,10.0,9.0,0.0
2180,36.333,8,303.66805558349273,1.0,887.4142672014002,59384.61458138428,0.0,0.0,887.4142672014002,59384.61458138428,960,540,1137.0,292.0,10.0,9.0,0.0
2181,36.35,8,323.1466780120191,1.0,2140.8466759195553,84040.54050861213,0.0,0.0,2140.8466759195553,84040.54050861213,960,540,1147.0,288.0,10.0,9.0,0.0
2183,36.383,8,367.48837117362643,1.0,3685.994452253111,69602.22990798061,0.0,0.0,3685.994452253111,69602.22990798061,960,540,1200.0,261.0,12.0,11.0,0.0
2185,36.417,8,433.99975182077895,1.0,4450.84284611537,11381.69852106908,0.0,0.0,4450.84284611537,11381.69852106908,960,540,1257.0,237.0,12.0,10.0,0.0
2187,36.45,8,503.34397880349314,1.0,3968.060493696231,49782.680784811084,0.0,0.0,3968.060493696231,49782.680784811084,960,540,1349.0,204.0,14.0,12.0,0.0
2189,36.483,8,556.234261159793,1.0,2819.0865505677466,73902.04493042071,0.0,0.0,2819.0865505677466,73902.04493042071,960,540,1406.0,188.0,15.0,13.0,0.0
2190,36.5,8,589.8986922516281,1.0,1524.9951488715315,65128.884779743414,0.0,0.0,1524.9951488715315,65128.884779743414,960,540,1422.0,184.0,15.0,13.0,0.0
2191,36.517,8,601.9476796784705,1.0,671.02875634115,31049.992605737505,0.0,0.0,671.02875634115,31049.992605737505,960,540,1441.0,181.0,15.0,13.0,0.0
2192,36.533,8,608.5289891305466,1.0,501.6320303544819,7236.768362089104,0.0,0.0,501.6320303544819,7236.768362089104,960,540,1452.0,181.0,15.0,13.0,0.0
2193,36.55,8,615.7180642906928,1.0,430.1921734788453,5335.154876010692,0.0,0.0,430.1921734788453,5335.154876010692,960,540,1460.0,181.0,15.0,13.0,0.0
2194,36.567,8,620.4035351972626,1.0,324.2888609035588,3067.2064002998727,0.0,0.0,324.2888609035588,3067.2064002998727,960,540,1464.0,180.0,15.0,13.0,0.0
2195,36.583,8,624.4955333721888,1.0,331.7363103307219,2615.690489085419,0.0,0.0,331.7363103307219,2615.690489085419,960,540,1471.0,180.0,15.0,13.0,0.0
2196,36.6,8,629.1652047557016,1.0,399.04222067037546,3185.5861601393663,0.0,0.0,399.04222067037546,3185.5861601393663,960,540,1477.0,181.0,15.0,13.0,0.0
2197,36.617,8,634.3552317831887,1.0,426.27240500095763,2073.5949262979943,0.0,0.0,426.27240500095763,2073.5949262979943,960,540,1482.0,182.0,15.0,13.0,0.0
2198,36.633,8,639.3500987352975,1.0,467.14504149773677,3343.1318568444212,0.0,0.0,467.14504149773677,3343.1318568444212,960,540,1492.0,183.0,15.0,13.0,0.0
2199,36.65,8,645.7715190957896,1.0,536.207392103977,1465.9398322702045,0.0,0.0,536.207392103977,1465.9398322702045,960,540,1499.0,185.0,15.0,13.0,0.0
2200,36.667,8,652.8281713553677,1.0,512.0985236838552,3170.5597265457404,0.0,0.0,512.0985236838552,3170.5597265457404,960,540,1506.0,185.0,15.0,13.0,0.0
2201,36.683,8,658.9142877102857,1.0,430.5786329855118,6183.470394725507,0.0,0.0,430.5786329855118,6183.470394725507,960,540,1518.0,187.0,15.0,13.0,0.0
2202,36.7,8,663.8671987652142,1.0,306.5043196419709,8904.905779331752,0.0,0.0,306.5043196419709,8904.905779331752,960,540,1523.0,187.0,15.0,13.0,0.0
2203,36.717,8,666.6244918632439,1.0,134.49831195359548,7757.142857142944,0.0,0.0,134.49831195359548,7757.142857142944,960,540,1526.0,188.0,15.0,13.0,0.0
2204,36.733,8,667.0805534960588,1.0,49.89785484735458,2649.181621803999,0.0,0.0,49.89785484735458,2649.181621803999,960,540,1527.0,189.0,15.0,13.0,0.0
2205,36.75,8,667.5680470975745,1.0,46.532849928302575,488.6466107567857,0.0,0.0,46.532849928302575,488.6466107567857,960,540,1527.0,188.0,15.0,13.0,0.0
2206,36.767,8,668.0849709016601,1.0,50.18333734357453,501.6299961734181,0.0,0.0,50.18333734357453,501.6299961734181,960,540,1528.0,189.0,15.0,13.0,0.0
2207,36.783,8,668.9108689256694,1.0,60.60915267313261,128.57142857139934,0.0,0.0,60.60915267313261,128.57142857139934,960,540,1530.0,189.0,15.0,13.0,0.0
2208,36.8,8,669.6374116180707,1.0,45.914739085683784,1289.2807676991808,0.0,0.0,45.914739085683784,1289.2807676991808,960,540,1530.0,189.0,15.0,13.0,0.0
2209,36.817,8,670.1334774140308,1.0,18.789923482811037,1195.3993440842596,0.0,0.0,18.789923482811037,1195.3993440842596,960,540,1531.0,189.0,15.0,13.0,0.0
2210,36.833,8,670.2146084018116,1.0,9.147320339188768,461.58555489734727,0.0,0.0,9.147320339188768,461.58555489734727,960,540,1531.0,189.0,15.0,13.0,0.0
2211,36.85,8,670.4360681988634,1.0,9.583148474999208,574.9889084999066,0.0,0.0,9.583148474999208,574.9889084999066,960,540,1531.0,189.0,15.0,13.0,0.0
2212,36.867,8,670.4859611030511,1.0,11.517511068997003,1929.0475602731324,0.0,0.0,11.517511068997003,1929.0475602731324,960,540,1531.0,189.0,15.0,13.0,0.0
2213,36.883,8,670.1960199937183,1.0,55.78749768504471,5206.922393921895,0.0,0.0,55.78749768504471,5206.922393921895,960,540,1531.0,189.0,15.0,13.0,0.0
2214,36.9,8,669.5960622803242,1.0,185.07582560801401,10779.657712940609,0.0,0.0,185.07582560801401,10779.657712940609,960,540,1531.0,191.0,15.0,13.0,0.0
2215,36.917,8,666.2105667687788,1.0,412.3105625617608,13508.228784631945,0.0,0.0,412.3105625617608,13508.228784631945,960,540,1530.0,195.0,15.0,13.0,0.0
2216,36.933,8,659.8649435787396,1.0,632.6007219956217,13403.875467603382,0.0,0.0,632.6007219956217,13403.875467603382,960,540,1529.0,202.0,15.0,13.0,0.0
2217,36.95,8,650.6008682717227,1.0,855.3516999528525,12449.686497159395,0.0,0.0,855.3516999528525,12449.686497159395,960,540,1523.0,217.0,15.0,13.0,0.0
2218,36.967,8,638.2093217134927,1.0,1045.7338015352973,6922.854784505417,0.0,0.0,1045.7338015352973,6922.854784505417,960,540,1519.0,231.0,15.0,13.0,0.0
2219,36.983,8,624.3430379406375,1.0,1085.114495980842,2469.7764915812872,0.0,0.0,1085.114495980842,2469.7764915812872,960,540,1512.0,246.0,15.0,13.0,0.0
2220,37.0,8,612.1090153820796,1.0,1074.947554487177,3286.6147834353233,0.0,0.0,1074.947554487177,3286.6147834353233,960,540,1506.0,267.0,15.0,13.0,0.0
2221,37.017,8,600.1591096668456,1.0,1034.0341051494618,6671.000292156886,0.0,0.0,1034.0341051494618,6671.000292156886,960,540,1502.0,283.0,15.0,13.0,0.0
2222,37.033,8,590.6483332023719,1.0,868.5361834954414,9690.359189652738,0.0,0.0,868.5361834954414,9690.359189652738,960,540,1500.0,297.0,15.0,13.0,0.0
2223,37.05,8,583.4891725751836,1.0,712.7640935549656,8414.091678577755,0.0,0.0,712.7640935549656,8414.091678577755,960,540,1496.0,313.0,15.0,13.0,0.0
2224,37.067,8,577.357364270257,1.0,588.1499878120118,8734.554881594817,0.0,0.0,588.1499878120118,8734.554881594817,960,540,1495.0,322.0,15.0,13.0,0.0
2225,37.083,8,572.9155513903806,1.0,421.8061262751758,8892.108402214568,0.0,0.0,421.8061262751758,8892.108402214568,960,540,1493.0,329.0,15.0,13.0,0.0
2226,37.1,8,570.0453456920117,1.0,291.9463188006082,6673.890643884666,0.0,0.0,291.9463188006082,6673.890643884666,960,540,1492.0,337.0,15.0,13.0,0.0
2227,37.117,8,567.6278942263632,1.0,200.61639707539146,5855.295876035518,0.0,0.0,200.61639707539146,5855.295876035518,960,540,1492.0,340.0,15.0,13.0,0.0
2228,37.133,8,566.1962132754317,1.0,97.58303633107728,4597.714605305255,0.0,0.0,97.58303633107728,4597.714605305255,960,540,1490.0,342.0,15.0,13.0,0.0
2229,37.15,8,565.6067017310565,1.0,48.02210375420576,1601.2750021946604,0.0,0.0,48.02210375420576,1601.2750021946604,960,540,1490.0,343.0,15.0,13.0,0.0
2230,37.167,8,565.1019633879746,1.0,44.30874976934228,582.9201646598225,0.0,0.0,44.30874976934228,582.9201646598225,960,540,1490.0,344.0,15.0,13.0,0.0
2231,37.183,8,564.6358025923982,1.0,65.41858938202564,2394.2533240225475,0.0,0.0,65.41858938202564,2394.2533240225475,960,540,1490.0,344.0,15.0,13.0,0.0
2232,37.2,8,563.3870400675725,1.0,121.73071653013054,3609.426434168633,0.0,0.0,121.73071653013054,3609.426434168633,960,540,1489.0,346.0,15.0,13.0,0.0
2233,37.217,8,561.2685057981676,1.0,185.71428571428967,2891.825212772169,0.0,0.0,185.71428571428967,2891.825212772169,960,540,1487.0,347.0,15.0,13.0,0.0
2234,37.233,8,558.6111746505301,1.0,211.21610946601473,1440.6631126262275,0.0,0.0,211.21610946601473,1440.6631126262275,960,540,1486.0,351.0,15.0,13.0,0.0
2235,37.25,8,556.4783053348896,1.0,185.4393569392462,2698.639112816736,0.0,0.0,185.4393569392462,2698.639112816736,960,540,1484.0,354.0,15.0,13.0,0.0
2236,37.267,8,555.0517370831324,1.0,130.34491136353503,3781.6420145924267,0.0,0.0,130.34491136353503,3781.6420145924267,960,540,1484.0,358.0,15.0,13.0,0.0
2237,37.283,8,554.3866889699192,1.0,62.85714285714391,3478.0360397611958,0.0,0.0,62.85714285714391,3478.0360397611958,960,540,1484.0,358.0,15.0,13.0,0.0
2238,37.3,8,554.3642883270314,1.0,31.331017427804387,1775.8585161514877,0.0,0.0,31.331017427804387,1775.8585161514877,960,540,1484.0,359.0,15.0,13.0,0.0
2239,37.317,8,554.8733997912667,1.0,21.237241067600607,2403.441410195954,0.0,0.0,21.237241067600607,2403.441410195954,960,540,1484.0,359.0,15.0,13.0,0.0
2240,37.333,8,554.9168984382582,1.0,49.897854847347645,7603.1277130142635,0.0,0.0,49.897854847347645,7603.1277130142635,960,540,1484.0,359.0,15.0,13.0,0.0
2241,37.35,8,553.6512487256035,1.0,232.20328883746413,27850.482720326512,0.0,0.0,232.20328883746413,27850.482720326512,960,540,1484.0,359.0,15.0,13.0,0.0
2242,37.367,8,548.8101022618589,1.0,879.3434471009033,34528.33796244507,0.0,0.0,879.3434471009033,34528.33796244507,960,540,1478.0,357.0,15.0,13.0,0.0
2243,37.383,8,578.8158723281176,1.0,1381.7129268573367,240635.08701359716,0.0,0.0,1381.7129268573367,240635.08701359716,960,540,1468.0,354.0,15.0,13.0,0.0
2244,37.4,8,510.49325886532705,1.0,7141.873789453963,263908.43959562446,0.0,0.0,7141.873789453963,263908.43959562446,960,540,1452.0,351.0,15.0,13.0,0.0
2245,37.417,8,393.4544521233601,1.0,10178.602806969184,92626.05531085277,0.0,0.0,10178.602806969184,92626.05531085277,960,540,1437.0,348.0,15.0,13.0,0.0
2247,37.45,8,306.67246741038605,1.0,10228.283415737624,85792.30377927261,0.0,0.0,10228.283415737624,85792.30377927261,960,540,953.0,234.0,10.0,9.0,0.0
2249,37.483,8,309.97441925031296,1.0,7322.574126407673,262357.8682266019,0.0,0.0,7322.574126407673,262357.8682266019,960,540,919.0,223.0,10.0,11.0,0.0
2250,37.5,8,345.06985063035904,1.0,1492.468849023783,251284.42133996816,0.0,0.0,1492.468849023783,251284.42133996816,960,540,909.0,218.0,10.0,11.0,0.0
2251,37.517,8,331.64662025358206,1.0,1065.6079992957632,42290.793613858725,0.0,0.0,1065.6079992957632,42290.793613858725,960,540,903.0,214.0,10.0,11.0,0.0
2252,37.533,8,334.03572595330587,1.0,142.75710783262502,33851.52756327566,0.0,0.0,142.75710783262502,33851.52756327566,960,540,901.0,211.0,10.0,11.0,0.0
2253,37.55,8,336.36019255899197,1.0,118.94090455142272,1733.4641499562827,0.0,0.0,118.94090455142272,1733.4641499562827,960,540,901.0,209.0,10.0,11.0,0.0
2254,37.567,8,337.8847802381064,1.0,94.69607668101051,1878.394885783772,0.0,0.0,94.69607668101051,1878.394885783772,960,540,900.0,208.0,10.0,11.0,0.0
2255,37.583,8,339.2531646876224,1.0,93.51415913744655,1667.577982143735,0.0,0.0,93.51415913744655,1667.577982143735,960,540,898.0,206.0,10.0,11.0,0.0
2256,37.6,8,340.0856901488081,1.0,82.26388599364519,1450.1935127732718,0.0,0.0,82.26388599364519,1450.1935127732718,960,540,897.0,206.0,10.0,11.0,0.0
2257,37.617,8,340.66456660294995,1.0,51.626602855981325,1631.951379828046,0.0,0.0,51.626602855981325,1631.951379828046,960,540,896.0,205.0,10.0,11.0,0.0
2258,37.633,8,340.81937416319056,1.0,28.06697529198092,1254.6241001405083,0.0,0.0,28.06697529198092,1254.6241001405083,960,540,895.0,206.0,10.0,11.0,0.0
2259,37.65,8,341.0698022067102,1.0,11.15749953700806,739.8289929269249,0.0,0.0,11.15749953700806,739.8289929269249,960,540,895.0,205.0,10.0,11.0,0.0
2260,37.667,8,341.1074700478563,1.0,11.78030178747966,214.2857142857781,0.0,0.0,11.78030178747966,214.2857142857781,960,540,895.0,205.0,10.0,11.0,0.0
2261,37.683,8,341.4619263776462,1.0,18.2946406783802,461.585554897162,0.0,0.0,18.2946406783802,461.585554897162,960,540,895.0,205.0,10.0,11.0,0.0
2262,37.7,8,341.5724110904462,1.0,9.035079029053154,1384.7566646916287,0.0,0.0,9.035079029053154,1384.7566646916287,960,540,895.0,205.0,10.0,11.0,0.0
2263,37.717,8,341.4230756016474,1.0,31.558174334817508,1714.8213448920874,0.0,0.0,31.558174334817508,1714.8213448920874,960,540,894.0,205.0,10.0,11.0,0.0
2264,37.733,8,340.52598037544493,1.0,60.827625302976216,12005.585434815288,0.0,0.0,60.827625302976216,12005.585434815288,960,540,895.0,206.0,10.0,11.0,0.0
2265,37.75,8,339.5247645748946,1.0,428.0878223839831,51746.5349327979,0.0,0.0,428.0878223839831,51746.5349327979,960,540,897.0,209.0,10.0,11.0,0.0
2266,37.767,8,327.2419341201743,1.0,1769.1517626207074,52853.56165474133,0.0,0.0,1769.1517626207074,52853.56165474133,960,540,899.0,215.0,10.0,11.0,0.0
2267,37.783,8,317.3834351347911,1.0,2120.6795214394506,344452.50079818536,0.0,0.0,2120.6795214394506,344452.50079818536,960,540,908.0,227.0,10.0,11.0,0.0
2269,37.817,8,288.70136945574694,1.0,10040.179281267814,367489.22183278785,0.0,0.0,10040.179281267814,367489.22183278785,960,540,940.0,265.0,9.0,10.0,0.0
2270,37.833,8,369.3156139073126,1.0,14019.082330443576,119839.25458202664,0.0,0.0,14019.082330443576,119839.25458202664,960,540,947.0,274.0,9.0,10.0,0.0
2272,37.867,8,564.6903752983974,1.0,13920.013048316676,122399.99999999907,0.0,0.0,13920.013048316676,122399.99999999907,960,540,1665.0,200.0,19.0,15.0,0.0
2273,37.883,8,760.1626780184286,1.0,9945.740550710216,361452.19855014334,0.0,0.0,9945.740550710216,361452.19855014334,960,540,1677.0,205.0,19.0,15.0,0.0
2274,37.9,8,868.6228577088194,1.0,1933.8129829592351,337829.8741638309,0.0,0.0,1933.8129829592351,337829.8741638309,960,540,1693.0,213.0,19.0,15.0,0.0
2275,37.917,8,813.8391005798713,1.0,1417.7799547178493,40839.68658058376,0.0,0.0,1417.7799547178493,40839.68658058376,960,540,1713.0,224.0,19.0,15.0,0.0
2276,37.933,8,821.5316719286361,1.0,662.4875817087948,48314.88552470185,0.0,0.0,662.4875817087948,48314.88552470185,960,540,1720.0,227.0,19.0,15.0,0.0
2277,37.95,8,826.0170944737237,1.0,409.7709663921592,12103.406503112406,0.0,0.0,409.7709663921592,12103.406503112406,960,540,1725.0,232.0,19.0,15.0,0.0
2278,37.967,8,827.5964104526465,1.0,297.9556192126805,6573.229566870104,0.0,0.0,297.9556192126805,6573.229566870104,960,540,1731.0,239.0,19.0,15.0,0.0
2279,37.983,8,828.0834756414275,1.0,244.8531421576843,5361.255564183934,0.0,0.0,244.8531421576843,5361.255564183934,960,540,1733.0,241.0,19.0,15.0,0.0
2280,38.0,8,827.7021233443004,1.0,152.1009331909295,5202.86420333737,0.0,0.0,152.1009331909295,5202.86420333737,960,540,1733.0,244.0,19.0,15.0,0.0
2281,38.017,8,826.7235894929074,1.0,131.59151390045253,3718.706160777521,0.0,0.0,131.59151390045253,3718.706160777521,960,540,1732.0,248.0,19.0,15.0,0.0
2282,38.033,8,824.779569259861,1.0,134.35408593773565,3342.307647144799,0.0,0.0,134.35408593773565,3342.307647144799,960,540,1732.0,248.0,19.0,15.0,0.0
2283,38.05,8,822.6276603504753,1.0,140.61816876831557,2834.08553440514,0.0,0.0,140.61816876831557,2834.08553440514,960,540,1731.0,250.0,19.0,15.0,0.0
2284,38.067,8,820.0923140891634,1.0,194.2541991246215,2372.6760918288082,0.0,0.0,194.2541991246215,2372.6760918288082,960,540,1726.0,251.0,19.0,15.0,0.0
2285,38.083,8,816.1574088984149,1.0,219.58216350745633,737.342165746251,0.0,0.0,219.58216350745633,737.342165746251,960,540,1724.0,251.0,19.0,15.0,0.0
2286,38.1,8,812.7747956726553,1.0,180.893474121078,2840.2356901342473,0.0,0.0,180.893474121078,2840.2356901342473,960,540,1721.0,253.0,19.0,15.0,0.0
2287,38.117,8,810.1429705015419,1.0,139.16661574808228,3319.976641176822,0.0,0.0,139.16661574808228,3319.976641176822,960,540,1717.0,255.0,19.0,15.0,0.0
2288,38.133,8,808.2975376042248,1.0,77.78830508606889,3775.809144259694,0.0,0.0,77.78830508606889,3775.809144259694,960,540,1717.0,255.0,19.0,15.0,0.0
2289,38.15,8,807.7678504538036,1.0,25.714285714285836,2995.4046437156358,0.0,0.0,25.714285714285836,2995.4046437156358,960,540,1716.0,257.0,19.0,15.0,0.0
2290,38.167,8,807.9963699094501,1.0,27.180425129208174,951.5829990507387,0.0,0.0,27.180425129208174,951.5829990507387,960,540,1717.0,256.0,19.0,15.0,0.0
2291,38.183,8,808.6317227505672,1.0,38.038648444845535,3097.596171358782,0.0,0.0,38.038648444845535,3097.596171358782,960,540,1717.0,257.0,19.0,15.0,0.0
2292,38.2,8,808.7273981603125,1.0,98.58177999477586,6108.157810398701,0.0,0.0,98.58177999477586,6108.157810398701,960,540,1717.0,257.0,19.0,15.0,0.0
2293,38.217,8,807.5290338988256,1.0,209.68392150752427,19589.652620604873,0.0,0.0,209.68392150752427,19589.652620604873,960,540,1718.0,258.0,19.0,15.0,0.0
2294,38.233,8,804.2163859713714,1.0,604.3802695357745,29517.652967920723,0.0,0.0,604.3802695357745,29517.652967920723,960,540,1715.0,266.0,19.0,15.0,0.0
2295,38.25,8,827.5653470440396,1.0,1177.7962818894093,174372.08457075735,0.0,0.0,1177.7962818894093,174372.08457075735,960,540,1711.0,270.0,19.0,15.0,0.0
2296,38.267,8,770.3360399932459,1.0,5229.406646795683,187633.62748522966,0.0,0.0,5229.406646795683,187633.62748522966,960,540,1703.0,282.0,19.0,15.0,0.0
2297,38.283,8,669.2025138440164,1.0,7420.257572953889,74249.97217068174,0.0,0.0,7420.257572953889,74249.97217068174,960,540,1692.0,297.0,19.0,15.0,0.0
2299,38.317,8,552.5502306303176,1.0,7704.403458611267,48221.9041600002,0.0,0.0,7704.403458611267,48221.9041600002,960,540,1420.0,534.0,14.0,11.0,0.0
2300,38.333,8,457.6234180456309,1.0,5818.703481367815,176463.31641680008,0.0,0.0,5818.703481367815,176463.31641680008,960,540,1410.0,546.0,14.0,11.0,0.0
2302,38.367,8,409.2805839175408,1.0,1844.2818413150144,171980.9778280543,0.0,0.0,1844.2818413150144,171980.9778280543,960,540,1386.0,578.0,12.0,10.0,0.0
2303,38.383,8,421.226612894332,1.0,300.3399434518526,35244.860676157325,0.0,0.0,300.3399434518526,35244.860676157325,960,540,1378.0,589.0,12.0,10.0,0.0
2304,38.4,8,414.791133954496,1.0,681.3447088257958,10924.621134792518,0.0,0.0,681.3447088257958,10924.621134792518,960,540,1370.0,603.0,12.0,10.0,0.0
2305,38.417,8,412.33721587050206,1.0,439.61485926865817,9361.809087337584,0.0,0.0,439.61485926865817,9361.809087337584,960,540,1367.0,608.0,12.0,10.0,0.0
2306,38.433,8,409.7235310329228,1.0,369.6937508097191,4093.2497941796323,0.0,0.0,369.6937508097191,4093.2497941796323,960,540,1364.0,614.0,12.0,10.0,0.0
2307,38.45,8,407.595707498221,1.0,307.5644946468127,3198.245692595239,0.0,0.0,307.5644946468127,3198.245692595239,960,540,1359.0,620.0,12.0,10.0,0.0
2308,38.467,8,405.5586695746011,1.0,263.0938375312915,4183.787952639687,0.0,0.0,263.0938375312915,4183.787952639687,960,540,1357.0,623.0,12.0,10.0,0.0
2309,38.483,8,404.3813673371131,1.0,170.67692358634574,4374.368759126079,0.0,0.0,170.67692358634574,4374.368759126079,960,540,1355.0,626.0,12.0,10.0,0.0
2310,38.5,8,403.966470510923,1.0,120.24634578010875,2273.0452467731106,0.0,0.0,120.24634578010875,2273.0452467731106,960,540,1354.0,629.0,12.0,10.0,0.0
2311,38.517,8,403.602049688145,1.0,100.86361776059535,1207.628811737423,0.0,0.0,100.86361776059535,1207.628811737423,960,540,1354.0,630.0,12.0,10.0,0.0
2312,38.533,8,403.8056210503229,1.0,92.32816361175179,1079.1152838869111,0.0,0.0,92.32816361175179,1079.1152838869111,960,540,1353.0,631.0,12.0,10.0,0.0
2313,38.55,8,403.87587617485786,1.0,93.25190811638201,2466.799959627363,0.0,0.0,93.25190811638201,2466.799959627363,960,540,1353.0,633.0,12.0,10.0,0.0
2314,38.567,8,404.79655033798525,1.0,105.36622236906646,3376.751246330115,0.0,0.0,105.36622236906646,3376.751246330115,960,540,1354.0,635.0,12.0,10.0,0.0
2315,38.583,8,406.7199753171655,1.0,120.99080754422954,2798.5418943966597,0.0,0.0,120.99080754422954,2798.5418943966597,960,540,1354.0,636.0,12.0,10.0,0.0
2316,38.6,8,408.7758673779154,1.0,128.85682610033734,2007.4351591938125,0.0,0.0,128.85682610033734,2007.4351591938125,960,540,1358.0,636.0,12.0,10.0,0.0
2317,38.617,8,410.9531258614892,1.0,131.12542679061067,1534.5011819972674,0.0,0.0,131.12542679061067,1534.5011819972674,960,540,1360.0,636.0,12.0,10.0,0.0
2318,38.633,8,412.8558713661974,1.0,89.73885014022629,2657.4884567873755,0.0,0.0,89.73885014022629,2657.4884567873755,960,540,1361.0,636.0,12.0,10.0,0.0
2319,38.65,8,413.61277584798006,1.0,45.40071023449125,1988.128029384529,0.0,0.0,45.40071023449125,1988.128029384529,960,540,1363.0,635.0,12.0,10.0,0.0
2320,38.667,8,414.0568196354476,1.0,24.989793835051454,1188.464967759747,0.0,0.0,24.989793835051454,1188.464967759747,960,540,1363.0,635.0,12.0,10.0,0.0
2321,38.683,8,414.2094565831432,1.0,5.890150893738176,940.907074289881,0.0,0.0,5.890150893738176,940.907074289881,960,540,1363.0,635.0,12.0,10.0,0.0
2322,38.7,8,414.2312881600124,1.0,39.79539507766745,516.068339090981,0.0,0.0,39.79539507766745,516.068339090981,960,540,1363.0,635.0,12.0,10.0,0.0
2323,38.717,8,415.52376040950156,1.0,11.42857142856883,1571.7532132188387,0.0,0.0,11.42857142856883,1571.7532132188387,960,540,1363.0,635.0,12.0,10.0,0.0
2324,38.733,8,413.86049880564303,1.0,13.170777796119344,13057.932142445734,0.0,0.0,13.170777796119344,13057.932142445734,960,540,1363.0,635.0,12.0,10.0,0.0
2325,38.75,8,415.13379260141886,1.0,446.4119996923983,61462.014152430325,0.0,0.0,446.4119996923983,61462.014152430325,960,540,1361.0,635.0,12.0,10.0,0.0
2326,38.767,8,398.9812565571235,1.0,2056.375352856758,70327.21335852538,0.0,0.0,2056.375352856758,70327.21335852538,960,540,1345.0,631.0,12.0,10.0,0.0
2327,38.783,8,355.4414839689904,1.0,2787.4134012355753,140453.7312151057,0.0,0.0,2787.4134012355753,140453.7312151057,960,540,1332.0,629.0,12.0,10.0,0.0
2329,38.817,8,306.6455516244556,1.0,4732.582890592245,146471.3693553002,0.0,0.0,4732.582890592245,146471.3693553002,960,540,1244.0,613.0,11.0,9.0,0.0
2331,38.85,8,265.495801112115,1.0,6042.66193538131,52409.65988231172,0.0,0.0,6042.66193538131,52409.65988231172,960,540,1177.0,604.0,11.0,9.0,0.0
2333,38.883,8,269.6395216865082,1.0,5629.14029032528,70323.38711630815,0.0,0.0,5629.14029032528,70323.38711630815,960,540,1249.0,317.0,10.0,9.0,0.0
2335,38.917,8,311.49239552781216,1.0,3804.913043067641,151044.26503512013,0.0,0.0,3804.913043067641,151044.26503512013,960,540,1177.0,314.0,10.0,8.0,0.0
2336,38.933,8,332.49868633910904,1.0,1392.1331451688065,134587.32845105312,0.0,0.0,1392.1331451688065,134587.32845105312,960,540,1165.0,313.0,10.0,8.0,0.0
2337,38.95,8,293.9364239341444,1.0,1275.5743004303254,29527.07854405784,0.0,0.0,1275.5743004303254,29527.07854405784,960,540,1151.0,312.0,10.0,8.0,0.0
2338,38.967,8,291.69707907526833,1.0,410.97196885393237,33184.825644579774,0.0,0.0,410.97196885393237,33184.825644579774,960,540,1136.0,309.0,10.0,8.0,0.0
2339,38.983,8,288.6377732943764,1.0,388.1142268214723,6750.37413929088,0.0,0.0,388.1142268214723,6750.37413929088,960,540,1132.0,308.0,10.0,8.0,0.0
2340,39.0,8,288.2778051992933,1.0,228.27212546719025,7381.513035542237,0.0,0.0,228.27212546719025,7381.513035542237,960,540,1128.0,306.0,10.0,8.0,0.0
2341,39.017,8,289.169680824927,1.0,192.85714285714266,2297.15884855872,0.0,0.0,192.85714285714266,2297.15884855872,960,540,1125.0,302.0,10.0,8.0,0.0
2342,39.033,8,290.2937834774002,1.0,193.07395220590396,1707.8450438718564,0.0,0.0,193.07395220590396,1707.8450438718564,960,540,1124.0,300.0,10.0,8.0,0.0
2343,39.05,8,291.7856550290398,1.0,150.27186247951096,2344.642177129476,0.0,0.0,150.27186247951096,2344.642177129476,960,540,1122.0,298.0,10.0,8.0,0.0
2344,39.067,8,292.9510844296038,1.0,128.92807676992788,1437.4722712497394,0.0,0.0,128.92807676992788,1437.4722712497394,960,540,1121.0,295.0,10.0,8.0,0.0
2345,39.083,8,294.6134867516486,1.0,129.36264483053637,999.5917534020524,0.0,0.0,129.36264483053637,999.5917534020524,960,540,1121.0,293.0,10.0,8.0,0.0
2346,39.1,8,296.27892187343565,1.0,107.29512988928951,1028.5714285714505,0.0,0.0,107.29512988928951,1028.5714285714505,960,540,1121.0,292.0,10.0,8.0,0.0
2347,39.117,8,297.5082650960366,1.0,95.3618243901649,963.0945023245885,0.0,0.0,95.3618243901649,963.0945023245885,960,540,1121.0,289.0,10.0,8.0,0.0
2348,39.133,8,298.66712600183354,1.0,102.16033816446189,827.7089106781904,0.0,0.0,102.16033816446189,827.7089106781904,960,540,1120.0,288.0,10.0,8.0,0.0
2349,39.15,8,299.56195154223354,1.0,93.29566781288835,772.6181304565581,0.0,0.0,93.29566781288835,772.6181304565581,960,540,1120.0,287.0,10.0,8.0,0.0
2350,39.167,8,300.33277084366017,1.0,76.41188068752047,823.258830527101,0.0,0.0,76.41188068752047,823.258830527101,960,540,1119.0,285.0,10.0,8.0,0.0
2351,39.183,8,301.101906796759,1.0,66.88399948982564,940.9070742898671,0.0,0.0,66.88399948982564,940.9070742898671,960,540,1118.0,284.0,10.0,8.0,0.0
2352,39.2,8,301.711715357017,1.0,45.736601695950135,1266.2817173736944,0.0,0.0,45.736601695950135,1266.2817173736944,960,540,1119.0,283.0,10.0,8.0,0.0
2353,39.217,8,302.1577766589253,1.0,24.948927423676555,908.1265757321477,0.0,0.0,24.948927423676555,908.1265757321477,960,540,1118.0,283.0,10.0,8.0,0.0
2354,39.233,8,302.3015306271228,1.0,26.572964625341868,437.05881545071077,0.0,0.0,26.572964625341868,437.05881545071077,960,540,1118.0,282.0,10.0,8.0,0.0
2355,39.25,8,302.231072716213,1.0,29.311835040977716,441.24129175667423,0.0,0.0,29.311835040977716,441.24129175667423,960,540,1118.0,282.0,10.0,8.0,0.0
2356,39.267,8,302.56316969408044,1.0,31.943828249995835,516.0683390911,0.0,0.0,31.943828249995835,516.0683390911,960,540,1117.0,282.0,10.0,8.0,0.0
2357,39.283,8,302.79685308860616,1.0,42.80949732505994,1085.0561915289475,0.0,0.0,42.80949732505994,1085.0561915289475,960,540,1117.0,281.0,10.0,8.0,0.0
2358,39.3,8,303.34139930966813,1.0,67.32498095969997,3565.1373159575487,0.0,0.0,67.32498095969997,3565.1373159575487,960,540,1117.0,280.0,10.0,8.0,0.0
2359,39.317,8,304.2875251455173,1.0,100.3056553231006,7830.083274246249,0.0,0.0,100.3056553231006,7830.083274246249,960,540,1116.0,279.0,10.0,8.0,0.0
2360,39.333,8,305.58000314483206,1.0,320.6784898890872,33722.06326754631,0.0,0.0,320.6784898890872,33722.06326754631,960,540,1115.0,277.0,10.0,8.0,0.0
2361,39.35,8,307.60625434108243,1.0,1054.9784793239658,42565.86013437956,0.0,0.0,1054.9784793239658,42565.86013437956,960,540,1112.0,273.0,10.0,8.0,0.0
2362,39.367,8,311.3135363485377,1.0,1727.1009093334237,49628.58993337934,0.0,0.0,1727.1009093334237,49628.58993337934,960,540,1106.0,267.0,10.0,8.0,0.0
2365,39.417,8,317.41898818274404,1.0,2684.8741087045005,44432.25524461384,0.0,0.0,2684.8741087045005,44432.25524461384,960,540,1043.0,228.0,9.0,10.0,0.0
2366,39.433,8,328.31324915263616,1.0,3157.012925574573,10244.560527819614,0.0,0.0,3157.012925574573,10244.560527819614,960,540,1029.0,222.0,9.0,10.0,0.0
2369,39.483,8,343.8501525921453,1.0,2594.191706918548,39756.393401898225,0.0,0.0,2594.191706918548,39756.393401898225,960,540,967.0,196.0,9.0,9.0,0.0
2372,39.533,8,355.9156056811037,1.0,1846.5969804381605,48739.40701237922,0.0,0.0,1846.5969804381605,48739.40701237922,960,540,915.0,180.0,9.0,9.0,0.0
2373,39.55,8,368.0868107210001,1.0,969.6043796627862,52381.265150581436,0.0,0.0,969.6043796627862,52381.265150581436,960,540,911.0,178.0,9.0,9.0,0.0
2374,39.567,8,370.6636354058016,1.0,103.43093919943266,29097.853907819983,0.0,0.0,103.43093919943266,29097.853907819983,960,540,906.0,174.0,9.0,9.0,0.0
2375,39.583,8,370.35033362279114,1.0,28.92636675902314,326.3902759659182,0.0,0.0,28.92636675902314,326.3902759659182,960,540,904.0,174.0,9.0,9.0,0.0
2376,39.6,8,371.50575815816285,1.0,94.63140092388286,2360.646746386248,0.0,0.0,94.63140092388286,2360.646746386248,960,540,903.0,173.0,9.0,9.0,0.0
2377,39.617,8,372.2803724841825,1.0,81.7162836918599,422.093905791254,0.0,0.0,81.7162836918599,422.093905791254,960,540,902.0,173.0,9.0,9.0,0.0
2378,39.633,8,373.44861254682974,1.0,96.85882847247889,706.8181072485872,0.0,0.0,96.85882847247889,706.8181072485872,960,540,900.0,171.0,9.0,9.0,0.0
2379,39.65,8,374.61879339244587,1.0,103.88376550112812,759.4305062858082,0.0,0.0,103.88376550112812,759.4305062858082,960,540,899.0,170.0,9.0,9.0,0.0
2380,39.667,8,375.71509747030456,1.0,90.99226251025392,1474.684331492975,0.0,0.0,90.99226251025392,1474.684331492975,960,540,898.0,170.0,9.0,9.0,0.0
2381,39.683,8,376.21276606658915,1.0,61.67723755692262,1745.080548985964,0.0,0.0,61.67723755692262,1745.080548985964,960,540,896.0,169.0,9.0,9.0,0.0
2382,39.7,8,376.5222316539961,1.0,32.981132516043196,1631.9513798279256,0.0,0.0,32.981132516043196,1631.9513798279256,960,540,895.0,169.0,9.0,9.0,0.0
2383,39.717,8,376.72022074286576,1.0,7.284313590848691,1058.4933458767039,0.0,0.0,7.284313590848691,1058.4933458767039,960,540,895.0,169.0,9.0,9.0,0.0
2384,39.733,8,376.6100162082659,1.0,3.194382824998973,260.689822727104,0.0,0.0,3.194382824998973,260.689822727104,960,540,896.0,169.0,9.0,9.0,0.0
2385,39.75,8,376.61820770697943,1.0,3.194382824998973,249.89793835045606,0.0,0.0,3.194382824998973,249.89793835045606,960,540,895.0,169.0,9.0,9.0,0.0
2386,39.767,8,376.6956523673613,1.0,5.890150893738176,514.285714285802,0.0,0.0,5.890150893738176,514.285714285802,960,540,895.0,169.0,9.0,9.0,0.0
2387,39.783,8,376.6979368153047,1.0,15.971914125001883,27063.530698665585,0.0,0.0,15.971914125001883,27063.530698665585,960,540,895.0,169.0,9.0,9.0,0.0
2388,39.8,8,376.87979341536413,1.0,899.7607391719052,16094.668910757047,0.0,0.0,899.7607391719052,16094.668910757047,960,540,896.0,169.0,9.0,9.0,0.0
2389,39.817,8,397.61644709728586,1.0,542.9191693887237,179727.9781293103,0.0,0.0,542.9191693887237,179727.9781293103,960,540,895.0,170.0,9.0,9.0,0.0
2390,39.833,8,364.2588163116607,1.0,5092.081287325949,142874.3825312095,0.0,0.0,5092.081287325949,142874.3825312095,960,540,897.0,171.0,9.0,9.0,0.0
2391,39.85,8,292.7068177872511,1.0,5289.670334236204,148941.6006633592,0.0,0.0,5289.670334236204,148941.6006633592,960,540,904.0,177.0,9.0,9.0,0.0
2393,39.883,8,238.52198898429788,1.0,3004.6756081487547,250433.48744258215,0.0,0.0,3004.6756081487547,250433.48744258215,960,540,726.0,441.0,11.0,10.0,0.0
2395,39.917,8,193.48158753885005,1.0,4518.267909050895,224692.9374111447,0.0,0.0,4518.267909050895,224692.9374111447,960,540,788.0,457.0,10.0,9.0,0.0
2398,39.967,8,205.16262561160082,1.0,7248.715579398866,91892.76025756885,0.0,0.0,7248.715579398866,91892.76025756885,960,540,1086.0,237.0,9.0,9.0,0.0
2399,39.983,8,315.8170844634617,1.0,6015.437622976255,192650.57985473616,0.0,0.0,6015.437622976255,192650.57985473616,960,540,1095.0,239.0,9.0,9.0,0.0
2400,40.0,8,363.1040560990123,1.0,889.1373944012039,203711.25724056046,0.0,0.0,889.1373944012039,203711.25724056046,960,540,1107.0,242.0,9.0,9.0,0.0
2401,40.017,8,332.49336685454006,1.0,930.788561886478,19279.808619595784,0.0,0.0,930.788561886478,19279.808619595784,960,540,1118.0,247.0,9.0,9.0,0.0
2402,40.033,8,332.5144396980528,1.0,415.23290735073164,25258.968906192535,0.0,0.0,415.23290735073164,25258.968906192535,960,540,1125.0,252.0,9.0,9.0,0.0
2403,40.05,8,331.4586535335407,1.0,260.8150490211723,8400.983907391128,0.0,0.0,260.8150490211723,8400.983907391128,960,540,1128.0,254.0,9.0,9.0,0.0
2404,40.067,8,329.9881293817703,1.0,173.14615744143975,4662.17957261875,0.0,0.0,173.14615744143975,4662.17957261875,960,540,1130.0,257.0,9.0,9.0,0.0
2405,40.083,8,328.30595210251863,1.0,144.57538108657025,2498.9793835052446,0.0,0.0,144.57538108657025,2498.9793835052446,960,540,1131.0,260.0,9.0,9.0,0.0
2406,40.1,8,326.4815142367516,1.0,124.29392419517734,2282.318906690592,0.0,0.0,124.29392419517734,2282.318906690592,960,540,1131.0,262.0,9.0,9.0,0.0
2407,40.117,8,324.7511588782155,1.0,103.90340883410506,2206.206458782884,0.0,0.0,103.90340883410506,2206.206458782884,960,540,1131.0,264.0,9.0,9.0,0.0
2408,40.133,8,323.11039723008935,1.0,110.28719466067824,1733.464149956313,0.0,0.0,110.28719466067824,1733.464149956313,960,540,1130.0,265.0,9.0,9.0,0.0
2409,40.15,8,321.08806655691984,1.0,127.27922061357856,728.5714285714675,0.0,0.0,127.27922061357856,728.5714285714675,960,540,1129.0,267.0,9.0,9.0,0.0
2410,40.167,8,318.98192998245054,1.0,126.27310861455709,637.1172320279838,0.0,0.0,126.27310861455709,637.1172320279838,960,540,1127.0,268.0,9.0,9.0,0.0
2411,40.183,8,317.001344804261,1.0,137.71458209808338,1707.8450438718564,0.0,0.0,137.71458209808338,1707.8450438718564,960,540,1125.0,270.0,9.0,9.0,0.0
2412,40.2,8,314.7130139970994,1.0,160.9981619872283,1654.3079199099577,0.0,0.0,160.9981619872283,1654.3079199099577,960,540,1124.0,271.0,9.0,9.0,0.0
2413,40.217,8,312.470464817429,1.0,162.18533112661797,1414.9349159330575,0.0,0.0,162.18533112661797,1414.9349159330575,960,540,1122.0,272.0,9.0,9.0,0.0
2414,40.233,8,310.6380858944432,1.0,144.90672580551254,1854.2835130954863,0.0,0.0,144.90672580551254,1854.2835130954863,960,540,1117.0,273.0,9.0,9.0,0.0
2415,40.25,8,309.3461211583832,1.0,104.05061562646179,2959.315971708523,0.0,0.0,104.05061562646179,2959.315971708523,960,540,1116.0,273.0,9.0,9.0,0.0
2416,40.267,8,308.4520198119592,1.0,46.268956402000924,2551.710110846678,0.0,0.0,46.268956402000924,2551.710110846678,960,540,1115.0,273.0,9.0,9.0,0.0
2417,40.283,8,308.3737535557888,1.0,19.059520091604714,790.2466677678043,0.0,0.0,19.059520091604714,790.2466677678043,960,540,1115.0,273.0,9.0,9.0,0.0
2418,40.3,8,308.01802962807864,1.0,23.776167110135376,230.79277744839814,0.0,0.0,23.776167110135376,230.79277744839814,960,540,1114.0,274.0,9.0,9.0,0.0
2419,40.317,8,307.66889246768255,1.0,13.47711590294163,463.57087827389284,0.0,0.0,13.47711590294163,463.57087827389284,960,540,1114.0,273.0,9.0,9.0,0.0
2420,40.333,8,307.62124796500433,1.0,8.329931278354385,1106.0132486197408,0.0,0.0,8.329931278354385,1106.0132486197408,960,540,1114.0,274.0,9.0,9.0,0.0
2421,40.35,8,307.4260967918343,1.0,34.07674411964386,4044.49739568156,0.0,0.0,34.07674411964386,4044.49739568156,960,540,1114.0,274.0,9.0,9.0,0.0
2422,40.367,8,307.10783115161473,1.0,130.4309966915817,7726.181304565683,0.0,0.0,130.4309966915817,7726.181304565683,960,540,1115.0,274.0,9.0,9.0,0.0
2423,40.383,8,307.5470688309115,1.0,285.3175817382745,9342.955438539091,0.0,0.0,285.3175817382745,9342.955438539091,960,540,1116.0,276.0,9.0,9.0,0.0
2424,40.4,8,308.3434085502267,1.0,439.7517852755766,8635.155955010425,0.0,0.0,439.7517852755766,8635.155955010425,960,540,1123.0,278.0,9.0,9.0,0.0
2425,40.417,8,310.5948137396946,1.0,564.7683288801948,5757.710003968374,0.0,0.0,564.7683288801948,5757.710003968374,960,540,1132.0,281.0,9.0,9.0,0.0
2426,40.433,8,314.73172177164247,1.0,612.4590781831708,832.135193097673,0.0,0.0,612.4590781831708,832.135193097673,960,540,1141.0,284.0,9.0,9.0,0.0
2427,40.45,8,318.9904852894761,1.0,564.5460520612609,4329.42000168833,0.0,0.0,564.5460520612609,4329.42000168833,960,540,1151.0,284.0,9.0,9.0,0.0
2428,40.467,8,322.9232479030912,1.0,470.86763164462366,6421.424598759083,0.0,0.0,470.86763164462366,6421.424598759083,960,540,1161.0,286.0,9.0,9.0,0.0
2429,40.483,8,325.44128422567746,1.0,374.97482908720906,6508.07975064967,0.0,0.0,374.97482908720906,6508.07975064967,960,540,1167.0,289.0,9.0,9.0,0.0
2430,40.5,8,326.3640170964455,1.0,293.99777869493164,5130.341914849714,0.0,0.0,293.99777869493164,5130.341914849714,960,540,1171.0,291.0,9.0,9.0,0.0
2431,40.517,8,326.6275278510885,1.0,217.4293223189659,4433.384481317277,0.0,0.0,217.4293223189659,4433.384481317277,960,540,1174.0,294.0,9.0,9.0,0.0
2432,40.533,8,326.9065619206161,1.0,146.85825458167383,4210.04629379773,0.0,0.0,146.85825458167383,4210.04629379773,960,540,1178.0,296.0,9.0,9.0,0.0
2433,40.55,8,327.00697254141716,1.0,77.26181304565732,3737.427905249786,0.0,0.0,77.26181304565732,3737.427905249786,960,540,1179.0,297.0,9.0,9.0,0.0
2434,40.567,8,327.2729657400816,1.0,23.947220877481076,2245.8124296984506,0.0,0.0,23.947220877481076,2245.8124296984506,960,540,1179.0,297.0,9.0,9.0,0.0
2435,40.583,8,327.3402225746064,1.0,11.15749953700806,395.12333388376896,0.0,0.0,11.15749953700806,395.12333388376896,960,540,1179.0,297.0,9.0,9.0,0.0
2436,40.6,8,327.64117450196204,1.0,12.936264483057291,732.3431781700513,0.0,0.0,12.936264483057291,732.3431781700513,960,540,1180.0,297.0,9.0,9.0,0.0
2437,40.617,8,327.6629711696718,1.0,23.255457994425168,479.15742374998325,0.0,0.0,23.255457994425168,479.15742374998325,960,540,1180.0,297.0,9.0,9.0,0.0
2438,40.633,8,327.6365616857925,1.0,17.43793659390412,395.12333388376896,0.0,0.0,17.43793659390412,395.12333388376896,960,540,1180.0,297.0,9.0,9.0,0.0
2439,40.65,8,327.5340421281956,1.0,10.10152544552584,473.37261502232394,0.0,0.0,10.10152544552584,473.37261502232394,960,540,1180.0,298.0,9.0,9.0,0.0
2440,40.667,8,327.6205045648671,1.0,11.517511069002078,473.37261502233787,0.0,0.0,11.517511069002078,473.37261502233787,960,540,1181.0,298.0,9.0,9.0,0.0
2441,40.683,8,327.82549212650025,1.0,12.121830534626184,940.9070742899835,0.0,0.0,12.121830534626184,940.9070742899835,960,540,1180.0,297.0,9.0,9.0,0.0
2442,40.7,8,328.02411628061463,1.0,26.06898227270409,3772.402471656855,0.0,0.0,26.06898227270409,3772.402471656855,960,540,1181.0,298.0,9.0,9.0,0.0
2443,40.717,8,327.0956020490322,1.0,114.74906073155825,7288.864865012152,0.0,0.0,114.74906073155825,7288.864865012152,960,540,1180.0,298.0,9.0,9.0,0.0
2444,40.733,8,324.51764658928187,1.0,268.24448184597463,10490.287052744534,0.0,0.0,268.24448184597463,10490.287052744534,960,540,1180.0,301.0,9.0,9.0,0.0
2445,40.75,8,318.68045682170555,1.0,463.1965246071697,10555.480247970881,0.0,0.0,463.1965246071697,10555.480247970881,960,540,1177.0,306.0,9.0,9.0,0.0
2446,40.767,8,309.7364580887888,1.0,617.607298783133,7907.346106563289,0.0,0.0,617.607298783133,7907.346106563289,960,540,1173.0,314.0,9.0,9.0,0.0
2447,40.783,8,298.76022359379505,1.0,721.7721953918829,4150.0676168578075,0.0,0.0,721.7721953918829,4150.0676168578075,960,540,1167.0,326.0,9.0,9.0,0.0
2448,40.8,8,286.25995907974243,1.0,744.495446183358,1978.8679509623855,0.0,0.0,744.495446183358,1978.8679509623855,960,540,1160.0,335.0,9.0,9.0,0.0
2449,40.817,8,274.3926089654668,1.0,680.2160521121345,4316.673889626963,0.0,0.0,680.2160521121345,4316.673889626963,960,540,1154.0,345.0,9.0,9.0,0.0
2450,40.833,8,263.886463767351,1.0,602.9942295050017,4730.8151776302275,0.0,0.0,602.9942295050017,4730.8151776302275,960,540,1146.0,355.0,9.0,9.0,0.0
2451,40.85,8,254.56935313496746,1.0,522.6326606319086,5343.410972059542,0.0,0.0,522.6326606319086,5343.410972059542,960,540,1142.0,361.0,9.0,9.0,0.0
2452,40.867,8,246.70315964655177,1.0,425.7526348978389,5481.86248701397,0.0,0.0,425.7526348978389,5481.86248701397,960,540,1137.0,368.0,9.0,9.0,0.0
2453,40.883,8,240.5198923043673,1.0,344.17010507086695,4962.92375973066,0.0,0.0,344.17010507086695,4962.92375973066,960,540,1133.0,373.0,9.0,9.0,0.0
2454,40.9,8,235.2679082708299,1.0,277.8415346332272,4382.548880945598,0.0,0.0,277.8415346332272,4382.548880945598,960,540,1129.0,377.0,9.0,9.0,0.0
2455,40.917,8,231.28210140613805,1.0,234.08092094620022,2496.405579293288,0.0,0.0,234.08092094620022,2496.405579293288,960,540,1126.0,379.0,9.0,9.0,0.0
2456,40.933,8,227.73131819752405,1.0,218.4967192580457,563.6977044845294,0.0,0.0,218.4967192580457,563.6977044845294,960,540,1123.0,380.0,9.0,9.0,0.0
2457,40.95,8,224.3573083589191,1.0,219.57286922103177,1380.1064732661189,0.0,0.0,219.57286922103177,1380.1064732661189,960,540,1119.0,382.0,9.0,9.0,0.0
2458,40.967,8,220.58407830327917,1.0,223.78013991507206,1071.4285714283421,0.0,0.0,223.78013991507206,1071.4285714283421,960,540,1116.0,384.0,9.0,9.0,0.0
2459,40.983,8,216.94716014454926,1.0,197.7268782117061,1485.2334386712112,0.0,0.0,197.7268782117061,1485.2334386712112,960,540,1114.0,387.0,9.0,9.0,0.0
2460,41.0,8,214.0176948201837,1.0,174.5723638039021,1323.723875269635,0.0,0.0,174.5723638039021,1323.723875269635,960,540,1111.0,389.0,9.0,9.0,0.0
2461,41.017,8,211.1902990282182,1.0,157.30511103961376,1405.818811444767,0.0,0.0,157.30511103961376,1405.818811444767,960,540,1109.0,390.0,9.0,9.0,0.0
2462,41.033,8,208.86883015092718,1.0,127.7193990667049,2093.4299557407285,0.0,0.0,127.7193990667049,2093.4299557407285,960,540,1107.0,391.0,9.0,9.0,0.0
2463,41.05,8,206.98442216845262,1.0,89.9546370938912,2268.19176384,0.0,0.0,89.9546370938912,2268.19176384,960,540,1105.0,393.0,9.0,9.0,0.0
2464,41.067,8,205.87265729185182,1.0,57.46338674605425,2163.3307652781855,0.0,0.0,57.46338674605425,2163.3307652781855,960,540,1105.0,394.0,9.0,9.0,0.0
2465,41.083,8,205.0969628549766,1.0,22.17739242323191,1790.279877789032,0.0,0.0,22.17739242323191,1790.279877789032,960,540,1104.0,394.0,9.0,9.0,0.0
2466,41.1,8,205.2310516966156,1.0,7.693092581618971,669.449972220798,0.0,0.0,7.693092581618971,669.449972220798,960,540,1105.0,394.0,9.0,9.0,0.0
2467,41.117,8,205.1969906910483,1.0,9.583148475003783,287.49445424993047,0.0,0.0,9.583148475003783,287.49445424993047,960,540,1104.0,395.0,9.0,9.0,0.0
2468,41.133,8,205.33104734128165,1.0,7.2843135908468515,2007.435159193911,0.0,0.0,7.2843135908468515,2007.435159193911,960,540,1105.0,394.0,9.0,9.0,0.0
2469,41.15,8,204.99451903518582,1.0,60.220682595308126,6207.779845664736,0.0,0.0,60.220682595308126,6207.779845664736,960,540,1104.0,395.0,9.0,9.0,0.0
2470,41.167,8,203.48263170574484,1.0,211.04695289562093,12485.85321923339,0.0,0.0,211.04695289562093,12485.85321923339,960,540,1103.0,395.0,9.0,9.0,0.0
2471,41.183,8,198.45233953208964,1.0,476.3680621244873,14157.459993565151,0.0,0.0,476.3680621244873,14157.459993565151,960,540,1099.0,397.0,9.0,9.0,0.0
2472,41.2,8,189.2352253718691,1.0,680.6059724950411,5746.853620079082,0.0,0.0,680.6059724950411,5746.853620079082,960,540,1090.0,400.0,9.0,9.0,0.0
2473,41.217,8,178.96249876362072,1.0,661.1816879571016,2811.6376228895965,0.0,0.0,661.1816879571016,2811.6376228895965,960,540,1077.0,405.0,9.0,9.0,0.0
2474,41.233,8,171.03261149561925,1.0,593.880356259598,4140.097603108495,0.0,0.0,593.880356259598,4140.097603108495,960,540,1062.0,407.0,9.0,9.0,0.0
2541,42.35,9,258.8288861202504,1.0,31.558174334813568,5348.0494250765405,0.0,0.0,31.558174334813568,5348.0494250765405,960,540,940.0,799.0,10.0,9.0,0.0
2542,42.367,9,259.3548117296978,1.0,120.21239706520144,7356.088690080241,0.0,0.0,120.21239706520144,7356.088690080241,960,540,940.0,798.0,10.0,9.0,0.0
2543,42.383,9,262.7988979637758,1.0,275.77349475277583,14348.184838622157,0.0,0.0,275.77349475277583,14348.184838622157,960,540,940.0,801.0,10.0,9.0,0.0
2544,42.4,9,268.3267460213115,1.0,597.7133296905719,20971.117163900646,0.0,0.0,597.7133296905719,20971.117163900646,960,540,941.0,809.0,10.0,9.0,0.0
2545,42.417,9,282.2068683666078,1.0,974.8102902825831,16119.983794998732,0.0,0.0,974.8102902825831,16119.983794998732,960,540,943.0,821.0,10.0,9.0,0.0
2546,42.433,9,300.13844500130324,1.0,1134.6293110392398,4904.47525745829,0.0,0.0,1134.6293110392398,4904.47525745829,960,540,946.0,834.0,10.0,9.0,0.0
2548,42.467,9,319.4001534907058,1.0,1134.452128850336,5404.929722588495,0.0,0.0,1134.452128850336,5404.929722588495,960,540,949.0,866.0,10.0,9.0,0.0
2549,42.483,9,337.5221501087874,1.0,965.6096731165921,14927.641802907441,0.0,0.0,965.6096731165921,14927.641802907441,960,540,950.0,877.0,10.0,9.0,0.0
2550,42.5,9,351.4046739842244,1.0,643.0158534244017,16050.786744020885,0.0,0.0,643.0158534244017,16050.786744020885,960,540,951.0,890.0,10.0,9.0,0.0
2551,42.517,9,358.9296572675671,1.0,434.40083060769933,9574.423838369426,0.0,0.0,434.40083060769933,9574.423838369426,960,540,951.0,900.0,10.0,9.0,0.0
2552,42.533,9,365.8846391432657,1.0,326.4184118456548,7386.487939584934,0.0,0.0,326.4184118456548,7386.487939584934,960,540,950.0,905.0,10.0,9.0,0.0
2553,42.55,9,369.8018989194682,1.0,190.31659981007226,6643.410115233288,0.0,0.0,190.31659981007226,6643.410115233288,960,540,950.0,910.0,10.0,9.0,0.0
2554,42.567,9,372.19109153334153,1.0,105.92642806809958,4458.996867146961,0.0,0.0,105.92642806809958,4458.996867146961,960,540,950.0,912.0,10.0,9.0,0.0
2555,42.583,9,373.29392709910314,1.0,45.378229069336136,2426.259403665974,0.0,0.0,45.378229069336136,2426.259403665974,960,540,949.0,913.0,10.0,9.0,0.0
2556,42.6,9,373.54435544862463,1.0,50.72937401303989,1521.8812203913521,0.0,0.0,50.72937401303989,1521.8812203913521,960,540,949.0,914.0,10.0,9.0,0.0
2557,42.617,9,374.2415883355423,1.0,86.37837975903626,2264.5448251924286,0.0,0.0,86.37837975903626,2264.5448251924286,960,540,948.0,913.0,10.0,9.0,0.0
2558,42.633,9,375.24035834463814,1.0,126.17609981000415,2744.1961017569024,0.0,0.0,126.17609981000415,2744.1961017569024,960,540,947.0,915.0,10.0,9.0,0.0
2559,42.65,9,376.51655849492425,1.0,177.7179604581039,2461.2092597764977,0.0,0.0,177.7179604581039,2461.2092597764977,960,540,944.0,917.0,10.0,9.0,0.0
2560,42.667,9,378.9606414925614,1.0,203.76557158476504,1079.1152838868745,0.0,0.0,203.76557158476504,1079.1152838868745,960,540,942.0,918.0,10.0,9.0,0.0
2561,42.683,9,381.14253587478447,1.0,204.09081611990425,1188.4649677593338,0.0,0.0,204.09081611990425,1188.4649677593338,960,540,939.0,920.0,10.0,9.0,0.0
2562,42.7,9,383.9333635728982,1.0,190.98028533792916,2141.9998285026595,0.0,0.0,190.98028533792916,2141.9998285026595,960,540,937.0,924.0,10.0,9.0,0.0
2563,42.717,9,386.32432651953354,1.0,141.8536181406465,3463.217803000761,0.0,0.0,141.8536181406465,3463.217803000761,960,540,935.0,925.0,10.0,9.0,0.0
2564,42.733,9,387.9990561505225,1.0,75.72776160399167,3484.3674212876626,0.0,0.0,75.72776160399167,3484.3674212876626,960,540,934.0,928.0,10.0,9.0,0.0
2565,42.75,9,388.46500059766333,1.0,26.26396615835874,2811.6376228898025,0.0,0.0,26.26396615835874,2811.6376228898025,960,540,934.0,927.0,10.0,9.0,0.0
2566,42.767,9,388.65826819084486,1.0,18.182745801942893,2972.321294468488,0.0,0.0,18.182745801942893,2972.321294468488,960,540,934.0,928.0,10.0,9.0,0.0
2567,42.783,9,388.00856759365155,1.0,74.99659856232091,5509.768690281332,0.0,0.0,74.99659856232091,5509.768690281332,960,540,934.0,927.0,10.0,9.0,0.0
2568,42.8,9,387.7434718986255,1.0,198.00020614294854,9154.289727125995,0.0,0.0,198.00020614294854,9154.289727125995,960,540,936.0,927.0,10.0,9.0,0.0
2569,42.817,9,386.6289273161567,1.0,378.4851653739718,10247.249506525366,0.0,0.0,378.4851653739718,10247.249506525366,960,540,940.0,926.0,10.0,9.0,0.0
2570,42.833,9,385.6469841343017,1.0,538.6301597381943,8788.327137604187,0.0,0.0,538.6301597381943,8788.327137604187,960,540,948.0,926.0,10.0,9.0,0.0
2571,42.85,9,384.81235524971737,1.0,670.6576120891041,6363.239452238895,0.0,0.0,670.6576120891041,6363.239452238895,960,540,959.0,924.0,10.0,9.0,0.0
2572,42.867,9,383.86651178008907,1.0,749.8421602618242,1827.3433375994307,0.0,0.0,749.8421602618242,1827.3433375994307,960,540,971.0,924.0,10.0,9.0,0.0
2573,42.883,9,382.9049869418567,1.0,721.5304029969772,4491.82931690897,0.0,0.0,721.5304029969772,4491.82931690897,960,540,982.0,923.0,10.0,9.0,0.0
2574,42.9,9,382.24192455680355,1.0,604.9928318010191,8627.175856866714,0.0,0.0,604.9928318010191,8627.175856866714,960,540,996.0,920.0,10.0,9.0,0.0
2575,42.917,9,381.4165178524695,1.0,435.2081369287393,10729.018442275807,0.0,0.0,435.2081369287393,10729.018442275807,960,540,1004.0,919.0,10.0,9.0,0.0
2576,42.933,9,381.2982507290984,1.0,249.1618603499782,9701.72507277755,0.0,0.0,249.1618603499782,9701.72507277755,960,540,1009.0,918.0,10.0,9.0,0.0
2577,42.95,9,381.87924448654536,1.0,117.69902813740326,5618.864000228235,0.0,0.0,117.69902813740326,5618.864000228235,960,540,1011.0,918.0,10.0,9.0,0.0
2578,42.967,9,382.1964834053786,1.0,63.26168521567264,1975.6166694197216,0.0,0.0,63.26168521567264,1975.6166694197216,960,540,1013.0,919.0,10.0,9.0,0.0
2579,42.983,9,382.403575206961,1.0,52.93430661043062,665.3217726966806,0.0,0.0,52.93430661043062,665.3217726966806,960,540,1014.0,919.0,10.0,9.0,0.0
2580,43.0,9,382.3498712387404,1.0,70.0437181264618,1664.2703861952302,0.0,0.0,70.0437181264618,1664.2703861952302,960,540,1014.0,918.0,10.0,9.0,0.0
2581,43.017,9,382.25997611887624,1.0,108.09104250300727,2314.6825056670796,0.0,0.0,108.09104250300727,2314.6825056670796,960,540,1016.0,918.0,10.0,9.0,0.0
2582,43.033,9,382.4057188207941,1.0,146.5591752048809,1622.35656263567,0.0,0.0,146.5591752048809,1622.35656263567,960,540,1018.0,918.0,10.0,9.0,0.0
2583,43.05,9,382.48391248607805,1.0,162.05315328556964,1165.8403293202016,0.0,0.0,162.05315328556964,1165.8403293202016,960,540,1021.0,918.0,10.0,9.0,0.0
2584,43.067,9,382.4082804680381,1.0,181.29353805024562,1440.663112626188,0.0,0.0,181.29353805024562,1440.663112626188,960,540,1024.0,917.0,10.0,9.0,0.0
2585,43.083,9,382.2009598315333,1.0,209.03080526808014,894.8834150493017,0.0,0.0,209.03080526808014,894.8834150493017,960,540,1026.0,916.0,10.0,9.0,0.0
2586,43.1,9,382.14715321721076,1.0,207.89027718230685,1121.6787709975354,0.0,0.0,207.89027718230685,1121.6787709975354,960,540,1030.0,916.0,10.0,9.0,0.0
2587,43.117,9,382.47596815114025,1.0,178.1136990686459,2503.7522861102516,0.0,0.0,178.1136990686459,2503.7522861102516,960,540,1034.0,915.0,10.0,9.0,0.0
2588,43.133,9,382.67119981197055,1.0,124.47440520453142,3557.1428571424576,0.0,0.0,124.47440520453142,3557.1428571424576,960,540,1037.0,915.0,10.0,9.0,0.0
2589,43.15,9,382.6319670678633,1.0,61.44518047888247,2922.1532457823832,0.0,0.0,61.44518047888247,2922.1532457823832,960,540,1037.0,915.0,10.0,9.0,0.0
2590,43.167,9,382.4589495260408,1.0,37.389292366586595,2631.4425313732017,0.0,0.0,37.389292366586595,2631.4425313732017,960,540,1038.0,914.0,10.0,9.0,0.0
2591,43.183,9,381.92139258410083,1.0,49.97958767010642,20452.199123312905,0.0,0.0,49.97958767010642,20452.199123312905,960,540,1038.0,914.0,10.0,9.0,0.0
2592,43.2,9,380.88570845136013,1.0,670.3547644375595,41881.626189115836,0.0,0.0,670.3547644375595,41881.626189115836,960,540,1037.0,913.0,10.0,9.0,0.0
2593,43.217,9,403.1776052881619,1.0,1444.5237899016315,136058.30757886506,0.0,0.0,1444.5237899016315,136058.30757886506,960,540,1034.0,912.0,10.0,9.0,0.0
2594,43.233,9,341.57546816701455,1.0,3894.0585302143195,58529.52159345982,0.0,0.0,3894.0585302143195,58529.52159345982,960,540,1023.0,911.0,10.0,9.0,0.0
2595,43.25,9,307.4289439131515,1.0,3200.474454622926,81840.5929417755,0.0,0.0,3200.474454622926,81840.5929417755,960,540,1008.0,910.0,10.0,9.0,0.0
2597,43.283,9,303.3190921378488,1.0,2448.3830565981193,92007.10930827739,0.0,0.0,2448.3830565981193,92007.10930827739,960,540,807.0,689.0,9.0,9.0,0.0
2599,43.317,9,323.67393870082327,1.0,1965.9063444381186,110506.00223794182,0.0,0.0,1965.9063444381186,110506.00223794182,960,540,899.0,916.0,10.0,10.0,0.0
2600,43.333,9,359.630662140935,1.0,2653.0956120220117,43274.93500861649,0.0,0.0,2653.0956120220117,43274.93500861649,960,540,881.0,917.0,10.0,10.0,0.0
2601,43.35,9,407.45756703519424,1.0,987.1686992689451,102302.39688376262,0.0,0.0,987.1686992689451,102302.39688376262,960,540,868.0,918.0,10.0,10.0,0.0
2602,43.367,9,391.2576674753823,1.0,952.0600649890197,30129.516343646334,0.0,0.0,952.0600649890197,30129.516343646334,960,540,858.0,918.0,10.0,10.0,0.0
2603,43.383,9,392.4296346360577,1.0,170.0060022950027,27744.596826430556,0.0,0.0,170.0060022950027,27744.596826430556,960,540,855.0,918.0,10.0,10.0,0.0
2604,43.4,9,392.7100446109345,1.0,34.40455593941233,5443.025869151002,0.0,0.0,34.40455593941233,5443.025869151002,960,540,854.0,918.0,10.0,10.0,0.0
2605,43.417,9,392.64555629704864,1.0,11.42857142857224,1245.8093017501099,0.0,0.0,11.42857142857224,1245.8093017501099,960,540,854.0,918.0,10.0,10.0,0.0
2606,43.433,9,392.6069275324691,1.0,7.142857142858929,257.142857142901,0.0,0.0,7.142857142858929,257.142857142901,960,540,854.0,918.0,10.0,10.0,0.0
2607,43.45,9,392.5812017914258,1.0,2.8571428571422075,214.28571428576788,0.0,0.0,2.8571428571422075,214.28571428576788,960,540,854.0,918.0,10.0,10.0,0.0
2608,43.467,9,392.5812017914258,1.0,0.0,0.0,0.0,0.0,0.0,0.0,960,540,854.0,918.0,10.0,10.0,0.0
2609,43.483,9,392.5812017914258,1.0,2.8571428571422075,176.70452681224452,0.0,0.0,2.8571428571422075,176.70452681224452,960,540,854.0,918.0,10.0,10.0,0.0
2610,43.5,9,392.5554974702361,1.0,5.890150893741485,437.05881545071077,0.0,0.0,5.890150893741485,437.05881545071077,960,540,854.0,918.0,10.0,10.0,0.0
2611,43.517,9,392.7517578708692,1.0,11.780301787476352,1285.7142857143413,0.0,0.0,11.780301787476352,1285.7142857143413,960,540,854.0,918.0,10.0,10.0,0.0
2612,43.533,9,392.56676136871226,1.0,38.46546290810423,1806.6204778594526,0.0,0.0,38.46546290810423,1806.6204778594526,960,540,854.0,918.0,10.0,10.0,0.0
2613,43.55,9,392.40721132661923,1.0,71.89845446949894,1492.6349800514765,0.0,0.0,71.89845446949894,1492.6349800514765,960,540,853.0,918.0,10.0,10.0,0.0
2614,43.567,9,392.3548448318675,1.0,86.9670357441393,21324.30346734427,0.0,0.0,86.9670357441393,21324.30346734427,960,540,852.0,916.0,10.0,10.0,0.0
2615,43.583,9,391.1220500686287,1.0,655.0432296063411,15053.171067374757,0.0,0.0,655.0432296063411,15053.171067374757,960,540,851.0,916.0,10.0,10.0,0.0
2616,43.6,9,408.3383312202826,1.0,545.482374058159,124143.0585235923,0.0,0.0,545.482374058159,124143.0585235923,960,540,851.0,914.0,10.0,10.0,0.0
2617,43.617,9,373.1285942484254,1.0,3498.473428015509,134350.1912077217,0.0,0.0,3498.473428015509,134350.1912077217,960,540,857.0,909.0,10.0,10.0,0.0
2618,43.633,9,310.6548200713468,1.0,4968.708615538095,54933.044588436256,0.0,0.0,4968.708615538095,54933.044588436256,960,540,865.0,905.0,10.0,10.0,0.0
2620,43.667,9,251.0822741453947,1.0,5317.498260940202,21317.885563487667,0.0,0.0,5317.498260940202,21317.885563487667,960,540,777.0,656.0,10.0,8.0,0.0
2641,44.017,11,252.01967403314634,1.0,60.60915267312755,6732.8012182819975,0.0,0.0,60.60915267312755,6732.8012182819975,960,540,1111.0,742.0,10.0,9.0,0.0
2642,44.033,11,252.73655540880765,1.0,163.54491363386268,10767.723879772515,0.0,0.0,163.54491363386268,10767.723879772515,960,540,1111.0,743.0,10.0,9.0,0.0
2643,44.05,11,257.1821001801275,1.0,407.6438020965721,14716.483885738196,0.0,0.0,407.6438020965721,14716.483885738196,960,540,1112.0,747.0,10.0,9.0,0.0
2644,44.067,11,266.0951784435967,1.0,649.7927456080874,12209.47273594582,0.0,0.0,649.7927456080874,12209.47273594582,960,540,1115.0,753.0,10.0,9.0,0.0
2645,44.083,11,278.6871473123535,1.0,808.8212637750688,6103.344683575588,0.0,0.0,808.8212637750688,6103.344683575588,960,540,1124.0,767.0,10.0,9.0,0.0
2646,44.1,11,293.01188323824135,1.0,839.0105932049992,2100.4372722589096,0.0,0.0,839.0105932049992,2100.4372722589096,960,540,1131.0,779.0,10.0,9.0,0.0
2647,44.117,11,306.65181862901227,1.0,749.9659856232392,5943.561084682015,0.0,0.0,749.9659856232392,5943.561084682015,960,540,1139.0,789.0,10.0,9.0,0.0
2648,44.133,11,318.01036791951975,1.0,641.4731133118854,6094.912565711805,0.0,0.0,641.4731133118854,6094.912565711805,960,540,1146.0,798.0,10.0,9.0,0.0
2649,44.15,11,328.0233558688539,1.0,552.4731039718146,5667.036802637468,0.0,0.0,552.4731039718146,5667.036802637468,960,540,1151.0,806.0,10.0,9.0,0.0
2650,44.167,11,336.371329339785,1.0,457.89224291579166,6121.524419986481,0.0,0.0,457.89224291579166,6121.524419986481,960,540,1155.0,815.0,10.0,9.0,0.0
2651,44.183,11,343.1933437609391,1.0,348.71484169207474,6843.334310831118,0.0,0.0,348.71484169207474,6843.334310831118,960,540,1158.0,820.0,10.0,9.0,0.0
2652,44.2,11,347.9391155330397,1.0,230.63797942017317,5906.9830691811985,0.0,0.0,230.63797942017317,5906.9830691811985,960,540,1161.0,824.0,10.0,9.0,0.0
2653,44.217,11,350.8728927233801,1.0,151.89953715451122,3455.2533206992425,0.0,0.0,151.89953715451122,3455.2533206992425,960,540,1163.0,827.0,10.0,9.0,0.0
2654,44.233,11,352.9896544448927,1.0,121.56295085431584,1898.3343934582454,0.0,0.0,121.56295085431584,1898.3343934582454,960,540,1163.0,828.0,10.0,9.0,0.0
2655,44.25,11,354.7824634503264,1.0,102.57898897723867,879.3550512293689,0.0,0.0,102.57898897723867,879.3550512293689,960,540,1164.0,830.0,10.0,9.0,0.0
2656,44.267,11,356.15523125855486,1.0,95.29760045804505,368.671082873017,0.0,0.0,95.29760045804505,368.671082873017,960,540,1164.0,832.0,10.0,9.0,0.0
2657,44.283,11,357.7279429666328,1.0,94.86832980504923,1011.4648903889118,0.0,0.0,94.86832980504923,1011.4648903889118,960,540,1165.0,834.0,10.0,9.0,0.0
2658,44.3,11,359.18767635885376,1.0,87.56338811840924,1516.4405153961632,0.0,0.0,87.56338811840924,1516.4405153961632,960,540,1165.0,834.0,10.0,9.0,0.0
2659,44.317,11,360.64608816266065,1.0,87.24817991201348,1859.22959687008,0.0,0.0,87.24817991201348,1859.22959687008,960,540,1166.0,836.0,10.0,9.0,0.0
2660,44.333,11,361.99133049841015,1.0,113.86529814850654,3581.5855569902624,0.0,0.0,113.86529814850654,3581.5855569902624,960,540,1168.0,837.0,10.0,9.0,0.0
2661,44.35,11,363.88942341273867,1.0,179.03368740125399,51740.92644501038,0.0,0.0,179.03368740125399,51740.92644501038,960,540,1170.0,837.0,10.0,9.0,0.0
2662,44.367,11,365.78273788940425,1.0,1837.4960780189278,71727.85301372968,0.0,0.0,1837.4960780189278,71727.85301372968,960,540,1173.0,837.0,10.0,9.0,0.0
2663,44.383,11,413.44413974483194,1.0,2218.6013244237274,221996.02864622616,0.0,0.0,2218.6013244237274,221996.02864622616,960,540,1180.0,836.0,10.0,9.0,0.0
2664,44.4,11,307.13765960903214,1.0,5586.3653255960135,79357.32287494009,0.0,0.0,5586.3653255960135,79357.32287494009,960,540,1190.0,833.0,10.0,9.0,0.0
2665,44.417,11,252.19752993300406,1.0,2344.849762386336,287892.4863095094,0.0,0.0,2344.849762386336,287892.4863095094,960,540,1206.0,828.0,10.0,9.0,0.0
2667,44.45,11,241.9631959795055,1.0,4959.073728520067,240981.68996411224,0.0,0.0,4959.073728520067,240981.68996411224,960,540,715.0,626.0,10.0,9.0,0.0
2670,44.5,11,305.3690566690976,1.0,8005.684205103054,181100.39666844683,0.0,0.0,8005.684205103054,181100.39666844683,960,540,1392.0,747.0,12.0,10.0,0.0
2672,44.533,11,442.0631412611511,1.0,10103.972243728684,112686.17248530242,0.0,0.0,10103.972243728684,112686.17248530242,960,540,1467.0,722.0,14.0,12.0,0.0
2673,44.55,11,620.5300382291474,1.0,4355.849456741634,327575.24575683364,0.0,0.0,4355.849456741634,327575.24575683364,960,540,1491.0,715.0,14.0,12.0,0.0
2674,44.567,11,580.9552790716157,1.0,984.14056570241,113410.91622223846,0.0,0.0,984.14056570241,113410.91622223846,960,540,1514.0,709.0,14.0,12.0,0.0
2675,44.583,11,590.1124551732211,1.0,580.9808736182509,40249.33767993286,0.0,0.0,580.9808736182509,40249.33767993286,960,540,1526.0,707.0,14.0,12.0,0.0
2676,44.6,11,598.947930610639,1.0,434.62392845272865,9943.688388898714,0.0,0.0,434.62392845272865,9943.688388898714,960,540,1534.0,707.0,14.0,12.0,0.0
2677,44.617,11,603.8507290281648,1.0,254.77080536299255,8618.549051615573,0.0,0.0,254.77080536299255,8618.549051615573,960,540,1541.0,707.0,14.0,12.0,0.0
2678,44.633,11,607.2383939773423,1.0,149.1267095801625,5914.906799686757,0.0,0.0,149.1267095801625,5914.906799686757,960,540,1544.0,707.0,14.0,12.0,0.0
2679,44.65,11,608.7296984746097,1.0,58.57142857142856,3544.728768300641,0.0,0.0,58.57142857142856,3544.728768300641,960,540,1545.0,707.0,14.0,12.0,0.0
2680,44.667,11,609.1875728100612,1.0,54.883922035138475,2235.9767075565774,0.0,0.0,54.883922035138475,2235.9767075565774,960,540,1546.0,708.0,14.0,12.0,0.0
2681,44.683,11,610.2218027292024,1.0,112.49489784348734,3771.672070061331,0.0,0.0,112.49489784348734,3771.672070061331,960,540,1546.0,708.0,14.0,12.0,0.0
2682,44.7,11,612.3115749784648,1.0,179.27859974500302,4361.543445213911,0.0,0.0,179.27859974500302,4361.543445213911,960,540,1548.0,710.0,14.0,12.0,0.0
2683,44.717,11,615.6533409973339,1.0,250.81906642364666,4340.2247661162255,0.0,0.0,250.81906642364666,4340.2247661162255,960,540,1551.0,713.0,14.0,12.0,0.0
2684,44.733,11,620.2607015348311,1.0,311.7724183059257,3243.8639091716623,0.0,0.0,311.7724183059257,3243.8639091716623,960,540,1555.0,715.0,14.0,12.0,0.0
2685,44.75,11,625.8774086130967,1.0,331.24687137529406,1543.4522661743429,0.0,0.0,331.24687137529406,1543.4522661743429,960,540,1560.0,717.0,14.0,12.0,0.0
2686,44.767,11,631.2817127931315,1.0,290.95199127088534,3469.5762253728853,0.0,0.0,290.95199127088534,3469.5762253728853,960,540,1565.0,719.0,14.0,12.0,0.0
2687,44.783,11,635.5734176009868,1.0,216.4698216229514,5133.20522854571,0.0,0.0,216.4698216229514,5133.20522854571,960,540,1571.0,720.0,14.0,12.0,0.0
2688,44.8,11,638.4971761808586,1.0,121.03296902842992,5708.371939886519,0.0,0.0,121.03296902842992,5708.371939886519,960,540,1572.0,721.0,14.0,12.0,0.0
2689,44.817,11,639.5932841744028,1.0,28.713930346059946,3450.9980810051543,0.0,0.0,28.713930346059946,3450.9980810051543,960,540,1573.0,721.0,14.0,12.0,0.0
2690,44.833,11,639.3836494993957,1.0,8.329931278356138,135.52618543585393,0.0,0.0,8.329931278356138,135.52618543585393,960,540,1574.0,721.0,14.0,12.0,0.0
2691,44.85,11,639.781283489091,1.0,27.180425129201453,171.4285714283278,0.0,0.0,27.180425129201453,171.4285714283278,960,540,1573.0,720.0,14.0,12.0,0.0
2692,44.867,11,640.264981992248,1.0,13.552618543574608,42494.66713240669,0.0,0.0,13.552618543574608,42494.66713240669,960,540,1573.0,721.0,14.0,12.0,0.0
2693,44.883,11,640.1520829790405,1.0,1425.8617158242446,30971.36597252247,0.0,0.0,1425.8617158242446,30971.36597252247,960,540,1574.0,721.0,14.0,12.0,0.0
2694,44.9,11,668.058754052528,1.0,1027.623571197865,258572.74230132095,0.0,0.0,1027.623571197865,258572.74230132095,960,540,1571.0,720.0,14.0,12.0,0.0
2695,44.917,11,612.4040301509518,1.0,7213.3867898229055,281075.07784888486,0.0,0.0,7213.3867898229055,281075.07784888486,960,540,1562.0,718.0,14.0,12.0,0.0
2696,44.933,11,515.1028979387077,1.0,10383.71271732411,97146.09238310231,0.0,0.0,10383.71271732411,97146.09238310231,960,540,1541.0,716.0,14.0,12.0,0.0
2698,44.967,11,444.72892964330424,1.0,10412.229563825225,93475.83011841313,0.0,0.0,10412.229563825225,93475.83011841313,960,540,1324.0,228.0,12.0,10.0,0.0
2700,45.0,11,436.24329582462065,1.0,7364.310101109707,276165.33645847574,0.0,0.0,7364.310101109707,276165.33645847574,960,540,1273.0,238.0,11.0,10.0,0.0
2701,45.017,11,445.6471764700091,1.0,1670.1857406179352,254862.2076690823,0.0,0.0,1670.1857406179352,254862.2076690823,960,540,1257.0,240.0,11.0,10.0,0.0
2702,45.033,11,409.6200136169571,1.0,1432.6178407205664,39270.63866586099,0.0,0.0,1432.6178407205664,39270.63866586099,960,540,1243.0,241.0,11.0,10.0,0.0
2703,45.05,11,406.24822064846734,1.0,363.68297474924344,45735.800740640574,0.0,0.0,363.68297474924344,45735.800740640574,960,540,1233.0,240.0,11.0,10.0,0.0
2704,45.067,11,403.4788319112339,1.0,269.5423180587638,7160.734770188451,0.0,0.0,269.5423180587638,7160.734770188451,960,540,1229.0,239.0,11.0,10.0,0.0
2705,45.083,11,403.06786394830107,1.0,156.9674345531712,4331.964723696082,0.0,0.0,156.9674345531712,4331.964723696082,960,540,1226.0,237.0,11.0,10.0,0.0
2706,45.1,11,403.4422015324184,1.0,140.8501881795145,1664.2703861955688,0.0,0.0,140.8501881795145,1664.2703861955688,960,540,1224.0,235.0,11.0,10.0,0.0
2707,45.117,11,403.0309711657668,1.0,179.14194577121006,3679.978926292613,0.0,0.0,179.14194577121006,3679.978926292613,960,540,1223.0,234.0,11.0,10.0,0.0
2708,45.133,11,401.6897670270436,1.0,233.55286077354884,3300.27828140168,0.0,0.0,233.55286077354884,3300.27828140168,960,540,1220.0,233.0,11.0,10.0,0.0
2709,45.15,11,399.71577770691783,1.0,283.0771150432694,986.6455228475456,0.0,0.0,283.0771150432694,986.6455228475456,960,540,1214.0,232.0,11.0,10.0,0.0
2710,45.167,11,397.66757616605753,1.0,264.78331533846915,3352.7326655326406,0.0,0.0,264.78331533846915,3352.7326655326406,960,540,1210.0,231.0,11.0,10.0,0.0
2711,45.183,11,396.44726110669836,1.0,180.8201271079795,5274.215291280179,0.0,0.0,180.8201271079795,5274.215291280179,960,540,1206.0,229.0,11.0,10.0,0.0
2712,45.2,11,396.336846245224,1.0,106.10930059834428,4401.576711931627,0.0,0.0,106.10930059834428,4401.576711931627,960,540,1204.0,228.0,11.0,10.0,0.0
2713,45.217,11,396.7685486264488,1.0,63.7757551015719,2572.142757963892,0.0,0.0,63.7757551015719,2572.142757963892,960,540,1204.0,227.0,11.0,10.0,0.0
2714,45.233,11,397.5997143859876,1.0,57.587555344988395,388.0879344915182,0.0,0.0,57.587555344988395,388.0879344915182,960,540,1204.0,226.0,11.0,10.0,0.0
2715,45.25,11,398.4190810846486,1.0,60.1528664897927,728.5714285712629,0.0,0.0,60.1528664897927,728.5714285712629,960,540,1204.0,225.0,11.0,10.0,0.0
2716,45.267,11,399.0938062826234,1.0,59.658894336633175,782.0694681810261,0.0,0.0,59.658894336633175,782.0694681810261,960,540,1204.0,224.0,11.0,10.0,0.0
2717,45.283,11,399.578422965722,1.0,70.94119438820067,857.1428571425599,0.0,0.0,70.94119438820067,857.1428571425599,960,540,1203.0,223.0,11.0,10.0,0.0
2718,45.3,11,400.1852320546684,1.0,84.37041748704384,697.663739832887,0.0,0.0,84.37041748704384,697.663739832887,960,540,1203.0,222.0,11.0,10.0,0.0
2719,45.317,11,400.73837179684426,1.0,93.64500923755753,430.708955191197,0.0,0.0,93.64500923755753,430.708955191197,960,540,1202.0,221.0,11.0,10.0,0.0
2720,45.333,11,401.8100768627898,1.0,90.85759209233376,39099.83297631412,0.0,0.0,90.85759209233376,39099.83297631412,960,540,1201.0,219.0,11.0,10.0,0.0
2721,45.35,11,401.59147403566845,1.0,1396.824386724087,25423.534814200175,0.0,0.0,1396.824386724087,25423.534814200175,960,540,1200.0,219.0,11.0,10.0,0.0
2722,45.367,11,430.0072667212827,1.0,774.9233010103916,240876.94631347893,0.0,0.0,774.9233010103916,240876.94631347893,960,540,1198.0,219.0,11.0,10.0,0.0
2723,45.383,11,380.56285144536736,1.0,6650.844660182427,289588.2862102771,0.0,0.0,6650.844660182427,289588.2862102771,960,540,1191.0,226.0,11.0,10.0,0.0
2724,45.4,11,296.53574272255844,1.0,10421.496230075078,158963.4517101091,0.0,0.0,10421.496230075078,158963.4517101091,960,540,1181.0,238.0,11.0,10.0,0.0
2726,45.433,11,272.6124765271696,1.0,11781.805845437779,67359.88178039958,0.0,0.0,11781.805845437779,67359.88178039958,960,540,1274.0,731.0,11.0,9.0,0.0
2728,45.467,11,355.04796712122493,1.0,9953.817952762405,240488.57158131903,0.0,0.0,9953.817952762405,240488.57158131903,960,540,1224.0,806.0,11.0,9.0,0.0
2730,45.5,11,440.2390713115943,1.0,4707.6509589200705,292014.98878219834,0.0,0.0,4707.6509589200705,292014.98878219834,960,540,1170.0,883.0,11.0,9.0,0.0
2732,45.533,11,422.1114080622865,1.0,2816.453117533703,232098.60149584105,0.0,0.0,2816.453117533703,232098.60149584105,960,540,1124.0,938.0,11.0,10.0,0.0
2770,46.167,13,642.1765215322474,1.0,533.0696627141,2760.2129465322346,0.0,0.0,533.0696627141,2760.2129465322346,960,540,452.0,936.0,14.0,11.0,0.0
2771,46.183,13,639.3245620900317,1.0,578.726610582165,1306.2643417823392,0.0,0.0,578.726610582165,1306.2643417823392,960,540,448.0,922.0,14.0,11.0,0.0
2772,46.2,13,636.312657571686,1.0,573.5193892066061,5652.75804093788,0.0,0.0,573.5193892066061,5652.75804093788,960,540,444.0,910.0,14.0,11.0,0.0
2773,46.217,13,634.1028711866602,1.0,390.44192648739084,11236.74729607792,0.0,0.0,390.44192648739084,11236.74729607792,960,540,441.0,905.0,14.0,11.0,0.0
2774,46.233,13,632.8504012683316,1.0,202.56014475927992,8006.489714663939,0.0,0.0,202.56014475927992,8006.489714663939,960,540,440.0,901.0,14.0,11.0,0.0
2775,46.25,13,631.4150864034444,1.0,153.3636468113162,2954.968144446626,0.0,0.0,153.3636468113162,2954.968144446626,960,540,440.0,899.0,14.0,11.0,0.0
2776,46.267,13,629.3186467789383,1.0,173.93993802693777,1465.9398322702248,0.0,0.0,173.93993802693777,1465.9398322702248,960,540,441.0,895.0,14.0,11.0,0.0
2777,46.283,13,626.8402802640015,1.0,197.60298270904033,1341.6407865000035,0.0,0.0,197.60298270904033,1341.6407865000035,960,540,442.0,893.0,14.0,11.0,0.0
2778,46.3,13,624.2602243170711,1.0,218.23503525384078,2520.9327719747953,0.0,0.0,218.23503525384078,2520.9327719747953,960,540,443.0,890.0,14.0,11.0,0.0
2779,46.317,13,620.9891349040939,1.0,268.34717080981613,4013.497634894753,0.0,0.0,268.34717080981613,4013.497634894753,960,540,444.0,885.0,14.0,11.0,0.0
2780,46.333,13,616.4307031543642,1.0,331.6778619106671,4199.343972088793,0.0,0.0,331.6778619106671,4199.343972088793,960,540,446.0,882.0,14.0,11.0,0.0
2781,46.35,13,610.7164392424676,1.0,375.91249524541445,2812.29080854687,0.0,0.0,375.91249524541445,2812.29080854687,960,540,451.0,877.0,14.0,11.0,0.0
2782,46.367,13,604.2233259850201,1.0,383.1475444477315,1782.568657978756,0.0,0.0,383.1475444477315,1782.568657978756,960,540,455.0,872.0,14.0,11.0,0.0
2783,46.383,13,598.1151498050393,1.0,319.3104816216824,4970.3200734612565,0.0,0.0,319.3104816216824,4970.3200734612565,960,540,460.0,868.0,14.0,11.0,0.0
2784,46.4,13,593.7502357082722,1.0,217.5794483091915,5698.549761804035,0.0,0.0,217.5794483091915,5698.549761804035,960,540,464.0,865.0,14.0,11.0,0.0
2785,46.417,13,590.9388836185484,1.0,129.3626448305317,4350.580538319981,0.0,0.0,129.3626448305317,4350.580538319981,960,540,465.0,863.0,14.0,11.0,0.0
2786,46.433,13,589.5044423313071,1.0,76.07729688968269,2187.3943123155013,0.0,0.0,76.07729688968269,2187.3943123155013,960,540,466.0,862.0,14.0,11.0,0.0
2787,46.45,13,588.5976049811703,1.0,58.29201646601284,1098.514767254993,0.0,0.0,58.29201646601284,1098.514767254993,960,540,467.0,862.0,14.0,11.0,0.0
2788,46.467,13,587.6891310371748,1.0,41.42857142857524,1153.9638872431876,0.0,0.0,41.42857142857524,1153.9638872431876,960,540,467.0,860.0,14.0,11.0,0.0
2789,46.483,13,587.2399680244457,1.0,23.03502213799675,1141.1594533454238,0.0,0.0,23.03502213799675,1141.1594533454238,960,540,468.0,860.0,14.0,11.0,0.0
2790,46.5,13,586.9225728969403,1.0,9.035079029053154,669.4499722206737,0.0,0.0,9.035079029053154,669.4499722206737,960,540,468.0,860.0,14.0,11.0,0.0
2791,46.517,13,587.0524589584492,1.0,8.08122035641826,287.4944542499991,0.0,0.0,8.08122035641826,287.4944542499991,960,540,468.0,861.0,14.0,11.0,0.0
2792,46.533,13,586.8668586234594,1.0,7.142857142856542,3822.9436249026035,0.0,0.0,7.142857142856542,3822.9436249026035,960,540,468.0,860.0,14.0,11.0,0.0
2793,46.55,13,586.8288137858799,1.0,119.42891319158083,7346.469372759665,0.0,0.0,119.42891319158083,7346.469372759665,960,540,467.0,860.0,14.0,11.0,0.0
2794,46.567,13,588.2527492941742,1.0,239.9532267347234,13406.684290810792,0.0,0.0,239.9532267347234,13406.684290810792,960,540,467.0,860.0,14.0,11.0,0.0
2795,46.583,13,593.9721891227294,1.0,467.1778055952715,15914.779422965184,0.0,0.0,467.1778055952715,15914.779422965184,960,540,461.0,860.0,14.0,11.0,0.0
2796,46.6,13,603.7977409846287,1.0,735.6407730263248,14745.099497245761,0.0,0.0,735.6407730263248,14745.099497245761,960,540,449.0,860.0,14.0,11.0,0.0
2798,46.633,13,618.4923993652327,1.0,938.1799574991246,10062.762228805334,0.0,0.0,938.1799574991246,10062.762228805334,960,540,443.0,881.0,14.0,12.0,0.0
2799,46.65,13,634.719321259441,1.0,956.0227988059385,12517.36752659736,0.0,0.0,956.0227988059385,12517.36752659736,960,540,426.0,881.0,14.0,12.0,0.0
2800,46.667,13,648.8934939109112,1.0,893.5151860797356,13592.810224376859,0.0,0.0,893.5151860797356,13592.810224376859,960,540,405.0,880.0,14.0,12.0,0.0
2801,46.683,13,659.4614600062391,1.0,749.9659856232441,12809.196313745839,0.0,0.0,749.9659856232441,12809.196313745839,960,540,393.0,879.0,14.0,12.0,0.0
2802,46.7,13,666.9268199884865,1.0,488.8825241803844,12200.74437341047,0.0,0.0,488.8825241803844,12200.74437341047,960,540,386.0,877.0,14.0,12.0,0.0
2803,46.717,13,671.0959425986243,1.0,346.49557525814214,6370.16323117684,0.0,0.0,346.49557525814214,6370.16323117684,960,540,378.0,874.0,14.0,12.0,0.0
2804,46.733,13,674.5863753277102,1.0,278.2819008245637,4635.312551379803,0.0,0.0,278.2819008245637,4635.312551379803,960,540,373.0,873.0,14.0,12.0,0.0
2805,46.75,13,677.3180136464539,1.0,192.0087157885729,4807.6469699589625,0.0,0.0,192.0087157885729,4807.6469699589625,960,540,370.0,872.0,14.0,12.0,0.0
2806,46.767,13,678.8285394273313,1.0,120.76288117376185,3540.321673382365,0.0,0.0,120.76288117376185,3540.321673382365,960,540,367.0,871.0,14.0,12.0,0.0
2807,46.783,13,679.5300930733612,1.0,80.57193515545114,2116.9866917534737,0.0,0.0,80.57193515545114,2116.9866917534737,960,540,366.0,870.0,14.0,12.0,0.0
2808,46.8,13,679.914775571775,1.0,51.15003939990967,1450.193512773435,0.0,0.0,51.15003939990967,1450.193512773435,960,540,365.0,869.0,14.0,12.0,0.0
2809,46.817,13,680.2535208344831,1.0,38.11904018321774,916.1810711328002,0.0,0.0,38.11904018321774,916.1810711328002,960,540,365.0,869.0,14.0,12.0,0.0
2810,46.833,13,680.8601419379895,1.0,35.71428571428612,176.7045268122197,0.0,0.0,35.71428571428612,176.7045268122197,960,540,364.0,869.0,14.0,12.0,0.0
2811,46.85,13,681.2957925278129,1.0,32.98113251604345,883.5226340608704,0.0,0.0,32.98113251604345,883.5226340608704,960,540,363.0,869.0,14.0,12.0,0.0
2812,46.867,13,681.616732199638,1.0,22.58769757263186,1127.395408968452,0.0,0.0,22.58769757263186,1127.395408968452,960,540,363.0,869.0,14.0,12.0,0.0
2813,46.883,13,681.3726125903576,1.0,16.72099987245601,940.9070742900651,0.0,0.0,16.72099987245601,940.9070742900651,960,540,363.0,868.0,14.0,12.0,0.0
2814,46.9,13,681.1973868260174,1.0,14.568627181693703,1323.0299177514287,0.0,0.0,14.568627181693703,1323.0299177514287,960,540,363.0,868.0,14.0,12.0,0.0
2815,46.917,13,680.9094775029122,1.0,45.80348440537373,2453.360876804775,0.0,0.0,45.80348440537373,2453.360876804775,960,540,364.0,868.0,14.0,12.0,0.0
2816,46.933,13,679.9083988589957,1.0,96.22465210884793,6974.662598817635,0.0,0.0,96.22465210884793,6974.662598817635,960,540,364.0,868.0,14.0,12.0,0.0
2817,46.95,13,677.757540309743,1.0,261.8653650022312,14360.404746726097,0.0,0.0,261.8653650022312,14360.404746726097,960,540,367.0,867.0,14.0,12.0,0.0
2818,46.967,13,671.4311415013299,1.0,558.2863722762538,17010.614933275152,0.0,0.0,558.2863722762538,17010.614933275152,960,540,371.0,863.0,14.0,12.0,0.0
2819,46.983,13,660.3694509828454,1.0,828.8792531644888,19381.902983590244,0.0,0.0,828.8792531644888,19381.902983590244,960,540,377.0,855.0,14.0,12.0,0.0
2820,47.0,13,644.6834938605433,1.0,1200.3400878628497,30683.858682921244,0.0,0.0,1200.3400878628497,30683.858682921244,960,540,390.0,838.0,14.0,12.0,0.0
2821,47.017,13,624.7161078598042,1.0,1679.7983358068861,26842.739298760906,0.0,0.0,1679.7983358068861,26842.739298760906,960,540,402.0,823.0,14.0,12.0,0.0
2822,47.033,13,604.6884694821936,1.0,1860.521103215499,9973.84334248382,0.0,0.0,1860.521103215499,9973.84334248382,960,540,417.0,805.0,14.0,12.0,0.0
2824,47.067,13,587.7813563753919,1.0,1765.3929434825495,15317.936665016814,0.0,0.0,1765.3929434825495,15317.936665016814,960,540,409.0,745.0,14.0,11.0,0.0
2825,47.083,13,574.7130763967415,1.0,1363.3048081775476,32587.66512604636,0.0,0.0,1363.3048081775476,32587.66512604636,960,540,417.0,731.0,14.0,11.0,0.0
2826,47.1,13,566.4415819478986,1.0,698.4589450778032,31543.58500713006,0.0,0.0,698.4589450778032,31543.58500713006,960,540,424.0,718.0,14.0,11.0,0.0
2827,47.117,13,560.4609052412626,1.0,350.1165986540282,13282.257614838745,0.0,0.0,350.1165986540282,13282.257614838745,960,540,426.0,710.0,14.0,11.0,0.0
2828,47.133,13,557.6226912165948,1.0,265.98296707780537,7229.150174460176,0.0,0.0,265.98296707780537,7229.150174460176,960,540,427.0,706.0,14.0,11.0,0.0
2829,47.15,13,556.8874180405611,1.0,160.63648910710035,5123.535131615616,0.0,0.0,160.63648910710035,5123.535131615616,960,540,427.0,701.0,14.0,11.0,0.0
2830,47.167,13,556.5245246035985,1.0,103.66744318015363,3068.1045135595646,0.0,0.0,103.66744318015363,3068.1045135595646,960,540,427.0,700.0,14.0,11.0,0.0
2831,47.183,13,556.6000856349186,1.0,69.82485377056835,1846.34221958899,0.0,0.0,69.82485377056835,1846.34221958899,960,540,426.0,698.0,14.0,11.0,0.0
2832,47.2,13,557.0959300546426,1.0,62.629457762237294,691.0506641397185,0.0,0.0,62.629457762237294,691.0506641397185,960,540,426.0,698.0,14.0,11.0,0.0
2833,47.217,13,557.5985478725439,1.0,53.54761375426195,787.9189847507262,0.0,0.0,53.54761375426195,787.9189847507262,960,540,425.0,697.0,14.0,11.0,0.0
2834,47.233,13,557.9809731880737,1.0,36.36549160387976,1090.964748116393,0.0,0.0,36.36549160387976,1090.964748116393,960,540,424.0,696.0,14.0,11.0,0.0
2835,47.25,13,558.1810636104051,1.0,17.20227796970418,832.1351930976783,0.0,0.0,17.20227796970418,832.1351930976783,960,540,424.0,696.0,14.0,11.0,0.0
2836,47.267,13,558.2858137966805,1.0,10.400156984688307,521.3796454541323,0.0,0.0,10.400156984688307,521.3796454541323,960,540,424.0,696.0,14.0,11.0,0.0
2837,47.283,13,558.4745440273272,1.0,31.20047095405883,1028.5714285713993,0.0,0.0,31.20047095405883,1028.5714285713993,960,540,424.0,696.0,14.0,11.0,0.0
2838,47.3,13,559.166418788027,1.0,44.37778447716866,670.8203932498301,0.0,0.0,44.37778447716866,670.8203932498301,960,540,423.0,696.0,14.0,11.0,0.0
2839,47.317,13,559.8657313929914,1.0,50.02040400003189,479.15742374998325,0.0,0.0,50.02040400003189,479.15742374998325,960,540,422.0,695.0,14.0,11.0,0.0
2840,47.333,13,560.7805743851245,1.0,60.271494599225875,766.6518779998222,0.0,0.0,60.271494599225875,766.6518779998222,960,540,421.0,696.0,14.0,11.0,0.0
2841,47.35,13,561.7342638828036,1.0,65.05884306706197,1060.2271608729834,0.0,0.0,65.05884306706197,1060.2271608729834,960,540,421.0,696.0,14.0,11.0,0.0
2842,47.367,13,562.5506215569044,1.0,65.15288143423525,728.5714285714917,0.0,0.0,65.15288143423525,728.5714285714917,960,540,419.0,695.0,14.0,11.0,0.0
2843,47.383,13,563.0149686067716,1.0,51.764774091408974,986.6455228476034,0.0,0.0,51.764774091408974,986.6455228476034,960,540,418.0,694.0,14.0,11.0,0.0
2844,47.4,13,563.5322375573916,1.0,63.40668863192057,3418.3777033043925,0.0,0.0,63.40668863192057,3418.3777033043925,960,540,418.0,693.0,14.0,11.0,0.0
2845,47.417,13,563.2625805908626,1.0,147.72423287866857,4631.150075349226,0.0,0.0,147.72423287866857,4631.150075349226,960,540,418.0,693.0,14.0,11.0,0.0
2846,47.433,13,563.0053023920312,1.0,216.90306308466168,5098.559220255152,0.0,0.0,216.90306308466168,5098.559220255152,960,540,417.0,691.0,14.0,11.0,0.0
2847,47.45,13,563.1585628341494,1.0,314.4220483518833,5515.432893255242,0.0,0.0,314.4220483518833,5515.432893255242,960,540,416.0,683.0,14.0,11.0,0.0
2848,47.467,13,563.6353173596002,1.0,399.8086276901889,3001.530221981821,0.0,0.0,399.8086276901889,3001.530221981821,960,540,414.0,679.0,14.0,11.0,0.0
2849,47.483,13,564.0503708550136,1.0,413.6571586446443,1802.5492152695608,0.0,0.0,413.6571586446443,1802.5492152695608,960,540,412.0,675.0,14.0,11.0,0.0
2850,47.5,13,564.2733311882195,1.0,443.3131293028016,1973.2910456950067,0.0,0.0,443.3131293028016,1973.2910456950067,960,540,409.0,664.0,14.0,11.0,0.0
2851,47.517,13,563.9525317346197,1.0,438.60865360866796,3154.2973602268344,0.0,0.0,438.60865360866796,3154.2973602268344,960,540,409.0,659.0,14.0,11.0,0.0
2852,47.533,13,563.2277323233031,1.0,350.1165986540241,4601.907324187125,0.0,0.0,350.1165986540241,4601.907324187125,960,540,408.0,651.0,14.0,11.0,0.0
2853,47.55,13,562.7077656105863,1.0,285.5892583585703,4310.499757947474,0.0,0.0,285.5892583585703,4310.499757947474,960,540,407.0,646.0,14.0,11.0,0.0
2854,47.567,13,563.0392763896406,1.0,224.57669932019283,4480.570298977906,0.0,0.0,224.57669932019283,4480.570298977906,960,540,407.0,643.0,14.0,11.0,0.0
2855,47.583,13,563.899679085352,1.0,162.48704814946484,3248.6731985567535,0.0,0.0,162.48704814946484,3248.6731985567535,960,540,405.0,639.0,14.0,11.0,0.0
2856,47.6,13,565.0897025093332,1.0,138.68919884962563,2508.149980868455,0.0,0.0,138.68919884962563,2508.149980868455,960,540,403.0,637.0,14.0,11.0,0.0
2857,47.617,13,566.2997791888123,1.0,84.94896427039268,2882.9194386585405,0.0,0.0,84.94896427039268,2882.9194386585405,960,540,402.0,637.0,14.0,11.0,0.0
2858,47.633,13,566.829384400993,1.0,42.61838254336448,1545.2362609131558,0.0,0.0,42.61838254336448,1545.2362609131558,960,540,401.0,635.0,14.0,11.0,0.0
2859,47.65,13,567.0070146378496,1.0,34.87587318781117,613.6209027118828,0.0,0.0,34.87587318781117,613.6209027118828,960,540,401.0,635.0,14.0,11.0,0.0
2860,47.667,13,567.3269022873474,1.0,33.956755211440345,1064.5493441463689,0.0,0.0,33.956755211440345,1064.5493441463689,960,540,401.0,635.0,14.0,11.0,0.0
2861,47.683,13,567.9683848312342,1.0,47.48791468169839,729.8308442541111,0.0,0.0,47.48791468169839,729.8308442541111,960,540,400.0,634.0,14.0,11.0,0.0
2862,47.7,13,568.8447317134847,1.0,50.08156612273817,576.583887731607,0.0,0.0,50.08156612273817,576.583887731607,960,540,399.0,635.0,14.0,11.0,0.0
2863,47.717,13,569.6276880102006,1.0,33.62457798839778,1164.2638034748115,0.0,0.0,33.62457798839778,1164.2638034748115,960,540,398.0,634.0,14.0,11.0,0.0
2864,47.733,13,569.9643005091422,1.0,11.517511068998694,1036.5759962097047,0.0,0.0,11.517511068998694,1036.5759962097047,960,540,398.0,635.0,14.0,11.0,0.0
2865,47.75,13,569.9954489216416,1.0,3.194382825001261,383.32593899996834,0.0,0.0,3.194382825001261,383.32593899996834,960,540,398.0,635.0,14.0,11.0,0.0
2866,47.767,13,569.9331702876267,1.0,4.285714285713311,437.05881545073083,0.0,0.0,4.285714285713311,437.05881545073083,960,540,398.0,634.0,14.0,11.0,0.0
2867,47.783,13,570.0191686318191,1.0,12.857142857141639,548.839220351446,0.0,0.0,12.857142857141639,548.839220351446,960,540,398.0,635.0,14.0,11.0,0.0
2868,47.8,13,570.3557806784188,1.0,21.237241067599,2672.99419363118,0.0,0.0,21.237241067599,2672.99419363118,960,540,398.0,635.0,14.0,11.0,0.0
2869,47.817,13,570.5759432621385,1.0,101.7098714933137,13126.115112979083,0.0,0.0,101.7098714933137,13126.115112979083,960,540,398.0,635.0,14.0,11.0,0.0
2870,47.833,13,573.5411148565028,1.0,424.244827274747,38217.9037005608,0.0,0.0,424.244827274747,38217.9037005608,960,540,399.0,635.0,14.0,11.0,0.0
2871,47.85,13,556.8800764088572,1.0,1172.2235978111464,27817.05907370905,0.0,0.0,1172.2235978111464,27817.05907370905,960,540,404.0,636.0,14.0,11.0,0.0
2872,47.867,13,536.8627456899495,1.0,1351.4414073688208,11157.682445338945,0.0,0.0,1351.4414073688208,11157.682445338945,960,540,416.0,635.0,14.0,11.0,0.0
2874,47.9,13,513.5534844647601,1.0,1299.1496433892332,19445.103260623862,0.0,0.0,1299.1496433892332,19445.103260623862,960,540,486.0,647.0,10.0,10.0,0.0
2875,47.917,13,493.70872369735997,1.0,921.8548294230603,33982.9038650616,0.0,0.0,921.8548294230603,33982.9038650616,960,540,466.0,642.0,10.0,10.0,0.0
2877,47.95,13,483.18816726888383,1.0,442.2207408901939,23807.943280873762,0.0,0.0,442.2207408901939,23807.943280873762,960,540,482.0,622.0,11.0,10.0,0.0
2878,47.967,13,485.08935053713105,1.0,288.3061015019718,11703.845521878602,0.0,0.0,288.3061015019718,11703.845521878602,960,540,485.0,622.0,11.0,10.0,0.0
2879,47.983,13,479.10228316344603,1.0,178.85120939496485,9659.604504516274,0.0,0.0,178.85120939496485,9659.604504516274,960,540,487.0,623.0,11.0,10.0,0.0
2880,48.0,13,479.1680715743975,1.0,56.60460787474011,3825.825241109576,0.0,0.0,56.60460787474011,3825.825241109576,960,540,488.0,623.0,11.0,10.0,0.0
2881,48.017,13,478.0705172891696,1.0,61.494980714373995,2766.8592671259717,0.0,0.0,61.494980714373995,2766.8592671259717,960,540,488.0,622.0,11.0,10.0,0.0
2882,48.033,13,477.25255131054746,1.0,79.71889387601873,1536.295571051525,0.0,0.0,79.71889387601873,1536.295571051525,960,540,491.0,621.0,11.0,10.0,0.0
2883,48.05,13,475.6908664810743,1.0,112.70333099037593,2032.8927815369516,0.0,0.0,112.70333099037593,2032.8927815369516,960,540,491.0,621.0,11.0,10.0,0.0
2884,48.067,13,473.7385278228536,1.0,145.71428571428768,2114.382237179073,0.0,0.0,145.71428571428768,2114.382237179073,960,540,492.0,620.0,11.0,10.0,0.0
2885,48.083,13,471.08224412051874,1.0,182.10783977117367,1029.4638985254874,0.0,0.0,182.10783977117367,1029.4638985254874,960,540,496.0,618.0,11.0,10.0,0.0
2886,48.1,13,467.90300998964517,1.0,176.155080099604,2151.838321822996,0.0,0.0,176.155080099604,2151.838321822996,960,540,498.0,617.0,11.0,10.0,0.0
2887,48.117,13,465.3589183657005,1.0,117.46471463240877,3677.2327661335785,0.0,0.0,117.46471463240877,3677.2327661335785,960,540,502.0,616.0,11.0,10.0,0.0
2888,48.133,13,463.9966084010853,1.0,64.53918284615044,2322.9994684915196,0.0,0.0,64.53918284615044,2322.9994684915196,960,540,502.0,616.0,11.0,10.0,0.0
2889,48.15,13,463.27636315932625,1.0,48.508362418140756,787.9189847507262,0.0,0.0,48.508362418140756,787.9189847507262,960,540,503.0,616.0,11.0,10.0,0.0
2890,48.167,13,462.5093662102422,1.0,83.84874623330964,3060.0120047782293,0.0,0.0,83.84874623330964,3060.0120047782293,960,540,504.0,617.0,11.0,10.0,0.0
2891,48.183,13,460.48159006042897,1.0,137.95148511305308,16009.136422043704,0.0,0.0,137.95148511305308,16009.136422043704,960,540,505.0,616.0,11.0,10.0,0.0
2892,48.2,13,458.0080156543427,1.0,617.0800232563518,2838.942027715663,0.0,0.0,617.0800232563518,2838.942027715663,960,540,509.0,615.0,11.0,10.0,0.0
2893,48.217,13,439.98120192786257,1.0,45.9147390857044,65781.73557070324,0.0,0.0,45.9147390857044,65781.73557070324,960,540,512.0,613.0,11.0,10.0,0.0
2894,48.233,13,456.48134925999113,1.0,1575.7304752438579,68412.57940180508,0.0,0.0,1575.7304752438579,68412.57940180508,960,540,516.0,613.0,11.0,10.0,0.0
2895,48.25,13,492.4091845088412,1.0,2234.8930486212394,14204.411502151532,0.0,0.0,2234.8930486212394,14204.411502151532,960,540,524.0,613.0,11.0,10.0,0.0
2897,48.283,13,530.8599385679968,1.0,2049.0634993796093,31412.268498866833,0.0,0.0,2049.0634993796093,31412.268498866833,960,540,386.0,642.0,12.0,10.0,0.0
2898,48.3,13,560.6342476492033,1.0,1188.0304400690336,72625.77548850028,0.0,0.0,1188.0304400690336,72625.77548850028,960,540,400.0,639.0,12.0,10.0,0.0
2899,48.317,13,570.4326420296884,1.0,372.24635248550135,58490.454480249056,0.0,0.0,372.24635248550135,58490.454480249056,960,540,416.0,636.0,12.0,10.0,0.0
2900,48.333,13,548.2265470941519,1.0,762.1090499932482,8524.694021679159,0.0,0.0,762.1090499932482,8524.694021679159,960,540,420.0,635.0,12.0,10.0,0.0
2901,48.35,13,545.0298417010501,1.0,100.86361776059863,22743.86214577684,0.0,0.0,100.86361776059863,22743.86214577684,960,540,423.0,636.0,12.0,10.0,0.0
2902,48.367,13,545.1973160046603,1.0,52.000784923431695,2057.589237284341,0.0,0.0,52.000784923431695,2057.589237284341,960,540,423.0,636.0,12.0,10.0,0.0
2903,48.383,13,544.8553969890712,1.0,40.40610178208889,1733.9938563550206,0.0,0.0,40.40610178208889,1733.9938563550206,960,540,424.0,637.0,12.0,10.0,0.0
2904,48.4,13,544.4293232200669,1.0,59.96597674804337,2769.5133293833806,0.0,0.0,59.96597674804337,2769.5133293833806,960,540,424.0,638.0,12.0,10.0,0.0
2905,48.417,13,543.0111164261363,1.0,114.42848225428803,4386.73789822865,0.0,0.0,114.42848225428803,4386.73789822865,960,540,426.0,637.0,12.0,10.0,0.0
2906,48.433,13,540.6473024707834,1.0,201.4690942014853,4874.799838904986,0.0,0.0,201.4690942014853,4874.799838904986,960,540,428.0,637.0,12.0,10.0,0.0
2907,48.45,13,536.3075741204458,1.0,276.7817972073046,3430.981295935827,0.0,0.0,276.7817972073046,3430.981295935827,960,540,432.0,637.0,12.0,10.0,0.0
2908,48.467,13,531.4615538493404,1.0,315.5817433482076,1218.9825131424661,0.0,0.0,315.5817433482076,1218.9825131424661,960,540,437.0,636.0,12.0,10.0,0.0
2909,48.483,13,525.8321641480371,1.0,317.2747473501845,2115.6848652338426,0.0,0.0,317.2747473501845,2115.6848652338426,960,540,444.0,636.0,12.0,10.0,0.0
2910,48.5,13,520.9228358471436,1.0,245.1030603727378,5097.838677682319,0.0,0.0,245.1030603727378,5097.838677682319,960,540,447.0,635.0,12.0,10.0,0.0
2911,48.517,13,517.7046518778485,1.0,147.48227150462327,4951.066675423523,0.0,0.0,147.48227150462327,4951.066675423523,960,540,452.0,635.0,12.0,10.0,0.0
2912,48.533,13,516.0401138409408,1.0,80.11471367320195,3540.321673382251,0.0,0.0,80.11471367320195,3540.321673382251,960,540,453.0,635.0,12.0,10.0,0.0
2913,48.55,13,515.0572035245161,1.0,30.304576336567873,2287.1424109931145,0.0,0.0,30.304576336567873,2287.1424109931145,960,540,453.0,635.0,12.0,10.0,0.0
2914,48.567,13,515.0835456087843,1.0,14.069796859706214,857.1428571428874,0.0,0.0,14.069796859706214,857.1428571428874,960,540,454.0,635.0,12.0,10.0,0.0
2915,48.583,13,514.9491598092078,1.0,22.58769757262992,904.0724189884609,0.0,0.0,22.58769757262992,904.0724189884609,960,540,454.0,635.0,12.0,10.0,0.0
2916,48.6,13,514.9818855101881,1.0,34.87587318781117,45388.22332198882,0.0,0.0,34.87587318781117,45388.22332198882,960,540,454.0,636.0,12.0,10.0,0.0
2917,48.617,13,515.7812580178244,1.0,1521.5492909854017,20595.432424073333,0.0,0.0,1521.5492909854017,20595.432424073333,960,540,454.0,636.0,12.0,10.0,0.0
2918,48.633,13,559.2688334941585,1.0,651.7323852937539,257979.49610029827,0.0,0.0,651.7323852937539,257979.49610029827,960,540,454.0,636.0,12.0,10.0,0.0
2919,48.65,13,499.3180496829976,1.0,7077.784301053854,320352.3697685538,0.0,0.0,7077.784301053854,320352.3697685538,960,540,455.0,635.0,12.0,10.0,0.0
2920,48.667,13,366.7839793779808,1.0,11313.049896433029,175572.72172021834,0.0,0.0,11313.049896433029,175572.72172021834,960,540,463.0,631.0,12.0,10.0,0.0
2922,48.7,13,247.79402700346702,1.0,12821.146117063869,53519.78653750776,0.0,0.0,12821.146117063869,53519.78653750776,960,540,871.0,278.0,10.0,10.0,0.0
2924,48.733,13,265.66518150132237,1.0,10856.622637912826,249603.69772574678,0.0,0.0,10856.622637912826,249603.69772574678,960,540,973.0,254.0,11.0,10.0,0.0
2926,48.767,13,349.35537656993375,1.0,5066.415429682335,287011.64912716125,0.0,0.0,5066.415429682335,287011.64912716125,960,540,1047.0,243.0,11.0,10.0,0.0
2928,48.8,13,338.5430233881756,1.0,2179.101106569699,104395.89189665583,0.0,0.0,2179.101106569699,104395.89189665583,960,540,1128.0,238.0,10.0,9.0,0.0
2929,48.817,13,357.2495713584937,1.0,1644.2863348640117,47513.80680112641,0.0,0.0,1644.2863348640117,47513.80680112641,960,540,1140.0,237.0,10.0,9.0,0.0
2931,48.85,13,366.55663160327026,1.0,629.9352088484694,43891.76158112062,0.0,0.0,629.9352088484694,43891.76158112062,960,540,1170.0,239.0,11.0,11.0,0.0
2932,48.867,13,367.6484845110413,1.0,182.8627231291519,19044.87718361004,0.0,0.0,182.8627231291519,19044.87718361004,960,540,1171.0,238.0,11.0,11.0,0.0
2933,48.883,13,369.38873635880265,1.0,9.583148474996158,8846.133710986813,0.0,0.0,9.583148474996158,8846.133710986813,960,540,1170.0,239.0,11.0,11.0,0.0
2934,48.9,13,367.80124401915907,1.0,112.93848786315124,1121.6787709975235,0.0,0.0,112.93848786315124,1121.6787709975235,960,540,1171.0,238.0,11.0,11.0,0.0
2935,48.917,13,367.1111869485411,1.0,35.28311152922422,2412.594504863251,0.0,0.0,35.28311152922422,2412.594504863251,960,540,1169.0,238.0,11.0,11.0,0.0
2936,48.933,13,366.72213556936197,1.0,40.43134770881865,345.5253320699259,0.0,0.0,40.43134770881865,345.5253320699259,960,540,1169.0,239.0,11.0,11.0,0.0
2937,48.95,13,365.87260957867494,1.0,37.49829928116305,677.6309271791807,0.0,0.0,37.49829928116305,677.6309271791807,960,540,1169.0,240.0,11.0,11.0,0.0
2938,48.967,13,365.4781634815678,1.0,19.21946292438918,805.2126097738919,0.0,0.0,19.21946292438918,805.2126097738919,960,540,1168.0,239.0,11.0,11.0,0.0
2939,48.983,13,365.23709256707247,1.0,13.552618543575957,353.40905362429675,0.0,0.0,13.552618543575957,353.40905362429675,960,540,1168.0,240.0,11.0,11.0,0.0
2940,49.0,13,365.11659057971264,1.0,11.517511068997848,488.6466107566691,0.0,0.0,11.517511068997848,488.6466107566691,960,540,1168.0,240.0,11.0,11.0,0.0
2941,49.017,13,364.89690402481307,1.0,2.8571428571422075,772.6181304565467,0.0,0.0,2.8571428571422075,772.6181304565467,960,540,1168.0,240.0,11.0,11.0,0.0
2942,49.033,13,365.17082946735735,1.0,14.285714285713595,191.66296949993838,0.0,0.0,14.285714285713595,191.66296949993838,960,540,1168.0,240.0,11.0,11.0,0.0
2943,49.05,13,365.2882563183244,1.0,4.040610178207924,406.5785563072949,0.0,0.0,4.040610178207924,406.5785563072949,960,540,1168.0,240.0,11.0,11.0,0.0
2944,49.067,13,365.194884760008,1.0,4.517539514525768,447.44170752485417,0.0,0.0,4.517539514525768,447.44170752485417,960,540,1168.0,239.0,11.0,11.0,0.0
2945,49.083,13,365.40875754516765,1.0,13.477115902942082,345.52533206988466,0.0,0.0,13.477115902942082,345.52533206988466,960,540,1168.0,240.0,11.0,11.0,0.0
2946,49.1,13,365.60754890810773,1.0,13.1707777961322,749.6938150517454,0.0,0.0,13.1707777961322,749.6938150517454,960,540,1168.0,240.0,11.0,11.0,0.0
2947,49.117,13,365.8152917312223,1.0,22.360679774999678,488.6466107567364,0.0,0.0,22.360679774999678,488.6466107567364,960,540,1169.0,239.0,11.0,11.0,0.0
2948,49.133,13,365.9661366191245,1.0,3.194382824998973,3403.02986247514,0.0,0.0,3.194382824998973,3403.02986247514,960,540,1168.0,239.0,11.0,11.0,0.0
2949,49.15,13,365.70988340604345,1.0,91.47320339189328,6034.340502998046,0.0,0.0,91.47320339189328,6034.340502998046,960,540,1168.0,239.0,11.0,11.0,0.0
2950,49.167,13,365.1009396661762,1.0,202.0709109724225,6206.004334184881,0.0,0.0,202.0709109724225,6206.004334184881,960,540,1169.0,241.0,11.0,11.0,0.0
2951,49.183,13,364.6989004396088,1.0,296.47245802493796,4105.79480982759,0.0,0.0,296.47245802493796,4105.79480982759,960,540,1173.0,244.0,11.0,11.0,0.0
2952,49.2,13,364.09842680117856,1.0,338.26085816018247,176.70452681212046,0.0,0.0,338.26085816018247,176.70452681212046,960,540,1178.0,248.0,11.0,11.0,0.0
2953,49.217,13,363.86103474775905,1.0,293.78598346693013,4006.168712760456,0.0,0.0,293.78598346693013,4006.168712760456,960,540,1181.0,251.0,11.0,11.0,0.0
2954,49.233,13,363.54118750333924,1.0,206.07111908865298,5291.078359283661,0.0,0.0,206.07111908865298,5291.078359283661,960,540,1185.0,255.0,11.0,11.0,0.0
2955,49.25,13,363.029911375479,1.0,119.47162586888913,5068.208233081762,0.0,0.0,119.47162586888913,5068.208233081762,960,540,1187.0,256.0,11.0,11.0,0.0
2956,49.267,13,362.8223017893706,1.0,38.46546290810423,3310.0033910828397,0.0,0.0,38.46546290810423,3310.0033910828397,960,540,1187.0,257.0,11.0,11.0,0.0
2957,49.283,13,362.59163201869063,1.0,17.67045268121949,499.7958767009121,0.0,0.0,17.67045268121949,499.7958767009121,960,540,1187.0,258.0,11.0,11.0,0.0
2958,49.3,13,362.28748247027346,1.0,24.948927423678217,345.5253320698593,0.0,0.0,24.948927423678217,345.5253320698593,960,540,1187.0,257.0,11.0,11.0,0.0
2959,49.317,13,362.0804398168444,1.0,23.560603574957668,271.052370871902,0.0,0.0,23.560603574957668,271.052370871902,960,540,1187.0,258.0,11.0,11.0,0.0
2960,49.333,13,361.81388896701196,1.0,27.292818820776723,334.7249861102484,0.0,0.0,27.292818820776723,334.7249861102484,960,540,1188.0,259.0,11.0,11.0,0.0
2961,49.35,13,361.3166932684778,1.0,14.356965173029973,733.5961186553852,0.0,0.0,14.356965173029973,733.5961186553852,960,540,1187.0,259.0,11.0,11.0,0.0
2962,49.367,13,361.4136078212434,1.0,2.8571428571422075,171.4285714287371,0.0,0.0,2.8571428571422075,171.4285714287371,960,540,1187.0,259.0,11.0,11.0,0.0
2963,49.383,13,361.24264306077316,1.0,14.914723584159765,516.0683390909301,0.0,0.0,14.914723584159765,516.0683390909301,960,540,1187.0,259.0,11.0,11.0,0.0
2964,49.4,13,361.13344183527454,1.0,19.21946292439045,1190.7809133815683,0.0,0.0,19.21946292439045,1190.7809133815683,960,540,1188.0,259.0,11.0,11.0,0.0
2965,49.417,13,361.142505525246,1.0,25.434991163952247,4110.042454718958,0.0,0.0,25.434991163952247,4110.042454718958,960,540,1187.0,260.0,11.0,11.0,0.0
2966,49.433,13,361.3223697410439,1.0,117.8030178747923,5228.7470696491455,0.0,0.0,117.8030178747923,5228.7470696491455,960,540,1187.0,259.0,11.0,11.0,0.0
2967,49.45,13,361.96831522177456,1.0,199.72429976936888,5278.566595783455,0.0,0.0,199.72429976936888,5278.566595783455,960,540,1186.0,257.0,11.0,11.0,0.0
2968,49.467,13,362.9516687276693,1.0,293.6400684442041,5548.634691415389,0.0,0.0,293.6400684442041,5548.634691415389,960,540,1182.0,253.0,11.0,11.0,0.0
2969,49.483,13,363.87651465000096,1.0,381.885761313352,3135.6085240868874,0.0,0.0,381.885761313352,3135.6085240868874,960,540,1179.0,249.0,11.0,11.0,0.0
2970,49.5,13,364.9474226723529,1.0,389.4868418830059,2235.97670755642,0.0,0.0,389.4868418830059,2235.97670755642,960,540,1175.0,246.0,11.0,11.0,0.0
2971,49.517,13,365.2217075854203,1.0,346.0859867201851,4321.989337878242,0.0,0.0,346.0859867201851,4321.989337878242,960,540,1168.0,239.0,11.0,11.0,0.0
2972,49.533,13,365.06766371861903,1.0,256.0652021558273,6941.40196390398,0.0,0.0,256.0652021558273,6941.40196390398,960,540,1165.0,237.0,11.0,11.0,0.0
2973,49.55,13,364.88776891014993,1.0,121.56295085431528,7081.680879680667,0.0,0.0,121.56295085431528,7081.680879680667,960,540,1161.0,237.0,11.0,11.0,0.0
2974,49.567,13,364.09728397716276,1.0,32.98113251604293,3957.735901925191,0.0,0.0,32.98113251604293,3957.735901925191,960,540,1161.0,236.0,11.0,11.0,0.0
2975,49.583,13,364.0312992698193,1.0,11.517511068995415,1538.6848346584075,0.0,0.0,11.517511068995415,1538.6848346584075,960,540,1161.0,236.0,11.0,11.0,0.0
2976,49.6,13,364.34722792184283,1.0,18.62629258628918,60.609152673263566,0.0,0.0,18.62629258628918,60.609152673263566,960,540,1161.0,237.0,11.0,11.0,0.0
2977,49.617,13,364.41275406988484,1.0,13.170777796136544,345.52533206977995,0.0,0.0,13.170777796136544,345.52533206977995,960,540,1162.0,236.0,11.0,11.0,0.0
2978,49.633,13,364.6634114195146,1.0,17.202277969706167,260.68982272720916,0.0,0.0,17.202277969706167,260.68982272720916,960,540,1161.0,236.0,11.0,11.0,0.0
2979,49.65,13,364.96711870033795,1.0,6.060915267312489,353.40905362441464,0.0,0.0,6.060915267312489,353.40905362441464,960,540,1162.0,236.0,11.0,11.0,0.0
2980,49.667,13,364.86143426395745,1.0,9.999999999997726,395.1233338839244,0.0,0.0,9.999999999997726,395.1233338839244,960,540,1162.0,236.0,11.0,11.0,0.0
2981,49.683,13,365.1515418645762,1.0,14.914723584154782,287.49445424997623,0.0,0.0,14.914723584154782,287.49445424997623,960,540,1162.0,236.0,11.0,11.0,0.0
2982,49.7,13,365.0060416360792,1.0,16.659862556698386,479.1574237500519,0.0,0.0,16.659862556698386,479.1574237500519,960,540,1162.0,236.0,11.0,11.0,0.0
2983,49.717,13,365.17763515229086,1.0,30.83861877846131,800.6375010974793,0.0,0.0,30.83861877846131,800.6375010974793,960,540,1163.0,236.0,11.0,11.0,0.0
2984,49.733,13,365.363174708545,1.0,42.97602558997938,303.0457633658005,0.0,0.0,42.97602558997938,303.0457633658005,960,540,1163.0,237.0,11.0,11.0,0.0
2985,49.75,13,365.48433370794606,1.0,40.90806018079415,977.2932215134032,0.0,0.0,40.90806018079415,977.2932215134032,960,540,1164.0,236.0,11.0,11.0,0.0
2986,49.767,13,365.86962226846117,1.0,65.85388898066218,2043.256704181304,0.0,0.0,65.85388898066218,2043.256704181304,960,540,1165.0,237.0,11.0,11.0,0.0
2987,49.783,13,366.8293547553198,1.0,107.18094561086183,3685.714285714266,0.0,0.0,107.18094561086183,3685.714285714266,960,540,1166.0,237.0,11.0,11.0,0.0
2988,49.8,13,367.9569906100108,1.0,188.62012358284423,7147.255788491728,0.0,0.0,188.62012358284423,7147.255788491728,960,540,1168.0,236.0,11.0,11.0,0.0
2989,49.817,13,370.5151956453093,1.0,344.8661378871908,37178.98517678492,0.0,0.0,344.8661378871908,37178.98517678492,960,540,1173.0,237.0,11.0,11.0,0.0
2990,49.833,13,374.02847091117854,1.0,1424.458364661165,4937.507427014916,0.0,0.0,1424.458364661165,4937.507427014916,960,540,1178.0,237.0,11.0,11.0,0.0
2991,49.85,13,393.678264530466,1.0,241.7115839092942,140414.80821960047,0.0,0.0,241.7115839092942,140414.80821960047,960,540,1190.0,239.0,11.0,11.0,0.0
2992,49.867,13,375.0911484086412,1.0,3257.6096156788367,156925.6290770408,0.0,0.0,3257.6096156788367,156925.6290770408,960,540,1202.0,243.0,11.0,11.0,0.0
2993,49.883,13,342.2519062721774,1.0,5006.674728473455,54640.70584000462,0.0,0.0,5006.674728473455,54640.70584000462,960,540,1215.0,248.0,11.0,11.0,0.0
2995,49.917,13,323.5838148930988,1.0,5075.861442923274,48925.703774150184,0.0,0.0,5075.861442923274,48925.703774150184,960,540,916.0,208.0,10.0,9.0,0.0
2996,49.933,13,328.6561415985268,1.0,3378.409842103912,155890.44622583326,0.0,0.0,3378.409842103912,155890.44622583326,960,540,930.0,210.0,10.0,9.0,0.0
2997,49.95,13,336.93378639909884,1.0,120.54298919840673,141573.5490687373,0.0,0.0,120.54298919840673,141573.5490687373,960,540,940.0,211.0,10.0,9.0,0.0
2998,49.967,13,328.09807518297896,1.0,1340.7095288750015,6666.042487788339,0.0,0.0,1340.7095288750015,6666.042487788339,960,540,945.0,211.0,10.0,9.0,0.0
2999,49.983,13,327.1584040112571,1.0,342.4551214452559,32098.02587864323,0.0,0.0,342.4551214452559,32098.02587864323,960,540,955.0,214.0,10.0,9.0,0.0
3000,50.0,13,326.14539139244454,1.0,271.7892340676918,5231.38097817183,0.0,0.0,271.7892340676918,5231.38097817183,960,540,959.0,214.0,10.0,9.0,0.0
3001,50.017,13,325.1995445325416,1.0,173.9399380269386,3833.7385174797464,0.0,0.0,173.9399380269386,3833.7385174797464,960,540,962.0,214.0,10.0,9.0,0.0
3002,50.033,13,324.26517311350483,1.0,155.24831985025568,1218.2288917331728,0.0,0.0,155.24831985025568,1218.2288917331728,960,540,965.0,216.0,10.0,9.0,0.0
3003,50.05,13,322.9340546119565,1.0,212.5309101168658,2964.8966668161665,0.0,0.0,212.5309101168658,2964.8966668161665,960,540,966.0,217.0,10.0,9.0,0.0
3004,50.067,13,321.654685900037,1.0,245.33192841952135,2858.9280137411747,0.0,0.0,245.33192841952135,2858.9280137411747,960,540,970.0,219.0,10.0,9.0,0.0
3005,50.083,13,321.11021977294735,1.0,286.30296497783684,2058.0355206072936,0.0,0.0,286.30296497783684,2058.0355206072936,960,540,976.0,219.0,10.0,9.0,0.0
3006,50.1,13,320.633333722303,1.0,296.9573596821374,1676.3663327663105,0.0,0.0,296.9573596821374,1676.3663327663105,960,540,980.0,220.0,10.0,9.0,0.0
3007,50.117,13,320.8178678134842,1.0,236.14678935452298,3800.7786527691724,0.0,0.0,236.14678935452298,3800.7786527691724,960,540,984.0,220.0,10.0,9.0,0.0
3008,50.133,13,320.74828893169155,1.0,170.38372059823894,3643.8654066857007,0.0,0.0,170.38372059823894,3643.8654066857007,960,540,989.0,221.0,10.0,9.0,0.0
3009,50.15,13,320.92652502889246,1.0,114.85572138424004,3181.8362045606664,0.0,0.0,114.85572138424004,3181.8362045606664,960,540,991.0,220.0,10.0,9.0,0.0
3010,50.167,13,320.7241947067526,1.0,67.32498095970638,1018.7026563432577,0.0,0.0,67.32498095970638,1018.7026563432577,960,540,991.0,221.0,10.0,9.0,0.0
3011,50.183,13,320.473890885403,1.0,86.34293277863925,2271.832848119545,0.0,0.0,86.34293277863925,2271.832848119545,960,540,993.0,221.0,10.0,9.0,0.0
3012,50.2,13,320.20508238405694,1.0,141.63044755089948,2699.9999999998977,0.0,0.0,141.63044755089948,2699.9999999998977,960,540,994.0,222.0,10.0,9.0,0.0
3013,50.217,13,320.273016329291,1.0,174.55482736120877,1395.3274796659894,0.0,0.0,174.55482736120877,1395.3274796659894,960,540,997.0,222.0,10.0,9.0,0.0
3014,50.233,13,320.0752214594101,1.0,188.12175822687124,548.8392203513101,0.0,0.0,188.12175822687124,548.8392203513101,960,540,1001.0,222.0,10.0,9.0,0.0
3015,50.25,13,320.0618208424709,1.0,162.5435577415043,2706.4548692311173,0.0,0.0,162.5435577415043,2706.4548692311173,960,540,1003.0,223.0,10.0,9.0,0.0
3016,50.267,13,319.60581234302805,1.0,107.9776998896953,3306.950009804609,0.0,0.0,107.9776998896953,3306.950009804609,960,540,1006.0,224.0,10.0,9.0,0.0
3017,50.283,13,318.96316224011406,1.0,56.351665495191035,2856.0354996935566,0.0,0.0,56.351665495191035,2856.0354996935566,960,540,1007.0,224.0,10.0,9.0,0.0
3018,50.3,13,318.89901656549534,1.0,12.777531299999705,1859.2295968701721,0.0,0.0,12.777531299999705,1859.2295968701721,960,540,1007.0,225.0,10.0,9.0,0.0
3019,50.317,13,318.83078985938363,1.0,7.284313590848524,428.57142857143344,0.0,0.0,7.284313590848524,428.57142857143344,960,540,1007.0,225.0,10.0,9.0,0.0
3020,50.333,13,318.81673593321807,1.0,6.388765649998709,441.24129175662455,0.0,0.0,6.388765649998709,441.24129175662455,960,540,1007.0,224.0,10.0,9.0,0.0
3021,50.35,13,318.62834212945256,1.0,14.285714285714448,383.32593899994544,0.0,0.0,14.285714285714448,383.32593899994544,960,540,1007.0,225.0,10.0,9.0,0.0
3022,50.367,13,318.3457560706023,1.0,17.379321515137182,787.9189847507107,0.0,0.0,17.379321515137182,787.9189847507107,960,540,1007.0,225.0,10.0,9.0,0.0
3023,50.383,13,318.07726282259904,1.0,14.142135623729544,1334.778128776941,0.0,0.0,14.142135623729544,1334.778128776941,960,540,1007.0,226.0,10.0,9.0,0.0
3024,50.4,13,318.7247726889514,1.0,27.180425129201943,2712.2172569649206,0.0,0.0,27.180425129201943,2712.2172569649206,960,540,1007.0,225.0,10.0,9.0,0.0
3025,50.417,13,318.9650532823615,1.0,76.73170858282704,32043.159669931734,0.0,0.0,76.73170858282704,32043.159669931734,960,540,1007.0,225.0,10.0,9.0,0.0
3026,50.433,13,317.17452294365546,1.0,1071.6856834360167,16221.35780320351,0.0,0.0,1071.6856834360167,16221.35780320351,960,540,1006.0,225.0,10.0,9.0,0.0
3027,50.45,13,318.9684230065477,1.0,543.6272732717313,155956.15945986134,0.0,0.0,543.6272732717313,155956.15945986134,960,540,1002.0,230.0,10.0,9.0,0.0
3028,50.467,13,301.7687841592815,1.0,4169.992903630225,172935.42737338948,0.0,0.0,4169.992903630225,172935.42737338948,960,540,996.0,239.0,10.0,9.0,0.0
3029,50.483,13,297.63875363332545,1.0,6158.062576320376,68852.95778627397,0.0,0.0,6158.062576320376,68852.95778627397,960,540,992.0,249.0,10.0,9.0,0.0
3031,50.517,13,316.4107451354776,1.0,6358.74779098745,65358.421533158835,0.0,0.0,6358.74779098745,65358.421533158835,960,540,1304.0,360.0,12.0,10.0,0.0
3032,50.533,13,354.9683930869094,1.0,4799.96641144712,173017.82614304457,0.0,0.0,4799.96641144712,173017.82614304457,960,540,1299.0,377.0,12.0,10.0,0.0
3034,50.567,13,367.228623173636,1.0,2598.611874341654,158608.9183482177,0.0,0.0,2598.611874341654,158608.9183482177,960,540,1279.0,448.0,12.0,10.0,0.0
3035,50.583,13,317.8130805914252,1.0,2524.9012912611406,32607.555153081554,0.0,0.0,2524.9012912611406,32607.555153081554,960,540,1274.0,464.0,12.0,10.0,0.0
3037,50.617,13,301.5123482465108,1.0,1621.2378742485623,45312.972868748846,0.0,0.0,1621.2378742485623,45312.972868748846,960,540,1257.0,514.0,11.0,9.0,0.0
3038,50.633,13,292.9319029625195,1.0,1133.8547220046655,24834.26286896582,0.0,0.0,1133.8547220046655,24834.26286896582,960,540,1252.0,523.0,11.0,9.0,0.0
3039,50.65,13,286.62062990567944,1.0,796.1142877650759,18382.467245743203,0.0,0.0,796.1142877650759,18382.467245743203,960,540,1248.0,536.0,11.0,9.0,0.0
3040,50.667,13,285.19420920041716,1.0,538.5259548820703,10603.39760719807,0.0,0.0,538.5259548820703,10603.39760719807,960,540,1244.0,552.0,11.0,9.0,0.0
3041,50.683,13,284.32769890183386,1.0,456.27149096715476,9355.234265547395,0.0,0.0,456.27149096715476,9355.234265547395,960,540,1244.0,558.0,11.0,9.0,0.0
3042,50.7,13,284.2258451755569,1.0,239.40828417290095,10922.855648144669,0.0,0.0,239.40828417290095,10922.855648144669,960,540,1244.0,565.0,11.0,9.0,0.0
3043,50.717,13,285.62405321198486,1.0,148.00027578573358,6430.571117556999,0.0,0.0,148.00027578573358,6430.571117556999,960,540,1244.0,566.0,11.0,9.0,0.0
3044,50.733,13,287.5281510421604,1.0,151.0034463723516,3733.494287103821,0.0,0.0,151.0034463723516,3733.494287103821,960,540,1245.0,568.0,11.0,9.0,0.0
3045,50.75,13,290.4135841978152,1.0,173.3464149956308,920.181880867586,0.0,0.0,173.3464149956308,920.181880867586,960,540,1250.0,569.0,11.0,9.0,0.0
3046,50.767,13,293.2990896833305,1.0,171.90410235989077,2092.9912194984604,0.0,0.0,171.90410235989077,2092.9912194984604,960,540,1252.0,569.0,11.0,9.0,0.0
3047,50.783,13,296.0622674593166,1.0,184.48494214312555,3045.572229332555,0.0,0.0,184.48494214312555,3045.572229332555,960,540,1255.0,570.0,11.0,9.0,0.0
3048,50.8,13,298.88142181873764,1.0,218.42665606934105,2287.1424109931177,0.0,0.0,218.42665606934105,2287.1424109931177,960,540,1256.0,571.0,11.0,9.0,0.0
3049,50.817,13,301.94569348486993,1.0,243.49915140446114,772.6181304565921,0.0,0.0,243.49915140446114,772.6181304565921,960,540,1260.0,576.0,11.0,9.0,0.0
3050,50.833,13,305.3498978069307,1.0,238.9475222038261,2307.927774486284,0.0,0.0,238.9475222038261,2307.927774486284,960,540,1264.0,578.0,11.0,9.0,0.0
3051,50.85,13,308.7449578205157,1.0,182.03498206080326,3249.5211578173707,0.0,0.0,182.03498206080326,3249.5211578173707,960,540,1265.0,580.0,11.0,9.0,0.0
3052,50.867,13,310.8994485684744,1.0,133.78325449648904,1706.231077490788,0.0,0.0,133.78325449648904,1706.231077490788,960,540,1269.0,581.0,11.0,9.0,0.0
3053,50.883,13,312.86427838496115,1.0,125.60059794476513,1414.9349159327508,0.0,0.0,125.60059794476513,1414.9349159327508,960,540,1270.0,582.0,11.0,9.0,0.0
3054,50.9,13,314.6581703568743,1.0,94.97582936340304,1916.629694999988,0.0,0.0,94.97582936340304,1916.629694999988,960,540,1271.0,583.0,11.0,9.0,0.0
3055,50.917,13,315.4302859684254,1.0,71.7421687399428,1323.0299177515678,0.0,0.0,71.7421687399428,1323.0299177515678,960,540,1273.0,585.0,11.0,9.0,0.0
3056,50.933,13,316.2993788361815,1.0,55.12508966164186,1095.1656290725373,0.0,0.0,55.12508966164186,1095.1656290725373,960,540,1273.0,585.0,11.0,9.0,0.0
3057,50.95,13,316.5977010472284,1.0,35.484978138218,1188.4649677595182,0.0,0.0,35.484978138218,1188.4649677595182,960,540,1273.0,586.0,11.0,9.0,0.0
3058,50.967,13,317.18382761242174,1.0,47.121207149912856,1564.1389363620606,0.0,0.0,47.121207149912856,1564.1389363620606,960,540,1274.0,586.0,11.0,9.0,0.0
3059,50.983,13,318.160728929745,1.0,76.57196161861035,1112.6361416356128,0.0,0.0,76.57196161861035,1112.6361416356128,960,540,1274.0,587.0,11.0,9.0,0.0
3060,51.0,13,319.7238320772884,1.0,84.20092587595224,461.5855548971763,0.0,0.0,84.20092587595224,461.5855548971763,960,540,1277.0,586.0,11.0,9.0,0.0
3061,51.017,13,320.9502967291379,1.0,61.36209027118376,1654.3079199102267,0.0,0.0,61.36209027118376,1654.3079199102267,960,540,1277.0,587.0,11.0,9.0,0.0
3062,51.033,13,321.76503377690284,1.0,29.137254363387406,1278.5514763009087,0.0,0.0,29.137254363387406,1278.5514763009087,960,540,1279.0,588.0,11.0,9.0,0.0
3063,51.05,13,321.9203222500114,1.0,18.78992348280468,1169.7723483390225,0.0,0.0,18.78992348280468,1169.7723483390225,960,540,1278.0,587.0,11.0,9.0,0.0
3064,51.067,13,322.3913552517238,1.0,9.999999999997726,287.49445424963307,0.0,0.0,9.999999999997726,287.49445424963307,960,540,1278.0,587.0,11.0,9.0,0.0
3065,51.083,13,321.5906081874541,1.0,18.294640678393517,31484.39846874741,0.0,0.0,18.294640678393517,31484.39846874741,960,540,1278.0,587.0,11.0,9.0,0.0
3066,51.1,13,322.9184167167858,1.0,1048.860411716169,58593.25377340833,0.0,0.0,1048.860411716169,58593.25377340833,960,540,1276.0,588.0,11.0,9.0,0.0
3067,51.117,13,330.4787978489174,1.0,1935.5039421824847,205208.27498531764,0.0,0.0,1935.5039421824847,205208.27498531764,960,540,1268.0,587.0,11.0,9.0,0.0
3068,51.133,13,260.8912858616583,1.0,5935.611310779463,173577.38614114607,0.0,0.0,5935.611310779463,173577.38614114607,960,540,1255.0,586.0,11.0,9.0,0.0
3070,51.167,13,217.67208898247765,1.0,7122.2565788877855,49203.43442467915,0.0,0.0,7122.2565788877855,49203.43442467915,960,540,1192.0,582.0,11.0,9.0,0.0
3072,51.2,13,243.2619222397765,1.0,6644.065942244858,90915.59777269946,0.0,0.0,6644.065942244858,90915.59777269946,960,540,1017.0,210.0,10.0,10.0,0.0
3074,51.233,13,305.7662320501249,1.0,4240.091691345905,197884.27508655135,0.0,0.0,4240.091691345905,197884.27508655135,960,540,1125.0,260.0,10.0,10.0,0.0
3076,51.267,13,343.0013750856649,1.0,224.0307923442066,151080.59546656028,0.0,0.0,224.0307923442066,151080.59546656028,960,540,1086.0,252.0,9.0,10.0,0.0
3077,51.283,13,312.16847085349855,1.0,957.2515929706401,28498.549909402373,0.0,0.0,957.2515929706401,28498.549909402373,960,540,1069.0,248.0,9.0,10.0,0.0
3078,51.3,13,311.1007047984258,1.0,804.7118891191925,29401.40563070337,0.0,0.0,804.7118891191925,29401.40563070337,960,540,1062.0,246.0,9.0,10.0,0.0
3079,51.317,13,311.4696638100139,1.0,53.54761375427055,24940.132399039223,0.0,0.0,53.54761375427055,24940.132399039223,960,540,1059.0,244.0,9.0,10.0,0.0
3080,51.333,13,311.86139284090825,1.0,38.992411611296944,2631.4425313731667,0.0,0.0,38.992411611296944,2631.4425313731667,960,540,1060.0,245.0,9.0,10.0,0.0
3081,51.35,13,312.420979578398,1.0,47.487914681695955,571.785602747942,0.0,0.0,47.487914681695955,571.785602747942,960,540,1060.0,244.0,9.0,10.0,0.0
3082,51.367,13,312.7551076635115,1.0,27.737839769926914,1744.5542088894592,0.0,0.0,27.737839769926914,1744.5542088894592,960,540,1061.0,244.0,9.0,10.0,0.0
3083,51.383,13,313.31064471336293,1.0,40.406101782086715,1114.2857142858782,0.0,0.0,40.406101782086715,1114.2857142858782,960,540,1061.0,243.0,8.0,9.0,0.0
3084,51.4,13,313.956671187634,1.0,41.526976724997326,595.3904566911266,0.0,0.0,41.526976724997326,595.3904566911266,960,540,1060.0,243.0,9.0,10.0,0.0
3085,51.417,13,314.28589105334163,1.0,37.71536794984536,473.37261502230547,0.0,0.0,37.71536794984536,473.37261502230547,960,540,1060.0,242.0,9.0,10.0,0.0
3086,51.433,13,314.6618023952406,1.0,29.311835040977716,923.1711097942907,0.0,0.0,29.311835040977716,923.1711097942907,960,540,1060.0,241.0,8.0,9.0,0.0
3087,51.45,13,314.7521070443994,1.0,34.31546328417598,1520.0698157972336,0.0,0.0,34.31546328417598,1520.0698157972336,960,540,1059.0,242.0,9.0,10.0,0.0
3088,51.467,13,314.34654894632973,1.0,59.67599592630152,1673.6249305516665,0.0,0.0,59.67599592630152,1673.6249305516665,960,540,1059.0,241.0,8.0,9.0,0.0
3089,51.483,13,313.7792492080384,1.0,89.30571204621621,2324.1851765066667,0.0,0.0,89.30571204621621,2324.1851765066667,960,540,1057.0,242.0,9.0,10.0,0.0
3090,51.5,13,313.07009133126724,1.0,136.9790688613463,2631.442531372946,0.0,0.0,136.9790688613463,2631.442531372946,960,540,1056.0,242.0,8.0,9.0,0.0
3091,51.517,13,311.8138762531849,1.0,177.0160836691156,1748.2352618034652,0.0,0.0,177.0160836691156,1748.2352618034652,960,540,1053.0,242.0,8.0,9.0,0.0
3092,51.533,13,310.64639287443185,1.0,195.1765292011873,601.5286648979392,0.0,0.0,195.1765292011873,601.5286648979392,960,540,1050.0,243.0,8.0,9.0,0.0
3093,51.55,13,309.00001467685235,1.0,181.9228362997542,2163.755239091156,0.0,0.0,181.9228362997542,2163.755239091156,960,540,1046.0,243.0,9.0,10.0,0.0
3094,51.567,13,307.6621671091442,1.0,127.84716641045908,3515.3308550417128,0.0,0.0,127.84716641045908,3515.3308550417128,960,540,1044.0,244.0,9.0,10.0,0.0
3095,51.583,13,306.60789143949097,1.0,74.57361792078974,3147.3020516121933,0.0,0.0,74.57361792078974,3147.3020516121933,960,540,1042.0,245.0,9.0,10.0,0.0
3096,51.6,13,305.70028524535786,1.0,33.31972511339926,2243.766876464261,0.0,0.0,33.31972511339926,2243.766876464261,960,540,1042.0,245.0,9.0,10.0,0.0
3097,51.617,13,305.5371390038497,1.0,10.30157507275404,939.9305228337957,0.0,0.0,10.30157507275404,939.9305228337957,960,540,1042.0,246.0,9.0,10.0,0.0
3098,51.633,13,305.4761607838759,1.0,7.14285714285279,867.791002770775,0.0,0.0,7.14285714285279,867.791002770775,960,540,1042.0,246.0,9.0,10.0,0.0
3099,51.65,13,305.39192691514205,1.0,18.626292586295587,1225.7442553776293,0.0,0.0,18.626292586295587,1225.7442553776293,960,540,1042.0,245.0,9.0,10.0,0.0
3100,51.667,13,305.8914669767059,1.0,33.71549634629916,648.5462550179192,0.0,0.0,33.71549634629916,648.5462550179192,960,540,1042.0,246.0,9.0,10.0,0.0
3101,51.683,13,306.08588156500156,1.0,33.956755211441916,613.6209027118596,0.0,0.0,33.956755211441916,613.6209027118596,960,540,1041.0,245.0,9.0,10.0,0.0
3102,51.7,13,306.026490931631,1.0,29.829447168316346,479.1574237500519,0.0,0.0,29.829447168316346,479.1574237500519,960,540,1041.0,244.0,9.0,10.0,0.0
3103,51.717,13,306.1100316453596,1.0,24.327694808460805,862.4833627499974,0.0,0.0,24.327694808460805,862.4833627499974,960,540,1040.0,245.0,9.0,10.0,0.0
3104,51.733,13,305.76801189383076,1.0,23.255457994426006,430.70895519059377,0.0,0.0,23.255457994426006,430.70895519059377,960,540,1040.0,245.0,9.0,10.0,0.0
3105,51.75,13,305.42137354727043,1.0,10.400156984690883,1008.7373396520237,0.0,0.0,10.400156984690883,1008.7373396520237,960,540,1040.0,245.0,9.0,10.0,0.0
3106,51.767,13,305.589119162589,1.0,27.73783976992639,787.9189847506357,0.0,0.0,27.73783976992639,787.9189847506357,960,540,1039.0,245.0,9.0,10.0,0.0
3107,51.783,13,305.72913478253173,1.0,32.607749172895424,181.8274580193747,0.0,0.0,32.607749172895424,181.8274580193747,960,540,1040.0,245.0,9.0,10.0,0.0
3108,51.8,13,305.8486946780733,1.0,33.71549634630306,230.79277744864038,0.0,0.0,33.71549634630306,230.79277744864038,960,540,1038.0,244.0,9.0,10.0,0.0
3109,51.817,13,306.1409905949367,1.0,38.86134431067289,135.5261854357488,0.0,0.0,38.86134431067289,135.5261854357488,960,540,1038.0,244.0,9.0,10.0,0.0
3110,51.833,13,306.31808790056266,1.0,29.4507544686994,473.3726150224143,0.0,0.0,29.4507544686994,473.3726150224143,960,540,1038.0,244.0,9.0,10.0,0.0
3111,51.85,13,306.5463606076807,1.0,26.5729646253371,709.411943881916,0.0,0.0,26.5729646253371,709.411943881916,960,540,1037.0,243.0,9.0,10.0,0.0
3112,51.867,13,306.877212550503,1.0,51.76477409140831,2306.335550926958,0.0,0.0,51.76477409140831,2306.335550926958,960,540,1037.0,243.0,9.0,10.0,0.0
3113,51.883,13,307.5632154846781,1.0,103.03555954432316,2398.8517661410165,0.0,0.0,103.03555954432316,2398.8517661410165,960,540,1036.0,242.0,9.0,10.0,0.0
3114,51.9,13,308.6324528135455,1.0,129.6935162730334,4832.986147511471,0.0,0.0,129.6935162730334,4832.986147511471,960,540,1035.0,241.0,9.0,10.0,0.0
3115,51.917,13,310.8286233707831,1.0,261.56904890856686,24386.919377705206,0.0,0.0,261.56904890856686,24386.919377705206,960,540,1031.0,238.0,9.0,10.0,0.0
3116,51.933,13,311.86341056313864,1.0,887.9062737814077,47503.52296280304,0.0,0.0,887.9062737814077,47503.52296280304,960,540,1025.0,235.0,9.0,10.0,0.0
3117,51.95,13,311.27817105162194,1.0,1810.3838808159776,57487.64552280014,0.0,0.0,1810.3838808159776,57487.64552280014,960,540,1016.0,232.0,9.0,10.0,0.0
3119,51.983,13,312.2358293853021,1.0,2799.8312631372582,47362.960211541125,0.0,0.0,2799.8312631372582,47362.960211541125,960,540,969.0,228.0,9.0,9.0,0.0
3121,52.017,13,323.27244324618545,1.0,3387.433258624091,10588.83701771649,0.0,0.0,3387.433258624091,10588.83701771649,960,540,910.0,221.0,10.0,10.0,0.0
3123,52.05,13,345.78970710816407,1.0,3076.813883462802,34722.67094494571,0.0,0.0,3076.813883462802,34722.67094494571,960,540,858.0,212.0,10.0,10.0,0.0
3125,52.083,13,371.0318546812502,1.0,2268.8278012746605,49183.440468581706,0.0,0.0,2268.8278012746605,49183.440468581706,960,540,803.0,197.0,11.0,11.0,0.0
3126,52.1,13,391.78499008773895,1.0,1463.4576055579287,44127.14699638782,0.0,0.0,1463.4576055579287,44127.14699638782,960,540,785.0,190.0,11.0,11.0,0.0
3127,52.117,13,405.81266971657533,1.0,819.1496337355012,27612.77432860478,0.0,0.0,819.1496337355012,27612.77432860478,960,540,768.0,184.0,11.0,11.0,0.0
3128,52.133,13,413.7729311455172,1.0,558.885552885831,10669.018660761665,0.0,0.0,558.885552885831,10669.018660761665,960,540,758.0,179.0,11.0,11.0,0.0
3129,52.15,13,421.848381162406,1.0,470.48823967605637,8086.837377832741,0.0,0.0,470.48823967605637,8086.837377832741,960,540,752.0,174.0,11.0,11.0,0.0
3130,52.167,13,427.58833541211,1.0,293.71650916335085,10281.784963751019,0.0,0.0,293.71650916335085,10281.784963751019,960,540,745.0,170.0,11.0,11.0,0.0
3131,52.183,13,430.87176567750424,1.0,129.6935162730446,8981.818369600325,0.0,0.0,129.6935162730446,8981.818369600325,960,540,741.0,168.0,11.0,11.0,0.0
3132,52.2,13,431.6706169545831,1.0,30.304576336563652,6076.199805934117,0.0,0.0,30.304576336563652,6076.199805934117,960,540,742.0,167.0,11.0,11.0,0.0
3133,52.217,13,431.12872214303894,1.0,81.87845646232472,1723.9016023817826,0.0,0.0,81.87845646232472,1723.9016023817826,960,540,744.0,168.0,11.0,11.0,0.0
3134,52.233,13,430.0583148771939,1.0,69.51728606055252,1427.2136404582202,0.0,0.0,69.51728606055252,1427.2136404582202,960,540,745.0,168.0,11.0,11.0,0.0
3135,52.25,13,429.6534621129792,1.0,51.11012519999463,1763.4034809806662,0.0,0.0,51.11012519999463,1763.4034809806662,960,540,745.0,167.0,11.0,11.0,0.0
3136,52.267,13,429.95799510070833,1.0,59.607560128643364,648.5462550181102,0.0,0.0,59.607560128643364,648.5462550181102,960,540,746.0,168.0,11.0,11.0,0.0
3137,52.283,13,430.14075637491607,1.0,65.72981183044398,606.0915267313152,0.0,0.0,65.72981183044398,606.0915267313152,960,540,747.0,166.0,11.0,11.0,0.0
3138,52.3,13,430.4386440642327,1.0,76.57196161861334,971.6386327504945,0.0,0.0,76.57196161861334,971.6386327504945,960,540,748.0,165.0,11.0,11.0,0.0
3139,52.317,13,431.1705761756448,1.0,73.7480542808005,845.2749824278784,0.0,0.0,73.7480542808005,845.2749824278784,960,540,748.0,165.0,11.0,11.0,0.0
3140,52.333,13,431.98531301144567,1.0,78.68822487954547,692.3783323458118,0.0,0.0,78.68822487954547,692.3783323458118,960,540,749.0,163.0,11.0,11.0,0.0
3141,52.35,13,433.02292650076134,1.0,91.89612592043133,368.67108287321327,0.0,0.0,91.89612592043133,368.67108287321327,960,540,749.0,162.0,11.0,11.0,0.0
3142,52.367,13,434.3035971673179,1.0,86.896607575689,728.5714285714239,0.0,0.0,86.896607575689,728.5714285714239,960,540,749.0,160.0,11.0,11.0,0.0
3143,52.383,13,435.29010057125026,1.0,68.94244864007881,1331.3335343150302,0.0,0.0,68.94244864007881,1331.3335343150302,960,540,750.0,159.0,11.0,11.0,0.0
3144,52.4,13,436.1887320613917,1.0,49.590157022027526,1345.7415829806966,0.0,0.0,49.590157022027526,1345.7415829806966,960,540,749.0,158.0,11.0,11.0,0.0
3145,52.417,13,436.86881128851974,1.0,50.325471296596675,805.2126097739423,0.0,0.0,50.325471296596675,805.2126097739423,960,540,750.0,157.0,11.0,11.0,0.0
3146,52.433,13,437.8578652988684,1.0,50.548017179871295,790.2466677679985,0.0,0.0,50.548017179871295,790.2466677679985,960,540,748.0,157.0,11.0,11.0,0.0
3147,52.45,13,438.5048395754215,1.0,64.98037380311033,1450.1935127731915,0.0,0.0,64.98037380311033,1450.1935127731915,960,540,748.0,156.0,11.0,11.0,0.0
3148,52.467,13,439.775280174039,1.0,95.88470968314044,1558.2564825168852,0.0,0.0,95.88470968314044,1558.2564825168852,960,540,747.0,155.0,11.0,11.0,0.0
3149,52.483,13,441.3385047069446,1.0,116.90742892893998,697.6637398328478,0.0,0.0,116.90742892893998,697.6637398328478,960,540,746.0,155.0,11.0,11.0,0.0
3150,52.5,13,443.2048046515442,1.0,118.90658312391174,1112.6361416353311,0.0,0.0,118.90658312391174,1112.6361416353311,960,540,743.0,153.0,11.0,11.0,0.0
3151,52.517,13,444.91351805576005,1.0,96.22465210885244,2152.2650621981643,0.0,0.0,96.22465210885244,2152.2650621981643,960,540,742.0,152.0,11.0,11.0,0.0
3152,52.533,13,446.34790382297734,1.0,59.418955265959326,2129.0986882928123,0.0,0.0,59.418955265959326,2129.0986882928123,960,540,741.0,151.0,11.0,11.0,0.0
3153,52.55,13,446.8927872155764,1.0,28.464084064530425,1345.7415829806714,0.0,0.0,28.464084064530425,1345.7415829806714,960,540,742.0,150.0,11.0,11.0,0.0
3154,52.567,13,447.27669278568203,1.0,17.14285714285751,618.0945043651999,0.0,0.0,17.14285714285751,618.0945043651999,960,540,741.0,150.0,11.0,11.0,0.0
3155,52.583,13,447.39119073917936,1.0,10.400156984687369,909.1372900969349,0.0,0.0,10.400156984687369,909.1372900969349,960,540,741.0,150.0,11.0,11.0,0.0
3156,52.6,13,447.52083269006636,1.0,13.552618543576497,366.17158908488193,0.0,0.0,13.552618543576497,366.17158908488193,960,540,741.0,150.0,11.0,11.0,0.0
3157,52.617,13,446.9474926929227,1.0,2.020305089099742,3769.9672493566777,0.0,0.0,2.020305089099742,3769.9672493566777,960,540,742.0,150.0,11.0,11.0,0.0
3158,52.633,13,447.5025810994876,1.0,137.88489728014284,31516.75939002931,0.0,0.0,137.88489728014284,31516.75939002931,960,540,741.0,152.0,11.0,11.0,0.0
3159,52.65,13,443.20079088725083,1.0,1051.0577762328787,39275.47918620609,0.0,0.0,1051.0577762328787,39275.47918620609,960,540,741.0,157.0,11.0,11.0,0.0
3160,52.667,13,412.47809534364654,1.0,1427.1907613867556,73209.43398558607,0.0,0.0,1427.1907613867556,73209.43398558607,960,540,740.0,165.0,11.0,11.0,0.0
3162,52.7,13,425.48349182319635,1.0,2543.6860607217536,56415.40171815192,0.0,0.0,2543.6860607217536,56415.40171815192,960,540,741.0,204.0,11.0,10.0,0.0
3164,52.733,13,392.9655290600931,1.0,3275.5276876639314,31606.67069865284,0.0,0.0,3275.5276876639314,31606.67069865284,960,540,740.0,257.0,11.0,9.0,0.0
3166,52.767,13,386.2379895614866,1.0,3574.335959450432,49300.19042062874,0.0,0.0,3574.335959450432,49300.19042062874,960,540,546.0,236.0,13.0,11.0,0.0
3168,52.8,13,404.2177098001764,1.0,3086.1206742975246,52537.77066966886,0.0,0.0,3086.1206742975246,52537.77066966886,960,540,734.0,387.0,10.0,10.0,0.0
3170,52.833,13,426.3449573710669,1.0,1836.4901084316905,55284.053131189925,0.0,0.0,1836.4901084316905,55284.053131189925,960,540,544.0,338.0,12.0,10.0,0.0
3171,52.85,13,427.8455493036679,1.0,1654.1530911555942,38384.882228209135,0.0,0.0,1654.1530911555942,38384.882228209135,960,540,542.0,349.0,12.0,10.0,0.0
3172,52.867,13,474.5609571391393,1.0,819.2891393626338,69123.03139611025,0.0,0.0,819.2891393626338,69123.03139611025,960,540,542.0,358.0,12.0,10.0,0.0
3173,52.883,13,452.43589891871534,1.0,889.7890142027368,31590.453220773536,0.0,0.0,889.7890142027368,31590.453220773536,960,540,543.0,367.0,12.0,10.0,0.0
3174,52.9,13,447.95134575449794,1.0,578.0350247138284,15342.916999084433,0.0,0.0,578.0350247138284,15342.916999084433,960,540,543.0,374.0,12.0,10.0,0.0
3175,52.917,13,442.733485039827,1.0,671.4255319080121,6134.412800599943,0.0,0.0,671.4255319080121,6134.412800599943,960,540,545.0,383.0,12.0,10.0,0.0
3176,52.933,13,437.8383563643726,1.0,769.2734446561005,5652.108149231859,0.0,0.0,769.2734446561005,5652.108149231859,960,540,547.0,398.0,12.0,10.0,0.0
3177,52.95,13,433.38221859265377,1.0,828.8484758497005,3104.703475932733,0.0,0.0,828.8484758497005,3104.703475932733,960,540,547.0,411.0,12.0,10.0,0.0
3178,52.967,13,430.28742437317004,1.0,760.3718209681721,6188.221201011881,0.0,0.0,760.3718209681721,6188.221201011881,960,540,545.0,423.0,12.0,10.0,0.0
3179,52.983,13,428.7914620346732,1.0,626.2848018762934,8989.075001787169,0.0,0.0,626.2848018762934,8989.075001787169,960,540,544.0,437.0,12.0,10.0,0.0
3180,53.0,13,426.7958483222688,1.0,476.84764177815777,10979.210409883146,0.0,0.0,476.84764177815777,10979.210409883146,960,540,544.0,446.0,12.0,10.0,0.0
3181,53.017,13,424.14716352526864,1.0,304.03074495444304,11137.993444026686,0.0,0.0,304.03074495444304,11137.993444026686,960,540,544.0,451.0,12.0,10.0,0.0
3182,53.033,13,421.63844115152705,1.0,179.14194577120762,9116.088043919537,0.0,0.0,179.14194577120762,9116.088043919537,960,540,548.0,455.0,12.0,10.0,0.0
3183,53.05,13,418.956605376033,1.0,171.5237830834686,6529.07156571334,0.0,0.0,171.5237830834686,6529.07156571334,960,540,550.0,456.0,12.0,10.0,0.0
3184,53.067,13,416.082496616873,1.0,212.1416546382471,3998.5966926166057,0.0,0.0,212.1416546382471,3998.5966926166057,960,540,552.0,455.0,12.0,10.0,0.0
3185,53.083,13,413.34178453067466,1.0,252.59873801937385,1723.9016023815855,0.0,0.0,252.59873801937385,1723.9016023815855,960,540,556.0,452.0,12.0,10.0,0.0
3186,53.1,13,409.9838418363506,1.0,269.004210573222,1479.6579858541609,0.0,0.0,269.004210573222,1479.6579858541609,960,540,560.0,450.0,12.0,10.0,0.0
3187,53.117,13,406.48533093217384,1.0,223.09968486700146,3895.994803667482,0.0,0.0,223.09968486700146,3895.994803667482,960,540,564.0,449.0,12.0,10.0,0.0
3188,53.133,13,403.8726927231377,1.0,144.63183379511793,4536.383527679696,0.0,0.0,144.63183379511793,4536.383527679696,960,540,567.0,447.0,12.0,10.0,0.0
3189,53.15,13,402.3028974730273,1.0,71.89845446949698,3608.6630460035044,0.0,0.0,71.89845446949698,3608.6630460035044,960,540,569.0,447.0,12.0,10.0,0.0
3190,53.167,13,401.89257767583865,1.0,24.411439272337837,2014.741589750348,0.0,0.0,24.411439272337837,2014.741589750348,960,540,569.0,447.0,12.0,10.0,0.0
3191,53.183,13,401.6278243561475,1.0,5.890150893738176,624.0094190811437,0.0,0.0,5.890150893738176,624.0094190811437,960,540,569.0,447.0,12.0,10.0,0.0
3192,53.2,13,401.69625035718315,1.0,14.56862718169437,759.4305062858039,0.0,0.0,14.56862718169437,759.4305062858039,960,540,569.0,446.0,12.0,10.0,0.0
3193,53.217,13,401.64597005418995,1.0,22.901742202687608,749.6938150515437,0.0,0.0,22.901742202687608,749.6938150515437,960,540,570.0,447.0,12.0,10.0,0.0
3194,53.233,13,401.92016727414705,1.0,32.888184094915374,1046.2761956343059,0.0,0.0,32.888184094915374,1046.2761956343059,960,540,569.0,446.0,12.0,10.0,0.0
3195,53.25,13,402.45961755705696,1.0,52.31380978171487,303.04576336581135,0.0,0.0,52.31380978171487,303.04576336581135,960,540,569.0,445.0,12.0,10.0,0.0
3196,53.267,13,403.2283385013036,1.0,42.85714285714539,1440.6631126260907,0.0,0.0,42.85714285714539,1440.6631126260907,960,540,568.0,445.0,12.0,10.0,0.0
3197,53.283,13,403.5623373045399,1.0,5.890150893738589,1640.9305473495642,0.0,0.0,5.890150893738589,1640.9305473495642,960,540,568.0,444.0,12.0,10.0,0.0
3198,53.3,13,403.4246734152259,1.0,12.289036095777144,461.58555489727127,0.0,0.0,12.289036095777144,461.58555489727127,960,540,568.0,444.0,12.0,10.0,0.0
3199,53.317,13,403.1820737340626,1.0,9.583148475000733,368.67108287331433,0.0,0.0,9.583148475000733,368.67108287331433,960,540,568.0,445.0,12.0,10.0,0.0
3200,53.333,13,403.1132643003397,1.0,0.0,242.43661069258397,0.0,0.0,0.0,242.43661069258397,960,540,569.0,445.0,12.0,10.0,0.0
3201,53.35,13,403.1820737340626,1.0,3.194382824998973,395.1233338839687,0.0,0.0,3.194382824998973,395.1233338839687,960,540,568.0,444.0,12.0,10.0,0.0
3202,53.367,13,403.0320035907417,1.0,13.17077779613229,1955.0562390785485,0.0,0.0,13.17077779613229,1955.0562390785485,960,540,568.0,444.0,12.0,10.0,0.0
3203,53.383,13,403.57363393132533,1.0,62.66203485561111,22114.65946528061,0.0,0.0,62.66203485561111,22114.65946528061,960,540,568.0,444.0,12.0,10.0,0.0
3204,53.4,13,403.4189963565367,1.0,750.3033400171145,30738.462245605308,0.0,0.0,750.3033400171145,30738.462245605308,960,540,568.0,443.0,12.0,10.0,0.0
3205,53.417,13,426.62000701501137,1.0,965.5029354524743,80666.9456620805,0.0,0.0,965.5029354524743,80666.9456620805,960,540,565.0,437.0,12.0,10.0,0.0
3206,53.433,13,409.7771226525879,1.0,2214.9312423105216,92522.68558001841,0.0,0.0,2214.9312423105216,92522.68558001841,960,540,563.0,427.0,12.0,10.0,0.0
3209,53.483,13,369.2773017985042,1.0,3226.424064641528,35871.94060054456,0.0,0.0,3226.424064641528,35871.94060054456,960,540,556.0,368.0,12.0,10.0,0.0
3211,53.517,13,322.01083417218064,1.0,3338.7966792403113,23507.680030325304,0.0,0.0,3338.7966792403113,23507.680030325304,960,540,734.0,408.0,10.0,9.0,0.0
3212,53.533,13,283.79201368163785,1.0,2442.8362572206643,84932.52063387938,0.0,0.0,2442.8362572206643,84932.52063387938,960,540,734.0,391.0,10.0,9.0,0.0
3214,53.567,13,265.46124237224245,1.0,979.397982519513,81967.17361859145,0.0,0.0,979.397982519513,81967.17361859145,960,540,738.0,361.0,10.0,9.0,0.0
3215,53.583,13,290.04341296760333,1.0,1068.3880667737126,12022.631719777502,0.0,0.0,1068.3880667737126,12022.631719777502,960,540,740.0,350.0,10.0,9.0,0.0
3216,53.6,13,295.6433969169439,1.0,601.1044257134118,21960.135496403112,0.0,0.0,601.1044257134118,21960.135496403112,960,540,744.0,340.0,10.0,9.0,0.0
3217,53.617,13,298.78958005915723,1.0,454.2879604616579,6136.209027118374,0.0,0.0,454.2879604616579,6136.209027118374,960,540,747.0,331.0,10.0,9.0,0.0
3218,53.633,13,302.7255928733132,1.0,399.61716373427345,5367.418716056169,0.0,0.0,399.61716373427345,5367.418716056169,960,540,748.0,324.0,10.0,9.0,0.0
3219,53.65,13,306.00673224850135,1.0,279.06549593314054,6764.372453811179,0.0,0.0,279.06549593314054,6764.372453811179,960,540,749.0,318.0,10.0,9.0,0.0
3220,53.667,13,308.1526405640903,1.0,175.30148956839523,5859.3723979585975,0.0,0.0,175.30148956839523,5859.3723979585975,960,540,750.0,314.0,10.0,9.0,0.0
3221,53.683,13,308.87376796216853,1.0,107.24756788070545,4511.210525808256,0.0,0.0,107.24756788070545,4511.210525808256,960,540,751.0,313.0,10.0,9.0,0.0
3222,53.7,13,308.50066795960015,1.0,92.51585633538433,2760.212946532278,0.0,0.0,92.51585633538433,2760.212946532278,960,540,752.0,312.0,10.0,9.0,0.0
3223,53.717,13,307.3809671351112,1.0,111.46519544646566,1745.080548985928,0.0,0.0,111.46519544646566,1745.080548985928,960,540,754.0,312.0,10.0,9.0,0.0
3224,53.733,13,305.9411708155674,1.0,118.52839150109523,2018.384886739992,0.0,0.0,118.52839150109523,2018.384886739992,960,540,756.0,312.0,10.0,9.0,0.0
3225,53.75,13,304.0573440664208,1.0,135.23977195472955,2496.405579293296,0.0,0.0,135.23977195472955,2496.405579293296,960,540,758.0,313.0,10.0,9.0,0.0
3226,53.767,13,301.6332337620488,1.0,173.23453489888198,2600.196224934548,0.0,0.0,173.23453489888198,2600.196224934548,960,540,760.0,314.0,10.0,9.0,0.0
3227,53.783,13,298.3353133366442,1.0,201.93452161631086,1878.394885783749,0.0,0.0,201.93452161631086,1878.394885783749,960,540,761.0,317.0,10.0,9.0,0.0
3228,53.8,13,294.9063766266455,1.0,197.4738422357421,1924.7581348186304,0.0,0.0,197.4738422357421,1924.7581348186304,960,540,765.0,319.0,10.0,9.0,0.0
3229,53.817,13,291.85826554259705,1.0,180.92731655985787,2631.442531372839,0.0,0.0,180.92731655985787,2631.442531372839,960,540,766.0,323.0,10.0,9.0,0.0
3230,53.833,13,289.25830949950716,1.0,159.34816200601261,2722.019058548677,0.0,0.0,159.34816200601261,2722.019058548677,960,540,766.0,325.0,10.0,9.0,0.0
3231,53.85,13,287.58429307523545,1.0,118.99236813119526,2631.0935105435874,0.0,0.0,118.99236813119526,2631.0935105435874,960,540,766.0,327.0,10.0,9.0,0.0
3232,53.867,13,286.5603227840597,1.0,72.91314374385856,2503.7522861106577,0.0,0.0,72.91314374385856,2503.7522861106577,960,540,766.0,330.0,10.0,9.0,0.0
3233,53.883,13,285.8601096123309,1.0,35.71428571428612,2230.2191710728057,0.0,0.0,35.71428571428612,2230.2191710728057,960,540,766.0,330.0,10.0,9.0,0.0
3234,53.9,13,285.6852842423866,1.0,1.4285714285711038,1414.2857142856997,0.0,0.0,1.4285714285711038,1414.2857142856997,960,540,766.0,330.0,10.0,9.0,0.0
3235,53.917,13,285.8950856520625,1.0,11.428571428570535,171.42857142853245,0.0,0.0,11.428571428570535,171.42857142853245,960,540,766.0,330.0,10.0,9.0,0.0
3236,53.933,13,285.96504868653955,1.0,4.285714285713311,685.7142857142321,0.0,0.0,4.285714285713311,685.7142857142321,960,540,766.0,330.0,10.0,9.0,0.0
3237,53.95,13,285.79016849458526,1.0,11.428571428570535,95.83148474994631,0.0,0.0,11.428571428570535,95.83148474994631,960,540,766.0,330.0,10.0,9.0,0.0
3238,53.967,13,285.6852842423866,1.0,4.04061017820913,824.3736026430723,0.0,0.0,4.04061017820913,824.3736026430723,960,540,766.0,330.0,10.0,9.0,0.0
3239,53.983,13,285.78491587309105,1.0,16.28822035856035,654.1858938204263,0.0,0.0,16.28822035856035,654.1858938204263,960,540,766.0,331.0,10.0,9.0,0.0
3240,54.0,13,285.97316049950786,1.0,17.89994869449165,1569.4142934515762,0.0,0.0,17.89994869449165,1569.4142934515762,960,540,766.0,330.0,10.0,9.0,0.0
3241,54.017,13,285.97589610302407,1.0,59.81263261560124,18073.82818625132,0.0,0.0,59.81263261560124,18073.82818625132,960,540,766.0,330.0,10.0,9.0,0.0
3242,54.033,13,287.964996140621,1.0,598.2986081295915,26314.599811992317,0.0,0.0,598.2986081295915,26314.599811992317,960,540,767.0,331.0,10.0,9.0,0.0
3243,54.05,13,266.15437611926967,1.0,832.532404223175,63302.49535656085,0.0,0.0,832.532404223175,63302.49535656085,960,540,766.0,337.0,10.0,9.0,0.0
3244,54.067,13,269.2839627748185,1.0,1846.807504637031,64560.12859406121,0.0,0.0,1846.807504637031,64560.12859406121,960,540,767.0,348.0,10.0,9.0,0.0
3246,54.1,13,284.8454925894496,1.0,2521.147293092846,21451.230876629517,0.0,0.0,2521.147293092846,21451.230876629517,960,540,783.0,399.0,9.0,9.0,0.0
3248,54.133,13,301.7162435302041,1.0,2473.1393748325145,32282.553574742433,0.0,0.0,2473.1393748325145,32282.553574742433,960,540,638.0,380.0,11.0,10.0,0.0
3250,54.167,13,315.64935050092436,1.0,1792.3704518694585,72755.6898679628,0.0,0.0,1792.3704518694585,72755.6898679628,960,540,657.0,425.0,10.0,9.0,0.0
3252,54.2,13,316.4430467146641,1.0,1524.914182931652,61008.478835288835,0.0,0.0,1524.914182931652,61008.478835288835,960,540,676.0,462.0,10.0,9.0,0.0
3253,54.217,13,284.83783029850764,1.0,1456.2301062843605,27474.93848760964,0.0,0.0,1456.2301062843605,27474.93848760964,960,540,682.0,472.0,10.0,9.0,0.0
3254,54.233,13,276.916033836827,1.0,614.016552326261,28599.87869247806,0.0,0.0,614.016552326261,28599.87869247806,960,540,688.0,485.0,10.0,9.0,0.0
3255,54.25,13,272.4304733538295,1.0,550.4747487211368,2602.6673915469105,0.0,0.0,550.4747487211368,2602.6673915469105,960,540,691.0,493.0,11.0,10.0,0.0
3256,54.267,13,267.4828199285261,1.0,558.4270913257457,1860.7108582366407,0.0,0.0,558.4270913257457,1860.7108582366407,960,540,695.0,502.0,10.0,9.0,0.0
3257,54.283,13,263.87882878544707,1.0,504.3646235308249,3709.5574300084336,0.0,0.0,504.3646235308249,3709.5574300084336,960,540,698.0,512.0,10.0,9.0,0.0
3258,54.3,13,260.89033412510605,1.0,445.2424242213814,5321.538829154956,0.0,0.0,445.2424242213814,5321.538829154956,960,540,700.0,519.0,10.0,9.0,0.0
3259,54.317,13,259.2167252659375,1.0,334.6701086632259,5540.684404788784,0.0,0.0,334.6701086632259,5540.684404788784,960,540,701.0,525.0,10.0,9.0,0.0
3260,54.333,13,258.38222052240036,1.0,266.9556257553857,3239.3309966910324,0.0,0.0,266.9556257553857,3239.3309966910324,960,540,702.0,531.0,10.0,9.0,0.0
3261,54.35,13,258.01461576839694,1.0,233.01484580890147,1936.6497476047819,0.0,0.0,233.01484580890147,1936.6497476047819,960,540,702.0,534.0,10.0,9.0,0.0
3262,54.367,13,257.91406398080176,1.0,207.14778319266256,1043.6396281615432,0.0,0.0,207.14778319266256,1043.6396281615432,960,540,702.0,537.0,10.0,9.0,0.0
3263,54.383,13,258.00297068022047,1.0,200.020407122141,558.7887775889775,0.0,0.0,200.020407122141,558.7887775889775,960,540,702.0,542.0,10.0,9.0,0.0
3264,54.4,13,258.038827080692,1.0,188.57142857142662,1331.3335343150663,0.0,0.0,188.57142857142662,1331.3335343150663,960,540,702.0,544.0,10.0,9.0,0.0
3265,54.417,13,258.1096815498223,1.0,155.71428571428783,2314.2857142855974,0.0,0.0,155.71428571428783,2314.2857142855974,960,540,702.0,548.0,10.0,9.0,0.0
3266,54.433,13,258.1810303729624,1.0,111.42857142857338,2485.7142857143344,0.0,0.0,111.42857142857338,2485.7142857143344,960,540,702.0,549.0,10.0,9.0,0.0
3267,54.45,13,258.244641347271,1.0,72.85714285714334,2142.857142857167,0.0,0.0,72.85714285714334,2142.857142857167,960,540,702.0,552.0,10.0,9.0,0.0
3268,54.467,13,258.2833614164502,1.0,40.00000000000114,2057.142857142901,0.0,0.0,40.00000000000114,2057.142857142901,960,540,702.0,552.0,10.0,9.0,0.0
3269,54.483,13,258.30609906915987,1.0,4.285714285713311,1328.5714285714334,0.0,0.0,4.285714285713311,1328.5714285714334,960,540,702.0,552.0,10.0,9.0,0.0
3270,54.5,13,258.29009074112156,1.0,4.285714285713311,95.83148474992343,0.0,0.0,4.285714285713311,95.83148474992343,960,540,702.0,553.0,10.0,9.0,0.0
3271,54.517,13,258.29918580544387,1.0,4.040610178210336,128.57142857139934,0.0,0.0,4.040610178210336,128.57142857139934,960,540,702.0,552.0,10.0,9.0,0.0
3272,54.533,13,258.1994913323091,1.0,6.060915267314298,574.9889084998609,0.0,0.0,6.060915267314298,574.9889084998609,960,540,702.0,552.0,10.0,9.0,0.0
3273,54.55,13,258.43504690615754,1.0,18.294640678378073,563.6977044843427,0.0,0.0,18.294640678378073,563.6977044843427,960,540,702.0,553.0,10.0,9.0,0.0
3274,54.567,13,258.69358247647466,1.0,15.971914124999442,882.4825835131497,0.0,0.0,15.971914124999442,882.4825835131497,960,540,702.0,552.0,10.0,9.0,0.0
3275,54.583,13,258.69592723203056,1.0,11.780301787479662,923.1711097944665,0.0,0.0,11.780301787479662,923.1711097944665,960,540,701.0,553.0,10.0,9.0,0.0
3276,54.6,13,258.3084210063851,1.0,21.61820850060114,1153.9638872429407,0.0,0.0,21.61820850060114,1153.9638872429407,960,540,702.0,553.0,10.0,9.0,0.0
3277,54.617,13,257.98724238527814,1.0,50.162999617364825,3699.14496463547,0.0,0.0,50.162999617364825,3699.14496463547,960,540,703.0,552.0,10.0,9.0,0.0
3278,54.633,13,256.71142820220274,1.0,138.01064732660896,7079.735380734599,0.0,0.0,138.01064732660896,7079.735380734599,960,540,704.0,552.0,10.0,9.0,0.0
3279,54.65,13,254.15485307663084,1.0,283.4337557129512,11309.901748070934,0.0,0.0,283.4337557129512,11309.901748070934,960,540,705.0,551.0,10.0,9.0,0.0
3280,54.667,13,248.9853240855323,1.0,514.7319492627506,13913.33232286692,0.0,0.0,514.7319492627506,13913.33232286692,960,540,711.0,546.0,10.0,9.0,0.0
3281,54.683,13,240.66772664511197,1.0,746.8273029343281,9848.754194499776,0.0,0.0,746.8273029343281,9848.754194499776,960,540,719.0,540.0,10.0,9.0,0.0
3282,54.7,13,229.9116265199969,1.0,842.8970934841819,3268.9635129470594,0.0,0.0,842.8970934841819,3268.9635129470594,960,540,730.0,531.0,10.0,9.0,0.0
3283,54.717,13,219.4219782408946,1.0,855.3934528529364,994.0640146921564,0.0,0.0,855.3934528529364,994.0640146921564,960,540,742.0,520.0,10.0,9.0,0.0
3284,54.733,13,209.32858870657597,1.0,814.6828605447095,5338.080370396616,0.0,0.0,814.6828605447095,5338.080370396616,960,540,753.0,513.0,10.0,9.0,0.0
3285,54.75,13,200.92713111509042,1.0,678.8375418045711,8122.644085442621,0.0,0.0,678.8375418045711,8122.644085442621,960,540,761.0,506.0,10.0,9.0,0.0
3286,54.767,13,194.9430639595602,1.0,547.6852961998082,6919.139382605282,0.0,0.0,547.6852961998082,6919.139382605282,960,540,771.0,496.0,10.0,9.0,0.0
3287,54.783,13,190.68872071681872,1.0,451.54835662124833,6182.430669210247,0.0,0.0,451.54835662124833,6182.430669210247,960,540,776.0,492.0,10.0,9.0,0.0
3288,54.8,13,187.19454635736895,1.0,341.6466727184592,5207.627843375766,0.0,0.0,341.6466727184592,5207.627843375766,960,540,779.0,488.0,10.0,9.0,0.0
3289,54.817,13,184.83263864477541,1.0,279.53313848308744,2903.2353521897294,0.0,0.0,279.53313848308744,2903.2353521897294,960,540,784.0,484.0,10.0,9.0,0.0
3290,54.833,13,182.31691652144278,1.0,250.00000000000284,3012.5248749926154,0.0,0.0,250.00000000000284,3012.5248749926154,960,540,788.0,481.0,10.0,9.0,0.0
3291,54.85,13,180.11638968233743,1.0,181.18093335736256,3697.6550760212194,0.0,0.0,181.18093335736256,3697.6550760212194,960,540,790.0,479.0,10.0,9.0,0.0
3292,54.867,13,178.8786056395668,1.0,129.74857948182128,2101.311543793925,0.0,0.0,129.74857948182128,2101.311543793925,960,540,793.0,478.0,10.0,9.0,0.0
3293,54.883,13,177.2518929661706,1.0,137.9514851130574,1664.2703861955542,0.0,0.0,137.9514851130574,1664.2703861955542,960,540,794.0,477.0,10.0,9.0,0.0
3294,54.9,13,175.17991399579404,1.0,162.78820596099848,1721.2359109734464,0.0,0.0,162.78820596099848,1721.2359109734464,960,540,796.0,476.0,10.0,9.0,0.0
3295,54.917,13,172.64376177761454,1.0,188.06208267159067,979.1708278968141,0.0,0.0,188.06208267159067,979.1708278968141,960,540,800.0,477.0,10.0,9.0,0.0
3296,54.933,13,169.61549821157314,1.0,190.77179443256495,1212.1830534626813,0.0,0.0,190.77179443256495,1212.1830534626813,960,540,803.0,475.0,10.0,9.0,0.0
3297,54.95,13,166.99655107984245,1.0,149.13355198120502,3228.2553574742383,0.0,0.0,149.13355198120502,3228.2553574742383,960,540,806.0,476.0,10.0,9.0,0.0
3298,54.967,13,165.40242274902516,1.0,83.16445473044668,3669.2322502292654,0.0,0.0,83.16445473044668,3669.2322502292654,960,540,808.0,475.0,10.0,9.0,0.0
3299,54.983,13,164.5457569263001,1.0,29.13725436338774,2448.864793227771,0.0,0.0,29.13725436338774,2448.864793227771,960,540,809.0,475.0,10.0,9.0,0.0
3300,55.0,13,164.45193109758065,1.0,2.020305089103962,901.0198303555151,0.0,0.0,2.020305089103962,901.0198303555151,960,540,809.0,475.0,10.0,9.0,0.0
3301,55.017,13,164.5207152903161,1.0,4.517539514525229,85.71428571421507,0.0,0.0,4.517539514525229,85.71428571421507,960,540,808.0,476.0,10.0,9.0,0.0
3302,55.033,13,164.439465665882,1.0,2.0203050891027563,383.3259389998997,0.0,0.0,2.0203050891027563,383.3259389998997,960,540,809.0,475.0,10.0,9.0,0.0
3303,55.05,13,164.45819792948367,1.0,12.9362644830507,1394.0105114820956,0.0,0.0,12.9362644830507,1394.0105114820956,960,540,809.0,475.0,10.0,9.0,0.0
3304,55.067,13,164.85228047078172,1.0,46.510915988856624,20229.297807782405,0.0,0.0,46.510915988856624,20229.297807782405,960,540,809.0,476.0,10.0,9.0,0.0
3305,55.083,13,164.97807179239206,1.0,664.864571141539,5337.048026077356,0.0,0.0,664.864571141539,5337.048026077356,960,540,808.0,476.0,10.0,9.0,0.0
3306,55.1,13,155.05517268367316,1.0,173.74623766297572,120483.19046104935,0.0,0.0,173.74623766297572,120483.19046104935,960,540,808.0,478.0,10.0,9.0,0.0
3307,55.117,13,159.63622194229274,1.0,3367.0219385524797,184785.41885226988,0.0,0.0,3367.0219385524797,184785.41885226988,960,540,812.0,482.0,10.0,9.0,0.0
3308,55.133,13,205.0505883048666,1.0,6174.370000085775,103054.35558035308,0.0,0.0,6174.370000085775,103054.35558035308,960,540,820.0,486.0,10.0,9.0,0.0
3310,55.167,13,295.82246315182795,1.0,6800.8638406890595,30287.237158477434,0.0,0.0,6800.8638406890595,30287.237158477434,960,540,649.0,665.0,11.0,9.0,0.0
3312,55.2,13,392.24856758885574,1.0,5296.49287120204,157027.1034709913,0.0,0.0,5296.49287120204,157027.1034709913,960,540,578.0,769.0,11.0,10.0,0.0
3313,55.217,13,450.77723254250964,1.0,1845.344943143103,186755.84082333872,0.0,0.0,1845.344943143103,186755.84082333872,960,540,595.0,773.0,11.0,10.0,0.0
3314,55.233,13,433.65561014313755,1.0,1357.178946888526,69024.05969172393,0.0,0.0,1357.178946888526,69024.05969172393,960,540,612.0,779.0,11.0,10.0,0.0
3315,55.25,13,411.91310203502684,1.0,1018.1696262190769,26428.996135582085,0.0,0.0,1018.1696262190769,26428.996135582085,960,540,629.0,783.0,11.0,10.0,0.0
3316,55.267,13,405.37174227258004,1.0,546.6969462329324,22109.010998842215,0.0,0.0,546.6969462329324,22109.010998842215,960,540,638.0,786.0,11.0,10.0,0.0
3317,55.283,13,401.86797394259474,1.0,331.87469973851915,9209.899288155157,0.0,0.0,331.87469973851915,9209.899288155157,960,540,645.0,789.0,11.0,10.0,0.0
3318,55.3,13,400.222911244231,1.0,243.41532492463276,3316.6555566764155,0.0,0.0,243.41532492463276,3316.6555566764155,960,540,648.0,791.0,11.0,10.0,0.0
3319,55.317,13,398.52101006703896,1.0,223.2322849885874,1564.1389363624642,0.0,0.0,223.2322849885874,1564.1389363624642,960,540,650.0,792.0,11.0,10.0,0.0
3320,55.333,13,396.40243014052714,1.0,233.1899462249813,808.6269541761832,0.0,0.0,233.1899462249813,808.6269541761832,960,540,656.0,794.0,11.0,10.0,0.0
3321,55.35,13,393.9856461121445,1.0,230.4299441992592,1558.2564825169723,0.0,0.0,230.4299441992592,1558.2564825169723,960,540,659.0,794.0,11.0,10.0,0.0
3322,55.367,13,391.8281386646873,1.0,184.13061025439023,2672.6505990288883,0.0,0.0,184.13061025439023,2672.6505990288883,960,540,663.0,795.0,11.0,10.0,0.0
3323,55.383,13,390.0723143608621,1.0,141.48627971269693,2619.9002940991986,0.0,0.0,141.48627971269693,2619.9002940991986,960,540,665.0,796.0,11.0,10.0,0.0
3324,55.4,13,388.96120156968215,1.0,101.33798771981803,2509.248200280901,0.0,0.0,101.33798771981803,2509.248200280901,960,540,667.0,796.0,11.0,10.0,0.0
3325,55.417,13,388.51926879142366,1.0,68.58630790946987,1765.48542206109,0.0,0.0,68.58630790946987,1765.48542206109,960,540,669.0,796.0,11.0,10.0,0.0
3326,55.433,13,388.44802253731734,1.0,55.78749768504707,1218.9825131423152,0.0,0.0,55.78749768504707,1218.9825131423152,960,540,669.0,798.0,11.0,10.0,0.0
3327,55.45,13,388.5737628314578,1.0,36.42156795423352,1121.6787709973125,0.0,0.0,36.42156795423352,1121.6787709973125,960,540,669.0,798.0,11.0,10.0,0.0
3328,55.467,13,388.7835234650693,1.0,18.626292586293754,772.6181304565013,0.0,0.0,18.626292586293754,772.6181304565013,960,540,670.0,799.0,11.0,10.0,0.0
3329,55.483,13,388.672985094673,1.0,18.57142857143196,383.32593899996834,0.0,0.0,18.57142857143196,383.32593899996834,960,540,670.0,798.0,11.0,10.0,0.0
3330,55.5,13,388.5155480360598,1.0,16.288220358558704,214.28571428572695,0.0,0.0,16.288220358558704,214.28571428572695,960,540,670.0,799.0,11.0,10.0,0.0
3331,55.517,13,388.3772857670406,1.0,18.18274580194048,499.7958767009999,0.0,0.0,18.18274580194048,499.7958767009999,960,540,670.0,799.0,11.0,10.0,0.0
3332,55.533,13,388.481875768296,1.0,19.89769753883434,1671.4285714284983,0.0,0.0,19.89769753883434,1671.4285714284983,960,540,671.0,799.0,11.0,10.0,0.0
3333,55.55,13,388.61267871616997,1.0,44.74417075247113,14822.686693590285,0.0,0.0,44.74417075247113,14822.686693590285,960,540,670.0,799.0,11.0,10.0,0.0
3334,55.567,13,389.83235247802224,1.0,498.7023978613547,8788.536132197043,0.0,0.0,498.7023978613547,8788.536132197043,960,540,669.0,800.0,11.0,10.0,0.0
3335,55.583,13,405.1393786091076,1.0,316.8756918440185,56171.99897981018,0.0,0.0,316.8756918440185,56171.99897981018,960,540,665.0,799.0,11.0,10.0,0.0
3336,55.6,13,391.93874758616425,1.0,1504.9259253585574,63015.58116361245,0.0,0.0,1504.9259253585574,63015.58116361245,960,540,656.0,798.0,11.0,10.0,0.0
3337,55.617,13,369.7487042687107,1.0,2272.010707074511,26261.673789080884,0.0,0.0,2272.010707074511,26261.673789080884,960,540,640.0,794.0,11.0,10.0,0.0
3339,55.65,13,346.3790669914783,1.0,2358.573159123708,17106.49715453021,0.0,0.0,2358.573159123708,17106.49715453021,960,540,697.0,686.0,10.0,9.0,0.0
3341,55.683,13,329.3845597604981,1.0,1731.208142498497,59803.837498874316,0.0,0.0,1731.208142498497,59803.837498874316,960,540,651.0,673.0,11.0,9.0,0.0
3342,55.7,13,324.3748636287888,1.0,622.991466512143,58167.5640731505,0.0,0.0,622.991466512143,58167.5640731505,960,540,651.0,668.0,11.0,9.0,0.0
3343,55.717,13,337.88794785567967,1.0,310.4867804211968,21892.24072774729,0.0,0.0,310.4867804211968,21892.24072774729,960,540,651.0,668.0,11.0,9.0,0.0
3344,55.733,13,334.08868498215674,1.0,121.03296902842324,8499.1236042789,0.0,0.0,121.03296902842324,8499.1236042789,960,540,651.0,667.0,11.0,9.0,0.0
3345,55.75,13,334.53403136391034,1.0,27.292818820776365,4119.86229213073,0.0,0.0,27.292818820776365,4119.86229213073,960,540,651.0,667.0,11.0,9.0,0.0
3346,55.767,13,334.91478592650964,1.0,25.274008589933548,214.28571428574742,0.0,0.0,25.274008589933548,214.28571428574742,960,540,650.0,668.0,11.0,9.0,0.0
3347,55.783,13,335.32415697267214,1.0,20.303814862217177,637.1172320278667,0.0,0.0,20.303814862217177,637.1172320278667,960,540,650.0,668.0,11.0,9.0,0.0
3348,55.8,13,335.51072518180155,1.0,4.5175395145284645,758.2202576980064,0.0,0.0,4.5175395145284645,758.2202576980064,960,540,650.0,668.0,11.0,9.0,0.0
3349,55.817,13,335.47437560765,1.0,5.150787536375956,516.068339091185,0.0,0.0,5.150787536375956,516.068339091185,960,540,650.0,668.0,11.0,9.0,0.0
3350,55.833,13,335.34233025082017,1.0,12.857142857143344,437.0588154509114,0.0,0.0,12.857142857143344,437.0588154509114,960,540,650.0,668.0,11.0,9.0,0.0
3351,55.85,13,335.07826614754447,1.0,18.57142857143117,171.42857142853245,0.0,0.0,18.57142857143117,171.42857142853245,960,540,650.0,668.0,11.0,9.0,0.0
3352,55.867,13,334.77023629813823,1.0,18.57142857142776,171.42857142863477,0.0,0.0,18.57142857142776,171.42857142863477,960,540,651.0,668.0,11.0,9.0,0.0
3353,55.883,13,334.50624932727715,1.0,12.857142857143344,514.2857142855974,0.0,0.0,12.857142857143344,514.2857142855974,960,540,651.0,668.0,11.0,9.0,0.0
3354,55.9,13,334.37426923649167,1.0,1.4285714285745144,471.42857142856656,0.0,0.0,1.4285714285745144,471.42857142856656,960,540,651.0,668.0,11.0,9.0,0.0
3355,55.917,13,334.4622549705724,1.0,2.8571428571422075,42.85714285723543,0.0,0.0,2.8571428571422075,42.85714285723543,960,540,651.0,668.0,11.0,9.0,0.0
3356,55.933,13,334.4622549705724,1.0,0.0,85.71428571426623,0.0,0.0,0.0,85.71428571426623,960,540,651.0,668.0,11.0,9.0,0.0
3357,55.95,13,334.4622549705724,1.0,0.0,0.0,0.0,0.0,0.0,0.0,960,540,651.0,668.0,11.0,9.0,0.0
3358,55.967,13,334.4622549705724,1.0,0.0,0.0,0.0,0.0,0.0,0.0,960,540,651.0,668.0,11.0,9.0,0.0
3359,55.983,13,334.4622549705724,1.0,0.0,0.0,0.0,0.0,0.0,0.0,960,540,651.0,668.0,11.0,9.0,0.0
3360,56.0,13,334.4622549705724,1.0,0.0,0.0,0.0,0.0,0.0,0.0,960,540,651.0,668.0,11.0,9.0,0.0
3361,56.017,13,334.4622549705724,1.0,0.0,85.71428571436854,0.0,0.0,0.0,85.71428571436854,960,540,651.0,668.0,11.0,9.0,0.0
3362,56.033,13,334.4622549705724,1.0,2.857142857145618,128.57142857139934,0.0,0.0,2.857142857145618,128.57142857139934,960,540,651.0,668.0,11.0,9.0,0.0
3363,56.05,13,334.550244676569,1.0,4.285714285713311,2910.5017450886926,0.0,0.0,4.285714285713311,2910.5017450886926,960,540,651.0,668.0,11.0,9.0,0.0
3364,56.067,13,334.3302778598997,1.0,94.24241429983563,1185.370001651773,0.0,0.0,94.24241429983563,1185.370001651773,960,540,651.0,668.0,11.0,9.0,0.0
3365,56.083,13,332.03128353007725,1.0,35.340905362432366,13987.260968029323,0.0,0.0,35.340905362432366,13987.260968029323,960,540,651.0,668.0,11.0,9.0,0.0
3366,56.1,13,335.2774057038594,1.0,372.0571604098538,15424.404199124345,0.0,0.0,372.0571604098538,15424.404199124345,960,540,652.0,668.0,11.0,9.0,0.0
3367,56.117,13,341.74585111946817,1.0,549.4227025910473,5923.750191097733,0.0,0.0,549.4227025910473,5923.750191097733,960,540,651.0,668.0,11.0,9.0,0.0
3369,56.15,13,349.5465738013118,1.0,569.4967345053371,3613.240955718509,0.0,0.0,569.4967345053371,3613.240955718509,960,540,623.0,660.0,11.0,9.0,0.0
3370,56.167,13,356.87218314410677,1.0,429.54650980031727,13940.632140967795,0.0,0.0,429.54650980031727,13940.632140967795,960,540,623.0,659.0,11.0,9.0,0.0
3371,56.183,13,361.1577880176546,1.0,104.8224933019783,13498.435283470228,0.0,0.0,104.8224933019783,13498.435283470228,960,540,622.0,659.0,11.0,9.0,0.0
3372,56.2,13,359.6662158836619,1.0,26.95423180586916,10446.071422466217,0.0,0.0,26.95423180586916,10446.071422466217,960,540,621.0,660.0,11.0,9.0,0.0
3373,56.217,13,360.9584620671315,1.0,245.4899307964451,35488.53508457336,0.0,0.0,245.4899307964451,35488.53508457336,960,540,621.0,659.0,11.0,9.0,0.0
3374,56.233,13,354.5153505658797,1.0,1198.5816447717132,41665.71781232584,0.0,0.0,1198.5816447717132,41665.71781232584,960,540,627.0,662.0,11.0,9.0,0.0
3375,56.25,13,324.6247615750601,1.0,1632.7796507046248,55579.12175907639,0.0,0.0,1632.7796507046248,55579.12175907639,960,540,639.0,668.0,11.0,9.0,0.0
3377,56.283,13,318.76229245782906,1.0,1963.0905454909407,68004.79274826721,0.0,0.0,1963.0905454909407,68004.79274826721,960,540,684.0,684.0,10.0,9.0,0.0
3379,56.317,13,334.213972765707,1.0,2311.4696270413574,42412.98414978358,0.0,0.0,2311.4696270413574,42412.98414978358,960,540,721.0,693.0,10.0,9.0,0.0
3381,56.35,13,363.64497026508275,1.0,2244.091107321444,33455.2091670064,0.0,0.0,2244.091107321444,33455.2091670064,960,540,641.0,795.0,10.0,9.0,0.0
3382,56.367,13,396.23206340800107,1.0,1626.9045354128637,60450.89253404939,0.0,0.0,1626.9045354128637,60450.89253404939,960,540,649.0,798.0,10.0,9.0,0.0
3383,56.383,13,414.0968726694859,1.0,290.2286220572214,60089.626935986766,0.0,0.0,290.2286220572214,60089.626935986766,960,540,656.0,802.0,10.0,9.0,0.0
3384,56.4,13,400.20506364927695,1.0,460.0110912593507,6390.88956153692,0.0,0.0,460.0110912593507,6390.88956153692,960,540,659.0,803.0,10.0,9.0,0.0
3385,56.417,13,399.67479410526283,1.0,111.4377285614691,12450.49790005088,0.0,0.0,111.4377285614691,12450.49790005088,960,540,660.0,805.0,10.0,9.0,0.0
3386,56.433,13,399.40548222204615,1.0,74.12069583470499,1600.127545936738,0.0,0.0,74.12069583470499,1600.127545936738,960,540,662.0,806.0,10.0,9.0,0.0
3387,56.45,13,398.7994739316535,1.0,83.84874623330796,1249.4896917525646,0.0,0.0,83.84874623330796,1249.4896917525646,960,540,663.0,806.0,10.0,9.0,0.0
3388,56.467,13,397.63407157244933,1.0,81.54127538760041,729.8308442539669,0.0,0.0,81.54127538760041,729.8308442539669,960,540,664.0,806.0,10.0,9.0,0.0
3389,56.483,13,396.6863769184082,1.0,64.34917502602876,1176.816875806732,0.0,0.0,64.34917502602876,1176.816875806732,960,540,666.0,806.0,10.0,9.0,0.0
3390,56.5,13,395.98035865992745,1.0,42.95227536678018,1548.205017273249,0.0,0.0,42.95227536678018,1548.205017273249,960,540,667.0,806.0,10.0,9.0,0.0
3391,56.517,13,395.69177633533246,1.0,12.9362644830539,1504.889988521076,0.0,0.0,12.9362644830539,1504.889988521076,960,540,667.0,806.0,10.0,9.0,0.0
3392,56.533,13,395.69500268185425,1.0,14.914723584157805,1015.9945363825433,0.0,0.0,14.914723584157805,1015.9945363825433,960,540,667.0,806.0,10.0,9.0,0.0
3393,56.55,13,395.4775321785679,1.0,28.713930346059946,655.5882231761665,0.0,0.0,28.713930346059946,655.5882231761665,960,540,667.0,806.0,10.0,9.0,0.0
3394,56.567,13,395.1259106421285,1.0,35.714285714284415,606.09152673129,0.0,0.0,35.714285714284415,606.09152673129,960,540,667.0,805.0,10.0,9.0,0.0
3395,56.583,13,394.67894469778275,1.0,48.57142857142776,257.1428571430033,0.0,0.0,48.57142857142776,257.1428571430033,960,540,667.0,804.0,10.0,9.0,0.0
3396,56.6,13,394.04149901735747,1.0,44.28571428571786,857.1428571427646,0.0,0.0,44.28571428571786,857.1428571427646,960,540,667.0,804.0,10.0,9.0,0.0
3397,56.617,13,393.6914459935933,1.0,20.000000000002274,900.0000000002046,0.0,0.0,20.000000000002274,900.0000000002046,960,540,667.0,803.0,10.0,9.0,0.0
3398,56.633,13,393.5960439397085,1.0,14.285714285711038,654.1858938203826,0.0,0.0,14.285714285711038,654.1858938203826,960,540,667.0,802.0,10.0,9.0,0.0
3399,56.65,13,393.37355092442823,1.0,11.517511068998694,1165.8403293202016,0.0,0.0,11.517511068998694,1165.8403293202016,960,540,667.0,803.0,10.0,9.0,0.0
3400,56.667,13,393.28072114404875,1.0,28.571428571431625,1143.5712054964056,0.0,0.0,28.571428571431625,1143.5712054964056,960,540,667.0,803.0,10.0,9.0,0.0
3401,56.683,13,393.18844616164864,1.0,27.590297022606343,60514.1643058295,0.0,0.0,27.590297022606343,60514.1643058295,960,540,667.0,802.0,10.0,9.0,0.0
3402,56.7,13,393.69662111638473,1.0,1992.856630824381,67848.17685126643,0.0,0.0,1992.856630824381,67848.17685126643,960,540,667.0,803.0,10.0,9.0,0.0
3403,56.717,13,441.29413116886525,1.0,2234.797621298893,257502.20605356258,0.0,0.0,2234.797621298893,257502.20605356258,960,540,663.0,801.0,10.0,9.0,0.0
3404,56.733,13,349.70596330485387,1.0,6597.529531451029,63119.55129040565,0.0,0.0,6597.529531451029,63119.55129040565,960,540,653.0,797.0,10.0,9.0,0.0
3405,56.75,13,290.2380639868736,1.0,3499.5888971391673,224083.2589435824,0.0,0.0,3499.5888971391673,224083.2589435824,960,540,639.0,791.0,10.0,9.0,0.0
3407,56.783,13,247.26062429455087,1.0,2522.138710196047,219211.66734925625,0.0,0.0,2522.138710196047,219211.66734925625,960,540,1256.0,817.0,11.0,9.0,0.0
3409,56.817,13,231.44505624220443,1.0,4912.4053711610695,220351.67856155997,0.0,0.0,4912.4053711610695,220351.67856155997,960,540,635.0,666.0,11.0,9.0,0.0
3410,56.833,13,284.84210130480506,1.0,8108.232777585326,65898.9021617381,0.0,0.0,8108.232777585326,65898.9021617381,960,540,618.0,660.0,11.0,9.0,0.0
3411,56.85,13,426.69142147574945,1.0,3455.034185719439,281859.72846543643,0.0,0.0,3455.034185719439,281859.72846543643,960,540,601.0,653.0,11.0,9.0,0.0
3412,56.867,13,383.25836889005194,1.0,1293.8323078421326,97642.26669274984,0.0,0.0,1293.8323078421326,97642.26669274984,960,540,592.0,650.0,11.0,9.0,0.0
3413,56.883,13,387.29206109804176,1.0,217.60289613919582,40176.69138458315,0.0,0.0,217.60289613919582,40176.69138458315,960,540,588.0,647.0,11.0,9.0,0.0
3414,56.9,13,388.076905789634,1.0,72.85714285714315,6224.179316445389,0.0,0.0,72.85714285714315,6224.179316445389,960,540,587.0,646.0,11.0,9.0,0.0
3415,56.917,13,387.8050799633132,1.0,36.42156795423593,2036.0526034662048,0.0,0.0,36.42156795423593,2036.0526034662048,960,540,587.0,645.0,11.0,9.0,0.0
3416,56.933,13,387.5243390790894,1.0,16.288220358558103,677.6309271789785,0.0,0.0,16.288220358558103,677.6309271789785,960,540,587.0,645.0,11.0,9.0,0.0
3417,56.95,13,387.36833473758526,1.0,14.285714285714448,334.7249861102091,0.0,0.0,14.285714285714448,334.7249861102091,960,540,587.0,644.0,11.0,9.0,0.0
3418,56.967,13,387.3958787770261,1.0,5.890150893741485,749.6938150515963,0.0,0.0,5.890150893741485,749.6938150515963,960,540,587.0,645.0,11.0,9.0,0.0
3419,56.983,13,387.2711232489386,1.0,14.70804305855415,345.5253320699481,0.0,0.0,14.70804305855415,345.5253320699481,960,540,587.0,644.0,11.0,9.0,0.0
3420,57.0,13,387.0473759138722,1.0,14.708043058552494,691.0506641399851,0.0,0.0,14.708043058552494,691.0506641399851,960,540,587.0,644.0,11.0,9.0,0.0
3421,57.017,13,386.79426993718005,1.0,27.47912008810188,648.5462550180341,0.0,0.0,27.47912008810188,648.5462550180341,960,540,588.0,645.0,11.0,9.0,0.0
3422,57.033,13,386.1522410759546,1.0,35.7142857142851,383.32593899983107,0.0,0.0,35.7142857142851,383.32593899983107,960,540,588.0,644.0,11.0,9.0,0.0
3423,57.05,13,385.6038701455188,1.0,38.597874531730945,368.6710828731716,0.0,0.0,38.597874531730945,368.6710828731716,960,540,588.0,643.0,11.0,9.0,0.0
3424,57.067,13,384.97137449903175,1.0,29.726645780979084,713.2850133039751,0.0,0.0,29.726645780979084,713.2850133039751,960,540,590.0,644.0,11.0,9.0,0.0
3425,57.083,13,384.6705838115086,1.0,17.67045268121784,766.6518779999824,0.0,0.0,17.67045268121784,766.6518779999824,960,540,589.0,643.0,11.0,9.0,0.0
3426,57.1,13,384.3825687822924,1.0,5.890150893738176,488.64661075676105,0.0,0.0,5.890150893738176,488.64661075676105,960,540,590.0,643.0,11.0,9.0,0.0
3427,57.117,13,384.57365149479045,1.0,17.20227796970418,345.52533206991006,0.0,0.0,17.20227796970418,345.52533206991006,960,540,589.0,643.0,11.0,9.0,0.0
3428,57.133,13,384.072239638289,1.0,8.32993127835146,41068.61605277108,0.0,0.0,8.32993127835146,41068.61605277108,960,540,590.0,643.0,11.0,9.0,0.0
3429,57.15,13,384.3825687822923,1.0,1351.8015190622166,13500.272106099588,0.0,0.0,1351.8015190622166,13500.272106099588,960,540,589.0,643.0,11.0,9.0,0.0
3430,57.167,13,407.39431109989056,1.0,457.8409847828046,193608.86828229687,0.0,0.0,457.8409847828046,193608.86828229687,960,540,589.0,642.0,11.0,9.0,0.0
3431,57.183,13,378.4972224366925,1.0,5101.940407175242,183700.53769932536,0.0,0.0,5101.940407175242,183700.53769932536,960,540,582.0,636.0,11.0,9.0,0.0
3432,57.2,13,345.31567272888145,1.0,6579.721475402879,7606.991950213466,0.0,0.0,6579.721475402879,7606.991950213466,960,540,573.0,628.0,11.0,9.0,0.0
3434,57.233,13,344.15720778950646,1.0,5253.922344306218,141320.06876850396,0.0,0.0,5253.922344306218,141320.06876850396,960,540,862.0,931.0,11.0,10.0,0.0
3436,57.267,13,356.23891954761694,1.0,1905.4299423768393,248818.86084098063,0.0,0.0,1905.4299423768393,248818.86084098063,960,540,816.0,877.0,11.0,10.0,0.0
3438,57.3,13,349.32303173261613,1.0,3061.7162054064665,173094.14802826947,0.0,0.0,3061.7162054064665,173094.14802826947,960,540,767.0,815.0,11.0,9.0,0.0
3440,57.333,13,323.8972570223099,1.0,3904.3693472825653,51190.30520458433,0.0,0.0,3904.3693472825653,51190.30520458433,960,540,733.0,767.0,11.0,9.0,0.0
3441,57.35,13,318.85518361462164,1.0,1358.246168064277,101008.69431158005,0.0,0.0,1358.246168064277,101008.69431158005,960,540,722.0,753.0,11.0,9.0,0.0
3442,57.367,13,316.9013952810336,1.0,545.2222913076835,32202.858283585338,0.0,0.0,545.2222913076835,32202.858283585338,960,540,715.0,742.0,11.0,9.0,0.0
3443,57.383,13,315.774970825027,1.0,291.12729525213217,10860.121771783786,0.0,0.0,291.12729525213217,10860.121771783786,960,540,711.0,733.0,11.0,9.0,0.0
3444,57.4,13,314.4523439950657,1.0,191.71620182138338,7291.510299586985,0.0,0.0,191.71620182138338,7291.510299586985,960,540,710.0,731.0,11.0,9.0,0.0
3445,57.417,13,313.4381717792918,1.0,61.07873807552336,5596.591528304883,0.0,0.0,61.07873807552336,5596.591528304883,960,540,709.0,728.0,11.0,9.0,0.0
3446,57.433,13,312.943055537378,1.0,34.552533206995236,1688.3756231651719,0.0,0.0,34.552533206995236,1688.3756231651719,960,540,710.0,728.0,11.0,9.0,0.0
3447,57.45,13,312.2954477926604,1.0,35.34090536243568,1043.6396281616735,0.0,0.0,35.34090536243568,1043.6396281616735,960,540,711.0,728.0,11.0,9.0,0.0
3448,57.467,13,311.85819354286457,1.0,63.11634866964073,2561.7675658076355,0.0,0.0,63.11634866964073,2561.7675658076355,960,540,711.0,728.0,11.0,9.0,0.0
3449,57.483,13,310.508225779357,1.0,120.68681005995558,3412.462154981848,0.0,0.0,120.68681005995558,3412.462154981848,960,540,712.0,727.0,11.0,9.0,0.0
3450,57.5,13,308.0936372962023,1.0,174.3793659390499,2054.015479941104,0.0,0.0,174.3793659390499,2054.015479941104,960,540,714.0,727.0,11.0,9.0,0.0
3451,57.517,13,305.0182143923725,1.0,188.841797517915,557.1428571427305,0.0,0.0,188.841797517915,557.1428571427305,960,540,719.0,726.0,11.0,9.0,0.0
3452,57.533,13,302.1236438035343,1.0,160.7698316709645,2443.2330537839953,0.0,0.0,160.7698316709645,2443.2330537839953,960,540,721.0,724.0,11.0,9.0,0.0
3453,57.55,13,299.8458409661061,1.0,107.5516012841063,2781.4252696436974,0.0,0.0,107.5516012841063,2781.4252696436974,960,540,723.0,724.0,11.0,9.0,0.0
3454,57.567,13,298.77192705991166,1.0,98.40565771025669,1757.1428571425574,0.0,0.0,98.40565771025669,1757.1428571425574,960,540,724.0,723.0,11.0,9.0,0.0
3455,57.583,13,297.6163390352942,1.0,118.53700016519062,1042.7592909081131,0.0,0.0,118.53700016519062,1042.7592909081131,960,540,726.0,724.0,11.0,9.0,0.0
3456,57.6,13,296.270407221193,1.0,133.16400812991378,763.0497349184984,0.0,0.0,133.16400812991378,763.0497349184984,960,540,728.0,725.0,11.0,9.0,0.0
3457,57.617,13,294.6347444770583,1.0,136.08220804697314,1227.9898955908875,0.0,0.0,136.08220804697314,1227.9898955908875,960,540,731.0,725.0,11.0,9.0,0.0
3458,57.633,13,292.9530079255167,1.0,112.34059000764863,1919.0239866204302,0.0,0.0,112.34059000764863,1919.0239866204302,960,540,732.0,724.0,11.0,9.0,0.0
3459,57.65,13,291.45029486417974,1.0,78.72711847688772,1812.7102270765017,0.0,0.0,78.72711847688772,1812.7102270765017,960,540,735.0,725.0,11.0,9.0,0.0
3460,57.667,13,290.62940923922224,1.0,51.922233843959035,1345.7415829807642,0.0,0.0,51.922233843959035,1345.7415829807642,960,540,735.0,724.0,11.0,9.0,0.0
3461,57.683,13,289.9734329843595,1.0,33.95675521144092,857.1428571427646,0.0,0.0,33.95675521144092,857.1428571427646,960,540,736.0,724.0,11.0,9.0,0.0
3462,57.7,13,289.60152465741675,1.0,23.94722087748708,677.6309271789268,0.0,0.0,23.94722087748708,677.6309271789268,960,540,736.0,724.0,11.0,9.0,0.0
3463,57.717,13,289.23383034627915,1.0,22.36067977499739,951.5829990503229,0.0,0.0,22.36067977499739,951.5829990503229,960,540,737.0,724.0,11.0,9.0,0.0
3464,57.733,13,289.29900812096366,1.0,19.05952009160804,644.2841305017606,0.0,0.0,19.05952009160804,644.2841305017606,960,540,737.0,724.0,11.0,9.0,0.0
3465,57.75,13,289.51773959802574,1.0,8.68966075756747,1388.0686920600278,0.0,0.0,8.68966075756747,1388.0686920600278,960,540,737.0,724.0,11.0,9.0,0.0
3466,57.767,13,289.51773959802586,1.0,29.450754468694022,43843.192290300736,0.0,0.0,29.450754468694022,43843.192290300736,960,540,737.0,725.0,11.0,9.0,0.0
3467,57.783,13,288.6478957306822,1.0,1465.4900970289814,26316.658804113034,0.0,0.0,1465.4900970289814,26316.658804113034,960,540,737.0,723.0,11.0,9.0,0.0
3468,57.8,13,282.5575774607702,1.0,893.7389930818377,265767.288492497,0.0,0.0,893.7389930818377,265767.288492497,960,540,739.0,720.0,11.0,9.0,0.0
3469,57.817,13,286.4239203200727,1.0,7423.944300679507,284728.6818093672,0.0,0.0,7423.944300679507,284728.6818093672,960,540,741.0,713.0,11.0,9.0,0.0
3470,57.833,13,343.50943571655034,1.0,10375.532049303441,63721.92779281492,0.0,0.0,10375.532049303441,63721.92779281492,960,540,746.0,699.0,11.0,9.0,0.0
3472,57.867,13,473.504352548194,1.0,9470.696912054582,134214.07283492584,0.0,0.0,9470.696912054582,134214.07283492584,960,540,363.0,321.0,14.0,12.0,0.0
3474,57.9,13,596.7241943916246,1.0,5978.201388104531,288284.41632158373,0.0,0.0,5978.201388104531,288284.41632158373,960,540,387.0,260.0,15.0,12.0,0.0
3476,57.933,13,652.5099507499197,1.0,180.36244688092484,241498.767901533,0.0,0.0,180.36244688092484,241498.767901533,960,540,393.0,373.0,15.0,12.0,0.0
3477,57.95,13,594.3377037698768,1.0,2074.6526633316485,25789.354709384148,0.0,0.0,2074.6526633316485,25789.354709384148,960,540,397.0,353.0,15.0,12.0,0.0
3478,57.967,13,590.7980248125833,1.0,683.8978918892783,88875.0303539062,0.0,0.0,683.8978918892783,88875.0303539062,960,540,403.0,332.0,15.0,12.0,0.0
3479,57.983,13,598.1444872807903,1.0,1132.2688077754328,7051.790914515065,0.0,0.0,1132.2688077754328,7051.790914515065,960,540,404.0,319.0,15.0,12.0,0.0
3480,58.0,13,601.337136283735,1.0,493.3868788738729,25112.969248772166,0.0,0.0,493.3868788738729,25112.969248772166,960,540,404.0,310.0,15.0,12.0,0.0
3481,58.017,13,605.0991223310486,1.0,337.1065355737447,9680.497963241693,0.0,0.0,337.1065355737447,9680.497963241693,960,540,404.0,302.0,15.0,12.0,0.0
3482,58.033,13,608.9704351852442,1.0,283.56333201827664,6995.04197592104,0.0,0.0,283.56333201827664,6995.04197592104,960,540,401.0,299.0,15.0,12.0,0.0
3483,58.05,13,613.6073811001544,1.0,282.39500486996883,4313.4814766010295,0.0,0.0,282.39500486996883,4313.4814766010295,960,540,397.0,296.0,15.0,12.0,0.0
3484,58.067,13,618.364049331516,1.0,261.12003651460594,2759.21461762621,0.0,0.0,261.12003651460594,2759.21461762621,960,540,393.0,294.0,15.0,12.0,0.0
3485,58.083,13,622.2834477490176,1.0,195.6517105387419,3843.30852367647,0.0,0.0,195.6517105387419,3843.30852367647,960,540,388.0,293.0,15.0,12.0,0.0
3486,58.1,13,624.8716403337766,1.0,138.2101328279727,3000.306106832187,0.0,0.0,138.2101328279727,3000.306106832187,960,540,386.0,292.0,15.0,12.0,0.0
3487,58.117,13,626.862359081769,1.0,137.61822375762398,1714.8213448922934,0.0,0.0,137.61822375762398,1714.8213448922934,960,540,385.0,291.0,15.0,12.0,0.0
3488,58.133,13,629.0325184734511,1.0,174.78266387670598,3067.206400300034,0.0,0.0,174.78266387670598,3067.206400300034,960,540,384.0,289.0,15.0,12.0,0.0
3489,58.15,13,632.2467316682752,1.0,230.21728866442834,3559.4656787734757,0.0,0.0,230.21728866442834,3559.4656787734757,960,540,381.0,286.0,15.0,12.0,0.0
3490,58.167,13,636.5714998147638,1.0,268.9700688909143,1580.4933355358914,0.0,0.0,268.9700688909143,1580.4933355358914,960,540,377.0,284.0,15.0,12.0,0.0
3491,58.183,13,641.1986401616315,1.0,241.66936428238776,3103.8159528856763,0.0,0.0,241.66936428238776,3103.8159528856763,960,540,373.0,283.0,15.0,12.0,0.0
3492,58.2,13,644.6231298920612,1.0,167.392975250652,4109.148578576337,0.0,0.0,167.392975250652,4109.148578576337,960,540,369.0,281.0,15.0,12.0,0.0
3493,58.217,13,646.7744913262937,1.0,106.14775993291555,2783.0756734378056,0.0,0.0,106.14775993291555,2783.0756734378056,960,540,367.0,280.0,15.0,12.0,0.0
3494,58.233,13,648.1462437505772,1.0,78.88250109873631,692.3783323459448,0.0,0.0,78.88250109873631,692.3783323459448,960,540,367.0,280.0,15.0,12.0,0.0
3495,58.25,13,649.3490216574122,1.0,83.29931278350378,958.3148474998018,0.0,0.0,83.29931278350378,958.3148474998018,960,540,366.0,279.0,15.0,12.0,0.0
3496,58.267,13,650.9006441278713,1.0,108.65598211317851,729.8308442540269,0.0,0.0,108.65598211317851,729.8308442540269,960,540,364.0,278.0,15.0,12.0,0.0
3497,58.283,13,652.9596043385532,1.0,105.46302185881044,1485.233438671105,0.0,0.0,105.46302185881044,1485.233438671105,960,540,362.0,277.0,15.0,12.0,0.0
3498,58.3,13,654.4154252100382,1.0,62.400941908119066,2331.6806586403845,0.0,0.0,62.400941908119066,2331.6806586403845,960,540,361.0,277.0,15.0,12.0,0.0
3499,58.317,13,655.0204857366635,1.0,32.88818409491745,1382.1013282797164,0.0,0.0,32.88818409491745,1382.1013282797164,960,540,360.0,276.0,15.0,12.0,0.0
3500,58.333,13,655.3990960145504,1.0,20.800313969375207,808.6269541762374,0.0,0.0,20.800313969375207,808.6269541762374,960,540,360.0,277.0,15.0,12.0,0.0
3501,58.35,13,655.5544087003311,1.0,18.626292586293754,557.1428571429194,0.0,0.0,18.626292586293754,557.1428571429194,960,540,360.0,277.0,15.0,12.0,0.0
3502,58.367,13,655.4942138563039,1.0,13.170777796131366,1165.8403293201904,0.0,0.0,13.170777796131366,1165.8403293201904,960,540,359.0,277.0,15.0,12.0,0.0
3503,58.383,13,655.4696797974623,1.0,27.479120088100725,2314.2857142856487,0.0,0.0,27.479120088100725,2314.2857142856487,960,540,360.0,277.0,15.0,12.0,0.0
3504,58.4,13,654.6081014163437,1.0,75.3901417254772,2925.608257007323,0.0,0.0,75.3901417254772,2925.608257007323,960,540,360.0,278.0,15.0,12.0,0.0
3505,58.417,13,653.029680927549,1.0,124.94896917525551,3903.7658427602846,0.0,0.0,124.94896917525551,3903.7658427602846,960,540,362.0,277.0,15.0,12.0,0.0
3506,58.433,13,650.6425587286969,1.0,204.4105512672643,5057.324451945382,0.0,0.0,204.4105512672643,5057.324451945382,960,540,365.0,278.0,15.0,12.0,0.0
3507,58.45,13,646.7032214929375,1.0,293.08005453688907,4587.516334842772,0.0,0.0,293.08005453688907,4587.516334842772,960,540,368.0,278.0,15.0,12.0,0.0
3508,58.467,13,641.5648457070934,1.0,357.15428553143335,2779.113057749773,0.0,0.0,357.15428553143335,2779.113057749773,960,540,374.0,278.0,15.0,12.0,0.0
3509,58.483,13,635.799412884313,1.0,381.75213670332107,1286.4283731259684,0.0,0.0,381.75213670332107,1286.4283731259684,960,540,381.0,278.0,15.0,12.0,0.0
3510,58.5,13,630.1966183484157,1.0,320.5384500480171,5616.902334626638,0.0,0.0,320.5384500480171,5616.902334626638,960,540,387.0,278.0,15.0,12.0,0.0
3511,58.517,13,626.3556490469064,1.0,195.46386481644203,6996.354735991933,0.0,0.0,195.46386481644203,6996.354735991933,960,540,392.0,277.0,15.0,12.0,0.0
3512,58.533,13,624.6145024284912,1.0,87.33000980330469,4841.529527253317,0.0,0.0,87.33000980330469,4841.529527253317,960,540,394.0,277.0,15.0,12.0,0.0
3513,58.55,13,623.8000726292404,1.0,36.728457520521594,1121.6787709973985,0.0,0.0,36.728457520521594,1121.6787709973985,960,540,394.0,277.0,15.0,12.0,0.0
3514,58.567,13,623.4144659629602,1.0,50.02040400003369,2307.927774486176,0.0,0.0,50.02040400003369,2307.927774486176,960,540,394.0,277.0,15.0,12.0,0.0
3515,58.583,13,622.3091116041031,1.0,108.9935403440706,2874.3055949326763,0.0,0.0,108.9935403440706,2874.3055949326763,960,540,396.0,278.0,15.0,12.0,0.0
3516,58.6,13,620.4603531948048,1.0,144.13712292148003,1092.647038627138,0.0,0.0,144.13712292148003,1092.647038627138,960,540,398.0,276.0,15.0,12.0,0.0
3517,58.617,13,618.5694746844032,1.0,141.3997084545123,728.5714285714675,0.0,0.0,141.3997084545123,728.5714285714675,960,540,401.0,276.0,15.0,12.0,0.0
3518,58.633,13,617.0428674142163,1.0,120.68681005995998,1341.6407864999348,0.0,0.0,120.68681005995998,1341.6407864999348,960,540,403.0,275.0,15.0,12.0,0.0
3519,58.65,13,615.5750901473988,1.0,97.36319549365054,1371.4285714285666,0.0,0.0,97.36319549365054,1371.4285714285666,960,540,404.0,275.0,15.0,12.0,0.0
3520,58.667,13,614.5554391225438,1.0,77.94555923259186,1111.810437520551,0.0,0.0,77.94555923259186,1111.810437520551,960,540,406.0,274.0,15.0,12.0,0.0
3521,58.683,13,613.965102747942,1.0,74.09315702794174,441.2412917565798,0.0,0.0,74.09315702794174,441.2412917565798,960,540,407.0,274.0,15.0,12.0,0.0
3522,58.7,13,613.3098875288007,1.0,70.58068186877601,805.2126097738034,0.0,0.0,70.58068186877601,805.2126097738034,960,540,408.0,273.0,15.0,12.0,0.0
3523,58.717,13,612.8514318748232,1.0,47.74507133448122,1390.7126348218346,0.0,0.0,47.74507133448122,1390.7126348218346,960,540,408.0,272.0,15.0,12.0,0.0
3524,58.733,13,612.6325558816458,1.0,31.558174334820517,1790.2798777889905,0.0,0.0,31.558174334820517,1790.2798777889905,960,540,410.0,272.0,15.0,12.0,0.0
3525,58.75,13,611.9508987609478,1.0,56.35166549518723,2398.851766141079,0.0,0.0,56.35166549518723,2398.851766141079,960,540,410.0,272.0,15.0,12.0,0.0
3526,58.767,13,610.7600112836634,1.0,104.20740699906558,3930.2593776378067,0.0,0.0,104.20740699906558,3930.2593776378067,960,540,410.0,273.0,15.0,12.0,0.0
3527,58.783,13,608.4812549633097,1.0,186.49287342076576,4792.724077352397,0.0,0.0,186.49287342076576,4792.724077352397,960,540,413.0,274.0,15.0,12.0,0.0
3528,58.8,13,604.5580646346057,1.0,261.584652860685,4039.0441382857794,0.0,0.0,261.584652860685,4039.0441382857794,960,540,416.0,275.0,15.0,12.0,0.0
3529,58.817,13,599.8241711378259,1.0,321.0315007749165,4711.362730198995,0.0,0.0,321.0315007749165,4711.362730198995,960,540,422.0,277.0,15.0,12.0,0.0
3530,58.833,13,593.9005352792582,1.0,416.4426608741143,7860.5187552755,0.0,0.0,416.4426608741143,7860.5187552755,960,540,427.0,279.0,15.0,12.0,0.0
3531,58.85,13,585.9549350769598,1.0,581.9390528435787,10656.271507848343,0.0,0.0,581.9390528435787,10656.271507848343,960,540,433.0,282.0,15.0,12.0,0.0
3532,58.867,13,574.515049367825,1.0,771.5409970987108,16474.154154372914,0.0,0.0,771.5409970987108,16474.154154372914,960,540,444.0,287.0,15.0,12.0,0.0
3533,58.883,13,560.2821972805939,1.0,1130.9243104285779,22098.748694836853,0.0,0.0,1130.9243104285779,22098.748694836853,960,540,458.0,293.0,15.0,12.0,0.0
3534,58.9,13,536.8730853288961,1.0,1507.316171483712,15334.055735718737,0.0,0.0,1507.316171483712,15334.055735718737,960,540,478.0,301.0,15.0,12.0,0.0
3535,58.917,13,510.05980930700275,1.0,1635.5240063998472,4200.000000000171,0.0,0.0,1635.5240063998472,4200.000000000171,960,540,498.0,310.0,15.0,12.0,0.0
3537,58.95,13,482.3560492796219,1.0,1570.8602868544185,10350.598917897541,0.0,0.0,1570.8602868544185,10350.598917897541,960,540,535.0,330.0,12.0,11.0,0.0
3538,58.967,13,457.7720124903903,1.0,1316.9855809416347,19167.255240889,0.0,0.0,1316.9855809416347,19167.255240889,960,540,548.0,338.0,12.0,11.0,0.0
3539,58.983,13,438.67217187373313,1.0,938.6323093975143,18227.64216171438,0.0,0.0,938.6323093975143,18227.64216171438,960,540,564.0,349.0,12.0,11.0,0.0
3540,59.0,13,426.77683792323563,1.0,713.2692767983914,10914.528793104722,0.0,0.0,713.2692767983914,10914.528793104722,960,540,575.0,357.0,12.0,11.0,0.0
3541,59.017,13,415.2788452044927,1.0,576.8616712480617,9871.759349430155,0.0,0.0,576.8616712480617,9871.759349430155,960,540,584.0,362.0,12.0,11.0,0.0
3542,59.033,13,407.926274962755,1.0,385.7724823821289,9796.677904227692,0.0,0.0,385.7724823821289,9796.677904227692,960,540,591.0,368.0,12.0,11.0,0.0
3543,59.05,13,402.8180128468975,1.0,258.88300091598893,7340.716753082265,0.0,0.0,258.88300091598893,7340.716753082265,960,540,594.0,372.0,12.0,11.0,0.0
3544,59.067,13,399.9783440849789,1.0,156.3094784753145,5160.8613424427795,0.0,0.0,156.3094784753145,5160.8613424427795,960,540,596.0,373.0,12.0,11.0,0.0
3545,59.083,13,398.53224191501164,1.0,93.9930522834057,2552.0699881643714,0.0,0.0,93.9930522834057,2552.0699881643714,960,540,597.0,376.0,12.0,11.0,0.0
3546,59.1,13,397.62817497365575,1.0,74.09315702794513,1112.6361416354375,0.0,0.0,74.09315702794513,1112.6361416354375,960,540,597.0,377.0,12.0,11.0,0.0
3547,59.117,13,396.83688396072205,1.0,57.58755534499199,1808.6526725150359,0.0,0.0,57.58755534499199,1808.6526725150359,960,540,598.0,378.0,12.0,11.0,0.0
3548,59.133,13,396.0774392318767,1.0,40.228936686651856,2192.426667844917,0.0,0.0,40.228936686651856,2192.426667844917,960,540,598.0,378.0,12.0,11.0,0.0
3549,59.15,13,395.50768201213555,1.0,41.20630029101616,2106.9854662769285,0.0,0.0,41.20630029101616,2106.9854662769285,960,540,599.0,379.0,12.0,11.0,0.0
3550,59.167,13,395.3461986411981,1.0,73.42912729083692,2263.3278731161404,0.0,0.0,73.42912729083692,2263.3278731161404,960,540,600.0,378.0,12.0,11.0,0.0
3551,59.183,13,394.9650692095339,1.0,110.99733403674685,1153.9638872430698,0.0,0.0,110.99733403674685,1153.9638872430698,960,540,600.0,376.0,12.0,11.0,0.0
3552,59.2,13,394.8725475367795,1.0,110.03709949515216,728.5714285714014,0.0,0.0,110.03709949515216,728.5714285714014,960,540,601.0,375.0,12.0,11.0,0.0
3553,59.217,13,394.6557528597631,1.0,86.77910027707124,1058.4933458766695,0.0,0.0,86.77910027707124,1058.4933458766695,960,540,603.0,373.0,12.0,11.0,0.0
3554,59.233,13,394.47311224109995,1.0,74.79222921547807,1390.7126348217778,0.0,0.0,74.79222921547807,1390.7126348217778,960,540,603.0,372.0,12.0,11.0,0.0
3555,59.25,13,394.50987991617416,1.0,40.43134770881567,4125.208714571349,0.0,0.0,40.43134770881567,4125.208714571349,960,540,603.0,372.0,12.0,11.0,0.0
3556,59.267,13,394.31512427696754,1.0,62.72713828599866,24821.797530660297,0.0,0.0,62.72713828599866,24821.797530660297,960,540,603.0,371.0,12.0,11.0,0.0
3557,59.283,13,394.6874017811018,1.0,787.6145851201012,677.6309271784381,0.0,0.0,787.6145851201012,677.6309271784381,960,540,603.0,372.0,12.0,11.0,0.0
3558,59.3,13,402.861614857539,1.0,43.37778985912835,73672.43828777106,0.0,0.0,43.37778985912835,73672.43828777106,960,540,600.0,377.0,12.0,11.0,0.0
3559,59.317,13,394.4936304806408,1.0,1668.2270926504855,61878.65017062744,0.0,0.0,1668.2270926504855,61878.65017062744,960,540,591.0,385.0,12.0,11.0,0.0
3560,59.333,13,385.6395283227447,1.0,2023.1406177484864,5232.434170339884,0.0,0.0,2023.1406177484864,5232.434170339884,960,540,582.0,394.0,12.0,11.0,0.0
3562,59.367,13,380.1364178096134,1.0,1505.0316967304307,57292.065910792255,0.0,0.0,1505.0316967304307,57292.065910792255,960,540,704.0,267.0,10.0,10.0,0.0
3564,59.4,13,378.4669906855142,1.0,113.42533280731318,98787.12735276858,0.0,0.0,113.42533280731318,98787.12735276858,960,540,651.0,318.0,11.0,10.0,0.0
3565,59.417,13,379.7391693448204,1.0,1787.9642967717557,56340.519003933834,0.0,0.0,1787.9642967717557,56340.519003933834,960,540,640.0,329.0,11.0,10.0,0.0
3567,59.45,13,388.56628439638797,1.0,1764.5980059064284,35496.94439278413,0.0,0.0,1764.5980059064284,35496.94439278413,960,540,615.0,361.0,10.0,9.0,0.0
3568,59.467,13,389.4380071991528,1.0,620.4047395179551,44219.01890197261,0.0,0.0,620.4047395179551,44219.01890197261,960,540,611.0,367.0,10.0,9.0,0.0
3569,59.483,13,390.4333687321069,1.0,298.4893940617522,16356.16341421967,0.0,0.0,298.4893940617522,16356.16341421967,960,540,608.0,372.0,10.0,9.0,0.0
3570,59.5,13,389.8717098141118,1.0,78.68822487955143,6193.116652990959,0.0,0.0,78.68822487955143,6193.116652990959,960,540,607.0,375.0,10.0,9.0,0.0
3571,59.517,13,390.01681747564743,1.0,93.1643270610307,1620.0907004087392,0.0,0.0,93.1643270610307,1620.0907004087392,960,540,606.0,377.0,10.0,9.0,0.0
3572,59.533,13,390.45418346811874,1.0,63.45494947003534,1459.6616885080089,0.0,0.0,63.45494947003534,1459.6616885080089,960,540,605.0,377.0,10.0,9.0,0.0
3573,59.55,13,391.2055093769688,1.0,63.26168521567095,42.857142857030794,0.0,0.0,63.26168521567095,42.857142857030794,960,540,604.0,378.0,10.0,9.0,0.0
3574,59.567,13,391.8126085023377,1.0,62.23720260226379,309.0472521825574,0.0,0.0,62.23720260226379,309.0472521825574,960,540,603.0,378.0,10.0,9.0,0.0
3575,59.583,13,392.358581193056,1.0,72.29474816502734,2110.46952895625,0.0,0.0,72.29474816502734,2110.46952895625,960,540,602.0,379.0,10.0,9.0,0.0
3576,59.6,13,393.2347997186297,1.0,130.78257388755162,4310.499757947586,0.0,0.0,130.78257388755162,4310.499757947586,960,540,601.0,380.0,10.0,9.0,0.0
3577,59.617,13,395.3969990377682,1.0,214.8801279498785,3896.4662169190888,0.0,0.0,214.8801279498785,3896.4662169190888,960,540,599.0,380.0,10.0,9.0,0.0
3578,59.633,13,398.2850595517384,1.0,260.05101540321715,1372.0980508784528,0.0,0.0,260.05101540321715,1372.0980508784528,960,540,595.0,382.0,10.0,9.0,0.0
3579,59.65,13,401.0800158800264,1.0,244.53203955176724,2617.4453973603418,0.0,0.0,244.53203955176724,2617.4453973603418,960,540,589.0,384.0,10.0,9.0,0.0
3580,59.667,13,403.1856422685703,1.0,182.86272312913988,4391.132065461757,0.0,0.0,182.86272312913988,4391.132065461757,960,540,587.0,387.0,10.0,9.0,0.0
3581,59.683,13,404.22895164927775,1.0,105.07528884819047,3970.7090817944227,0.0,0.0,105.07528884819047,3970.7090817944227,960,540,586.0,388.0,10.0,9.0,0.0
3582,59.7,13,404.4813032966463,1.0,51.52768227677704,2001.020147987765,0.0,0.0,51.52768227677704,2001.020147987765,960,540,585.0,388.0,10.0,9.0,0.0
3583,59.717,13,404.86924067014104,1.0,38.385796692984925,749.6938150515524,0.0,0.0,38.385796692984925,749.6938150515524,960,540,584.0,390.0,10.0,9.0,0.0
3584,59.733,13,404.9838551133793,1.0,27.73783976992639,1035.6896548795744,0.0,0.0,27.73783976992639,1035.6896548795744,960,540,584.0,389.0,10.0,9.0,0.0
3585,59.75,13,405.38183618235325,1.0,13.552618543579461,1164.2638034747495,0.0,0.0,13.552618543579461,1164.2638034747495,960,540,584.0,390.0,10.0,9.0,0.0
3586,59.767,13,405.4348355724899,1.0,19.430672155333934,12042.933400877142,0.0,0.0,19.430672155333934,12042.933400877142,960,540,584.0,390.0,10.0,9.0,0.0
3587,59.783,13,404.75413437919633,1.0,388.6134431067307,12287.151078775987,0.0,0.0,388.6134431067307,12287.151078775987,960,540,584.0,389.0,10.0,9.0,0.0
3588,59.8,13,393.50985316145216,1.0,397.18396498453063,31944.703498902,0.0,0.0,397.18396498453063,31944.703498902,960,540,588.0,391.0,10.0,9.0,0.0
3589,59.817,13,415.3794920900412,1.0,836.6234371031434,77984.98678120841,0.0,0.0,836.6234371031434,77984.98678120841,960,540,595.0,392.0,10.0,9.0,0.0
3590,59.833,13,395.6763204525824,1.0,2211.4474897676982,181300.79471217364,0.0,0.0,2211.4474897676982,181300.79471217364,960,540,612.0,393.0,10.0,9.0,0.0
3592,59.867,13,348.54611214335847,1.0,5380.607848219971,167881.29735024206,0.0,0.0,5380.607848219971,167881.29735024206,960,540,542.0,408.0,12.0,10.0,0.0
3594,59.9,13,292.2227468676057,1.0,7522.393236198167,72537.40766117956,0.0,0.0,7522.393236198167,72537.40766117956,960,540,789.0,397.0,10.0,9.0,0.0
3596,59.933,13,278.622709972593,1.0,7783.849449012868,80352.14841621734,0.0,0.0,7783.849449012868,80352.14841621734,960,540,895.0,215.0,9.0,10.0,0.0
3598,59.967,13,319.57666158589376,1.0,4865.543156121628,192871.94705084228,0.0,0.0,4865.543156121628,192871.94705084228,960,540,975.0,213.0,10.0,10.0,0.0
3600,60.0,13,348.18719715555034,1.0,1423.2644282259143,140218.2104101042,0.0,0.0,1423.2644282259143,140218.2104101042,960,540,1009.0,212.0,10.0,10.0,0.0
3601,60.017,13,334.4626990445337,1.0,755.6940315946406,39969.633881900605,0.0,0.0,755.6940315946406,39969.633881900605,960,540,1022.0,212.0,10.0,10.0,0.0
3602,60.033,13,335.2418323655337,1.0,91.70716483260816,23186.348024082574,0.0,0.0,91.70716483260816,23186.348024082574,960,540,1026.0,212.0,10.0,10.0,0.0
3603,60.05,13,335.97161701197604,1.0,47.48791468170024,1032.136678182523,0.0,0.0,47.48791468170024,1032.136678182523,960,540,1027.0,211.0,10.0,10.0,0.0
3604,60.067,13,336.80292925081216,1.0,80.11471367319963,5315.840786301479,0.0,0.0,80.11471367319963,5315.840786301479,960,540,1028.0,210.0,10.0,10.0,0.0
3605,60.083,13,338.06820817504416,1.0,200.265130387147,8086.269541762813,0.0,0.0,200.265130387147,8086.269541762813,960,540,1030.0,209.0,10.0,10.0,0.0
3606,60.1,13,339.75029512650747,1.0,331.23454911982276,6884.543468924132,0.0,0.0,331.23454911982276,6884.543468924132,960,540,1033.0,209.0,10.0,10.0,0.0
3607,60.117,13,341.43805857842676,1.0,420.0607341898997,4916.818284298879,0.0,0.0,420.0607341898997,4916.818284298879,960,540,1041.0,208.0,10.0,10.0,0.0
3608,60.133,13,343.3232182645774,1.0,488.7405722249521,2058.035520607569,0.0,0.0,488.7405722249521,2058.035520607569,960,540,1050.0,208.0,10.0,10.0,0.0
3609,60.15,13,345.2480458336116,1.0,479.42354841570994,2882.9194386584113,0.0,0.0,479.42354841570994,2882.9194386584113,960,540,1056.0,209.0,10.0,10.0,0.0
3610,60.167,13,346.8698776459852,1.0,393.4411243977322,5601.348234203418,0.0,0.0,393.4411243977322,5601.348234203418,960,540,1064.0,209.0,10.0,10.0,0.0
3611,60.183,13,348.4830098631288,1.0,294.2891816716754,6815.22904521775,0.0,0.0,294.2891816716754,6815.22904521775,960,540,1072.0,210.0,10.0,10.0,0.0
3612,60.2,13,349.99452214696163,1.0,167.19779316969178,6985.845748105956,0.0,0.0,167.19779316969178,6985.845748105956,960,540,1074.0,209.0,10.0,10.0,0.0
3613,60.217,13,350.4209130838666,1.0,61.428571428571104,3604.0793214218497,0.0,0.0,61.428571428571104,3604.0793214218497,960,540,1076.0,209.0,10.0,10.0,0.0
3614,60.233,13,350.66848373859966,1.0,47.164497197772015,437.0588154509164,0.0,0.0,47.164497197772015,437.0588154509164,960,540,1076.0,209.0,10.0,10.0,0.0
3615,60.25,13,350.8987230415633,1.0,75.76817489243821,1812.7102270762834,0.0,0.0,75.76817489243821,1812.7102270762834,960,540,1077.0,210.0,10.0,10.0,0.0
3616,60.267,13,351.4241869645197,1.0,107.29512988929095,1642.608676863005,0.0,0.0,107.29512988929095,1642.608676863005,960,540,1079.0,209.0,10.0,10.0,0.0
3617,60.283,13,352.2888714955272,1.0,129.0783656923011,42.85714285715869,0.0,0.0,129.0783656923011,42.85714285715869,960,540,1081.0,209.0,10.0,10.0,0.0
3618,60.3,13,353.25376141613657,1.0,107.22853717025441,1560.023547703028,0.0,0.0,107.22853717025441,1560.023547703028,960,540,1083.0,209.0,10.0,10.0,0.0
3619,60.317,13,353.66515352282977,1.0,78.62335946180727,1164.263803474549,0.0,0.0,78.62335946180727,1164.263803474549,960,540,1085.0,209.0,10.0,10.0,0.0
3620,60.333,13,354.08622776005086,1.0,68.57142857143344,563.6977044841249,0.0,0.0,68.57142857143344,563.6977044841249,960,540,1086.0,209.0,10.0,10.0,0.0
3621,60.35,13,354.4767054319336,1.0,60.0,606.0915267315974,0.0,0.0,60.0,606.0915267315974,960,540,1086.0,209.0,10.0,10.0,0.0
3622,60.367,13,354.8014998677292,1.0,48.655389616928375,530.113580436442,0.0,0.0,48.655389616928375,530.113580436442,960,540,1088.0,209.0,10.0,10.0,0.0
3623,60.383,13,354.9705522582426,1.0,43.0708955190934,737.3421657464027,0.0,0.0,43.0708955190934,737.3421657464027,960,540,1089.0,209.0,10.0,10.0,0.0
3624,60.4,13,355.4515029860711,1.0,30.772370326483166,858.2136169071857,0.0,0.0,30.772370326483166,858.2136169071857,960,540,1089.0,209.0,10.0,10.0,0.0
3625,60.417,13,355.67116778259793,1.0,15.386185163244592,536.9984608345453,0.0,0.0,15.386185163244592,536.9984608345453,960,540,1089.0,209.0,10.0,10.0,0.0
3626,60.433,13,355.80222346441633,1.0,13.170777796136544,404.3134770883953,0.0,0.0,13.170777796136544,404.3134770883953,960,540,1090.0,208.0,10.0,10.0,0.0
3627,60.45,13,355.91601980232315,1.0,3.194382824992491,632.7781311530229,0.0,0.0,3.194382824992491,632.7781311530229,960,540,1090.0,209.0,10.0,10.0,0.0
3628,60.467,13,355.7926030951652,1.0,15.971914124997001,2152.2650621984267,0.0,0.0,15.971914124997001,2152.2650621984267,960,540,1090.0,209.0,10.0,10.0,0.0
3629,60.483,13,355.46317712919966,1.0,74.90129559381855,5213.79645454146,0.0,0.0,74.90129559381855,5213.79645454146,960,540,1090.0,209.0,10.0,10.0,0.0
3630,60.5,13,355.2175182346321,1.0,183.99755987734025,7179.562831327559,0.0,0.0,183.99755987734025,7179.562831327559,960,540,1091.0,210.0,10.0,10.0,0.0
3631,60.517,13,354.4600249633975,1.0,314.1980397190057,6462.908298395563,0.0,0.0,314.1980397190057,6462.908298395563,960,540,1095.0,212.0,10.0,10.0,0.0
3632,60.533,13,353.20504024364516,1.0,399.00386167636617,3577.993965384179,0.0,0.0,399.00386167636617,3577.993965384179,960,540,1101.0,216.0,10.0,10.0,0.0
3633,60.55,13,351.98522180893093,1.0,432.30988507630775,2330.498764169653,0.0,0.0,432.30988507630775,2330.498764169653,960,540,1106.0,220.0,10.0,10.0,0.0
3634,60.567,13,350.289485077713,1.0,471.23156056600493,1117.5775551778,0.0,0.0,471.23156056600493,1117.5775551778,960,540,1113.0,225.0,10.0,10.0,0.0
3635,60.583,13,348.66880307874277,1.0,467.22148748463104,1426.570026608081,0.0,0.0,467.22148748463104,1426.570026608081,960,540,1117.0,228.0,10.0,10.0,0.0
3636,60.6,13,347.33789674101484,1.0,423.9007392476384,2377.3162711473537,0.0,0.0,423.9007392476384,2377.3162711473537,960,540,1125.0,235.0,10.0,10.0,0.0
3637,60.617,13,346.12444513393535,1.0,388.20360742312306,3520.0301482939303,0.0,0.0,388.20360742312306,3520.0301482939303,960,540,1131.0,239.0,10.0,10.0,0.0
3638,60.633,13,345.22085342824175,1.0,306.8636604788007,5087.018291891604,0.0,0.0,306.8636604788007,5087.018291891604,960,540,1133.0,241.0,10.0,10.0,0.0
3639,60.65,13,344.8675351204365,1.0,218.6461123573454,3721.421716472849,0.0,0.0,218.6461123573454,3721.421716472849,960,540,1138.0,245.0,10.0,10.0,0.0
3640,60.667,13,344.28217412393184,1.0,184.99310522177103,2856.035499693671,0.0,0.0,184.99310522177103,2856.035499693671,960,540,1141.0,247.0,10.0,10.0,0.0
3641,60.683,13,343.6614507677059,1.0,127.42344640558838,3293.0353221083724,0.0,0.0,127.42344640558838,3293.0353221083724,960,540,1142.0,248.0,10.0,10.0,0.0
3642,60.7,13,343.12443615226164,1.0,75.92961294810662,1775.858516151512,0.0,0.0,75.92961294810662,1775.858516151512,960,540,1143.0,250.0,10.0,10.0,0.0
3643,60.717,13,342.93931885573244,1.0,76.19791630339684,1432.3521400344127,0.0,0.0,76.19791630339684,1432.3521400344127,960,540,1144.0,251.0,10.0,10.0,0.0
3644,60.733,13,343.21532216615077,1.0,91.27218768550506,1538.6848346586069,0.0,0.0,91.27218768550506,1538.6848346586069,960,540,1145.0,251.0,10.0,10.0,0.0
3645,60.75,13,343.7463897975751,1.0,118.85508239972371,1515.228816828185,0.0,0.0,118.85508239972371,1515.228816828185,960,540,1147.0,251.0,10.0,10.0,0.0
3646,60.767,13,344.5562659539998,1.0,141.36362144974476,154.52362609129997,0.0,0.0,141.36362144974476,154.52362609129997,960,540,1149.0,252.0,10.0,10.0,0.0
3647,60.783,13,345.3008974077059,1.0,122.66596420976056,1938.071837930383,0.0,0.0,122.66596420976056,1938.071837930383,960,540,1151.0,253.0,10.0,10.0,0.0
3648,60.8,13,345.8719993137595,1.0,77.05020891521335,2554.9471818495867,0.0,0.0,77.05020891521335,2554.9471818495867,960,540,1154.0,253.0,10.0,10.0,0.0
3649,60.817,13,346.31180817397177,1.0,40.02550207463172,1978.8679509627711,0.0,0.0,40.02550207463172,1978.8679509627711,960,540,1154.0,253.0,10.0,10.0,0.0
3650,60.833,13,346.65756790780614,1.0,14.06979685970587,1071.4285714285325,0.0,0.0,14.06979685970587,1071.4285714285325,960,540,1154.0,253.0,10.0,10.0,0.0
3651,60.85,13,346.7097206388764,1.0,4.517539514525499,42.857142856928476,0.0,0.0,4.517539514525499,42.857142856928476,960,540,1154.0,253.0,10.0,10.0,0.0
3652,60.867,13,346.77712787499945,1.0,12.777531300003139,2224.0338420561875,0.0,0.0,12.777531300003139,2224.0338420561875,960,540,1155.0,253.0,10.0,10.0,0.0
3653,60.883,13,347.0810873256256,1.0,69.64926710427235,7118.157294223608,0.0,0.0,69.64926710427235,7118.157294223608,960,540,1154.0,253.0,10.0,10.0,0.0
3654,60.9,13,344.7757593901271,1.0,224.5085335408298,13279.975719181866,0.0,0.0,224.5085335408298,13279.975719181866,960,540,1153.0,254.0,10.0,10.0,0.0
3655,60.917,13,340.40174011188907,1.0,462.80863943395644,15065.06297527334,0.0,0.0,462.80863943395644,15065.06297527334,960,540,1150.0,255.0,10.0,10.0,0.0
3656,60.933,13,347.67171486215784,1.0,694.7103345852502,92024.50538762403,0.0,0.0,694.7103345852502,92024.50538762403,960,540,1140.0,262.0,10.0,10.0,0.0
3657,60.95,13,317.2510683399075,1.0,2774.911287421849,97886.47422772399,0.0,0.0,2774.911287421849,97886.47422772399,960,540,1135.0,266.0,10.0,10.0,0.0
3658,60.967,13,265.4446319059974,1.0,3852.0733881580063,32631.87999237486,0.0,0.0,3852.0733881580063,32631.87999237486,960,540,1126.0,274.0,10.0,10.0,0.0
3660,61.0,13,212.21599402004156,1.0,3858.3302405182976,32057.42933409011,0.0,0.0,3858.3302405182976,32057.42933409011,960,540,1126.0,464.0,9.0,10.0,0.0
3661,61.017,13,172.8587498285537,1.0,2809.8732631743565,96540.18302642336,0.0,0.0,2809.8732631743565,96540.18302642336,960,540,1114.0,472.0,9.0,10.0,0.0
3662,61.033,13,152.83411783268917,1.0,821.2546399707617,90471.46917505983,0.0,0.0,821.2546399707617,90471.46917505983,960,540,1105.0,478.0,9.0,10.0,0.0
3663,61.05,13,147.93828767919203,1.0,537.3498841157144,13816.028845556351,0.0,0.0,537.3498841157144,13816.028845556351,960,540,1098.0,483.0,9.0,10.0,0.0
3664,61.067,13,140.58169565034962,1.0,404.8935360192978,12966.747109904843,0.0,0.0,404.8935360192978,12966.747109904843,960,540,1089.0,488.0,9.0,10.0,0.0
3665,61.083,13,134.54955505849864,1.0,299.0051531874612,7229.150174460259,0.0,0.0,299.0051531874612,7229.150174460259,960,540,1085.0,490.0,9.0,10.0,0.0
3666,61.1,13,130.64112793599895,1.0,166.87402067281812,6555.321875999731,0.0,0.0,166.87402067281812,6555.321875999731,960,540,1082.0,491.0,9.0,10.0,0.0
3667,61.117,13,128.9875189518407,1.0,80.6605383628209,3752.3869954026354,0.0,0.0,80.6605383628209,3752.3869954026354,960,540,1079.0,493.0,9.0,10.0,0.0
3668,61.133,13,127.95301894324079,1.0,45.55776776886205,2230.2191710728507,0.0,0.0,45.55776776886205,2230.2191710728507,960,540,1079.0,492.0,9.0,10.0,0.0
3669,61.15,13,127.55600788434973,1.0,28.5714285714306,1843.35541436631,0.0,0.0,28.5714285714306,1843.35541436631,960,540,1079.0,493.0,9.0,10.0,0.0
3670,61.167,13,127.60341944109966,1.0,67.56704908791644,3220.850439095255,0.0,0.0,67.56704908791644,3220.850439095255,960,540,1079.0,494.0,9.0,10.0,0.0
3671,61.183,13,127.25717172364814,1.0,133.76799897965273,3413.538471726795,0.0,0.0,133.76799897965273,3413.538471726795,960,540,1079.0,495.0,9.0,10.0,0.0
3672,61.2,13,127.57597887332687,1.0,177.19469287671478,2572.8567462519745,0.0,0.0,177.19469287671478,2572.8567462519745,960,540,1080.0,497.0,9.0,10.0,0.0
3673,61.217,13,128.30245233188825,1.0,206.92106352571255,1664.2703861953619,0.0,0.0,206.92106352571255,1664.2703861953619,960,540,1082.0,501.0,9.0,10.0,0.0
3674,61.233,13,129.65946152795345,1.0,217.86065570938132,1467.1922373104717,0.0,0.0,217.86065570938132,1467.1922373104717,960,540,1085.0,504.0,9.0,10.0,0.0
3675,61.25,13,131.2547936712332,1.0,173.79321515137912,3066.906970768188,0.0,0.0,173.79321515137912,3066.906970768188,960,540,1086.0,505.0,9.0,10.0,0.0
3676,61.267,13,132.64469274144236,1.0,117.24734016390505,2653.3382900852607,0.0,0.0,117.24734016390505,2653.3382900852607,960,540,1089.0,508.0,9.0,10.0,0.0
3677,61.283,13,133.36364451380493,1.0,89.54533682408467,2120.454321746165,0.0,0.0,89.54533682408467,2120.454321746165,960,540,1090.0,509.0,9.0,10.0,0.0
3678,61.3,13,133.6807887767793,1.0,65.15288143423824,1892.0348618266303,0.0,0.0,65.15288143423824,1892.0348618266303,960,540,1090.0,509.0,9.0,10.0,0.0
3679,61.317,13,133.44367033294407,1.0,61.0787380755177,1003.2599923475354,0.0,0.0,61.0787380755177,1003.2599923475354,960,540,1090.0,511.0,9.0,10.0,0.0
3680,61.333,13,132.87173498974008,1.0,75.64687025641878,191.66296949980114,0.0,0.0,75.64687025641878,191.66296949980114,960,540,1090.0,512.0,9.0,10.0,0.0
3681,61.35,13,132.45582843069144,1.0,63.11634866964304,996.8317156810642,0.0,0.0,63.11634866964304,996.8317156810642,960,540,1090.0,513.0,9.0,10.0,0.0
3682,61.367,13,132.2570334707925,1.0,44.28571428571786,654.1858938204128,0.0,0.0,44.28571428571786,654.1858938204128,960,540,1089.0,514.0,9.0,10.0,0.0
3683,61.383,13,132.16494881830496,1.0,44.6528560231122,447.44170752446956,0.0,0.0,44.6528560231122,447.44170752446956,960,540,1090.0,515.0,9.0,10.0,0.0
3684,61.4,13,132.1613886619737,1.0,42.47448213519571,312.0047095407757,0.0,0.0,42.47448213519571,312.0047095407757,960,540,1090.0,515.0,9.0,10.0,0.0
3685,61.417,13,132.38413836522471,1.0,34.40455593940553,904.0724189881698,0.0,0.0,34.40455593940553,904.0724189881698,960,540,1090.0,516.0,9.0,10.0,0.0
3686,61.433,13,132.04741297873449,1.0,45.64727231048305,728.5714285714917,0.0,0.0,45.64727231048305,728.5714285714917,960,540,1090.0,517.0,9.0,10.0,0.0
3687,61.45,13,131.61654087613607,1.0,49.34261725477381,345.525332069872,0.0,0.0,49.34261725477381,345.525332069872,960,540,1090.0,517.0,9.0,10.0,0.0
3688,61.467,13,131.17518707901823,1.0,39.227229193563325,558.7887775888676,0.0,0.0,39.227229193563325,558.7887775888676,960,540,1089.0,518.0,9.0,10.0,0.0
3689,61.483,13,130.72850993818307,1.0,31.20047095405883,958.3148474999299,0.0,0.0,31.20047095405883,958.3148474999299,960,540,1089.0,519.0,9.0,10.0,0.0
3690,61.5,13,130.7298628935035,1.0,28.92636675902032,642.8571428570581,0.0,0.0,28.92636675902032,642.8571428570581,960,540,1089.0,519.0,9.0,10.0,0.0
3691,61.517,13,130.9121063608586,1.0,19.16629694999689,395.12333388389106,0.0,0.0,19.16629694999689,395.12333388389106,960,540,1089.0,519.0,9.0,10.0,0.0
3692,61.533,13,130.9219445148733,1.0,18.57142857142776,342.8571428571672,0.0,0.0,18.57142857142776,342.8571428571672,960,540,1090.0,520.0,9.0,10.0,0.0
3693,61.55,13,130.81625825575466,1.0,10.301575072751913,842.0092587594147,0.0,0.0,10.301575072751913,842.0092587594147,960,540,1089.0,520.0,9.0,10.0,0.0
3694,61.567,13,131.17481541647575,1.0,11.15749953700697,1153.9638872428457,0.0,0.0,11.15749953700697,1153.9638872428457,960,540,1089.0,520.0,9.0,10.0,0.0
3695,61.583,13,130.62491523719987,1.0,28.89106916593155,27441.96101757041,0.0,0.0,28.89106916593155,27441.96101757041,960,540,1089.0,520.0,9.0,10.0,0.0
3696,61.6,13,130.25598379803054,1.0,918.1314209428366,5212.387129888222,0.0,0.0,918.1314209428366,5212.387129888222,960,540,1089.0,519.0,9.0,10.0,0.0
3697,61.617,13,101.01231374611947,1.0,158.28803505257696,116392.29934552824,0.0,0.0,158.28803505257696,116392.29934552824,960,540,1084.0,521.0,9.0,10.0,0.0
3698,61.633,13,134.07150256655302,1.0,2964.430289073355,116473.64333546476,0.0,0.0,2964.430289073355,116473.64333546476,960,540,1080.0,521.0,9.0,10.0,0.0
3699,61.65,13,196.21660135810563,1.0,4024.21446257731,24320.21079393073,0.0,0.0,4024.21446257731,24320.21079393073,960,540,1064.0,524.0,9.0,10.0,0.0
3701,61.683,13,265.2694903194309,1.0,3770.0692896788546,54783.315276214,0.0,0.0,3770.0692896788546,54783.315276214,960,540,1305.0,413.0,11.0,10.0,0.0
3703,61.717,13,320.0424645860632,1.0,2206.697134837037,135321.6847639233,0.0,0.0,2206.697134837037,135321.6847639233,960,540,1262.0,424.0,11.0,9.0,0.0
3704,61.733,13,337.58715008161425,1.0,778.8597107178725,109554.66066520968,0.0,0.0,778.8597107178725,109554.66066520968,960,540,1247.0,427.0,11.0,9.0,0.0
3705,61.75,13,294.70734551608007,1.0,1461.8167338162539,13630.997088717058,0.0,0.0,1461.8167338162539,13630.997088717058,960,540,1239.0,429.0,11.0,9.0,0.0
3706,61.767,13,288.8895347105989,1.0,333.86114674536327,36891.91051198639,0.0,0.0,333.86114674536327,36891.91051198639,960,540,1225.0,433.0,11.0,9.0,0.0
3707,61.783,13,283.59273439611917,1.0,232.8045514668393,8153.339118147493,0.0,0.0,232.8045514668393,8153.339118147493,960,540,1223.0,434.0,11.0,9.0,0.0
3708,61.8,13,281.1340897458607,1.0,64.20630015498593,7329.699161351701,0.0,0.0,64.20630015498593,7329.699161351701,960,540,1222.0,435.0,11.0,9.0,0.0
3709,61.817,13,281.4876660218866,1.0,14.914723584154537,2037.4053126863453,0.0,0.0,14.914723584154537,2037.4053126863453,960,540,1221.0,436.0,11.0,9.0,0.0
3710,61.833,13,281.52297586705623,1.0,12.121830534620155,430.70895519119443,0.0,0.0,12.121830534620155,430.70895519119443,960,540,1222.0,435.0,11.0,9.0,0.0
3711,61.85,13,281.64683341999466,1.0,28.71393034606707,1642.6086768635923,0.0,0.0,28.71393034606707,1642.6086768635923,960,540,1221.0,435.0,11.0,9.0,0.0
3712,61.867,13,282.37218728868316,1.0,62.87337452762159,2572.856746251676,0.0,0.0,62.87337452762159,2572.856746251676,960,540,1223.0,436.0,10.0,8.0,0.0
3713,61.883,13,283.5762584051526,1.0,114.28571428570876,2933.445421482422,0.0,0.0,114.28571428570876,2933.445421482422,960,540,1223.0,436.0,10.0,8.0,0.0
3714,61.9,13,285.9148383427845,1.0,159.65524081084504,1840.8627081357129,0.0,0.0,159.65524081084504,1840.8627081357129,960,540,1226.0,435.0,10.0,8.0,0.0
3715,61.917,13,288.72198257139144,1.0,171.93377937391085,691.0506641401183,0.0,0.0,171.93377937391085,691.0506641401183,960,540,1229.0,435.0,10.0,8.0,0.0
3716,61.933,13,291.5056231784754,1.0,137.39560044050583,3044.064146927881,0.0,0.0,137.39560044050583,3044.064146927881,960,540,1232.0,435.0,10.0,8.0,0.0
3717,61.95,13,293.19743682619634,1.0,74.28571428571824,3392.488701799271,0.0,0.0,74.28571428571824,3392.488701799271,960,540,1234.0,434.0,10.0,8.0,0.0
3718,61.967,13,293.9810412385634,1.0,36.5892813567604,2050.8833338298346,0.0,0.0,36.5892813567604,2050.8833338298346,960,540,1234.0,434.0,10.0,8.0,0.0
3719,61.983,13,294.2521209058595,1.0,15.779087167411262,312.00470954071943,0.0,0.0,15.779087167411262,312.00470954071943,960,540,1234.0,433.0,10.0,8.0,0.0
3720,62.0,13,294.2151942012279,1.0,28.74944542499686,1604.7124480158627,0.0,0.0,28.74944542499686,1604.7124480158627,960,540,1234.0,433.0,10.0,8.0,0.0
3721,62.017,13,294.96295935640865,1.0,64.64976285134367,1794.8907078319255,0.0,0.0,64.64976285134367,1794.8907078319255,960,540,1235.0,433.0,10.0,8.0,0.0
3722,62.033,13,296.18950390286005,1.0,85.91642830717058,702.9094057223929,0.0,0.0,85.91642830717058,702.9094057223929,960,540,1235.0,432.0,10.0,8.0,0.0
3723,62.05,13,297.62759987712315,1.0,87.93550512292849,1265.5562623056644,0.0,0.0,87.93550512292849,1265.5562623056644,960,540,1237.0,430.0,10.0,8.0,0.0
3724,62.067,13,298.83735783852296,1.0,47.91574237499451,4990.971440347715,0.0,0.0,47.91574237499451,4990.971440347715,960,540,1238.0,430.0,10.0,8.0,0.0
3725,62.083,13,299.21878631892065,1.0,91.43973146174059,8748.00268749433,0.0,0.0,91.43973146174059,8748.00268749433,960,540,1238.0,430.0,10.0,8.0,0.0
3726,62.1,13,297.76857196316024,1.0,261.4324746000557,11880.939975181962,0.0,0.0,261.4324746000557,11880.939975181962,960,540,1238.0,432.0,10.0,8.0,0.0
3727,62.117,13,294.9457615690957,1.0,487.02554096373194,8944.009510417894,0.0,0.0,487.02554096373194,8944.009510417894,960,540,1237.0,438.0,10.0,8.0,0.0
3728,62.133,13,291.1868940323998,1.0,555.8978763942007,10824.546934007425,0.0,0.0,555.8978763942007,10824.546934007425,960,540,1236.0,448.0,11.0,9.0,0.0
3729,62.15,13,288.6341319586433,1.0,845.7915022664342,22844.827039156917,0.0,0.0,845.7915022664342,22844.827039156917,960,540,1236.0,461.0,11.0,9.0,0.0
3730,62.167,13,283.248794911107,1.0,1317.3667302770414,15794.703322988822,0.0,0.0,1317.3667302770414,15794.703322988822,960,540,1237.0,476.0,11.0,9.0,0.0
3731,62.183,13,278.38466673963404,1.0,1372.0117807550423,772.6181304562188,0.0,0.0,1372.0117807550423,772.6181304562188,960,540,1236.0,485.0,11.0,9.0,0.0
3734,62.233,13,275.3556224609585,1.0,1309.472553109436,3806.3319962013443,0.0,0.0,1309.472553109436,3806.3319962013443,960,540,1234.0,540.0,11.0,9.0,0.0
3739,62.317,14,278.2535263807284,1.0,132.20268915724665,1978.8679509625629,0.0,0.0,132.20268915724665,1978.8679509625629,960,540,1233.0,592.0,10.0,9.0,0.0
3740,62.333,14,280.36143258269067,1.0,164.68275004767298,2679.171361386706,0.0,0.0,164.68275004767298,2679.171361386706,960,540,1234.0,592.0,10.0,9.0,0.0
3741,62.35,14,283.56501532070587,1.0,220.0185520934726,1824.828759089707,0.0,0.0,220.0185520934726,1824.828759089707,960,540,1240.0,592.0,10.0,9.0,0.0
3742,62.367,14,287.55426974727175,1.0,224.29026383011185,1804.585994693978,0.0,0.0,224.29026383011185,1804.585994693978,960,540,1243.0,591.0,10.0,9.0,0.0
3743,62.383,14,290.91056125298394,1.0,160.15935941481087,2958.3848323580582,0.0,0.0,160.15935941481087,2958.3848323580582,960,540,1246.0,592.0,10.0,9.0,0.0
3744,62.4,14,292.7600613381874,1.0,125.78731644960571,501.6299961735842,0.0,0.0,125.78731644960571,501.6299961735842,960,540,1249.0,592.0,10.0,9.0,0.0
3745,62.417,14,295.01037300645214,1.0,144.8574246263827,977.2932215132797,0.0,0.0,144.8574246263827,977.2932215132797,960,540,1250.0,591.0,10.0,9.0,0.0
3746,62.433,14,297.4217936803037,1.0,148.77047106607813,737.3421657465454,0.0,0.0,148.77047106607813,737.3421657465454,960,540,1252.0,591.0,10.0,9.0,0.0
3747,62.45,14,299.62381932445885,1.0,134.08800034579554,1719.100381725377,0.0,0.0,134.08800034579554,1719.100381725377,960,540,1256.0,591.0,10.0,9.0,0.0
3748,62.467,14,301.50806143635884,1.0,94.975829363398,3385.9855225890465,0.0,0.0,94.975829363398,3385.9855225890465,960,540,1258.0,590.0,10.0,9.0,0.0
3749,62.483,14,302.3455734833713,1.0,35.79989738897731,2933.4454214824013,0.0,0.0,35.79989738897731,2933.4454214824013,960,540,1258.0,589.0,10.0,9.0,0.0
3750,62.5,14,301.89995489638613,1.0,15.971914124997918,1036.575996209857,0.0,0.0,15.971914124997918,1036.575996209857,960,540,1258.0,589.0,10.0,9.0,0.0
3751,62.517,14,302.0332083677491,1.0,34.31546328418958,2278.2915188575876,0.0,0.0,34.31546328418958,2278.2915188575876,960,540,1258.0,589.0,10.0,9.0,0.0
3752,62.533,14,303.02005576365985,1.0,66.10134457862974,1301.3336957730448,0.0,0.0,66.10134457862974,1301.3336957730448,960,540,1258.0,589.0,10.0,9.0,0.0
3753,62.55,14,304.2333549109351,1.0,76.57196161860978,181.8274580192119,0.0,0.0,76.57196161860978,181.8274580192119,960,540,1261.0,589.0,10.0,9.0,0.0
3754,62.567,14,305.57226340632656,1.0,70.05828477279329,1218.982513142297,0.0,0.0,70.05828477279329,1218.982513142297,960,540,1262.0,589.0,10.0,9.0,0.0
3755,62.583,14,306.55156076984986,1.0,35.97050946289663,1502.4469836819917,0.0,0.0,35.97050946289663,1502.4469836819917,960,540,1262.0,590.0,10.0,9.0,0.0
3756,62.6,14,306.77019843610327,1.0,20.800313969375676,135.52618543578922,0.0,0.0,20.800313969375676,135.52618543578922,960,540,1263.0,589.0,10.0,9.0,0.0
3757,62.617,14,307.2401765347392,1.0,31.558174334820364,1206.8681005995559,0.0,0.0,31.558174334820364,1206.8681005995559,960,540,1263.0,589.0,10.0,9.0,0.0
3758,62.633,14,307.81948357295425,1.0,19.43067215533193,43872.92642928641,0.0,0.0,19.43067215533193,43872.92642928641,960,540,1263.0,590.0,10.0,9.0,0.0
3759,62.65,14,306.59856164785805,1.0,1487.1703030266228,24407.39683800825,0.0,0.0,1487.1703030266228,24407.39683800825,960,540,1263.0,589.0,10.0,9.0,0.0
3760,62.667,14,346.2189711204751,1.0,828.09099371831,271299.92515250633,0.0,0.0,828.09099371831,271299.92515250633,960,540,1260.0,589.0,10.0,9.0,0.0
3761,62.683,14,283.95377047007884,1.0,7563.663538421592,340372.8046164249,0.0,0.0,7563.663538421592,340372.8046164249,960,540,1251.0,586.0,10.0,9.0,0.0
3762,62.7,14,180.6715238948459,1.0,12173.678195858733,189026.00890040764,0.0,0.0,12173.678195858733,189026.00890040764,960,540,1240.0,585.0,10.0,9.0,0.0
3764,62.733,14,239.24259265563123,1.0,13729.112223628292,60325.82450361334,0.0,0.0,13729.112223628292,60325.82450361334,960,540,736.0,852.0,10.0,9.0,0.0
3766,62.767,14,423.2700740136876,1.0,11253.033060523065,287351.070565433,0.0,0.0,11253.033060523065,287351.070565433,960,540,621.0,839.0,11.0,11.0,0.0
3769,62.817,14,555.2040543350796,1.0,4736.885440188542,328282.5027817531,0.0,0.0,4736.885440188542,328282.5027817531,960,540,521.0,825.0,13.0,11.0,0.0
3771,62.85,14,543.5913184939119,1.0,1601.132889741604,128364.93417803427,0.0,0.0,1601.132889741604,128364.93417803427,960,540,486.0,811.0,14.0,11.0,0.0
3772,62.867,14,553.4238615397261,1.0,605.527262231975,42597.36985269617,0.0,0.0,605.527262231975,42597.36985269617,960,540,482.0,806.0,14.0,11.0,0.0
3773,62.883,14,549.8276621359523,1.0,248.52626847568598,13210.640423846935,0.0,0.0,248.52626847568598,13210.640423846935,960,540,478.0,800.0,14.0,11.0,0.0
3774,62.9,14,548.2258501442998,1.0,191.0016561526719,6607.926594443005,0.0,0.0,191.0016561526719,6607.926594443005,960,540,475.0,796.0,14.0,11.0,0.0
3775,62.917,14,549.1723312705284,1.0,196.13614596780226,3451.2641871923033,0.0,0.0,196.13614596780226,3451.2641871923033,960,540,474.0,795.0,14.0,11.0,0.0
3776,62.933,14,550.4356757211295,1.0,146.7539937919157,2602.6673915466545,0.0,0.0,146.7539937919157,2602.6673915466545,960,540,471.0,792.0,14.0,11.0,0.0
3777,62.95,14,551.7369747827348,1.0,128.68249171301312,2052.2262675106804,0.0,0.0,128.68249171301312,2052.2262675106804,960,540,468.0,791.0,14.0,11.0,0.0
3778,62.967,14,553.1940485298071,1.0,94.17742699342735,2360.2576822310684,0.0,0.0,94.17742699342735,2360.2576822310684,960,540,467.0,791.0,14.0,11.0,0.0
3779,62.983,14,554.2568005058936,1.0,82.12732772459928,1640.3707893433977,0.0,0.0,82.12732772459928,1640.3707893433977,960,540,466.0,791.0,14.0,11.0,0.0
3780,63.0,14,555.8521333091281,1.0,117.01212216985932,1617.2539083525617,0.0,0.0,117.01212216985932,1617.2539083525617,960,540,464.0,791.0,14.0,11.0,0.0
3781,63.017,14,558.108032520335,1.0,134.26291599784713,517.8448274396496,0.0,0.0,134.26291599784713,517.8448274396496,960,540,463.0,792.0,14.0,11.0,0.0
3782,63.033,14,560.3005753110361,1.0,129.24427117923867,530.1135804365847,0.0,0.0,129.24427117923867,530.1135804365847,960,540,459.0,793.0,14.0,11.0,0.0
3783,63.05,14,562.4086542106782,1.0,116.72398980465941,1266.2817173737255,0.0,0.0,116.72398980465941,1266.2817173737255,960,540,458.0,794.0,14.0,11.0,0.0
3784,63.067,14,564.1749459294633,1.0,87.03740692415909,1265.556262305661,0.0,0.0,87.03740692415909,1265.556262305661,960,540,457.0,794.0,14.0,11.0,0.0
3785,63.083,14,565.3041342254062,1.0,74.99659856232519,463.5708782739496,0.0,0.0,74.99659856232519,463.5708782739496,960,540,455.0,795.0,14.0,11.0,0.0
3786,63.1,14,566.6438810945194,1.0,91.12673390752603,312.0047095405438,0.0,0.0,91.12673390752603,312.0047095405438,960,540,454.0,795.0,14.0,11.0,0.0
3787,63.117,14,568.2618364268618,1.0,85.39225219359068,853.9225219359256,0.0,0.0,85.39225219359068,853.9225219359256,960,540,453.0,796.0,14.0,11.0,0.0
3788,63.133,14,569.4536606742723,1.0,68.3627777943193,1518.8610125716943,0.0,0.0,68.3627777943193,1518.8610125716943,960,540,451.0,795.0,14.0,11.0,0.0
3789,63.15,14,570.5404248756034,1.0,51.764774091414004,2101.7485431838863,0.0,0.0,51.764774091414004,2101.7485431838863,960,540,450.0,797.0,14.0,11.0,0.0
3790,63.167,14,571.0316875696282,1.0,29.726645780972525,5057.869197233679,0.0,0.0,29.726645780972525,5057.869197233679,960,540,450.0,796.0,14.0,11.0,0.0
3791,63.183,14,570.687521473471,1.0,132.0250440064142,49774.71081518024,0.0,0.0,132.0250440064142,49774.71081518024,960,540,450.0,796.0,14.0,11.0,0.0
3792,63.2,14,570.0098917071454,1.0,1688.8747612489792,25504.3573708101,0.0,0.0,1688.8747612489792,25504.3573708101,960,540,449.0,791.0,14.0,11.0,0.0
3793,63.217,14,583.0828480668524,1.0,974.2993296074382,168010.041609522,0.0,0.0,974.2993296074382,168010.041609522,960,540,445.0,777.0,14.0,11.0,0.0
3794,63.233,14,553.619829937273,1.0,4124.294621198779,156534.80345877836,0.0,0.0,4124.294621198779,156534.80345877836,960,540,440.0,757.0,14.0,11.0,0.0
3796,63.267,14,486.2787243263138,1.0,4871.042297211643,53281.978038296525,0.0,0.0,4871.042297211643,53281.978038296525,960,540,425.0,694.0,14.0,11.0,0.0
3798,63.3,14,452.23819802743617,1.0,2359.1212476734922,165026.6750237309,0.0,0.0,2359.1212476734922,165026.6750237309,960,540,716.0,921.0,12.0,10.0,0.0
3800,63.333,14,445.0514658511264,1.0,631.8954318039384,205648.6725719662,0.0,0.0,631.8954318039384,205648.6725719662,960,540,699.0,848.0,11.0,10.0,0.0
3802,63.367,14,461.886914235455,1.0,4519.534245463566,115031.78087921937,0.0,0.0,4519.534245463566,115031.78087921937,960,540,487.0,757.0,13.0,12.0,0.0
3803,63.383,14,510.70053927553886,1.0,4460.4065431989475,116030.88434743723,0.0,0.0,4460.4065431989475,116030.88434743723,960,540,483.0,747.0,13.0,12.0,0.0
3804,63.4,14,533.9201278729296,1.0,696.775371527583,140451.50808178764,0.0,0.0,696.775371527583,140451.50808178764,960,540,480.0,736.0,13.0,12.0,0.0
3805,63.417,14,517.0669943479195,1.0,552.583911810523,9036.456773560561,0.0,0.0,552.583911810523,9036.456773560561,960,540,478.0,726.0,13.0,12.0,0.0
3806,63.433,14,516.2241620532003,1.0,486.71535494033895,17272.279312616152,0.0,0.0,486.71535494033895,17272.279312616152,960,540,475.0,717.0,13.0,12.0,0.0
3807,63.45,14,516.1287456499281,1.0,359.19410931036157,6559.803381822248,0.0,0.0,359.19410931036157,6559.803381822248,960,540,473.0,711.0,13.0,12.0,0.0
3808,63.467,14,516.6493940496616,1.0,299.54046437153903,4879.130902870583,0.0,0.0,299.54046437153903,4879.130902870583,960,540,470.0,705.0,13.0,12.0,0.0
3809,63.483,14,518.7369450314774,1.0,330.8770040917537,4397.819496810903,0.0,0.0,330.8770040917537,4397.819496810903,960,540,468.0,703.0,13.0,12.0,0.0
3810,63.5,14,522.1788730982942,1.0,373.2510234823356,4740.123997344817,0.0,0.0,373.2510234823356,4740.123997344817,960,540,464.0,700.0,13.0,12.0,0.0
3811,63.517,14,526.407007807154,1.0,477.0744176750614,5784.444305062378,0.0,0.0,477.0744176750614,5784.444305062378,960,540,455.0,694.0,13.0,12.0,0.0
3812,63.533,14,532.3860464872566,1.0,565.8297140537288,1518.8610125717435,0.0,0.0,565.8297140537288,1518.8610125717435,960,540,450.0,691.0,13.0,12.0,0.0
3813,63.55,14,538.6710888381831,1.0,525.7841568475036,2591.3513927710883,0.0,0.0,525.7841568475036,2591.3513927710883,960,540,443.0,686.0,13.0,12.0,0.0
3814,63.567,14,544.3068445675511,1.0,479.47249926457744,3825.8252411094086,0.0,0.0,479.47249926457744,3825.8252411094086,960,540,432.0,679.0,13.0,12.0,0.0
3815,63.583,14,549.3991791492658,1.0,410.0895870267322,6666.0424877867845,0.0,0.0,410.0895870267322,6666.0424877867845,960,540,428.0,677.0,13.0,12.0,0.0
3816,63.6,14,552.625112295152,1.0,282.4853256076772,6253.325645818709,0.0,0.0,282.4853256076772,6253.325645818709,960,540,424.0,674.0,13.0,12.0,0.0
3817,63.617,14,553.6977162655927,1.0,242.40714611949016,2817.1848736362545,0.0,0.0,242.40714611949016,2817.1848736362545,960,540,421.0,668.0,13.0,12.0,0.0
3818,63.633,14,554.8254000041783,1.0,213.38859828386282,3507.222867868103,0.0,0.0,213.38859828386282,3507.222867868103,960,540,420.0,666.0,13.0,12.0,0.0
3819,63.65,14,555.3065137948943,1.0,128.41260030997137,3954.9503983061204,0.0,0.0,128.41260030997137,3954.9503983061204,960,540,419.0,663.0,13.0,12.0,0.0
3820,63.667,14,555.4205572940681,1.0,82.26388599364519,2508.149980868585,0.0,0.0,82.26388599364519,2508.149980868585,960,540,417.0,661.0,13.0,12.0,0.0
3821,63.683,14,555.6725572940468,1.0,44.83529950421612,2706.7941727950633,0.0,0.0,44.83529950421612,2706.7941727950633,960,540,418.0,661.0,13.0,12.0,0.0
3822,63.7,14,555.6778153454759,1.0,9.147320339189037,1631.951379827972,0.0,0.0,9.147320339189037,1631.951379827972,960,540,418.0,660.0,13.0,12.0,0.0
3823,63.717,14,555.4814320165825,1.0,9.583148474997682,353.40905362440225,0.0,0.0,9.583148474997682,353.40905362440225,960,540,417.0,660.0,13.0,12.0,0.0
3824,63.733,14,555.6002249615499,1.0,7.142857142858247,1046.2761956341676,0.0,0.0,7.142857142858247,1046.2761956341676,960,540,418.0,661.0,13.0,12.0,0.0
3825,63.75,14,555.3006580778367,1.0,31.461022207919886,1440.663112625984,0.0,0.0,31.461022207919886,1440.663112625984,960,540,418.0,661.0,13.0,12.0,0.0
3826,63.767,14,554.6656057845694,1.0,54.976804013978985,1227.24180542393,0.0,0.0,54.976804013978985,1227.24180542393,960,540,418.0,659.0,13.0,12.0,0.0
3827,63.783,14,554.1974913426001,1.0,62.023695274553,424.26406871179586,0.0,0.0,62.023695274553,424.26406871179586,960,540,419.0,659.0,13.0,12.0,0.0
3828,63.8,14,553.7252116143211,1.0,42.01554619958322,1084.2094834864595,0.0,0.0,42.01554619958322,1084.2094834864595,960,540,419.0,658.0,13.0,12.0,0.0
3829,63.817,14,553.4945794071583,1.0,26.06898227270437,1073.9969216694253,0.0,0.0,26.06898227270437,1073.9969216694253,960,540,419.0,657.0,13.0,12.0,0.0
3830,63.833,14,553.4038496990047,1.0,9.58314847499692,1043.63962816156,0.0,0.0,9.58314847499692,1043.63962816156,960,540,419.0,657.0,13.0,12.0,0.0
3831,63.85,14,553.5736815110329,1.0,10.101525445522222,214.28571428568603,0.0,0.0,10.101525445522222,214.28571428568603,960,540,419.0,657.0,13.0,12.0,0.0
3832,63.867,14,553.6869147329434,1.0,10.879675865521873,2185.294077253875,0.0,0.0,10.879675865521873,2185.294077253875,960,540,419.0,657.0,13.0,12.0,0.0
3833,63.883,14,553.8692941582323,1.0,70.13107262075965,5826.6803654936275,0.0,0.0,70.13107262075965,5826.6803654936275,960,540,418.0,657.0,13.0,12.0,0.0
3834,63.9,14,554.5345559080565,1.0,202.6054776945419,9168.72456801285,0.0,0.0,202.6054776945419,9168.72456801285,960,540,418.0,655.0,13.0,12.0,0.0
3835,63.917,14,555.7688735583587,1.0,375.04013390677903,10059.384896195097,0.0,0.0,375.04013390677903,10059.384896195097,960,540,416.0,652.0,13.0,12.0,0.0
3836,63.933,14,557.6877514504997,1.0,537.1219600798274,9649.045633255726,0.0,0.0,537.1219600798274,9649.045633255726,960,540,412.0,644.0,13.0,12.0,0.0
3837,63.95,14,559.9648596036454,1.0,690.7744840069702,8495.34085993805,0.0,0.0,690.7744840069702,8495.34085993805,960,540,408.0,634.0,13.0,12.0,0.0
3838,63.967,14,561.4837506710004,1.0,794.1418163588879,4683.993586499624,0.0,0.0,794.1418163588879,4683.993586499624,960,540,404.0,623.0,13.0,12.0,0.0
3839,63.983,14,562.4331414032723,1.0,796.93545689032,2672.994193630716,0.0,0.0,796.93545689032,2672.994193630716,960,540,402.0,610.0,13.0,12.0,0.0
3840,64.0,14,562.9446652603834,1.0,759.658892301716,3757.034218961661,0.0,0.0,759.658892301716,3757.034218961661,960,540,400.0,594.0,13.0,12.0,0.0
3841,64.017,14,563.2813847157984,1.0,674.178260203201,6445.833965454461,0.0,0.0,674.178260203201,6445.833965454461,960,540,398.0,584.0,13.0,12.0,0.0
3842,64.033,14,564.39738095434,1.0,551.1638891047397,7437.041874074267,0.0,0.0,551.1638891047397,7437.041874074267,960,540,397.0,575.0,13.0,12.0,0.0
3843,64.05,14,566.0692348863412,1.0,441.0238551556247,7206.247289678488,0.0,0.0,441.0238551556247,7206.247289678488,960,540,395.0,565.0,13.0,12.0,0.0
3844,64.067,14,568.0597921325204,1.0,324.5153372055554,7618.572901877679,0.0,0.0,324.5153372055554,7618.572901877679,960,540,392.0,560.0,13.0,12.0,0.0
3845,64.083,14,569.9375806217636,1.0,194.39597711467246,6709.0252949414125,0.0,0.0,194.39597711467246,6709.0252949414125,960,540,390.0,555.0,13.0,12.0,0.0
3846,64.1,14,571.0323090326713,1.0,100.97484026898753,4263.801121065621,0.0,0.0,100.97484026898753,4263.801121065621,960,540,389.0,555.0,13.0,12.0,0.0
3847,64.117,14,571.2886277050552,1.0,60.15286648979234,1735.5820055414945,0.0,0.0,60.15286648979234,1735.5820055414945,960,540,389.0,553.0,13.0,12.0,0.0
3848,64.133,14,571.1291000987363,1.0,60.27149459922572,303.0457633656667,0.0,0.0,60.27149459922572,303.0457633656667,960,540,389.0,552.0,13.0,12.0,0.0
3849,64.15,14,571.0565078408553,1.0,68.10855680606,1036.5759962098318,0.0,0.0,68.10855680606,1036.5759962098318,960,540,389.0,551.0,13.0,12.0,0.0
3850,64.167,14,571.4667943565529,1.0,62.613162859461376,943.8306662376871,0.0,0.0,62.613162859461376,943.8306662376871,960,540,389.0,550.0,13.0,12.0,0.0
3851,64.183,14,571.9763247720781,1.0,59.143547269954404,669.4499722206278,0.0,0.0,59.143547269954404,669.4499722206278,960,540,388.0,549.0,13.0,12.0,0.0
3852,64.2,14,572.6320679640387,1.0,61.693779661967234,395.1233338840076,0.0,0.0,61.693779661967234,395.1233338840076,960,540,387.0,548.0,13.0,12.0,0.0
3853,64.217,14,573.479820314883,1.0,59.81263261559733,488.64661075678794,0.0,0.0,59.81263261559733,488.64661075678794,960,540,387.0,548.0,13.0,12.0,0.0
3854,64.233,14,574.1384949103038,1.0,54.67902631144168,1073.9969216692293,0.0,0.0,54.67902631144168,1073.9969216692293,960,540,386.0,547.0,13.0,12.0,0.0
3855,64.25,14,574.4614159082814,1.0,75.60639212799303,1437.4722712499497,0.0,0.0,75.60639212799303,1437.4722712499497,960,540,385.0,546.0,13.0,12.0,0.0
3856,64.267,14,575.0669427659113,1.0,100.54951059867545,1475.9293163763416,0.0,0.0,100.54951059867545,1475.9293163763416,960,540,385.0,545.0,13.0,12.0,0.0
3857,64.283,14,575.722352143262,1.0,124.74463711837986,1191.5518949534332,0.0,0.0,124.74463711837986,1191.5518949534332,960,540,385.0,543.0,13.0,12.0,0.0
3858,64.3,14,576.714995418919,1.0,139.2765564755,669.4499722205622,0.0,0.0,139.2765564755,669.4499722205622,960,540,383.0,541.0,13.0,12.0,0.0
3859,64.317,14,577.8105618206321,1.0,120.4498371327515,2019.7494287910783,0.0,0.0,120.4498371327515,2019.7494287910783,960,540,382.0,539.0,13.0,12.0,0.0
3860,64.333,14,578.9574745778959,1.0,73.73421657465137,2662.6670686302023,0.0,0.0,73.73421657465137,2662.6670686302023,960,540,381.0,537.0,13.0,12.0,0.0
3861,64.35,14,579.246365093406,1.0,31.719433301676432,1974.2216239337836,0.0,0.0,31.719433301676432,1974.2216239337836,960,540,381.0,537.0,13.0,12.0,0.0
3862,64.367,14,579.5807422048239,1.0,12.936264483055973,1395.9854978485826,0.0,0.0,12.936264483055973,1395.9854978485826,960,540,380.0,537.0,13.0,12.0,0.0
3863,64.383,14,579.6751866308109,1.0,19.059520091605098,1278.5514763009567,0.0,0.0,19.059520091605098,1278.5514763009567,960,540,381.0,537.0,13.0,12.0,0.0
3864,64.4,14,579.720418971366,1.0,40.101910993196064,4354.167602447914,0.0,0.0,40.101910993196064,4354.167602447914,960,540,380.0,537.0,13.0,12.0,0.0
3865,64.417,14,579.7647286525541,1.0,158.48775140982264,12432.117720662454,0.0,0.0,158.48775140982264,12432.117720662454,960,540,381.0,538.0,13.0,12.0,0.0
3866,64.433,14,584.095307974809,1.0,385.9787453173216,52284.39693890886,0.0,0.0,385.9787453173216,52284.39693890886,960,540,382.0,540.0,13.0,12.0,0.0
3867,64.45,14,569.8479906311024,1.0,1711.4482469653822,46651.01875651238,0.0,0.0,1711.4482469653822,46651.01875651238,960,540,385.0,541.0,13.0,12.0,0.0
3868,64.467,14,546.9592899408593,1.0,1749.3578996947656,119723.59748987941,0.0,0.0,1749.3578996947656,119723.59748987941,960,540,396.0,543.0,13.0,12.0,0.0
3870,64.5,14,513.5038876487566,1.0,3366.690375076487,109628.44577229605,0.0,0.0,3366.690375076487,109628.44577229605,960,540,471.0,537.0,12.0,10.0,0.0
3872,64.533,14,477.0026050880356,1.0,3954.9052466783696,10168.077297029438,0.0,0.0,3954.9052466783696,10168.077297029438,960,540,482.0,652.0,11.0,9.0,0.0
3874,64.567,14,443.64552968453484,1.0,3688.9161065028816,33911.809393285606,0.0,0.0,3688.9161065028816,33911.809393285606,960,540,515.0,272.0,12.0,11.0,0.0
3876,64.6,14,425.3342209915468,1.0,2868.254108800874,116986.40423361129,0.0,0.0,2868.254108800874,116986.40423361129,960,540,562.0,418.0,10.0,9.0,0.0
3878,64.633,14,403.88995717357153,1.0,1825.6147971998503,105961.58814997594,0.0,0.0,1825.6147971998503,105961.58814997594,960,540,603.0,414.0,10.0,9.0,0.0
3879,64.65,14,365.5854342702505,1.0,1433.5150177526593,59114.60505333757,0.0,0.0,1433.5150177526593,59114.60505333757,960,540,611.0,412.0,10.0,9.0,0.0
3880,64.667,14,365.25817601717375,1.0,447.7540323317876,42580.2915031092,0.0,0.0,447.7540323317876,42580.2915031092,960,540,615.0,413.0,10.0,9.0,0.0
3881,64.683,14,366.0296383424777,1.0,24.948927423676263,12859.714028622382,0.0,0.0,24.948927423676263,12859.714028622382,960,540,617.0,413.0,10.0,9.0,0.0
3882,64.7,14,365.3052399943741,1.0,49.0938293641123,3234.5078167051774,0.0,0.0,49.0938293641123,3234.5078167051774,960,540,617.0,413.0,10.0,9.0,0.0
3883,64.717,14,364.5949543337427,1.0,88.35226340609547,2724.3797271966073,0.0,0.0,88.35226340609547,2724.3797271966073,960,540,618.0,413.0,10.0,9.0,0.0
3884,64.733,14,363.1623294768067,1.0,139.32783245985044,2829.869831866118,0.0,0.0,139.32783245985044,2829.869831866118,960,540,620.0,412.0,10.0,9.0,0.0
3885,64.75,14,360.8436857323127,1.0,178.5028439720857,1767.045268121701,0.0,0.0,178.5028439720857,1767.045268121701,960,540,623.0,411.0,10.0,9.0,0.0
3886,64.767,14,358.06324578467934,1.0,189.11177992425993,900.0,0.0,0.0,189.11177992425993,900.0,960,540,626.0,411.0,10.0,9.0,0.0
3887,64.783,14,355.15071375186386,1.0,175.72009281925762,1640.3707893431263,0.0,0.0,175.72009281925762,1640.3707893431263,960,540,629.0,411.0,10.0,9.0,0.0
3888,64.8,14,352.6234751016217,1.0,137.2098050878497,2564.6338800646986,0.0,0.0,137.2098050878497,2564.6338800646986,960,540,632.0,411.0,10.0,9.0,0.0
3889,64.817,14,350.8433894207314,1.0,92.32816361175132,2564.6338800647995,0.0,0.0,92.32816361175132,2564.6338800647995,960,540,634.0,411.0,10.0,9.0,0.0
3890,64.833,14,349.63126997354067,1.0,56.02477586036312,1973.2910456950467,0.0,0.0,56.02477586036312,1973.2910456950467,960,540,635.0,411.0,10.0,9.0,0.0
3891,64.85,14,348.9772877886045,1.0,30.135747299613584,1243.5958395896603,0.0,0.0,30.135747299613584,1243.5958395896603,960,540,635.0,412.0,10.0,9.0,0.0
3892,64.867,14,348.64155552711014,1.0,20.603150145507136,461.5855548973282,0.0,0.0,20.603150145507136,461.5855548973282,960,540,636.0,412.0,10.0,9.0,0.0
3893,64.883,14,348.41311132781004,1.0,15.18592258961972,563.6977044841755,0.0,0.0,15.18592258961972,563.6977044841755,960,540,636.0,412.0,10.0,9.0,0.0
3894,64.9,14,348.1647933895806,1.0,14.356965173029973,154.52362609142057,0.0,0.0,14.356965173029973,154.52362609142057,960,540,636.0,412.0,10.0,9.0,0.0
3895,64.917,14,347.98762260679416,1.0,20.303814862218736,1243.5958395897078,0.0,0.0,20.303814862218736,1243.5958395897078,960,540,636.0,413.0,10.0,9.0,0.0
3896,64.933,14,347.5202892982266,1.0,42.97602558997462,1243.595839589766,0.0,0.0,42.97602558997462,1243.595839589766,960,540,637.0,412.0,10.0,9.0,0.0
3897,64.95,14,347.0122949980574,1.0,56.13395058396593,772.6181304566488,0.0,0.0,56.13395058396593,772.6181304566488,960,540,637.0,413.0,10.0,9.0,0.0
3898,64.967,14,346.41726049281556,1.0,67.24915597680106,218.52940772547575,0.0,0.0,67.24915597680106,218.52940772547575,960,540,637.0,415.0,10.0,9.0,0.0
3899,64.983,14,345.77552914179483,1.0,63.40668863192172,989.4339754813523,0.0,0.0,63.40668863192172,989.4339754813523,960,540,637.0,416.0,10.0,9.0,0.0
3900,65.0,14,345.19111995683267,1.0,42.01554619958061,1413.6362144975592,0.0,0.0,42.01554619958061,1413.6362144975592,960,540,638.0,416.0,10.0,9.0,0.0
3901,65.017,14,344.61019090193713,1.0,31.363569143003645,1306.264341782445,0.0,0.0,31.363569143003645,1306.264341782445,960,540,638.0,417.0,10.0,9.0,0.0
3902,65.033,14,344.158868156281,1.0,4.517539514525229,4134.104053665179,0.0,0.0,4.517539514525229,4134.104053665179,960,540,638.0,417.0,10.0,9.0,0.0
3903,65.05,14,344.7266129003148,1.0,107.14285714285434,6223.146392332856,0.0,0.0,107.14285714285434,6223.146392332856,960,540,638.0,417.0,10.0,9.0,0.0
3904,65.067,14,347.7185115367116,1.0,211.14363038713188,10861.221038583897,0.0,0.0,211.14363038713188,10861.221038583897,960,540,636.0,416.0,10.0,9.0,0.0
3905,65.083,14,351.74038302724665,1.0,468.31221052905136,18795.581330489076,0.0,0.0,468.31221052905136,18795.581330489076,960,540,630.0,415.0,10.0,9.0,0.0
3906,65.1,14,363.051519616282,1.0,834.6146611778759,17358.83589626548,0.0,0.0,834.6146611778759,17358.83589626548,960,540,620.0,413.0,10.0,9.0,0.0
3907,65.117,14,378.8839829847103,1.0,1045.6459774723376,8315.279763845569,0.0,0.0,1045.6459774723376,8315.279763845569,960,540,610.0,412.0,10.0,9.0,0.0
3909,65.15,14,396.99383123773634,1.0,1109.4712842666277,1669.2293223557645,0.0,0.0,1109.4712842666277,1669.2293223557645,960,540,579.0,409.0,10.0,10.0,0.0
3910,65.167,14,414.8173299580913,1.0,1000.6987354762055,12861.285047040046,0.0,0.0,1000.6987354762055,12861.285047040046,960,540,567.0,407.0,10.0,10.0,0.0
3911,65.183,14,429.3836641813003,1.0,681.5348823929555,17712.18881598357,0.0,0.0,681.5348823929555,17712.18881598357,960,540,553.0,407.0,10.0,10.0,0.0
3912,65.2,14,436.8241005079512,1.0,411.5500812632192,12785.011951979135,0.0,0.0,411.5500812632192,12785.011951979135,960,540,543.0,406.0,10.0,10.0,0.0
3913,65.217,14,442.53927404276226,1.0,255.77812451340225,9260.713597047217,0.0,0.0,255.77812451340225,9260.713597047217,960,540,538.0,406.0,10.0,10.0,0.0
3914,65.233,14,445.0028561145576,1.0,104.5202841362312,6162.195474116751,0.0,0.0,104.5202841362312,6162.195474116751,960,540,536.0,406.0,10.0,10.0,0.0
3915,65.25,14,445.9947123528622,1.0,58.151806962995224,1254.6241001404,0.0,0.0,58.151806962995224,1254.6241001404,960,540,535.0,406.0,10.0,10.0,0.0
3916,65.267,14,446.9101910013487,1.0,66.05501726683893,1074.8516746272228,0.0,0.0,66.05501726683893,1074.8516746272228,960,540,534.0,405.0,10.0,10.0,0.0
3917,65.283,14,448.19114908981555,1.0,85.26070463644007,1648.7472052861738,0.0,0.0,85.26070463644007,1648.7472052861738,960,540,533.0,404.0,10.0,10.0,0.0
3918,65.3,14,449.7181909231223,1.0,110.0092760467363,1536.295571051495,0.0,0.0,110.0092760467363,1536.295571051495,960,540,531.0,405.0,10.0,10.0,0.0
3919,65.317,14,451.6738835179144,1.0,129.2126865572667,1073.9969216691804,0.0,0.0,129.2126865572667,1073.9969216691804,960,540,529.0,405.0,10.0,10.0,0.0
3920,65.333,14,453.67926976950844,1.0,142.6426961870455,1179.155699331262,0.0,0.0,142.6426961870455,1179.155699331262,960,540,527.0,405.0,10.0,10.0,0.0
3921,65.35,14,455.99093458785353,1.0,167.69749246661902,1345.0589851265781,0.0,0.0,167.69749246661902,1345.0589851265781,960,540,524.0,405.0,10.0,10.0,0.0
3922,65.367,14,458.7046733185344,1.0,186.3122242311551,911.1553553772987,0.0,0.0,186.3122242311551,911.1553553772987,960,540,522.0,406.0,10.0,10.0,0.0
3923,65.383,14,461.47238722629544,1.0,191.9608803684684,732.3431781702129,0.0,0.0,191.9608803684684,732.3431781702129,960,540,518.0,407.0,10.0,10.0,0.0
3924,65.4,14,464.1635687924082,1.0,166.01573566922866,2588.869424663911,0.0,0.0,166.01573566922866,2588.869424663911,960,540,515.0,407.0,10.0,10.0,0.0
3925,65.417,14,466.160468901472,1.0,106.18620533798791,3347.524214601949,0.0,0.0,106.18620533798791,3347.524214601949,960,540,513.0,408.0,10.0,10.0,0.0
3926,65.433,14,467.3077447942325,1.0,54.958240176204825,2515.462386999138,0.0,0.0,54.958240176204825,2515.462386999138,960,540,511.0,409.0,10.0,10.0,0.0
3927,65.45,14,467.8157718289139,1.0,22.587697572634774,1685.108850114577,0.0,0.0,22.587697572634774,1685.108850114577,960,540,512.0,408.0,10.0,10.0,0.0
3928,65.467,14,467.92606786613476,1.0,15.779087167409873,14083.055385093487,0.0,0.0,15.779087167409873,14083.055385093487,960,540,511.0,408.0,10.0,10.0,0.0
3929,65.483,14,467.6229075585047,1.0,483.61099226212576,10627.275266587143,0.0,0.0,483.61099226212576,10627.275266587143,960,540,512.0,409.0,10.0,10.0,0.0
3930,65.5,14,469.64940848831577,1.0,348.18772792493,82421.24998433117,0.0,0.0,348.18772792493,82421.24998433117,960,540,514.0,410.0,10.0,10.0,0.0
3931,65.517,14,459.18204167006724,1.0,2268.5556854437323,87928.02715393652,0.0,0.0,2268.5556854437323,87928.02715393652,960,540,520.0,411.0,10.0,10.0,0.0
3932,65.533,14,454.6487642853717,1.0,3267.593822333874,225347.83725410275,0.0,0.0,3267.593822333874,225347.83725410275,960,540,537.0,412.0,10.0,10.0,0.0
3934,65.567,14,411.6318942046817,1.0,8819.399419600371,396985.9016671143,0.0,0.0,8819.399419600371,396985.9016671143,960,540,652.0,271.0,11.0,10.0,0.0
3936,65.6,14,270.7271555344336,1.0,15782.996081420102,252746.46367053498,0.0,0.0,15782.996081420102,252746.46367053498,960,540,732.0,278.0,10.0,9.0,0.0
3938,65.633,14,309.1053324935718,1.0,17000.086074211908,66267.0802010103,0.0,0.0,17000.086074211908,66267.0802010103,960,540,1048.0,350.0,10.0,9.0,0.0
3941,65.683,14,506.96312486937376,1.0,13903.237033151721,292287.81628904666,0.0,0.0,13903.237033151721,292287.81628904666,960,540,1582.0,255.0,16.0,13.0,0.0
3942,65.7,14,686.2766427509263,1.0,7320.417769945367,416564.6935081621,0.0,0.0,7320.417769945367,416564.6935081621,960,540,1587.0,259.0,16.0,13.0,0.0
3943,65.717,14,737.9643155774927,1.0,118.19216452501395,264069.84581619344,0.0,0.0,118.19216452501395,264069.84581619344,960,540,1590.0,263.0,16.0,13.0,0.0
3944,65.733,14,688.3007305615844,1.0,1501.7866910137209,6990.4453742669075,0.0,0.0,1501.7866910137209,6990.4453742669075,960,540,1592.0,267.0,16.0,13.0,0.0
3945,65.75,14,688.1269938297645,1.0,122.0571963616816,45432.87715444032,0.0,0.0,122.0571963616816,45432.87715444032,960,540,1592.0,269.0,16.0,13.0,0.0
3946,65.767,14,688.109790585941,1.0,64.53918284615527,2900.703644402981,0.0,0.0,64.53918284615527,2900.703644402981,960,540,1593.0,270.0,16.0,13.0,0.0
3947,65.783,14,688.2990602724101,1.0,67.3249809596966,3590.293035621238,0.0,0.0,67.3249809596966,3590.293035621238,960,540,1594.0,271.0,16.0,13.0,0.0
3948,65.8,14,689.8213988839989,1.0,140.35668847617754,4764.087594938639,0.0,0.0,140.35668847617754,4764.087594938639,960,540,1595.0,271.0,16.0,13.0,0.0
3949,65.817,14,692.4669446173988,1.0,223.14999074019406,4806.882820392324,0.0,0.0,223.14999074019406,4806.882820392324,960,540,1597.0,271.0,16.0,13.0,0.0
3950,65.833,14,696.5206516253414,1.0,300.5742802689342,2235.1551103548895,0.0,0.0,300.5742802689342,2235.1551103548895,960,540,1603.0,271.0,16.0,13.0,0.0
3951,65.85,14,701.4562274313832,1.0,297.63695184240333,2924.9803767004437,0.0,0.0,297.63695184240333,2924.9803767004437,960,540,1608.0,272.0,16.0,13.0,0.0
3952,65.867,14,705.451896790141,1.0,204.28571428571558,5892.038904231187,0.0,0.0,204.28571428571558,5892.038904231187,960,540,1613.0,272.0,16.0,13.0,0.0
3953,65.883,14,707.7529915529535,1.0,106.18620533799965,5296.456266183275,0.0,0.0,106.18620533799965,5296.456266183275,960,540,1616.0,272.0,16.0,13.0,0.0
3954,65.9,14,708.9209839264515,1.0,33.319725113401745,3649.1542212703675,0.0,0.0,33.319725113401745,3649.1542212703675,960,540,1615.0,271.0,16.0,13.0,0.0
3955,65.917,14,708.8509129429448,1.0,15.971914125002492,1061.0930059836126,0.0,0.0,15.971914125002492,1061.0930059836126,960,540,1616.0,271.0,16.0,13.0,0.0
3956,65.933,14,708.3900769588656,1.0,9.58314847499692,65554.63370350249,0.0,0.0,9.58314847499692,65554.63370350249,960,540,1616.0,271.0,16.0,13.0,0.0
3957,65.95,14,708.8748230394627,1.0,2170.4208187843788,27148.063410464005,0.0,0.0,2170.4208187843788,27148.063410464005,960,540,1616.0,272.0,16.0,13.0,0.0
3958,65.967,14,777.3372262186545,1.0,900.3672720004805,365617.9630406059,0.0,0.0,900.3672720004805,365617.9630406059,960,540,1617.0,271.0,16.0,13.0,0.0
3959,65.983,14,681.5436294331179,1.0,10018.454094768322,359637.3785935443,0.0,0.0,10018.454094768322,359637.3785935443,960,540,1621.0,268.0,16.0,13.0,0.0
3960,66.0,14,474.9747958464162,1.0,12885.846372462123,26311.80770091286,0.0,0.0,12885.846372462123,26311.80770091286,960,540,1627.0,265.0,16.0,13.0,0.0
3962,66.033,14,319.1678877794105,1.0,9494.725925910843,282399.6104813185,0.0,0.0,9494.725925910843,282399.6104813185,960,540,898.0,301.0,9.0,10.0,0.0
3963,66.05,14,248.13365025732247,1.0,3554.4952855073666,433928.91005277477,0.0,0.0,3554.4952855073666,433928.91005277477,960,540,907.0,293.0,9.0,10.0,0.0
3965,66.083,14,238.96803835661674,1.0,5008.737060255241,298727.3854475441,0.0,0.0,5008.737060255241,298727.3854475441,960,540,1206.0,326.0,11.0,10.0,0.0
3966,66.1,14,333.281564007115,1.0,6456.078452093869,124306.93414910427,0.0,0.0,6456.078452093869,124306.93414910427,960,540,1221.0,315.0,11.0,10.0,0.0
3967,66.117,14,373.48392553145413,1.0,967.9317314432808,210425.06688963796,0.0,0.0,967.9317314432808,210425.06688963796,960,540,1230.0,309.0,11.0,10.0,0.0
3968,66.133,14,363.41554958202397,1.0,687.7143450649498,24287.752015352402,0.0,0.0,687.7143450649498,24287.752015352402,960,540,1235.0,304.0,11.0,10.0,0.0
3969,66.15,14,367.9487819282041,1.0,227.56923144845896,19435.985980144145,0.0,0.0,227.56923144845896,19435.985980144145,960,540,1239.0,299.0,11.0,10.0,0.0
3970,66.167,14,370.5147305207715,1.0,134.08800034579883,5476.331261130295,0.0,0.0,134.08800034579883,5476.331261130295,960,540,1239.0,296.0,11.0,10.0,0.0
3971,66.183,14,371.62084461746105,1.0,60.609152673134055,3557.4010233337735,0.0,0.0,60.609152673134055,3557.4010233337735,960,540,1239.0,295.0,11.0,10.0,0.0
3972,66.2,14,371.6174916371713,1.0,23.03502213799506,1060.2271608731198,0.0,0.0,23.03502213799506,1060.2271608731198,960,540,1239.0,295.0,11.0,10.0,0.0
3973,66.217,14,371.7748111479337,1.0,25.71428571428669,536.9984608346106,0.0,0.0,25.71428571428669,536.9984608346106,960,540,1239.0,294.0,11.0,10.0,0.0
3974,66.233,14,372.1842435019399,1.0,35.82838915424165,388.0879344915662,0.0,0.0,35.82838915424165,388.0879344915662,960,540,1239.0,294.0,11.0,10.0,0.0
3975,66.25,14,372.4913793155477,1.0,38.59787453173202,669.4499722206278,0.0,0.0,38.59787453173202,669.4499722206278,960,540,1239.0,293.0,11.0,10.0,0.0
3976,66.267,14,373.00083590089525,1.0,54.078552087851385,1260.466385987514,0.0,0.0,54.078552087851385,1260.466385987514,960,540,1239.0,292.0,11.0,10.0,0.0
3977,66.283,14,373.94601390467176,1.0,70.92680907032462,1092.6470386268431,0.0,0.0,70.92680907032462,1092.6470386268431,960,540,1239.0,292.0,11.0,10.0,0.0
3978,66.3,14,375.2117980874756,1.0,81.62882644092319,637.1172320276328,0.0,0.0,81.62882644092319,637.1172320276328,960,540,1240.0,290.0,11.0,10.0,0.0
3979,66.317,14,376.569176475189,1.0,87.71475104576207,548.8392203515099,0.0,0.0,87.71475104576207,548.8392203515099,960,540,1241.0,289.0,11.0,10.0,0.0
3980,66.333,14,378.0801634274462,1.0,77.78830508606889,904.0724189884343,0.0,0.0,77.78830508606889,904.0724189884343,960,540,1242.0,288.0,11.0,10.0,0.0
3981,66.35,14,379.15973754601623,1.0,64.03124237432458,759.4305062858616,0.0,0.0,64.03124237432458,759.4305062858616,960,540,1242.0,287.0,11.0,10.0,0.0
3982,66.367,14,380.2113328089682,1.0,57.08926057910522,732.3431781699315,0.0,0.0,57.08926057910522,732.3431781699315,960,540,1244.0,287.0,11.0,10.0,0.0
3983,66.383,14,381.03333068508675,1.0,44.83529950421927,943.8306662375361,0.0,0.0,44.83529950421927,943.8306662375361,960,540,1244.0,286.0,11.0,10.0,0.0
3984,66.4,14,381.6220691051791,1.0,26.263966158358464,1243.5958395898613,0.0,0.0,26.263966158358464,1243.5958395898613,960,540,1245.0,286.0,11.0,10.0,0.0
3985,66.417,14,381.85931329141687,1.0,18.571428571429465,1092.6470386272083,0.0,0.0,18.571428571429465,1092.6470386272083,960,540,1245.0,286.0,11.0,10.0,0.0
3986,66.433,14,382.03429699653,1.0,20.603150145513286,2615.6904890857613,0.0,0.0,20.603150145513286,2615.6904890857613,960,540,1245.0,286.0,11.0,10.0,0.0
3987,66.45,14,381.95578569020574,1.0,68.63092656836554,4066.9147911367277,0.0,0.0,68.63092656836554,4066.9147911367277,960,540,1245.0,286.0,11.0,10.0,0.0
3988,66.467,14,380.5863122119398,1.0,117.36042513451214,11075.814799344731,0.0,0.0,117.36042513451214,11075.814799344731,960,540,1244.0,286.0,11.0,10.0,0.0
3989,66.483,14,379.54216661107387,1.0,437.3972182474475,61150.55025033335,0.0,0.0,437.3972182474475,61150.55025033335,960,540,1246.0,292.0,11.0,10.0,0.0
3990,66.5,14,372.78996232338477,1.0,2149.5690123314735,11683.347647182623,0.0,0.0,2149.5690123314735,11683.347647182623,960,540,1247.0,302.0,11.0,10.0,0.0
3991,66.517,14,361.67303985105434,1.0,799.5840755528019,223884.30321148253,0.0,0.0,799.5840755528019,223884.30321148253,960,540,1248.0,310.0,11.0,10.0,0.0
3993,66.55,14,354.3464265696439,1.0,5365.769245116421,194894.1235331552,0.0,0.0,5365.769245116421,194894.1235331552,960,540,1257.0,357.0,11.0,9.0,0.0
3994,66.567,14,386.3490749435684,1.0,5879.460790214897,130670.10026031626,0.0,0.0,5879.460790214897,130670.10026031626,960,540,1259.0,369.0,11.0,9.0,0.0
3996,66.6,14,405.9449936487473,1.0,1103.4611595395043,288549.7336257849,0.0,0.0,1103.4611595395043,288549.7336257849,960,540,1045.0,31.0,11.0,13.0,0.0
3997,66.617,14,388.202725401395,1.0,3790.7352148874375,283389.33376151463,0.0,0.0,3790.7352148874375,283389.33376151463,960,540,1046.0,43.0,11.0,13.0,0.0
3999,66.65,14,336.0921210504645,1.0,8471.697177143642,110972.56141837477,0.0,0.0,8471.697177143642,110972.56141837477,960,540,1278.0,454.0,11.0,10.0,0.0
4000,66.667,14,322.24232793634064,1.0,7464.865732761899,227680.50654639417,0.0,0.0,7464.865732761899,227680.50654639417,960,540,1278.0,459.0,11.0,10.0,0.0
4001,66.683,14,341.596425499202,1.0,890.6887956028103,259374.77809186207,0.0,0.0,890.6887956028103,259374.77809186207,960,540,1277.0,467.0,11.0,10.0,0.0
4002,66.7,14,325.1426130498152,1.0,1185.9603875409084,24378.14343938311,0.0,0.0,1185.9603875409084,24378.14343938311,960,540,1278.0,470.0,11.0,10.0,0.0
4003,66.717,14,324.67389535038944,1.0,87.43510713199738,36033.963570666325,0.0,0.0,87.43510713199738,36033.963570666325,960,540,1277.0,471.0,11.0,10.0,0.0
4004,66.733,14,324.2912523126868,1.0,54.697684911651784,1788.2268038590319,0.0,0.0,54.697684911651784,1788.2268038590319,960,540,1277.0,472.0,11.0,10.0,0.0
4005,66.75,14,323.2209777435784,1.0,65.72981183044124,687.0522660802709,0.0,0.0,65.72981183044124,687.0522660802709,960,540,1277.0,473.0,11.0,10.0,0.0
4006,66.767,14,322.4015503020858,1.0,70.92680907031762,576.5838877319226,0.0,0.0,70.92680907031762,576.5838877319226,960,540,1275.0,474.0,11.0,10.0,0.0
4007,66.783,14,321.03574231821165,1.0,70.2764221499919,488.646610756595,0.0,0.0,70.2764221499919,488.646610756595,960,540,1274.0,474.0,11.0,10.0,0.0
4008,66.8,14,320.1363265449523,1.0,54.6790263114436,818.7845646232748,0.0,0.0,54.6790263114436,818.7845646232748,960,540,1274.0,475.0,11.0,10.0,0.0
4009,66.817,14,319.3401998892502,1.0,45.7366016959481,632.7781311528963,0.0,0.0,45.7366016959481,632.7781311528963,960,540,1272.0,475.0,11.0,10.0,0.0
4010,66.833,14,318.77760429135014,1.0,33.71549634630357,677.6309271788684,0.0,0.0,33.71549634630357,677.6309271788684,960,540,1273.0,476.0,11.0,10.0,0.0
4011,66.85,14,318.3194569045239,1.0,24.94892742367763,558.7887775888087,0.0,0.0,24.94892742367763,558.7887775888087,960,540,1271.0,476.0,11.0,10.0,0.0
4012,66.867,14,317.9642052616372,1.0,28.607120563566045,516.0683390910957,0.0,0.0,28.607120563566045,516.0683390910957,960,540,1272.0,476.0,11.0,10.0,0.0
4013,66.883,14,317.37700494097925,1.0,34.404555939405675,303.04576336561604,0.0,0.0,34.404555939405675,303.04576336561604,960,540,1271.0,476.0,11.0,10.0,0.0
4014,66.9,14,316.8639736192456,1.0,28.46408406453094,303.04576336560154,0.0,0.0,28.46408406453094,303.04576336560154,960,540,1270.0,476.0,11.0,10.0,0.0
4015,66.917,14,316.5487822110118,1.0,24.327694808467566,1074.8516746271982,0.0,0.0,24.327694808467566,1074.8516746271982,960,540,1270.0,476.0,11.0,10.0,0.0
4016,66.933,14,316.0808222081824,1.0,36.421567954234256,1424.6374404508856,0.0,0.0,36.421567954234256,1424.6374404508856,960,540,1269.0,476.0,11.0,10.0,0.0
4017,66.95,14,315.5732105980572,1.0,59.607560128640365,4450.957246274406,0.0,0.0,59.607560128640365,4450.957246274406,960,540,1270.0,476.0,11.0,10.0,0.0
4018,66.967,14,314.4410366553323,1.0,184.7447218323087,9739.892720357773,0.0,0.0,184.7447218323087,9739.892720357773,960,540,1267.0,479.0,11.0,10.0,0.0
4019,66.983,14,310.8158418233293,1.0,383.71439208592545,15718.817528357262,0.0,0.0,383.71439208592545,15718.817528357262,960,540,1266.0,481.0,11.0,10.0,0.0
4020,67.0,14,305.0077133703668,1.0,706.71704351305,21715.549775237523,0.0,0.0,706.71704351305,21715.549775237523,960,540,1261.0,486.0,11.0,10.0,0.0
4021,67.017,14,295.2571153627561,1.0,1103.3871783313907,18794.946129212578,0.0,0.0,1103.3871783313907,18794.946129212578,960,540,1252.0,502.0,11.0,10.0,0.0
4022,67.033,14,282.84085651365683,1.0,1332.5937574703578,6634.141748161336,0.0,0.0,1332.5937574703578,6634.141748161336,960,540,1244.0,515.0,11.0,10.0,0.0
4024,67.067,14,270.190744750358,1.0,1321.848581899377,7036.015221990061,0.0,0.0,1321.848581899377,7036.015221990061,960,540,1229.0,545.0,11.0,9.0,0.0
4025,67.083,14,259.55731544304484,1.0,1105.8600863636711,17212.199043654036,0.0,0.0,1105.8600863636711,17212.199043654036,960,540,1219.0,556.0,11.0,9.0,0.0
4026,67.1,14,251.79771782712407,1.0,752.9669207033445,17831.249798815687,0.0,0.0,752.9669207033445,17831.249798815687,960,540,1209.0,571.0,11.0,9.0,0.0
4027,67.117,14,247.12201031445912,1.0,512.8750494287389,10623.472279123449,0.0,0.0,512.8750494287389,10623.472279123449,960,540,1204.0,578.0,11.0,9.0,0.0
4028,67.133,14,243.8470953193656,1.0,400.24737248816433,6486.31211845036,0.0,0.0,400.24737248816433,6486.31211845036,960,540,1201.0,583.0,11.0,9.0,0.0
4029,67.15,14,242.01928766300253,1.0,301.93931002567433,4244.372023933888,0.0,0.0,301.93931002567433,4244.372023933888,960,540,1197.0,588.0,11.0,9.0,0.0
4030,67.167,14,240.7526369524258,1.0,265.21073638500746,3820.3002339544796,0.0,0.0,265.21073638500746,3820.3002339544796,960,540,1194.0,594.0,11.0,9.0,0.0
4031,67.183,14,240.09325474710195,1.0,180.7580410044207,5409.00609527973,0.0,0.0,180.7580410044207,5409.00609527973,960,540,1194.0,596.0,11.0,9.0,0.0
4032,67.2,14,240.07596114601202,1.0,97.18486486683365,4547.302407325974,0.0,0.0,97.18486486683365,4547.302407325974,960,540,1193.0,599.0,11.0,9.0,0.0
4033,67.217,14,240.78452651409478,1.0,81.71628369185686,3446.204655938635,0.0,0.0,81.71628369185686,3446.204655938635,960,540,1193.0,600.0,11.0,9.0,0.0
4034,67.233,14,242.18702130374754,1.0,118.23532398033223,3597.9586048828796,0.0,0.0,118.23532398033223,3597.9586048828796,960,540,1194.0,600.0,11.0,9.0,0.0
4035,67.25,14,244.61486226107002,1.0,170.47353017344602,3240.4648192657605,0.0,0.0,170.47353017344602,3240.4648192657605,960,540,1197.0,602.0,11.0,9.0,0.0
4036,67.267,14,247.86867454076193,1.0,206.55087825066903,1941.8589872928474,0.0,0.0,206.55087825066903,1941.8589872928474,960,540,1200.0,602.0,11.0,9.0,0.0
4037,67.283,14,251.40913074192065,1.0,191.04973174542562,2485.714285714151,0.0,0.0,191.04973174542562,2485.714285714151,960,540,1203.0,603.0,11.0,9.0,0.0
4038,67.3,14,253.8424217042718,1.0,154.23941104130043,2409.547336606257,0.0,0.0,154.23941104130043,2409.547336606257,960,540,1207.0,601.0,11.0,9.0,0.0
4039,67.317,14,255.87784961364378,1.0,113.29931462227866,2819.4658634395264,0.0,0.0,113.29931462227866,2819.4658634395264,960,540,1209.0,601.0,11.0,9.0,0.0
4040,67.333,14,257.1868789478731,1.0,60.82762530298911,2554.9471818496263,0.0,0.0,60.82762530298911,2554.9471818496263,960,540,1209.0,600.0,11.0,9.0,0.0
4041,67.35,14,257.7422687443908,1.0,31.943828249997054,1170.557167178562,0.0,0.0,31.943828249997054,1170.557167178562,960,540,1211.0,601.0,11.0,9.0,0.0
4042,67.367,14,258.24989655427714,1.0,24.948927423677436,758.2202576980006,0.0,0.0,24.948927423677436,758.2202576980006,960,540,1211.0,601.0,11.0,9.0,0.0
4043,67.383,14,258.573884053938,1.0,17.20227796970673,2124.7809010699016,0.0,0.0,17.20227796970673,2124.7809010699016,960,540,1211.0,600.0,11.0,9.0,0.0
4044,67.4,14,258.5772339960407,1.0,50.325471296596675,5577.688790610196,0.0,0.0,50.325471296596675,5577.688790610196,960,540,1211.0,601.0,11.0,9.0,0.0
4045,67.417,14,257.32609432558877,1.0,180.07368106484765,11468.110176502636,0.0,0.0,180.07368106484765,11468.110176502636,960,540,1210.0,599.0,11.0,9.0,0.0
4046,67.433,14,252.86025018268316,1.0,424.13176620248026,12964.197166167527,0.0,0.0,424.13176620248026,12964.197166167527,960,540,1208.0,598.0,11.0,9.0,0.0
4047,67.45,14,243.42873910121705,1.0,607.3293831125222,5190.139788137773,0.0,0.0,607.3293831125222,5190.139788137773,960,540,1199.0,594.0,11.0,9.0,0.0
4048,67.467,14,232.76639092395686,1.0,588.7118417809036,2315.8724719041447,0.0,0.0,588.7118417809036,2315.8724719041447,960,540,1187.0,590.0,11.0,9.0,0.0
4049,67.483,14,223.8787380311132,1.0,535.0262248006933,3231.09888428126,0.0,0.0,535.0262248006933,3231.09888428126,960,540,1175.0,587.0,11.0,9.0,0.0
4053,67.55,15,316.4469878907442,1.0,321.14590745882424,1003.2599923473606,0.0,0.0,321.14590745882424,1003.2599923473606,960,540,883.0,235.0,10.0,10.0,0.0
4054,67.567,15,319.7891205664339,1.0,332.89392807159857,1341.6407864998891,0.0,0.0,332.89392807159857,1341.6407864998891,960,540,874.0,231.0,10.0,10.0,0.0
4055,67.583,15,323.74146343555134,1.0,321.9456158916222,3982.0259431907666,0.0,0.0,321.9456158916222,3982.0259431907666,960,540,868.0,229.0,10.0,10.0,0.0
4056,67.6,15,327.71798409227677,1.0,234.39022059421575,5576.371433768246,0.0,0.0,234.39022059421575,5576.371433768246,960,540,866.0,226.0,10.0,10.0,0.0
4057,67.617,15,330.5421781244786,1.0,170.05401302803514,2358.7007838543805,0.0,0.0,170.05401302803514,2358.7007838543805,960,540,865.0,224.0,10.0,10.0,0.0
4058,67.633,15,333.18993173900833,1.0,162.28596579457434,1073.9969216693642,0.0,0.0,162.28596579457434,1073.9969216693642,960,540,863.0,221.0,10.0,10.0,0.0
4059,67.65,15,335.63257702042233,1.0,155.61595847024446,1092.6470386269975,0.0,0.0,155.61595847024446,1092.6470386269975,960,540,861.0,219.0,10.0,10.0,0.0
4060,67.667,15,337.83762485989513,1.0,130.3449113635338,1637.5691292465497,0.0,0.0,130.3449113635338,1637.5691292465497,960,540,859.0,218.0,10.0,10.0,0.0
4061,67.683,15,339.5257530165443,1.0,101.03545548621213,1149.9778169999279,0.0,0.0,101.03545548621213,1149.9778169999279,960,540,858.0,216.0,10.0,10.0,0.0
4062,67.7,15,340.85468472616515,1.0,94.3830666237636,1124.9489784348252,0.0,0.0,94.3830666237636,1124.9489784348252,960,540,857.0,215.0,10.0,10.0,0.0
4063,67.717,15,342.1670071339071,1.0,104.16823128076571,1225.7442553779745,0.0,0.0,104.16823128076571,1225.7442553779745,960,540,856.0,214.0,10.0,10.0,0.0
4064,67.733,15,343.22142023868173,1.0,100.86361776059512,1151.5739007895297,0.0,0.0,100.86361776059512,1151.5739007895297,960,540,854.0,214.0,10.0,10.0,0.0
4065,67.75,15,344.0279084813602,1.0,69.29675906076939,2203.7074512312956,0.0,0.0,69.29675906076939,2203.7074512312956,960,540,852.0,213.0,10.0,10.0,0.0
4066,67.767,15,344.4627911871931,1.0,27.59029702261239,2319.8346176097843,0.0,0.0,27.59029702261239,2319.8346176097843,960,540,851.0,213.0,10.0,10.0,0.0
4067,67.783,15,344.61337566149035,1.0,8.689660757567049,1050.6557718970375,0.0,0.0,8.689660757567049,1050.6557718970375,960,540,852.0,213.0,10.0,10.0,0.0
4068,67.8,15,344.41817250403705,1.0,9.035079029053962,1323.0299177514537,0.0,0.0,9.035079029053962,1323.0299177514537,960,540,852.0,213.0,10.0,10.0,0.0
4069,67.817,15,344.6139678656,1.0,37.25258517258993,697.6637398327236,0.0,0.0,37.25258517258993,697.6637398327236,960,540,852.0,213.0,10.0,10.0,0.0
4070,67.833,15,345.3809556636666,1.0,23.776167110127382,9040.724189883827,0.0,0.0,23.776167110127382,9040.724189883827,960,540,852.0,213.0,10.0,10.0,0.0
4071,67.85,15,343.84651561976773,1.0,264.11191196311864,23020.789184863846,0.0,0.0,264.11191196311864,23020.789184863846,960,540,852.0,213.0,10.0,10.0,0.0
4072,67.867,15,338.71321791587945,1.0,744.516004954045,64821.141675869956,0.0,0.0,744.516004954045,64821.141675869956,960,540,855.0,215.0,10.0,10.0,0.0
4073,67.883,15,368.6512433574944,1.0,2413.73620119919,189089.50747393648,0.0,0.0,2413.73620119919,189089.50747393648,960,540,869.0,223.0,10.0,10.0,0.0
4074,67.9,15,268.3521986016354,1.0,5618.298093674657,34554.26079046662,0.0,0.0,5618.298093674657,34554.26079046662,960,540,884.0,229.0,10.0,10.0,0.0
4075,67.917,15,209.05788563573827,1.0,3527.841740631073,137087.8617410565,0.0,0.0,3527.841740631073,137087.8617410565,960,540,895.0,233.0,10.0,10.0,0.0
4077,67.95,15,191.23971375714282,1.0,1345.8333280680808,147441.1850916305,0.0,0.0,1345.8333280680808,147441.1850916305,960,540,1152.0,577.0,11.0,9.0,0.0
4079,67.983,15,204.05109181908938,1.0,1661.1306697670618,156624.28852225197,0.0,0.0,1661.1306697670618,156624.28852225197,960,540,956.0,249.0,9.0,9.0,0.0
4080,68.0,15,243.72534354042915,1.0,4199.711603315157,20311.075695747404,0.0,0.0,4199.711603315157,20311.075695747404,960,540,959.0,250.0,9.0,9.0,0.0
4081,68.017,15,320.4165691373919,1.0,1650.8729910726297,160680.02491959694,0.0,0.0,1650.8729910726297,160680.02491959694,960,540,964.0,251.0,9.0,9.0,0.0
4082,68.033,15,288.0774099166898,1.0,1158.6093000679607,50294.514246240935,0.0,0.0,1158.6093000679607,50294.514246240935,960,540,964.0,253.0,9.0,9.0,0.0
4083,68.05,15,287.65768031304856,1.0,26.263966158356933,34068.301743312215,0.0,0.0,26.263966158356933,34068.301743312215,960,540,965.0,252.0,9.0,9.0,0.0
4084,68.067,15,287.4680145867205,1.0,38.677103916232504,2277.888388443135,0.0,0.0,38.677103916232504,2277.888388443135,960,540,964.0,252.0,9.0,9.0,0.0
4085,68.083,15,287.58640622095487,1.0,95.15829990503264,3580.5597555779955,0.0,0.0,95.15829990503264,3580.5597555779955,960,540,966.0,253.0,9.0,9.0,0.0
4086,68.1,15,287.1088387019305,1.0,157.82320255686653,2968.3019264439527,0.0,0.0,157.82320255686653,2968.3019264439527,960,540,968.0,253.0,9.0,9.0,0.0
4087,68.117,15,286.885002283402,1.0,194.0439672458023,728.5714285713652,0.0,0.0,194.0439672458023,728.5714285713652,960,540,971.0,253.0,9.0,9.0,0.0
4088,68.133,15,286.64429987098333,1.0,181.82745801939458,1642.6086768632026,0.0,0.0,181.82745801939458,1642.6086768632026,960,540,974.0,254.0,9.0,9.0,0.0
4089,68.15,15,286.3260316001363,1.0,144.48359839124075,2744.196101756721,0.0,0.0,144.48359839124075,2744.196101756721,960,540,978.0,254.0,9.0,9.0,0.0
4090,68.167,15,285.7276584172079,1.0,93.06569985658841,3051.296144798944,0.0,0.0,93.06569985658841,3051.296144798944,960,540,979.0,255.0,9.0,9.0,0.0
4091,68.183,15,285.5684270549046,1.0,43.518703462080666,2437.9650262848495,0.0,0.0,43.518703462080666,2437.9650262848495,960,540,980.0,255.0,9.0,9.0,0.0
4092,68.2,15,285.249439316514,1.0,16.65986255670175,1261.1947688196426,0.0,0.0,16.65986255670175,1261.1947688196426,960,540,980.0,256.0,9.0,9.0,0.0
4093,68.217,15,285.1137538031266,1.0,10.1015254455215,95.83148475006071,0.0,0.0,10.1015254455215,95.83148475006071,960,540,981.0,255.0,9.0,9.0,0.0
4094,68.233,15,284.9135605081854,1.0,14.069796859708639,404.3134770882896,0.0,0.0,14.069796859708639,404.3134770882896,960,540,980.0,256.0,9.0,9.0,0.0
4095,68.25,15,284.7000171641069,1.0,19.846348556360944,1956.4649503735463,0.0,0.0,19.846348556360944,1956.4649503735463,960,540,980.0,256.0,9.0,9.0,0.0
4096,68.267,15,284.3675602051898,1.0,54.679026311436964,36420.25115066697,0.0,0.0,54.679026311436964,36420.25115066697,960,540,980.0,256.0,9.0,9.0,0.0
4097,68.283,15,285.19868159207806,1.0,1194.1737814942476,44148.03714406184,0.0,0.0,1194.1737814942476,44148.03714406184,960,540,980.0,256.0,9.0,9.0,0.0
4098,68.3,15,317.2863181887167,1.0,1433.2338203075833,142840.0861245978,0.0,0.0,1433.2338203075833,142840.0861245978,960,540,975.0,254.0,9.0,9.0,0.0
4099,68.317,15,243.9280636309763,1.0,3603.557482629165,55033.9783725492,0.0,0.0,3603.557482629165,55033.9783725492,960,540,965.0,250.0,9.0,9.0,0.0
4100,68.333,15,204.32873894802654,1.0,1831.3338509046894,169609.5997475708,0.0,0.0,1831.3338509046894,169609.5997475708,960,540,954.0,247.0,9.0,9.0,0.0
4103,68.383,15,196.411716448578,1.0,2955.4132277802933,141286.4545697784,0.0,0.0,2955.4132277802933,141286.4545697784,960,540,1095.0,567.0,10.0,9.0,0.0
4105,68.417,15,232.57763924471294,1.0,4676.124550985193,114452.29288633128,0.0,0.0,4676.124550985193,114452.29288633128,960,540,815.0,216.0,10.0,10.0,0.0
4106,68.433,15,311.5669417375229,1.0,5941.243084385182,74722.72828563476,0.0,0.0,5941.243084385182,74722.72828563476,960,540,805.0,213.0,10.0,10.0,0.0
4108,68.467,15,417.6218412242974,1.0,2290.096246083707,201564.0729649086,0.0,0.0,2290.096246083707,201564.0729649086,960,540,776.0,206.0,9.0,11.0,0.0
4109,68.483,15,384.5524683408359,1.0,872.6747529805715,62497.7795523945,0.0,0.0,872.6747529805715,62497.7795523945,960,540,772.0,204.0,9.0,11.0,0.0
4110,68.5,15,389.39987549888724,1.0,232.26480313537093,28562.605780626847,0.0,0.0,232.26480313537093,28562.605780626847,960,540,767.0,203.0,9.0,11.0,0.0
4111,68.517,15,390.4291870664627,1.0,128.76968840943127,1613.2740192617318,0.0,0.0,128.76968840943127,1613.2740192617318,960,540,765.0,202.0,9.0,11.0,0.0
4112,68.533,15,392.666600256396,1.0,182.59467770592562,2400.3826225611856,0.0,0.0,182.59467770592562,2400.3826225611856,960,540,763.0,201.0,9.0,11.0,0.0
4113,68.55,15,394.68271363773295,1.0,205.64482954445543,1973.2910456950478,0.0,0.0,205.64482954445543,1973.2910456950478,960,540,758.0,200.0,9.0,11.0,0.0
4114,68.567,15,397.2810796348448,1.0,246.36541633789963,1416.8807361271176,0.0,0.0,246.36541633789963,1416.8807361271176,960,540,755.0,200.0,9.0,11.0,0.0
4115,68.583,15,400.04286901800214,1.0,252.48560274169589,642.8571428571246,0.0,0.0,252.48560274169589,642.8571428571246,960,540,752.0,199.0,9.0,11.0,0.0
4116,68.6,15,402.8699986691298,1.0,250.8597461628693,1394.0105114820956,0.0,0.0,250.8597461628693,1394.0105114820956,960,540,746.0,198.0,9.0,11.0,0.0
4117,68.617,15,406.1018632757172,1.0,229.09315456684234,2871.7483830430833,0.0,0.0,229.09315456684234,2871.7483830430833,960,540,743.0,197.0,9.0,11.0,0.0
4118,68.633,15,408.8850638808574,1.0,159.4505873175719,3244.713125270918,0.0,0.0,159.4505873175719,3244.713125270918,960,540,739.0,196.0,9.0,11.0,0.0
4119,68.65,15,410.4665146357112,1.0,122.66596420976295,1054.1463322499928,0.0,0.0,122.66596420976295,1054.1463322499928,960,540,738.0,194.0,9.0,11.0,0.0
4120,68.667,15,412.39122389055564,1.0,124.41700782744341,904.0724189883542,0.0,0.0,124.41700782744341,904.0724189883542,960,540,736.0,194.0,9.0,11.0,0.0
4121,68.683,15,413.8420886961807,1.0,128.92016197346712,729.8308442539444,0.0,0.0,128.92016197346712,729.8308442539444,960,540,735.0,194.0,9.0,11.0,0.0
4122,68.7,15,415.4786764832164,1.0,116.27728997214224,1642.608676863104,0.0,0.0,116.27728997214224,1642.608676863104,960,540,731.0,192.0,9.0,11.0,0.0
4123,68.717,15,416.5298850319348,1.0,74.24449405820783,2631.0935105436047,0.0,0.0,74.24449405820783,2631.0935105436047,960,540,730.0,193.0,9.0,11.0,0.0
4124,68.733,15,417.2146736396349,1.0,28.71393034606003,2115.684865233887,0.0,0.0,28.71393034606003,2115.684865233887,960,540,729.0,192.0,9.0,11.0,0.0
4125,68.75,15,417.13532554627216,1.0,6.388765649999472,759.4305062858674,0.0,0.0,6.388765649999472,759.4305062858674,960,540,730.0,193.0,9.0,11.0,0.0
4126,68.767,15,417.426042711505,1.0,10.879675865519745,242.43661069254782,0.0,0.0,10.879675865519745,242.43661069254782,960,540,729.0,192.0,9.0,11.0,0.0
4127,68.783,15,417.49205051701074,1.0,14.285714285714448,345.52533206995764,0.0,0.0,14.285714285714448,345.52533206995764,960,540,729.0,192.0,9.0,11.0,0.0
4128,68.8,15,417.9014438597283,1.0,19.430672155335692,542.1047417431084,0.0,0.0,19.430672155335692,542.1047417431084,960,540,729.0,192.0,9.0,11.0,0.0
4129,68.817,15,418.099170173505,1.0,6.388765649997946,2851.2081220249675,0.0,0.0,6.388765649997946,2851.2081220249675,960,540,729.0,192.0,9.0,11.0,0.0
4130,68.833,15,417.79544789427695,1.0,76.09070848905716,5091.5295805275655,0.0,0.0,76.09070848905716,5091.5295805275655,960,540,729.0,192.0,9.0,11.0,0.0
4131,68.85,15,415.57710331319544,1.0,171.9159737802615,5368.103073921477,0.0,0.0,171.9159737802615,5368.103073921477,960,540,729.0,193.0,9.0,11.0,0.0
4132,68.867,15,412.13188618448066,1.0,254.55844122715348,5048.418624900718,0.0,0.0,254.55844122715348,5048.418624900718,960,540,733.0,196.0,9.0,11.0,0.0
4133,68.883,15,407.26374423660025,1.0,339.46536597107377,3580.5597555782015,0.0,0.0,339.46536597107377,3580.5597555782015,960,540,737.0,201.0,9.0,11.0,0.0
4134,68.9,15,401.0940960957951,1.0,373.8055808102635,368.67108287343626,0.0,0.0,373.8055808102635,368.67108287343626,960,540,740.0,203.0,9.0,11.0,0.0
4135,68.917,15,395.1130525090749,1.0,341.91537322703323,2401.530124478047,0.0,0.0,341.91537322703323,2401.530124478047,960,540,745.0,208.0,9.0,11.0,0.0
4136,68.933,15,390.0923229290262,1.0,295.6556187491783,2818.4885224212767,0.0,0.0,295.6556187491783,2818.4885224212767,960,540,750.0,213.0,9.0,11.0,0.0
4137,68.95,15,385.64846293153,1.0,248.08244185992845,3064.51048126702,0.0,0.0,248.08244185992845,3064.51048126702,960,540,753.0,215.0,9.0,11.0,0.0
4138,68.967,15,382.1612842315836,1.0,194.5848537428432,2826.2977875082106,0.0,0.0,194.5848537428432,2826.2977875082106,960,540,755.0,216.0,9.0,11.0,0.0
4139,68.983,15,379.5570697023019,1.0,155.44537724269054,1879.861045668156,0.0,0.0,155.44537724269054,1879.861045668156,960,540,757.0,219.0,9.0,11.0,0.0
4140,69.0,15,377.34930616898373,1.0,133.1333534315082,2151.838321822762,0.0,0.0,133.1333534315082,2151.838321822762,960,540,761.0,221.0,9.0,11.0,0.0
4141,69.017,15,375.52743558265314,1.0,85.6309118322642,3069.0023639945653,0.0,0.0,85.6309118322642,3069.0023639945653,960,540,761.0,221.0,9.0,11.0,0.0
4142,69.033,15,374.8824547445288,1.0,31.331017427802717,2132.9772236793656,0.0,0.0,31.331017427802717,2132.9772236793656,960,540,762.0,221.0,9.0,11.0,0.0
4143,69.05,15,374.6606204271627,1.0,16.288220358560196,624.0094190811437,0.0,0.0,16.288220358560196,624.0094190811437,960,540,763.0,222.0,9.0,11.0,0.0
4144,69.067,15,374.3425287062454,1.0,20.454030090395438,271.0523708716189,0.0,0.0,20.454030090395438,271.0523708716189,960,540,762.0,222.0,9.0,11.0,0.0
4145,69.083,15,373.98398415996843,1.0,15.779087167411031,1227.989895590926,0.0,0.0,15.779087167411031,1227.989895590926,960,540,763.0,222.0,9.0,11.0,0.0
4146,69.1,15,373.87245148221933,1.0,20.603150145507136,422.09390579118644,0.0,0.0,20.603150145507136,422.09390579118644,960,540,762.0,222.0,9.0,11.0,0.0
4147,69.117,15,374.67039785587366,1.0,15.185922589626779,7895.607148591778,0.0,0.0,15.185922589626779,7895.607148591778,960,540,763.0,222.0,9.0,11.0,0.0
4148,69.133,15,373.7908093586542,1.0,283.4373558546427,21526.49056205767,0.0,0.0,283.4373558546427,21526.49056205767,960,540,761.0,220.0,9.0,11.0,0.0
4149,69.15,15,384.01995885394535,1.0,712.1181397057221,61616.84271465559,0.0,0.0,712.1181397057221,61616.84271465559,960,540,759.0,214.0,9.0,11.0,0.0
4150,69.167,15,397.10696708904175,1.0,2327.210820721186,40801.823188557304,0.0,0.0,2327.210820721186,40801.823188557304,960,540,756.0,207.0,9.0,11.0,0.0
4152,69.2,15,461.21205790642273,1.0,2043.0669222959166,153989.74588177935,0.0,0.0,2043.0669222959166,153989.74588177935,960,540,740.0,160.0,10.0,10.0,0.0
4153,69.217,15,460.2357697081158,1.0,3507.5396924165366,192199.87045802697,0.0,0.0,3507.5396924165366,192199.87045802697,960,540,735.0,144.0,10.0,10.0,0.0
4155,69.25,15,421.773044579413,1.0,5525.547345683306,76800.40656780158,0.0,0.0,5525.547345683306,76800.40656780158,960,540,709.0,64.0,12.0,12.0,0.0
4157,69.283,15,380.0585854110805,1.0,5642.557858247753,50563.74638987493,0.0,0.0,5642.557858247753,50563.74638987493,960,540,1039.0,216.0,11.0,11.0,0.0
4158,69.3,15,363.8302973376065,1.0,3884.162767980162,170836.68355765694,0.0,0.0,3884.162767980162,170836.68355765694,960,540,1031.0,199.0,11.0,11.0,0.0
4160,69.333,15,360.39336659379217,1.0,561.0813175449277,164108.66298067797,0.0,0.0,561.0813175449277,164108.66298067797,960,540,1018.0,169.0,11.0,10.0,0.0
4161,69.35,15,382.5245771897474,1.0,1735.3997363425578,10314.42421751177,0.0,0.0,1735.3997363425578,10314.42421751177,960,540,1013.0,160.0,11.0,10.0,0.0
4162,69.367,15,390.35828649682173,1.0,382.0674157842918,45747.766757134406,0.0,0.0,382.0674157842918,45747.766757134406,960,540,1012.0,156.0,11.0,10.0,0.0
4163,69.383,15,392.9894611224176,1.0,223.26428011554714,4464.759974808764,0.0,0.0,223.26428011554714,4464.759974808764,960,540,1008.0,149.0,11.0,10.0,0.0
4164,69.4,15,396.3366402773077,1.0,234.46421771297292,1218.2288917332592,0.0,0.0,234.46421771297292,1218.2288917332592,960,540,1006.0,147.0,11.0,10.0,0.0
4165,69.417,15,399.1890447194618,1.0,183.3753816962489,2940.012494767271,0.0,0.0,183.3753816962489,2940.012494767271,960,540,1005.0,143.0,11.0,10.0,0.0
4166,69.433,15,401.4141555339557,1.0,148.74303276429097,2282.3189066903815,0.0,0.0,148.74303276429097,2282.3189066903815,960,540,1003.0,141.0,11.0,10.0,0.0
4167,69.45,15,403.7723758744208,1.0,121.89825131423942,1440.6631126262541,0.0,0.0,121.89825131423942,1440.6631126262541,960,540,1003.0,139.0,11.0,10.0,0.0
4168,69.467,15,405.31474010792283,1.0,118.5714285714289,1334.7781287769967,0.0,0.0,118.5714285714289,1334.7781287769967,960,540,1003.0,136.0,11.0,10.0,0.0
4169,69.483,15,407.70249757710883,1.0,153.0972746661552,1548.2050172733,0.0,0.0,153.0972746661552,1548.2050172733,960,540,1003.0,135.0,11.0,10.0,0.0
4170,69.5,15,410.4117339736039,1.0,170.0540130280346,670.8203932500876,0.0,0.0,170.0540130280346,670.8203932500876,960,540,1003.0,133.0,11.0,10.0,0.0
4171,69.517,15,413.3231538136453,1.0,163.2576528818478,951.582999050361,0.0,0.0,163.2576528818478,951.582999050361,960,540,1003.0,128.0,11.0,10.0,0.0
4172,69.533,15,415.7713755595665,1.0,138.83627121210614,1383.4296335631248,0.0,0.0,138.83627121210614,1383.4296335631248,960,540,1003.0,126.0,11.0,10.0,0.0
4173,69.55,15,417.8883749011825,1.0,118.5800341111273,1092.6470386270062,0.0,0.0,118.5800341111273,1092.6470386270062,960,540,1002.0,124.0,11.0,10.0,0.0
4174,69.567,15,419.7078889157802,1.0,115.78481095972816,827.7089106781764,0.0,0.0,115.78481095972816,827.7089106781764,960,540,1003.0,124.0,11.0,10.0,0.0
4175,69.583,15,421.7412049953502,1.0,111.9128669810518,1060.2271608731198,0.0,0.0,111.9128669810518,1060.2271608731198,960,540,1003.0,120.0,11.0,10.0,0.0
4176,69.6,15,423.4006186819134,1.0,84.47919681127229,2363.3684021078307,0.0,0.0,84.47919681127229,2363.3684021078307,960,540,1004.0,118.0,11.0,10.0,0.0
4177,69.617,15,424.4869705993543,1.0,36.86710828732504,2413.736201199234,0.0,0.0,36.86710828732504,2413.736201199234,960,540,1004.0,118.0,11.0,10.0,0.0
4178,69.633,15,424.46938731900957,1.0,5.150787536376429,624.0094190811578,0.0,0.0,5.150787536376429,624.0094190811578,960,540,1004.0,118.0,11.0,10.0,0.0
4179,69.65,15,424.59655387213286,1.0,24.327694808466287,1457.7729730024253,0.0,0.0,24.327694808466287,1457.7729730024253,960,540,1005.0,118.0,11.0,10.0,0.0
4180,69.667,15,425.2794546089335,1.0,51.50787536377148,1160.313117486924,0.0,0.0,51.50787536377148,1160.313117486924,960,540,1004.0,117.0,11.0,10.0,0.0
4181,69.683,15,426.3114406680223,1.0,62.87337452761516,95.83148475000351,0.0,0.0,62.87337452761516,95.83148475000351,960,540,1004.0,116.0,11.0,10.0,0.0
4182,69.7,15,427.35833605101294,1.0,48.760137616788136,894.8834150494731,0.0,0.0,48.760137616788136,894.8834150494731,960,540,1005.0,115.0,11.0,10.0,0.0
4183,69.717,15,427.93656681267584,1.0,35.02185906323284,832.1351930977759,0.0,0.0,35.02185906323284,832.1351930977759,960,540,1004.0,114.0,11.0,10.0,0.0
4184,69.733,15,428.51975614421326,1.0,32.57644071712039,786.7525607436608,0.0,0.0,32.57644071712039,786.7525607436608,960,540,1005.0,114.0,11.0,10.0,0.0
4185,69.75,15,428.85873967322226,1.0,23.035022137998443,3621.618760855422,0.0,0.0,23.035022137998443,3621.618760855422,960,540,1004.0,114.0,11.0,10.0,0.0
4186,69.767,15,428.96850652680445,1.0,94.42630211234636,2755.2176846474918,0.0,0.0,94.42630211234636,2755.2176846474918,960,540,1005.0,113.0,11.0,10.0,0.0
4187,69.783,15,427.97531293373214,1.0,69.76637398327203,8270.65133283814,0.0,0.0,69.76637398327203,8270.65133283814,960,540,1004.0,114.0,11.0,10.0,0.0
4188,69.8,15,428.30682307649266,1.0,370.09926963956434,44423.26334850466,0.0,0.0,370.09926963956434,44423.26334850466,960,540,997.0,115.0,11.0,10.0,0.0
4189,69.817,15,424.5341317549672,1.0,1550.5232823081167,74102.23081827509,0.0,0.0,1550.5232823081167,74102.23081827509,960,540,985.0,118.0,11.0,10.0,0.0
4190,69.833,15,415.54517369742183,1.0,2840.124314611753,66427.14745017586,0.0,0.0,2840.124314611753,66427.14745017586,960,540,977.0,119.0,11.0,10.0,0.0
4192,69.867,15,408.2521229808459,1.0,3764.529674935418,34006.136901136226,0.0,0.0,3764.529674935418,34006.136901136226,960,540,894.0,137.0,10.0,12.0,0.0
4194,69.9,15,409.1540661983228,1.0,3972.627003145712,24368.233754757406,0.0,0.0,3972.627003145712,24368.233754757406,960,540,817.0,155.0,12.0,10.0,0.0
4196,69.933,15,419.78524095789396,1.0,2952.9715231147493,72109.30478609947,0.0,0.0,2952.9715231147493,72109.30478609947,960,540,773.0,165.0,12.0,12.0,0.0
4198,69.967,15,429.52669463712704,1.0,1569.0013722500496,67159.89145619709,0.0,0.0,1569.0013722500496,67159.89145619709,960,540,728.0,177.0,12.0,11.0,0.0
4199,69.983,15,435.30927833030813,1.0,714.4942552717615,42783.36506787019,0.0,0.0,714.4942552717615,42783.36506787019,960,540,718.0,178.0,12.0,11.0,0.0
4200,70.0,15,438.0900232608885,1.0,144.7376232768803,23578.128917819406,0.0,0.0,144.7376232768803,23578.128917819406,960,540,713.0,179.0,12.0,11.0,0.0
4201,70.017,15,437.6921152535219,1.0,72.42166774648301,5200.392449869029,0.0,0.0,72.42166774648301,5200.392449869029,960,540,713.0,179.0,12.0,11.0,0.0
4202,70.033,15,437.56807050621387,1.0,30.672729362256916,1874.4795195963532,0.0,0.0,30.672729362256916,1874.4795195963532,960,540,714.0,178.0,12.0,11.0,0.0
4203,70.05,15,437.5750327624424,1.0,16.720999872457178,1303.4491136350407,0.0,0.0,16.720999872457178,1303.4491136350407,960,540,714.0,179.0,12.0,11.0,0.0
4204,70.067,15,437.89333856970137,1.0,17.261494247989024,334.7249861103041,0.0,0.0,17.261494247989024,334.7249861103041,960,540,713.0,178.0,12.0,11.0,0.0
4205,70.083,15,438.06683655349,1.0,9.035079029052884,985.7142857141639,0.0,0.0,9.035079029052884,985.7142857141639,960,540,713.0,178.0,12.0,11.0,0.0
4206,70.1,15,438.1830657304899,1.0,18.571428571428154,867.7910027707549,0.0,0.0,18.571428571428154,867.7910027707549,960,540,713.0,178.0,12.0,11.0,0.0
4207,70.117,15,437.9418597968897,1.0,22.587697572633154,558.7887775887989,0.0,0.0,22.587697572633154,558.7887775887989,960,540,714.0,178.0,12.0,11.0,0.0
4208,70.133,15,437.5843035070354,1.0,19.430672155336193,644.2841305018576,0.0,0.0,19.430672155336193,644.2841305018576,960,540,714.0,178.0,12.0,11.0,0.0
4209,70.15,15,437.3323067019644,1.0,5.714285714285268,1084.2094834863703,0.0,0.0,5.714285714285268,1084.2094834863703,960,540,714.0,178.0,12.0,11.0,0.0
4210,70.167,15,437.4268037246693,1.0,18.57142857143117,732.3431781699165,0.0,0.0,18.57142857143117,732.3431781699165,960,540,714.0,179.0,12.0,11.0,0.0
4211,70.183,15,437.680551665393,1.0,23.035022137994005,135.52618543577304,0.0,0.0,23.035022137994005,135.52618543577304,960,540,714.0,178.0,12.0,11.0,0.0
4212,70.2,15,437.9344891419784,1.0,22.90174220268942,2255.605262904402,0.0,0.0,22.90174220268942,2255.605262904402,960,540,713.0,178.0,12.0,11.0,0.0
4213,70.217,15,438.07066701281485,1.0,89.4655332105871,6268.434039384952,0.0,0.0,89.4655332105871,6268.434039384952,960,540,713.0,178.0,12.0,11.0,0.0
4214,70.233,15,437.7254857865027,1.0,187.89923482807555,22285.71428571504,0.0,0.0,187.89923482807555,22285.71428571504,960,540,714.0,178.0,12.0,11.0,0.0
4215,70.25,15,437.43551257802494,1.0,723.4864567227689,44794.26439231762,0.0,0.0,723.4864567227689,44794.26439231762,960,540,716.0,177.0,12.0,11.0,0.0
4216,70.267,15,461.746074852537,1.0,1680.414186066789,183255.06313132454,0.0,0.0,1680.414186066789,183255.06313132454,960,540,723.0,172.0,12.0,11.0,0.0
4218,70.3,15,431.4214863288735,1.0,5730.923101197274,188364.8706362116,0.0,0.0,5730.923101197274,188364.8706362116,960,540,762.0,144.0,11.0,11.0,0.0
4219,70.317,15,390.65600099206426,1.0,7752.649579995487,56953.64387833752,0.0,0.0,7752.649579995487,56953.64387833752,960,540,774.0,133.0,11.0,11.0,0.0
4221,70.35,15,384.800775971422,1.0,7571.850796852519,71683.09082485245,0.0,0.0,7571.850796852519,71683.09082485245,960,540,1144.0,183.0,11.0,10.0,0.0
4222,70.367,15,413.3436963809512,1.0,5363.266024446276,191870.70582843403,0.0,0.0,5363.266024446276,191870.70582843403,960,540,1153.0,176.0,11.0,10.0,0.0
4224,70.4,15,446.73421410262046,1.0,1305.0115332980636,178223.89553248778,0.0,0.0,1305.0115332980636,178223.89553248778,960,540,1180.0,157.0,11.0,10.0,0.0
4225,70.417,15,445.9380416172759,1.0,784.5445838711596,31335.95769875348,0.0,0.0,784.5445838711596,31335.95769875348,960,540,1182.0,154.0,11.0,10.0,0.0
4226,70.433,15,453.7102399763648,1.0,303.37556706808095,23284.723905317744,0.0,0.0,303.37556706808095,23284.723905317744,960,540,1188.0,149.0,11.0,10.0,0.0
4227,70.45,15,455.82161496708557,1.0,220.28738187251346,214.28571428562464,0.0,0.0,220.28738187251346,214.28571428562464,960,540,1190.0,146.0,11.0,10.0,0.0
4228,70.467,15,461.00231183723423,1.0,304.79501308256533,2484.975259598416,0.0,0.0,304.79501308256533,2484.975259598416,960,540,1192.0,143.0,11.0,10.0,0.0
4229,70.483,15,465.8066516642867,1.0,302.5470110206889,488.64661075670944,0.0,0.0,302.5470110206889,488.64661075670944,960,540,1196.0,139.0,11.0,10.0,0.0
4230,70.5,15,470.9696780491539,1.0,288.8294461781795,2879.0942453261023,0.0,0.0,288.8294461781795,2879.0942453261023,960,540,1201.0,134.0,11.0,10.0,0.0
4231,70.517,15,475.29369127995153,1.0,207.1428571428578,5579.005836387973,0.0,0.0,207.1428571428578,5579.005836387973,960,540,1202.0,131.0,11.0,10.0,0.0
4232,70.533,15,477.8335937443682,1.0,106.14775993291315,3258.2704814997646,0.0,0.0,106.14775993291315,3258.2704814997646,960,540,1204.0,129.0,11.0,10.0,0.0
4233,70.55,15,478.8304013823497,1.0,102.1503493755675,2614.6369787435906,0.0,0.0,102.1503493755675,2614.6369787435906,960,540,1205.0,128.0,11.0,10.0,0.0
4234,70.567,15,481.08817743436646,1.0,167.60619539472427,3355.470708182408,0.0,0.0,167.60619539472427,3355.470708182408,960,540,1205.0,127.0,11.0,10.0,0.0
4235,70.583,15,483.8955233839436,1.0,211.58777789631966,2127.804272109636,0.0,0.0,211.58777789631966,2127.804272109636,960,540,1208.0,126.0,11.0,10.0,0.0
4236,70.6,15,487.43460518418885,1.0,236.7294158454567,894.8834150494438,0.0,0.0,236.7294158454567,894.8834150494438,960,540,1214.0,122.0,11.0,10.0,0.0
4237,70.617,15,490.78609950247466,1.0,189.76354782105452,4339.589936425628,0.0,0.0,189.76354782105452,4339.589936425628,960,540,1215.0,121.0,11.0,10.0,0.0
4238,70.633,15,492.8390265821583,1.0,93.64500923755736,4576.29205575774,0.0,0.0,93.64500923755736,4576.29205575774,960,540,1218.0,120.0,11.0,10.0,0.0
4239,70.65,15,493.27863734299024,1.0,41.52697672500038,2319.8346176098307,0.0,0.0,41.52697672500038,2319.8346176098307,960,540,1219.0,120.0,11.0,10.0,0.0
4240,70.667,15,493.64400036156724,1.0,17.202277969706238,1243.5958395900657,0.0,0.0,17.202277969706238,1243.5958395900657,960,540,1219.0,120.0,11.0,10.0,0.0
4241,70.683,15,493.6189947906594,1.0,4.285714285715017,30446.222244798486,0.0,0.0,4.285714285715017,30446.222244798486,960,540,1219.0,120.0,11.0,10.0,0.0
4242,70.7,15,493.76557870311143,1.0,1031.6026762434935,16347.00871344591,0.0,0.0,1031.6026762434935,16347.00871344591,960,540,1219.0,120.0,11.0,10.0,0.0
4243,70.717,15,508.0808339101655,1.0,545.2877914552357,171260.42467898043,0.0,0.0,545.2877914552357,171260.42467898043,960,540,1219.0,120.0,11.0,10.0,0.0
4244,70.733,15,485.99762277443796,1.0,4677.094859689126,194853.18020688172,0.0,0.0,4677.094859689126,194853.18020688172,960,540,1218.0,121.0,11.0,10.0,0.0
4245,70.75,15,460.7646828593991,1.0,7040.359597726962,93090.77531624529,0.0,0.0,7040.359597726962,93090.77531624529,960,540,1215.0,124.0,11.0,10.0,0.0
4247,70.783,15,441.63152985635656,1.0,7587.952454317271,61431.64444140754,0.0,0.0,7587.952454317271,61431.64444140754,960,540,851.0,76.0,12.0,13.0,0.0
4248,70.8,15,447.7628796270213,1.0,6246.923324358014,167345.5090157921,0.0,0.0,6246.923324358014,167345.5090157921,960,540,839.0,90.0,12.0,13.0,0.0
4250,70.833,15,445.5829502268683,1.0,3531.514099750262,159416.89473368312,0.0,0.0,3531.514099750262,159416.89473368312,960,540,786.0,162.0,11.0,12.0,0.0
4251,70.85,15,401.8508483360346,1.0,2887.5778989403993,30207.750053013642,0.0,0.0,2887.5778989403993,30207.750053013642,960,540,771.0,179.0,11.0,12.0,0.0
4253,70.883,15,385.8981719222974,1.0,2555.6028882533906,41518.37557279927,0.0,0.0,2555.6028882533906,41518.37557279927,960,540,722.0,240.0,12.0,10.0,0.0
4254,70.9,15,380.9978187187967,1.0,1806.2228036226863,44798.5285837081,0.0,0.0,1806.2228036226863,44798.5285837081,960,540,711.0,252.0,12.0,10.0,0.0
4256,70.933,15,378.93012356997053,1.0,1065.0246715548153,40651.75649492237,0.0,0.0,1065.0246715548153,40651.75649492237,960,540,687.0,276.0,11.0,11.0,0.0
4257,70.95,15,379.6112105850067,1.0,452.6610661591497,26337.623434229514,0.0,0.0,452.6610661591497,26337.623434229514,960,540,682.0,281.0,11.0,11.0,0.0
4258,70.967,15,379.7285848944497,1.0,187.33904656357802,14077.11995127038,0.0,0.0,187.33904656357802,14077.11995127038,960,540,680.0,284.0,11.0,11.0,0.0
4259,70.983,15,379.42614803682045,1.0,20.203050891039137,5696.13187762976,0.0,0.0,20.203050891039137,5696.13187762976,960,540,679.0,285.0,11.0,11.0,0.0
4260,71.0,15,379.2982092223408,1.0,6.388765649997946,1306.2643417824165,0.0,0.0,6.388765649997946,1306.2643417824165,960,540,679.0,285.0,11.0,11.0,0.0
4261,71.017,15,379.62466545433455,1.0,36.72845752052034,1994.124021279812,0.0,0.0,36.72845752052034,1994.124021279812,960,540,679.0,285.0,11.0,11.0,0.0
4262,71.033,15,380.3099940968914,1.0,72.57649026217538,1552.3517379664681,0.0,0.0,72.57649026217538,1552.3517379664681,960,540,679.0,284.0,11.0,11.0,0.0
4263,71.05,15,381.5448309830535,1.0,88.3060540601469,368.6710828732549,0.0,0.0,88.3060540601469,368.6710828732549,960,540,678.0,283.0,11.0,11.0,0.0
4264,71.067,15,382.6211929889186,1.0,81.82859138068359,1169.7723483390882,0.0,0.0,81.82859138068359,1169.7723483390882,960,540,678.0,281.0,11.0,11.0,0.0
4265,71.083,15,383.8771209526949,1.0,84.03109239915786,1962.557681460833,0.0,0.0,84.03109239915786,1962.557681460833,960,540,678.0,279.0,11.0,11.0,0.0
4266,71.1,15,385.36019314149473,1.0,90.19253781522563,1827.3433375995062,0.0,0.0,90.19253781522563,1827.3433375995062,960,540,677.0,280.0,11.0,11.0,0.0
4267,71.117,15,386.8041774016008,1.0,89.73885014022629,999.5917534020085,0.0,0.0,89.73885014022629,999.5917534020085,960,540,675.0,278.0,11.0,11.0,0.0
4268,71.133,15,387.9832529055187,1.0,63.40668863192049,1850.3171267078017,0.0,0.0,63.40668863192049,1850.3171267078017,960,540,673.0,278.0,11.0,11.0,0.0
4269,71.15,15,388.6681281404481,1.0,28.066975291980487,1552.3517379663779,0.0,0.0,28.066975291980487,1552.3517379663779,960,540,673.0,278.0,11.0,11.0,0.0
4270,71.167,15,388.8118799683664,1.0,14.142135623731352,479.1574237498918,0.0,0.0,14.142135623731352,479.1574237498918,960,540,673.0,278.0,11.0,11.0,0.0
4271,71.183,15,389.1390491154615,1.0,19.21946292439146,271.05237087151374,0.0,0.0,19.21946292439146,271.05237087151374,960,540,673.0,278.0,11.0,11.0,0.0
4272,71.2,15,389.4494340450436,1.0,19.897697538833725,128.5714285714505,0.0,0.0,19.897697538833725,128.5714285714505,960,540,672.0,277.0,11.0,11.0,0.0
4273,71.217,15,389.7567850261534,1.0,22.587697572632294,848.5281374238812,0.0,0.0,22.587697572632294,848.5281374238812,960,540,672.0,277.0,11.0,11.0,0.0
4274,71.233,15,390.1833280375499,1.0,27.180425129202973,1127.395408968417,0.0,0.0,27.180425129202973,1127.395408968417,960,540,672.0,278.0,11.0,11.0,0.0
4275,71.25,15,390.3319739486142,1.0,19.89769753882993,4397.6106685148425,0.0,0.0,19.89769753882993,4397.6106685148425,960,540,672.0,277.0,11.0,11.0,0.0
4276,71.267,15,389.94212606232327,1.0,119.90642610138377,14190.115847134497,0.0,0.0,119.90642610138377,14190.115847134497,960,540,672.0,277.0,11.0,11.0,0.0
4277,71.283,15,388.5163943286461,1.0,491.0068788744529,26522.33944801858,0.0,0.0,491.0068788744529,26522.33944801858,960,540,672.0,281.0,11.0,11.0,0.0
4278,71.3,15,378.3422157247946,1.0,993.6985129775865,27393.224992873904,0.0,0.0,993.6985129775865,27393.224992873904,960,540,671.0,292.0,11.0,11.0,0.0
4279,71.317,15,364.0789827344264,1.0,1401.6913981009477,20013.735079608177,0.0,0.0,1401.6913981009477,20013.735079608177,960,540,674.0,308.0,11.0,11.0,0.0
4281,71.35,15,344.5305228555793,1.0,1660.1432197867978,4470.310220710649,0.0,0.0,1660.1432197867978,4470.310220710649,960,540,682.0,347.0,11.0,10.0,0.0
4282,71.367,15,325.68734572521134,1.0,1547.4231377832475,14416.126174445852,0.0,0.0,1547.4231377832475,14416.126174445852,960,540,682.0,363.0,11.0,10.0,0.0
4284,71.4,15,311.98820039900386,1.0,1194.1114021800245,19068.539106954868,0.0,0.0,1194.1114021800245,19068.539106954868,960,540,687.0,396.0,11.0,10.0,0.0
4285,71.417,15,304.1528922423897,1.0,923.1058930566584,15578.615641517252,0.0,0.0,923.1058930566584,15578.615641517252,960,540,686.0,408.0,11.0,10.0,0.0
4286,71.433,15,297.8913801646794,1.0,680.0735254367761,12449.834028891297,0.0,0.0,680.0735254367761,12449.834028891297,960,540,686.0,419.0,11.0,10.0,0.0
4287,71.45,15,295.2998168970152,1.0,512.4829514337123,6295.333548732433,0.0,0.0,512.4829514337123,6295.333548732433,960,540,686.0,432.0,11.0,10.0,0.0
4288,71.467,15,292.5867470258138,1.0,477.06586205124404,4592.318342090774,0.0,0.0,477.06586205124404,4592.318342090774,960,540,685.0,439.0,11.0,10.0,0.0
4289,71.483,15,291.4175923857852,1.0,381.1288281847362,5459.535750615141,0.0,0.0,381.1288281847362,5459.535750615141,960,540,685.0,445.0,11.0,10.0,0.0
4290,71.5,15,291.4654582942633,1.0,328.42232641798006,3916.917780341888,0.0,0.0,328.42232641798006,3916.917780341888,960,540,682.0,452.0,11.0,10.0,0.0
4291,71.517,15,292.12339361561897,1.0,278.65566491969605,4075.035995834557,0.0,0.0,278.65566491969605,4075.035995834557,960,540,680.0,456.0,11.0,10.0,0.0
4292,71.533,15,293.2910065318603,1.0,204.84439091612006,3691.1919428802707,0.0,0.0,204.84439091612006,3691.1919428802707,960,540,678.0,460.0,11.0,10.0,0.0
4293,71.55,15,294.22040036498123,1.0,160.87769470334143,1909.4288065668595,0.0,0.0,160.87769470334143,1909.4288065668595,960,540,676.0,462.0,11.0,10.0,0.0
4294,71.567,15,295.33049245420415,1.0,149.51622668064024,709.4119438819362,0.0,0.0,149.51622668064024,709.4119438819362,960,540,675.0,463.0,11.0,10.0,0.0
4295,71.583,15,296.6560611113559,1.0,151.53634978487406,154.5236260911368,0.0,0.0,151.53634978487406,154.5236260911368,960,540,673.0,466.0,11.0,10.0,0.0
4296,71.6,15,297.94953079757397,1.0,148.52334386711652,1195.3993440842164,0.0,0.0,148.52334386711652,1195.3993440842164,960,540,671.0,467.0,11.0,10.0,0.0
4297,71.617,15,299.2813539099723,1.0,119.26646551281155,2176.0289613918644,0.0,0.0,119.26646551281155,2176.0289613918644,960,540,669.0,469.0,11.0,10.0,0.0
4298,71.633,15,300.60487018985503,1.0,80.11471367320227,2264.5448251925545,0.0,0.0,80.11471367320227,2264.5448251925545,960,540,668.0,470.0,11.0,10.0,0.0
4299,71.65,15,301.17948408325105,1.0,44.49260429256363,1943.277265500973,0.0,0.0,44.49260429256363,1943.277265500973,960,540,667.0,470.0,11.0,10.0,0.0
4300,71.667,15,301.43783932190206,1.0,20.05095549659287,1770.1608366911123,0.0,0.0,20.05095549659287,1770.1608366911123,960,540,666.0,470.0,11.0,10.0,0.0
4301,71.683,15,301.8390870432793,1.0,38.43892584877938,1301.333695773429,0.0,0.0,38.43892584877938,1301.333695773429,960,540,667.0,471.0,11.0,10.0,0.0
4302,71.7,15,302.492173021434,1.0,54.00302334696149,943.8306662378845,0.0,0.0,54.00302334696149,943.8306662378845,960,540,666.0,470.0,11.0,10.0,0.0
4303,71.717,15,303.2369772951398,1.0,69.70784513575242,455.5776776885916,0.0,0.0,69.70784513575242,455.5776776885916,960,540,665.0,468.0,11.0,10.0,0.0
4304,71.733,15,304.4921164490011,1.0,55.14359733033912,1372.098050878571,0.0,0.0,55.14359733033912,1372.098050878571,960,540,664.0,468.0,11.0,10.0,0.0
4305,71.75,15,304.9298830224596,1.0,24.989793835051163,1548.2050172732618,0.0,0.0,24.989793835051163,1548.2050172732618,960,540,664.0,468.0,11.0,10.0,0.0
4306,71.767,15,305.2875860628497,1.0,11.517511068994462,2755.2176846478574,0.0,0.0,11.517511068994462,2755.2176846478574,960,540,663.0,468.0,11.0,10.0,0.0
4307,71.783,15,305.2086755007255,1.0,75.7681748924349,5236.644820836293,0.0,0.0,75.7681748924349,5236.644820836293,960,540,664.0,468.0,11.0,10.0,0.0
4308,71.8,15,304.6059869014987,1.0,179.14194577120313,6042.857142856997,0.0,0.0,179.14194577120313,6042.857142856997,960,540,663.0,469.0,11.0,10.0,0.0
4309,71.817,15,303.3929260442576,1.0,277.15758429205835,7685.900157072614,0.0,0.0,277.15758429205835,7685.900157072614,960,540,664.0,474.0,11.0,10.0,0.0
4310,71.833,15,302.52621932435056,1.0,434.28806390341344,9991.598511565971,0.0,0.0,434.28806390341344,9991.598511565971,960,540,664.0,481.0,11.0,10.0,0.0
4311,71.85,15,300.6160945145475,1.0,610.1672570964852,10476.88417616703,0.0,0.0,610.1672570964852,10476.88417616703,960,540,664.0,487.0,11.0,10.0,0.0
4312,71.867,15,298.6409313802979,1.0,783.112575638042,9943.22659412138,0.0,0.0,783.112575638042,9943.22659412138,960,540,663.0,498.0,11.0,10.0,0.0
4313,71.883,15,296.5806418118112,1.0,941.5846391339758,5606.428525926881,0.0,0.0,941.5846391339758,5606.428525926881,960,540,665.0,516.0,11.0,10.0,0.0
4314,71.9,15,295.468988055421,1.0,965.8928406359757,3617.3053450299494,0.0,0.0,965.8928406359757,3617.3053450299494,960,540,665.0,530.0,11.0,10.0,0.0
4315,71.917,15,296.16921145530836,1.0,873.6704184073106,7384.622743324217,0.0,0.0,873.6704184073106,7384.622743324217,960,540,664.0,548.0,11.0,10.0,0.0
4316,71.933,15,298.67357939643495,1.0,762.435678116725,8335.135859475848,0.0,0.0,762.435678116725,8335.135859475848,960,540,662.0,560.0,11.0,10.0,0.0
4317,71.95,15,302.32467417791116,1.0,627.9737418142314,8558.561771222756,0.0,0.0,627.9737418142314,8558.561771222756,960,540,659.0,571.0,11.0,10.0,0.0
4318,71.967,15,306.17937104944866,1.0,498.5959879337978,7675.7370183916855,0.0,0.0,498.5959879337978,7675.7370183916855,960,540,657.0,581.0,11.0,10.0,0.0
4319,71.983,15,310.0880461608964,1.0,390.9929797375969,7084.403680635792,0.0,0.0,390.9929797375969,7084.403680635792,960,540,653.0,587.0,11.0,10.0,0.0
4320,72.0,15,313.65779987033835,1.0,281.35241899345857,5862.662904050673,0.0,0.0,281.35241899345857,5862.662904050673,960,540,651.0,592.0,11.0,10.0,0.0
4321,72.017,15,316.6065571306772,1.0,205.25742920756534,3412.462154981897,0.0,0.0,205.25742920756534,3412.462154981897,960,540,648.0,595.0,11.0,10.0,0.0
4322,72.033,15,318.79947706350436,1.0,170.13799921096702,1552.9432227423088,0.0,0.0,170.13799921096702,1552.9432227423088,960,540,646.0,597.0,11.0,10.0,0.0
4323,72.05,15,321.0277041753138,1.0,154.71501121054118,879.3550512294437,0.0,0.0,154.71501121054118,879.3550512294437,960,540,645.0,599.0,11.0,10.0,0.0
4324,72.067,15,322.9182587189196,1.0,141.0239522281234,844.1878115825183,0.0,0.0,141.0239522281234,844.1878115825183,960,540,643.0,601.0,11.0,10.0,0.0
4325,72.083,15,324.65744025778827,1.0,128.3251609731158,1420.1178450668053,0.0,0.0,128.3251609731158,1420.1178450668053,960,540,641.0,603.0,11.0,10.0,0.0
4326,72.1,15,326.52402827829394,1.0,105.45334590834874,1610.995382503979,0.0,0.0,105.45334590834874,1610.995382503979,960,540,640.0,604.0,11.0,10.0,0.0
4327,72.117,15,327.85997854706204,1.0,78.89543583705091,1366.7330330659386,0.0,0.0,78.89543583705091,1366.7330330659386,960,540,639.0,605.0,11.0,10.0,0.0
4328,72.133,15,328.99065732587286,1.0,61.97431989566934,891.7993734293135,0.0,0.0,61.97431989566934,891.7993734293135,960,540,637.0,605.0,11.0,10.0,0.0
4329,72.15,15,329.8598101179741,1.0,52.85714285714485,582.9201646601008,0.0,0.0,52.85714285714485,582.9201646601008,960,540,637.0,606.0,11.0,10.0,0.0
4330,72.167,15,330.73772072338113,1.0,42.97602558997621,1072.28537170265,0.0,0.0,42.97602558997621,1072.28537170265,960,540,636.0,606.0,11.0,10.0,0.0
4331,72.183,15,331.27089845512467,1.0,23.430313524083196,2702.719718644631,0.0,0.0,23.430313524083196,2702.719718644631,960,540,636.0,606.0,11.0,10.0,0.0
4332,72.2,15,331.32818676795216,1.0,47.68091219507772,3624.9137920780977,0.0,0.0,47.68091219507772,3624.9137920780977,960,540,635.0,606.0,11.0,10.0,0.0
4333,72.217,15,329.6836180065059,1.0,100.74214407006995,10966.153865974988,0.0,0.0,100.74214407006995,10966.153865974988,960,540,637.0,606.0,11.0,10.0,0.0
4334,72.233,15,327.99250931660146,1.0,406.59110483457556,35458.892554964084,0.0,0.0,406.59110483457556,35458.892554964084,960,540,641.0,604.0,11.0,10.0,0.0
4335,72.25,15,317.54459397224554,1.0,1272.1675220196446,51870.476444029744,0.0,0.0,1272.1675220196446,51870.476444029744,960,540,648.0,597.0,11.0,10.0,0.0
4336,72.267,15,292.9227955833007,1.0,2129.824175937569,34851.606703220226,0.0,0.0,2129.824175937569,34851.606703220226,960,540,659.0,586.0,11.0,10.0,0.0
4338,72.3,15,263.13088317034345,1.0,2425.7942103608902,5233.662626669523,0.0,0.0,2425.7942103608902,5233.662626669523,960,540,698.0,547.0,11.0,9.0,0.0
4340,72.333,15,237.81870607976063,1.0,2190.9205035923246,29195.655953079633,0.0,0.0,2190.9205035923246,29195.655953079633,960,540,734.0,506.0,11.0,9.0,0.0
4341,72.35,15,222.20417160249548,1.0,1480.2350888853375,43709.95776894823,0.0,0.0,1480.2350888853375,43709.95776894823,960,540,742.0,491.0,11.0,9.0,0.0
4342,72.367,15,218.02621594432728,1.0,763.4574951749422,28491.620680115804,0.0,0.0,763.4574951749422,28491.620680115804,960,540,748.0,479.0,11.0,9.0,0.0
4343,72.383,15,217.61417625057314,1.0,550.7694061724171,7750.036207947357,0.0,0.0,550.7694061724171,7750.036207947357,960,540,756.0,466.0,11.0,9.0,0.0
4344,72.4,15,217.0612054085763,1.0,508.3546889681674,5717.374165378646,0.0,0.0,508.3546889681674,5717.374165378646,960,540,759.0,459.0,11.0,9.0,0.0
4345,72.417,15,217.2793065437993,1.0,365.6166164222916,7048.664658599412,0.0,0.0,365.6166164222916,7048.664658599412,960,540,761.0,453.0,11.0,9.0,0.0
4346,72.433,15,218.49729005101483,1.0,280.9967680836742,3742.339113551469,0.0,0.0,280.9967680836742,3742.339113551469,960,540,762.0,446.0,11.0,9.0,0.0
4347,72.45,15,219.11519144089826,1.0,241.23830203213436,3349.7182336575183,0.0,0.0,241.23830203213436,3349.7182336575183,960,540,764.0,443.0,11.0,9.0,0.0
4348,72.467,15,219.55490947971103,1.0,177.70073443970062,3131.212192732724,0.0,0.0,177.70073443970062,3131.212192732724,960,540,764.0,440.0,11.0,9.0,0.0
4349,72.483,15,219.3626099601438,1.0,144.06631126261615,1212.9404312644592,0.0,0.0,144.06631126261615,1212.9404312644592,960,540,767.0,437.0,11.0,9.0,0.0
4350,72.5,15,219.3450775343474,1.0,159.14311361866925,1642.6086768631799,0.0,0.0,159.14311361866925,1642.6086768631799,960,540,767.0,435.0,11.0,9.0,0.0
4351,72.517,15,218.58685493855197,1.0,182.86272312913943,1913.2726530471052,0.0,0.0,182.86272312913943,1913.2726530471052,960,540,769.0,434.0,11.0,9.0,0.0
4352,72.533,15,217.79028898765057,1.0,213.33599062970728,1419.471013858172,0.0,0.0,213.33599062970728,1419.471013858172,960,540,771.0,431.0,11.0,9.0,0.0
4353,72.55,15,216.47223615268413,1.0,228.51785086348343,1303.4491136351744,0.0,0.0,228.51785086348343,1303.4491136351744,960,540,775.0,428.0,11.0,9.0,0.0
4354,72.567,15,215.62378528364042,1.0,171.7734625865726,4211.572976783776,0.0,0.0,171.7734625865726,4211.572976783776,960,540,777.0,426.0,11.0,9.0,0.0
4355,72.583,15,215.29447744459372,1.0,94.81453432025909,3977.179802784119,0.0,0.0,94.81453432025909,3977.179802784119,960,540,779.0,424.0,11.0,9.0,0.0
4356,72.6,15,215.71099545477702,1.0,46.11432111877043,2139.8550399119868,0.0,0.0,46.11432111877043,2139.8550399119868,960,540,779.0,423.0,11.0,9.0,0.0
4357,72.617,15,215.73190824685105,1.0,23.647064796067525,818.7845646232802,0.0,0.0,23.647064796067525,818.7845646232802,960,540,778.0,423.0,11.0,9.0,0.0
4358,72.633,15,215.81937942443318,1.0,23.25545799442894,644.2841305014441,0.0,0.0,23.25545799442894,644.2841305014441,960,540,779.0,422.0,11.0,9.0,0.0
4359,72.65,15,215.60409253201433,1.0,37.252585172583714,702.9094057224147,0.0,0.0,37.252585172583714,702.9094057224147,960,540,780.0,423.0,11.0,9.0,0.0
4360,72.667,15,215.30730029446474,1.0,46.642364906613196,669.4499722205098,0.0,0.0,46.642364906613196,669.4499722205098,960,540,780.0,421.0,11.0,9.0,0.0
4361,72.683,15,215.42260317613793,1.0,40.908060180793974,36463.06770038095,0.0,0.0,40.908060180793974,36463.06770038095,960,540,780.0,422.0,11.0,9.0,0.0
4362,72.7,15,215.5142349997523,1.0,1223.698809148041,52559.86091678541,0.0,0.0,1223.698809148041,52559.86091678541,960,540,781.0,421.0,11.0,9.0,0.0
4363,72.717,15,174.80775965175746,1.0,1753.1388759500294,169968.84048170425,0.0,0.0,1753.1388759500294,169968.84048170425,960,540,781.0,422.0,11.0,9.0,0.0
4364,72.733,15,273.64386292921125,1.0,4457.923466441924,56055.99605642186,0.0,0.0,4457.923466441924,56055.99605642186,960,540,781.0,428.0,11.0,9.0,0.0
4365,72.75,15,320.1354765657961,1.0,2375.6266627600303,170659.67207711955,0.0,0.0,2375.6266627600303,170659.67207711955,960,540,781.0,441.0,11.0,9.0,0.0
4367,72.783,15,324.27644906699817,1.0,2481.028424024264,144340.03857105595,0.0,0.0,2481.028424024264,144340.03857105595,960,540,411.0,271.0,14.0,11.0,0.0
4370,72.833,15,294.1839437218905,1.0,3882.53493880227,131416.72384488254,0.0,0.0,3882.53493880227,131416.72384488254,960,540,777.0,567.0,10.0,9.0,0.0
4371,72.85,15,235.74206666495715,1.0,5502.791313951266,69839.80065193406,0.0,0.0,5502.791313951266,69839.80065193406,960,540,777.0,566.0,10.0,9.0,0.0
4372,72.867,15,158.88834340169385,1.0,1868.1940422750358,243685.53715886726,0.0,0.0,1868.1940422750358,243685.53715886726,960,540,777.0,566.0,10.0,9.0,0.0
4373,72.883,15,186.19360002251,1.0,2625.2105843616105,269504.8657316933,0.0,0.0,2625.2105843616105,269504.8657316933,960,540,776.0,573.0,11.0,10.0,0.0
