frame,time_s,pan_dx,pan_dy,n_targets,ball_x,ball_y
775,0.0,0.0,0.0,1,960.0,540.0
776,0.016666666666666666,0.0,0.0,7,960.0,540.0
777,0.03333333333333333,-0.10927208241855624,-0.05063291139242665,7,959.8907279175814,539.9493670886076
778,0.05,-0.08571428571428896,-0.11896181896184999,7,959.8050136318672,539.8304052696458
779,0.06666666666666667,-0.00503680743906898,-0.02602685897880974,7,959.7999768244281,539.8043784106669
780,0.08333333333333333,0.0,-0.0036390592358088725,7,959.7999768244281,539.800739351431
781,0.1,0.0,0.0,7,959.7999768244281,539.800739351431
782,0.11666666666666667,0.0,0.0317815197396385,7,959.7999768244281,539.8325208711707
783,0.13333333333333333,-0.01739775203679983,-0.0311848500084011,7,959.7825790723913,539.8013360211623
784,0.15,0.0,0.0,7,959.7825790723913,539.8013360211623
785,0.16666666666666666,0.022807017543868824,0.19753703571456072,7,959.8053860899352,539.9988730568768
786,0.18333333333333332,1.264285177484453,0.0,7,961.0696712674196,539.9988730568768
787,0.2,9.172186168469466,-1.06596725480847,7,970.2418574358891,538.9329058020684
788,0.21666666666666667,7.238477071889861,-0.5500245821042427,7,977.4803345077789,538.3828812199641
789,0.23333333333333334,14.947189446083257,-1.0561701081612682,7,992.4275239538622,537.3267111118029
790,0.25,22.684693161652376,-7.810272756504389,7,1015.1122171155146,529.5164383552985
791,0.26666666666666666,9.004019906696612,-3.945568089950939,7,1024.1162370222112,525.5708702653476
792,0.2833333333333333,13.589984350547638,-6.009389671361532,7,1037.7062213727588,519.5614805939861
793,0.3,15.118387090218107,-6.924089994512514,7,1052.8246084629768,512.6373905994735
794,0.31666666666666665,8.844030595277673,-5.006595721095209,7,1061.6686390582545,507.6307948783783
795,0.3333333333333333,6.79405352413562,-4.619735378587961,7,1068.46269258239,503.01105949979035
796,0.35,8.628556092324288,-7.847711811997556,7,1077.0912486747143,495.1633476877928
797,0.36666666666666664,2.3282232059900707,-3.1522881880024443,7,1079.4194718807044,492.01105949979035
798,0.38333333333333336,4.532110091743107,-6.183194332843868,7,1083.9515819724475,485.8278651669465
799,0.4,2.6946736713077826,-4.389744409548342,6,1086.6462556437552,481.4381207573981
800,0.4166666666666667,2.0330920709441784,-4.777309691482245,6,1088.6793477146994,476.6608110659159
801,0.43333333333333335,1.6507867460100556,-5.733684949309946,6,1090.3301344607094,470.9271261166059
802,0.45,0.9360046460144531,-3.7271174443295223,6,1091.2661391067238,467.2000086722764
803,0.4666666666666667,0.6199246085148502,-3.271369204633629,6,1091.8860637152386,463.92863946764277
804,0.48333333333333334,0.7984195511726284,-2.129163022218094,6,1092.6844832664112,461.79947644542466
805,0.5,1.0003739312840594,-2.4481393691848012,6,1093.6848571976952,459.3513370762399
806,0.5166666666666667,0.7193707937966565,-1.622397936699457,6,1094.404227991492,457.72893913954044
807,0.5333333333333333,0.27727727727727824,-1.3773088837169354,6,1094.6815052687693,456.3516302558235
808,0.55,0.004205078440861598,-0.6725245637526314,6,1094.6857103472103,455.6791056920709
809,0.5666666666666667,0.011505762119099927,-0.22543337006689512,6,1094.6972161093295,455.45367232200397
810,0.5833333333333334,0.0,0.0,6,1094.6972161093295,455.45367232200397
811,0.6,0.0,0.0,6,1094.6972161093295,455.45367232200397
812,0.6166666666666667,0.038757319241540245,-0.41221770740934005,6,1094.735973428571,455.0414546145946
813,0.6333333333333333,0.16487172200862688,-0.4470477221537834,6,1094.9008451505797,454.5944068924408
814,0.65,0.010278835950373377,-0.07316241016476965,6,1094.9111239865301,454.5212444822761
815,0.6666666666666666,-0.029043946855040303,-0.11486884078166781,7,1094.8820800396752,454.4063756414944
816,0.6833333333333333,0.031684143159509404,-0.03313826735512748,7,1094.9137641828347,454.37323737413925
817,0.7,0.0,-0.004238376573340474,7,1094.9137641828347,454.3689989975659
818,0.7166666666666667,1.5743113038146248,0.048307274558737845,7,1096.4880754866494,454.4173062721246
819,0.7333333333333333,4.49410889956539,0.41768422331574584,7,1100.9821843862148,454.83499049544037
820,0.75,8.52333463331297,0.937350270210004,7,1109.5055190195278,455.77234076565037
821,0.7666666666666667,19.034290271132477,2.8916603744108897,7,1128.5398092906603,458.66400114006126
822,0.7833333333333333,15.93845381165761,1.2469497724134015,6,1144.478263102318,459.9109509124747
823,0.8,13.76620973288874,0.26856263724350526,6,1158.2444728352066,460.1795135497182
824,0.8166666666666667,13.695377832699137,-0.6064693433623347,6,1171.9398506679058,459.57304420635586
825,0.8333333333333334,16.89608361061204,-0.8067876892772716,6,1188.835934278518,458.7662565170786
826,0.85,12.228809503582966,-0.5138324385246449,6,1201.0647437821008,458.252424078554
827,0.8666666666666667,13.833089605362602,-1.061334754124232,6,1214.8978333874634,457.19108932442975
828,0.8833333333333333,8.54005876334628,-1.0750759454235492,6,1223.4378921508096,456.1160133790062
829,0.9,6.118228489515559,-1.0792031584111044,6,1229.5561206403252,455.03681022059504
830,0.9166666666666666,3.5064375640463368,-1.2413977426998173,6,1233.0625582043715,453.79541247789524
831,0.9333333333333333,3.0323861913066708,-1.5051272613335698,6,1236.094944395678,452.29028521656164
832,0.95,2.5038556943929393,-1.0572738868689555,6,1238.598800090071,451.23301132969266
833,0.9666666666666667,4.811416303510725,-1.4890127867184901,6,1243.4102163935818,449.74399854297417
834,0.9833333333333333,5.030841799709833,-1.2920608226473291,5,1248.4410581932916,448.45193772032684
835,1.0,4.778735430827169,-1.5031298904538062,5,1253.2197936241187,446.94880782987303
836,1.0166666666666666,7.4611650485436485,-3.1067961165048814,5,1260.6809586726622,443.84201171336815
837,1.0333333333333334,2.3606740319160053,-1.171013618774822,5,1263.0416327045782,442.6709980945933
838,1.05,2.3458632762116167,-1.2304004512126312,5,1265.38749598079,441.44059764338067
839,1.0666666666666667,1.901366607248974,-1.235924569257918,5,1267.288862588039,440.20467307412275
840,1.0833333333333333,0.4757504690431915,-0.6914038765341957,5,1267.764613057082,439.51326919758856
841,1.1,0.8040920873017967,-0.7078146290102723,5,1268.5687051443838,438.8054545685783
842,1.1166666666666667,0.9837664106337343,-0.4042735042734762,5,1269.5524715550175,438.4011810643048
843,1.1333333333333333,0.0,0.0,5,1269.5524715550175,438.4011810643048
844,1.15,0.9254727474972242,-0.21617431384876795,5,1270.4779443025147,438.18500675045607
845,1.1666666666666667,0.9209744503862112,-0.15940674666381938,5,1271.398918752901,438.02560000379225
846,1.1833333333333333,1.5125000000000455,-0.4876187588437517,5,1272.911418752901,437.53798124494847
847,1.2,0.024054982818029202,0.0006842086108349577,5,1272.935473735719,437.5386654535593
848,1.2166666666666666,0.03332759090960735,0.0,5,1272.9688013266286,437.5386654535593
849,1.2333333333333334,0.0353129175923641,0.014635866690170474,6,1273.004114244221,437.5533013202495
850,1.25,-1.9685075818713926,2.1118331686535328,6,1271.0356066623497,439.66513448890305
851,1.2666666666666666,-10.169889958462193,9.281355418322264,6,1260.8657167038875,448.9464899072253
852,1.2833333333333334,-7.775319287026434,7.0196130284574565,6,1253.0903974168612,455.9661029356828
853,1.3,-12.605283204190755,13.41120789942228,6,1240.4851142126704,469.37731083510505
854,1.3166666666666667,-21.61426426426425,23.75921353867966,6,1218.8708499484062,493.1365243737847
855,1.3333333333333333,-8.4042173477294,10.375981889777307,6,1210.4666326006768,503.51250626356205
856,1.35,-12.312366601959297,13.73332680133214,6,1198.1542659987176,517.2458330648942
857,1.3666666666666667,-18.105220959441283,20.135124523612177,6,1180.0490450392763,537.3809575885064
858,1.3833333333333333,-5.671102323230514,7.154085467769789,6,1174.3779427160457,544.5350430562762
859,1.4,-7.19843285508756,9.993659420289816,6,1167.1795098609582,554.528702476566
860,1.4166666666666667,-5.540749366744706,10.541196806168557,6,1161.6387604942136,565.0698992827345
861,1.4333333333333333,-2.506151495655388,5.0768426993512605,6,1159.1326089985582,570.1467419820857
862,1.45,-2.45067610240028,5.771775190645258,6,1156.6819328961578,575.918517172731
863,1.4666666666666666,-2.6380059074651285,4.708433315700347,6,1154.0439269886926,580.6269504884312
864,1.4833333333333334,-1.876947679617956,3.48391955707541,5,1152.1669793090746,584.1108700455067
865,1.5,-1.6242937853106696,3.169848691473476,5,1150.5426855237638,587.2807187369801
866,1.5166666666666666,-1.3762321144674843,3.437810295270424,5,1149.1664534092963,590.7185290322506
867,1.5333333333333334,-1.4197811447811546,3.9774096385542634,5,1147.7466722645152,594.6959386708048
868,1.55,-0.5752840909090082,2.046157684630714,5,1147.1713881736061,596.7420963554355
869,1.5666666666666667,-0.6070634101594123,3.6780300424263714,5,1146.5643247634466,600.4201263978618
870,1.5833333333333333,-1.3052536231883778,4.909832015810309,5,1145.2590711402581,605.3299584136721
871,1.6,-0.9901667663276612,2.8588342440801853,5,1144.2689043739306,608.1887926577523
872,1.6166666666666667,-1.1332851704048608,2.210932857991679,5,1143.1356192035257,610.399725515744
873,1.6333333333333333,-0.11807191081811652,0.533740546829506,5,1143.0175472927076,610.9334660625734
874,1.65,0.0,0.1309256614296146,5,1143.0175472927076,611.064391724003
875,1.6666666666666667,0.0,0.0,5,1143.0175472927076,611.064391724003
876,1.6833333333333333,0.0,0.0,6,1143.0175472927076,611.064391724003
877,1.7,0.0,0.0,6,1143.0175472927076,611.064391724003
878,1.7166666666666666,0.021833476458255063,0.0,6,1143.0393807691657,611.064391724003
879,1.7333333333333334,0.2833596869737107,0.471963649356411,6,1143.3227404561394,611.5363553733595
880,1.75,3.793856107620229,3.976914006575015,6,1147.1165965637597,615.5132693799345
881,1.7666666666666666,2.631338168407069,3.054799799799781,6,1149.7479347321669,618.5680691797343
882,1.7833333333333334,6.022178985093376,5.913479806462448,6,1155.7701137172603,624.4815489861967
883,1.8,8.910108629776346,9.029832952622343,6,1164.6802223470368,633.511381938819
884,1.8166666666666667,6.412058619220431,6.995250561028087,6,1171.0922809662572,640.5066324998471
885,1.8333333333333333,6.250631420678985,6.924514744232198,6,1177.3429123869362,647.4311472440793
886,1.85,10.311027990384275,9.880128781072159,6,1187.6539403773204,657.3112760251514
887,1.8666666666666667,4.66257709487445,3.9018510550377243,6,1192.3165174721948,661.2131270801891
888,1.8833333333333333,5.79907762016677,4.608907473100373,6,1198.1155950923617,665.8220345532895
889,1.9,7.720753120372251,6.076546082786763,5,1205.8363482127338,671.8985806360763
890,1.9166666666666667,2.028436261347565,1.567371370351509,5,1207.8647844740813,673.4659520064279
891,1.9333333333333333,2.6614371563739496,2.633328665453064,5,1210.5262216304552,676.0992806718809
892,1.95,2.1692211702791155,3.0,5,1212.6954428007343,679.0992806718809
893,1.9666666666666666,0.2143747551377828,0.9815497076023121,5,1212.909817555872,680.0808303794832
894,1.9833333333333334,0.5589120370370892,1.7641496256565574,5,1213.468729592909,681.8449800051399
895,2.0,0.2134841513294532,2.1877530364373,5,1213.6822137442387,684.0327330415771
896,2.0166666666666666,0.44653587597747446,1.9276234567902293,5,1214.1287496202162,685.9603564983673
897,2.033333333333333,0.7774774774775324,1.8333333333333144,5,1214.9062270976938,687.7936898317007
898,2.05,0.3069216757739923,1.1715251897859957,5,1215.2131487734678,688.9652150214868
899,2.066666666666667,0.049999999999954525,0.8739898989899757,5,1215.2631487734677,689.8392049204767
900,2.0833333333333335,0.1257293431204971,0.46549208139737175,5,1215.3888781165883,690.304697001874
901,2.1,0.21117870052012222,0.28869617302757433,5,1215.6000568171085,690.5933931749016
902,2.1166666666666667,0.02426042133561168,0.35872350337763237,5,1215.624317238444,690.9521166782793
903,2.1333333333333333,0.15746421267886035,0.21198119758554412,5,1215.781781451123,691.1640978758649
904,2.15,0.06787386646664118,0.8043093643371719,6,1215.8496553175896,691.968407240202
905,2.1666666666666665,0.6036678697028037,2.563175754337351,6,1216.4533231872924,694.5315829945393
906,2.183333333333333,1.21204432740916,3.929698751694417,6,1217.6653675147015,698.4612817462338
907,2.2,2.213416818400731,4.92715483020902,6,1219.8787843331022,703.3884365764428
908,2.216666666666667,4.450933948893578,9.446852804468023,6,1224.3297182819958,712.8352893809108
909,2.2333333333333334,4.876881675911818,8.184171790448431,6,1229.2065999579077,721.0194611713592
910,2.25,5.135698394042834,8.975990990990965,6,1234.3422983519504,729.9954521623501
911,2.2666666666666666,6.4622339257342105,11.419495317686057,6,1240.8045322776845,741.4149474800362
912,2.283333333333333,4.403755927134796,7.882102345563851,6,1245.2082882048194,749.2970498256
913,2.3,3.341458707024458,7.135483562978038,6,1248.5497469118438,756.432533388578
914,2.316666666666667,3.600259583720174,9.70579764335298,6,1252.150006495564,766.138331031931
915,2.3333333333333335,1.0,3.0,5,1253.150006495564,769.138331031931
916,2.35,0.7072310405644657,3.8085106382978893,5,1253.8572375361284,772.9468416702289
917,2.3666666666666667,0.3498931623931867,2.543775759461994,5,1254.2071306985217,775.4906174296909
918,2.3833333333333333,-0.044980227069800094,1.2634920634920945,5,1254.162150471452,776.754109493183
919,2.4,0.15378887873566782,0.8022648083624517,5,1254.3159393501876,777.5563743015455
920,2.4166666666666665,0.02615549244774229,0.9135070271762515,5,1254.3420948426353,778.4698813287217
921,2.433333333333333,0.4993359168895495,0.9898363479759382,5,1254.8414307595249,779.4597176766977
922,2.45,0.5156805369571202,1.4675162418791388,5,1255.357111296482,780.9272339185768
923,2.466666666666667,1.0553359683793815,2.993057666970685,5,1256.4124472648614,783.9202915855475
924,2.4833333333333334,1.1091520467834926,2.3567808670901513,5,1257.5215993116449,786.2770724526376
925,2.5,1.087170218163351,1.9863964992389356,5,1258.6087695298083,788.2634689518766
926,2.5166666666666666,0.7762557077626298,1.0573105055863152,5,1259.385025237571,789.3207794574629
927,2.533333333333333,0.2743184251709181,0.38662131519265586,5,1259.6593436627418,789.7074007726555
928,2.55,0.33357620898095774,1.038086499712108,5,1259.9929198717227,790.7454872723677
929,2.566666666666667,0.35021476375982274,1.7139839034205124,5,1260.3431346354826,792.4594711757882
930,2.5833333333333335,-0.007355607355520988,1.3760683760682468,5,1260.335779028127,793.8355395518564
931,2.6,0.05878050929595702,0.6500768657631397,5,1260.394559537423,794.4856164176196
932,2.6166666666666667,0.15759235395194082,0.2248952821870489,5,1260.552151891375,794.7105116998066
933,2.6333333333333333,0.20689717495832838,0.3077070829713193,6,1260.7590490663333,795.0182187827779
934,2.65,0.33290335563407325,-0.0990062220226946,6,1261.0919524219673,794.9192125607552
935,2.6666666666666665,0.5456104711142302,-0.11210626812533064,6,1261.6375628930816,794.8071062926299
936,2.683333333333333,2.482063032344172,-1.2960293627660917,6,1264.1196259254257,793.5110769298637
937,2.7,3.166987864383998,-1.1940547068807632,6,1267.2866137898097,792.317022222983
938,2.716666666666667,3.589481367659687,-1.2547017202284678,6,1270.8760951574695,791.0623205027546
939,2.7333333333333334,6.0878142271149045,-2.095890575901308,6,1276.9639093845844,788.9664299268533
940,2.75,6.387862712000583,-1.9128365886986103,5,1283.3517720965851,787.0535933381547
941,2.7666666666666666,3.4732456140350223,-0.8360924626182396,5,1286.8250177106202,786.2175008755364
942,2.783333333333333,6.995072788354037,-1.2449399360471034,5,1293.8200904989742,784.9725609394893
943,2.8,2.370175438596334,-0.3652014163593549,5,1296.1902659375705,784.60735952313
944,2.816666666666667,3.266488413547222,-0.35832754763555386,5,1299.4567543511178,784.2490319754944
945,2.8333333333333335,3.9205838218872486,-0.5608070090828505,5,1303.377338173005,783.6882249664116
946,2.85,2.098949359818903,-0.5695616883116372,5,1305.4762875328238,783.1186632780999
947,2.8666666666666667,1.3707899189597583,-0.5864583333333258,5,1306.8470774517837,782.5322049447666
948,2.8833333333333333,0.809571150097554,-0.26042884990249604,5,1307.6566486018812,782.2717760948641
949,2.9,-0.0071870853605560114,-0.05813953488370771,5,1307.6494615165207,782.2136365599804
950,2.9166666666666665,0.0013886910696783161,0.0,5,1307.6508502075903,782.2136365599804
951,2.933333333333333,0.0,0.0,5,1307.6508502075903,782.2136365599804
952,2.95,0.0,0.0,5,1307.6508502075903,782.2136365599804
953,2.966666666666667,0.0,0.0,5,1307.6508502075903,782.2136365599804
954,2.9833333333333334,0.0,0.0,5,1307.6508502075903,782.2136365599804
955,3.0,0.5473661172210313,-0.05260493377011244,6,1308.1982163248113,782.1610316262103
956,3.0166666666666666,0.5543567099140887,-0.1460596898298263,6,1308.7525730347254,782.0149719363804
957,3.033333333333333,1.690280050918318,-0.10555555555549745,5,1310.4428530856437,781.909416380825
958,3.05,4.437371134020623,-0.006790740476276369,5,1314.8802242196643,781.9026256403487
959,3.066666666666667,4.012628865979423,0.21593396327148184,5,1318.8928530856438,782.1185596036202
960,3.0833333333333335,4.3122402378721745,-0.09128020633113465,5,1323.205093323516,782.027279397289
961,3.1,4.916305916306101,0.05979161733353067,5,1328.121399239822,782.0870710146226
962,3.1166666666666667,3.5473981077147982,-0.2117358078602365,5,1331.6687973475368,781.8753352067623
963,3.1333333333333333,2.59212878695962,-0.15953257767790774,5,1334.2609261344965,781.7158026290845
964,3.15,2.7495934959347323,-0.12357723577235902,5,1337.0105196304312,781.5922253933121
965,3.1666666666666665,1.1594779064962495,-0.15778358286536331,5,1338.1699975369274,781.4344418104467
966,3.183333333333333,0.6877248677249099,-0.17203042328048923,5,1338.8577224046523,781.2624113871663
967,3.2,0.2837143363458381,-0.15835430146177032,5,1339.1414367409982,781.1040570857044
968,3.216666666666667,0.6879536939466107,-0.290826184403727,5,1339.8293904349448,780.8132309013007
969,3.2333333333333334,0.7883432469195668,-0.11712918789805826,5,1340.6177336818644,780.6961017134026
970,3.25,1.3228705441272268,-0.7281869185315486,4,1341.9406042259916,779.9679147948711
971,3.2666666666666666,0.6500565680322552,-0.322196569320397,4,1342.5906607940237,779.6457182255508
972,3.283333333333333,0.3452073164005469,-0.5880469382469471,4,1342.9358681104243,779.0576712873038
973,3.3,0.11294405224180082,-0.2514026616387355,4,1343.048812162666,778.8062686256651
974,3.316666666666667,0.15911520000975088,-0.27396805878345276,4,1343.207927362676,778.5323005668816
975,3.3333333333333335,0.08719631055964783,-0.15908326386147564,5,1343.2951236732356,778.3732173030202
976,3.35,0.05135573239022051,-0.20460414388151094,5,1343.3464794056258,778.1686131591387
977,3.3666666666666667,1.0079672499696244,-0.16800936191168603,5,1344.3544466555954,778.000603797227
978,3.3833333333333333,1.3209594033394296,-0.43280247170406483,5,1345.6754060589349,777.5678013255229
979,3.4,2.53499069301256,-0.6018284742340256,5,1348.2103967519474,776.9659728512888
980,3.4166666666666665,3.686248401414332,-1.009778911564581,5,1351.8966451533618,775.9561939397242
981,3.433333333333333,2.7016666666668243,-0.8727210884353553,5,1354.5983118200286,775.0834728512889
982,3.45,2.9068376068375983,-0.7863247863247125,5,1357.5051494268662,774.2971480649642
983,3.466666666666667,3.0499999999999545,-0.7414141414141113,5,1360.5551494268661,773.5557339235501
984,3.4833333333333334,2.081366428100182,-0.36059083295253913,5,1362.6365158549663,773.1951430905975
985,3.5,1.482048527173447,-0.19181342218007558,5,1364.1185643821398,773.0033296684175
986,3.5166666666666666,1.101543999242267,-0.3030303030303685,5,1365.220108381382,772.7002993653871
987,3.533333333333333,0.13479747423934896,-0.052900260085834816,5,1365.3549058556214,772.6473991053012
988,3.55,0.46055045871571565,-0.19563240383138236,5,1365.815456314337,772.4517667014699
989,3.566666666666667,0.5100285710182106,-0.20652461779218356,5,1366.3254848853553,772.2452420836777
990,3.5833333333333335,0.21199966150470573,-0.0163086389501359,5,1366.53748454686,772.2289334447275
991,3.6,0.15081556475934121,-0.107507654469714,5,1366.6883001116194,772.1214257902578
992,3.6166666666666667,0.0,0.0,5,1366.6883001116194,772.1214257902578
993,3.6333333333333333,0.0,0.0,5,1366.6883001116194,772.1214257902578
994,3.65,-0.04901960784309267,-0.07721872816216546,6,1366.6392805037763,772.0442070620957
995,3.6666666666666665,-0.9515002970885007,0.10824576247972573,6,1365.6877802066879,772.1524528245754
996,3.683333333333333,-4.179049160117074,0.8674003322259409,6,1361.5087310465708,773.0198531568014
997,3.7,-9.617729230622786,1.757938670437511,6,1351.8910018159481,774.777791827239
998,3.716666666666667,-13.449581972099168,2.2581660699630106,6,1338.441419843849,777.035957897202
999,3.7333333333333334,-20.470838833014454,3.1235812921860315,6,1317.9705810108344,780.159539189388
1000,3.75,-18.966684982900574,2.9149318928569983,6,1299.003896027934,783.074471082245
1001,3.7666666666666666,-8.668550364520456,1.1457364766082492,6,1290.3353456634136,784.2202075588533
1002,3.783333333333333,-12.302181579621106,0.980297022294053,6,1278.0331640837926,785.2005045811474
1003,3.8,-17.751803751803777,1.437615544237019,5,1260.2813603319887,786.6381201253844
1004,3.816666666666667,-6.353535353535335,0.3629349617136768,5,1253.9278249784534,787.001055087098
1005,3.8333333333333335,-5.646202962265193,0.5673165930992354,5,1248.281622016188,787.5683716801973
1006,3.85,-4.127667340521043,0.49544782878115257,5,1244.1539546756671,788.0638195089784
1007,3.8666666666666667,-1.190891784641849,0.0990265719547665,5,1242.9630628910254,788.1628460809332
1008,3.8833333333333333,-0.010673357057385147,0.0,5,1242.952389533968,788.1628460809332
1009,3.9,-0.4606788710909768,0.008911466885706432,5,1242.491710662877,788.1717575478189
1010,3.9166666666666665,-1.3962991718425428,0.12771739130437254,5,1241.0954114910346,788.2994749391232
1011,3.933333333333333,-2.0587457133844964,0.314943075675842,5,1239.0366657776501,788.6144180147991
1012,3.95,-3.794535519125702,0.9676921123900684,5,1235.2421302585244,789.5821101271891
1013,3.966666666666667,-0.8895319632209748,0.26918218796834026,5,1234.3525982953033,789.8512923151575
1014,3.9833333333333334,-0.2297448182058588,0.39007130124775813,5,1234.1228534770976,790.2413636164052
1015,4.0,1.1448924334169988,0.22878944518299704,5,1235.2677459105146,790.4701530615882
1016,4.016666666666667,0.38078324225875804,-0.012202022696214954,5,1235.6485291527733,790.457951038892
1017,4.033333333333333,0.04317827955054554,0.02750805001289791,6,1235.691707432324,790.4854590889049
1018,4.05,-0.1449750911973524,-0.025916754236959605,6,1235.5467323411267,790.459542334668
1019,4.066666666666666,-1.3413379176310514,-0.15794957294963297,6,1234.2053944234956,790.3015927617183
1020,4.083333333333333,-6.8046603890675215,-0.8695168656917076,6,1227.400734034428,789.4320758960266
1021,4.1,-10.135505155264639,-0.8373323703939946,6,1217.2652288791635,788.5947435256326
1022,4.116666666666666,-21.466150263515885,-1.8108311476890435,6,1195.7990786156477,786.7839123779436
1023,4.133333333333334,-17.733504841192314,-1.5035834436627908,6,1178.0655737744553,785.2803289342808
1024,4.15,-15.502033607813871,-2.498911708201234,6,1162.5635401666414,782.7814172260795
1025,4.166666666666667,-19.283828330439974,-3.680411521662336,6,1143.2797118362014,779.1010057044172
1026,4.183333333333334,-11.755018070614256,-2.7398312813497228,5,1131.524693765587,776.3611744230675
1027,4.2,-9.409664149820173,-2.266884968368572,5,1122.1150296157668,774.0942894546989
1028,4.216666666666667,-8.193433872305263,-2.4769520001904084,5,1113.9215957434617,771.6173374545085
1029,4.233333333333333,-2.729751032833178,-0.975155279503042,5,1111.1918447106286,770.6421821750055
1030,4.25,-1.379838008262709,-0.5884773662551765,5,1109.812006702366,770.0537048087504
1031,4.266666666666667,-1.7999999999999545,-1.0,5,1108.012006702366,769.0537048087504
1032,4.283333333333333,-0.6900911845615383,-0.3854476730450642,5,1107.3219155178044,768.6682571357053
1033,4.3,-0.43082846064305613,-0.22302332690344429,5,1106.8910870571613,768.4452338088018
1034,4.316666666666666,-0.27364705882359885,-0.08720930232556157,5,1106.6174399983377,768.3580245064763
1035,4.333333333333333,-0.0012623113146901233,-0.08681881999552843,5,1106.616177687023,768.2712056864808
1036,4.35,-0.019506597820054594,-0.06922929814504641,5,1106.596671089203,768.2019763883358
1037,4.366666666666666,-0.2077598104315257,-0.005989115433635561,5,1106.3889112787715,768.1959872729021
1038,4.383333333333334,-0.12006319115334918,-0.0936647624929492,5,1106.2688480876182,768.1023225104092
1039,4.4,0.0,0.0,5,1106.2688480876182,768.1023225104092
1040,4.416666666666667,0.0,0.0,5,1106.2688480876182,768.1023225104092
1041,4.433333333333334,-1.116838317545671,1.8890691908947588,5,1105.1520097700725,769.9913917013039
1042,4.45,-2.260610585697691,4.186892317902675,5,1102.8913991843747,774.1782840192066
1043,4.466666666666667,-3.2495934959349597,6.088617886179009,5,1099.6418056884397,780.2669019053856
1044,4.483333333333333,-5.289049919484796,7.069015089163258,5,1094.352755768955,787.3359169945488
1045,4.5,-7.4241276222875285,7.11836412811067,5,1086.9286281466675,794.4542811226595
1046,4.516666666666667,-5.763955622668107,4.827124074770268,4,1081.1646725239993,799.2814051974298
1047,4.533333333333333,-6.309982928687475,4.844677271934813,4,1074.8546895953118,804.1260824693645
1048,4.55,-3.0375175709336872,2.219156302996055,4,1071.8171720243781,806.3452387723605
1049,4.566666666666666,-2.4735371252431833,2.1093392074877784,4,1069.343634899135,808.4545779798483
1050,4.583333333333333,-1.8594785287214677,2.2787474377682315,4,1067.4841563704135,810.7333254176165
1051,4.6,-1.3588174044527364,1.6249153757580643,4,1066.1253389659607,812.3582407933745
1052,4.616666666666666,-0.7688508813050134,1.0013001985541337,4,1065.3564880846557,813.3595409919287
1053,4.633333333333334,-1.234816670135615,1.1287196946761924,4,1064.12167141452,814.4882606866049
1054,4.65,-0.5104202545091425,0.3074188978579855,4,1063.6112511600109,814.795679584463
1055,4.666666666666667,-0.5013985445830826,0.29105715006272703,4,1063.1098526154278,815.0867367345256
1056,4.683333333333334,-0.6043506507090797,0.32422021504476106,4,1062.5055019647189,815.4109569495704
1057,4.7,-0.0552524806269048,0.16861378078220923,4,1062.450249484092,815.5795707303525
1058,4.716666666666667,-0.05982551922897983,0.22564941381767767,4,1062.390423964863,815.8052201441702
1059,4.733333333333333,0.020234366589022557,0.03221354188406167,4,1062.410658331452,815.8374336860543
1060,4.75,0.0039331041776904385,0.02345457565184006,4,1062.4145914356295,815.8608882617061
1061,4.766666666666667,0.0,0.0,4,1062.4145914356295,815.8608882617061
1062,4.783333333333333,0.0,0.0,4,1062.4145914356295,815.8608882617061
1063,4.8,-1.9043536393088516,-0.7242866037619251,4,1060.5102377963208,815.1366016579442
1064,4.816666666666666,-7.391727328946786,-3.5647280943350097,4,1053.118510467374,811.5718735636092
1065,4.833333333333333,-17.20530098831989,-7.094654312188254,5,1035.9132094790543,804.4772192514209
1066,4.85,-21.77558033522689,-9.042815064169986,5,1014.1376291438274,795.434404187251
1067,4.866666666666666,-33.21636786188583,-13.673990218238032,5,980.9212612819416,781.7604139690129
1068,4.883333333333334,-42.35777264167098,-15.149998698018408,5,938.5634886402706,766.6104152709945
1069,4.9,-36.442603171476435,-13.356448151399832,5,902.1208854687942,753.2539671195947
1070,4.916666666666667,-36.42923770694347,-12.823610051930132,5,865.6916477618507,740.4303570676645
1071,4.933333333333334,-37.91184210526308,-12.71152574058101,5,827.7798056565877,727.7188313270835
1072,4.95,-26.589417989418052,-8.471757710888141,5,801.1903876671696,719.2470736161954
1073,4.966666666666667,-28.216260244020418,-8.764384317858344,5,772.9741274231492,710.482689298337
1074,4.983333333333333,-15.613135672492035,-5.767937363624753,5,757.3609917506571,704.7147519347122
1075,5.0,-12.267254205524637,-5.20149659863938,5,745.0937375451325,699.5132553360729
1076,5.016666666666667,-14.232358389579986,-6.433720849043311,5,730.8613791555525,693.0795344870296
1077,5.033333333333333,-9.749658605347804,-4.07906963567342,5,721.1117205502047,689.0004648513561
1078,5.05,-6.607443594523488,-3.5497053173130553,5,714.5042769556812,685.4507595340431
1079,5.066666666666666,-5.480097799553562,-3.416887183675499,4,709.0241791561277,682.0338723503676
1080,5.083333333333333,-4.129464791229481,-3.874865013492382,4,704.8947143648983,678.1590073368752
1081,5.1,-2.382023871364197,-3.221563695950465,4,702.5126904935341,674.9374436409248
1082,5.116666666666666,-3.3992554849151873,-4.138072815607018,4,699.1134350086189,670.7993708253177
1083,5.133333333333334,-2.5431794320512324,-2.272899556182608,4,696.5702555765677,668.5264712691351
1084,5.15,-1.9605348250776444,-2.0006650068183944,4,694.60972075149,666.5258062623167
1085,5.166666666666667,-0.5645167505560664,-1.2118765222213028,4,694.045204000934,665.3139297400953
1086,5.183333333333334,-0.014040948898923489,-1.2230682175823233,4,694.031163052035,664.090861522513
1087,5.2,0.015246822500103008,-1.0702400792213211,4,694.0464098745351,663.0206214432917
1088,5.216666666666667,0.21128819773326768,-0.8225258677815077,4,694.2576980722683,662.1980955755103
1089,5.233333333333333,-0.10300570235835949,-0.39443457074202115,4,694.15469236991,661.8036610047682
1090,5.25,0.010508248528850572,-0.14586806597270652,4,694.1652006184388,661.6577929387954
1091,5.266666666666667,0.025042402989583934,-0.2078629551185145,4,694.1902430214284,661.4499299836768
1092,5.283333333333333,0.06569931998615175,-0.13328050275336523,4,694.2559423414145,661.3166494809235
1093,5.3,0.0,0.0,5,694.2559423414145,661.3166494809235
1094,5.316666666666666,0.0,0.0,5,694.2559423414145,661.3166494809235
1095,5.333333333333333,-0.06482739105808832,1.258862079237474,5,694.1911149503565,662.575511560161
1096,5.35,-1.9910015882469452,4.547885646217992,5,692.2001133621095,667.123397206379
1097,5.366666666666666,-6.236488390168006,8.662374914990778,5,685.9636249719415,675.7857721213697
1098,5.383333333333334,-15.199138196368096,17.036060365731373,5,670.7644867755735,692.8218324871011
1099,5.4,-13.702829662439171,12.302072582041092,5,657.0616571131343,705.1239050691422
1100,5.416666666666667,-12.186482433590356,10.936416970394475,5,644.875174679544,716.0603220395367
1101,5.433333333333334,-10.93446502057617,10.398951048951062,5,633.9407096589678,726.4592730884877
1102,5.45,-10.880681818181813,10.495398428731733,5,623.060027840786,736.9546715172195
1103,5.466666666666667,-6.936041665479991,5.676134467801148,5,616.1239861753061,742.6308059850206
1104,5.483333333333333,-6.710684114288085,5.0304704704705046,5,609.4133020610179,747.6612764554911
1105,5.5,-3.818713904643573,2.0278802910053173,5,605.5945881563744,749.6891567464965
1106,5.516666666666667,-2.4089600998232754,1.3740452809601038,5,603.1856280565511,751.0632020274566
1107,5.533333333333333,-3.790838004091313,1.5361459991741526,4,599.3947900524597,752.5993480266307
1108,5.55,-4.526752883935558,1.8228620173512127,4,594.8680371685241,754.4222100439819
1109,5.566666666666666,-6.3669779872451215,2.1555961321213317,4,588.501059181279,756.5778061761032
1110,5.583333333333333,-8.148840165243627,3.9945045645434334,4,580.3522190160353,760.5723107406466
1111,5.6,-5.825447718919463,2.8556778590586873,4,574.5267712971158,763.4279885997053
1112,5.616666666666666,-5.74758661368395,2.329171283242715,4,568.7791846834318,765.7571598829479
1113,5.633333333333334,-6.285233915690995,1.586991089507876,4,562.4939507677408,767.3441509724557
1114,5.65,-3.710316773116972,0.7668186237524424,4,558.7836339946239,768.1109695962082
1115,5.666666666666667,-2.3077400076547434,0.6829197324802294,4,556.4758939869691,768.7938893286885
1116,5.683333333333334,-0.45234665573011057,0.6047773770359868,4,556.023547331239,769.3986667057245
1117,5.7,-0.04021624207167207,0.11750698313670682,4,555.9833310891673,769.5161736888613
1118,5.716666666666667,-0.034721354044584984,0.059673419427497265,4,555.9486097351228,769.5758471082888
1119,5.733333333333333,-0.08917854463614105,0.020287185844949818,5,555.8594311904866,769.5961342941338
1120,5.75,-0.08959280049896279,0.005363563980040453,5,555.7698383899876,769.6014978581138
1121,5.766666666666667,0.24133333333332985,0.0013036572137252733,5,556.011171723321,769.6028015153275
1122,5.783333333333333,7.150283975659249,-3.160343270099361,5,563.1614556989803,766.4424582452282
1123,5.8,30.15149965007174,-14.238124162850795,5,593.312955349052,752.2043340823774
1124,5.816666666666666,52.73594704758568,-24.49072379909819,5,646.0489023966377,727.7136102832792
1125,5.833333333333333,64.13067217981336,-34.40112781954883,5,710.179574576451,693.3124824637304
1126,5.85,95.95856741573027,-57.96442663752805,5,806.1381419921813,635.3480558262023
1127,5.866666666666666,64.5330992509364,-42.39356972457176,6,870.6712412431177,592.9544861016306
1128,5.883333333333334,53.002898409370914,-39.800137562644636,6,923.6741396524886,553.1543485389859
1129,5.9,54.13454816558732,-42.21066769249643,6,977.8086878180759,510.9436808464895
1130,5.916666666666667,32.03746848566669,-26.478096757044142,6,1009.8461563037426,484.4655840894453
1131,5.933333333333334,23.60432778708946,-20.332593068035948,6,1033.450484090832,464.13299102140934
1132,5.95,18.771876449980823,-15.297823129251725,6,1052.222360540813,448.83516789215764
1133,5.966666666666667,9.730442696089938,-7.690198847247586,6,1061.952803236903,441.14496904491006
1134,5.983333333333333,6.260424662045978,-4.343754696262749,6,1068.213227898949,436.8012143486473
1135,6.0,4.315831622541793,-1.9594815392869407,6,1072.5290595214908,434.84173280936034
1136,6.016666666666667,1.8807170353359766,-0.5770803518622074,6,1074.4097765568267,434.26465245749813
1137,6.033333333333333,1.3234216923071926,-1.283338422440437,6,1075.733198249134,432.9813140350577
1138,6.05,1.7301413340086924,-1.8421870130744082,6,1077.4633395831427,431.1391270219833
1139,6.066666666666666,4.125652896225461,-4.1381607931912185,6,1081.5889924793682,427.0009662287921
1140,6.083333333333333,5.086894069475534,-3.01668309455232,6,1086.6758865488437,423.9842831342398
1141,6.1,6.9111577958163934,-3.1707472055461494,6,1093.5870443446602,420.8135359286936
1142,6.116666666666666,9.951041962532202,-4.589126559714828,6,1103.5380863071923,416.2244093689788
1143,6.133333333333334,5.9488536155203064,-3.8666666666666174,5,1109.4869399227127,412.3577427023122
1144,6.15,6.396958410924867,-4.167067500400833,5,1115.8838983336377,408.19067520191135
1145,6.166666666666667,2.2141527001862187,-1.9894179894179729,5,1118.098051033824,406.2012572124934
1146,6.183333333333334,1.2758471083344602,-1.0,5,1119.3738981421584,405.2012572124934
1147,6.2,1.2459804686047846,-0.5306152760759346,5,1120.6198786107632,404.67064193641744
1148,6.216666666666667,1.0293383270911818,-0.432218502942078,5,1121.6492169378544,404.23842343347536
1149,6.233333333333333,1.7197849181848142,-0.5021276595744553,5,1123.3690018560392,403.7362957739009
1150,6.25,3.149257425742576,-0.8028386647837351,5,1126.5182592817819,402.93345710911717
1151,6.266666666666667,1.4298512126945297,-0.7933524316899252,5,1127.9481104944764,402.14010467742725
1152,6.283333333333333,0.6933933933933076,-0.2851949078386724,5,1128.6415038878697,401.8549097695886
1153,6.3,0.2075794097168,-0.08376068376071544,5,1128.8490832975865,401.77114908582786
1154,6.316666666666666,0.06752826701472259,-0.07664884135471084,5,1128.9166115646012,401.69450024447315
1155,6.333333333333333,0.0,0.0,5,1128.9166115646012,401.69450024447315
1156,6.35,0.0,0.0,5,1128.9166115646012,401.69450024447315
1157,6.366666666666666,0.024691358024711008,0.0,5,1128.941302922626,401.69450024447315
1158,6.383333333333334,0.6462150959860082,0.19906537176279926,6,1129.587518018612,401.89356561623595
1159,6.4,2.3350806399712383,2.5357114880481504,6,1131.9225986585832,404.4292771042841
1160,6.416666666666667,4.257302182911872,5.512996472727167,6,1136.179900841495,409.9422735770113
1161,6.433333333333334,8.200394865802537,11.28614520551713,6,1144.3802957072976,421.2284187825284
1162,6.45,12.8670190872312,18.89080685855177,6,1157.2473147945288,440.1192256410802
1163,6.466666666666667,8.57542111091675,14.531363837494553,6,1165.8227359054456,454.6505894785748
1164,6.483333333333333,6.276533369193714,11.501545263782873,6,1172.0992692746393,466.15213474235765
1165,6.5,7.7900778253551834,12.543768517394057,6,1179.8893470999944,478.69590325975173
1166,6.516666666666667,10.10573868606889,13.281912752062055,6,1189.9950857860633,491.9778160118138
1167,6.533333333333333,6.999898233948443,8.362395727875281,6,1196.9949840200118,500.34021173968904
1168,6.55,7.8962962962963275,8.068330852322617,5,1204.891280316308,508.40854259201166
1169,6.566666666666666,4.50379135474509,4.8799484826531625,5,1209.395071671053,513.2884910746648
1170,6.583333333333333,2.601918380764573,3.668679925904371,5,1211.9969900518176,516.9571710005691
1171,6.6,1.0280898876404763,3.73733729288665,5,1213.025079939458,520.6945082934558
1172,6.616666666666666,0.06368408103026013,2.130029069502484,5,1213.0887640204883,522.8245373629583
1173,6.633333333333334,0.0,1.049808429118741,5,1213.0887640204883,523.8743457920771
1174,6.65,0.13198909020081828,0.08104188420929859,5,1213.2207531106892,523.9553876762864
1175,6.666666666666667,0.5802060438315948,-0.027474297039532303,5,1213.8009591545208,523.9279133792468
1176,6.683333333333334,0.6817728274741057,-0.4039911822717386,5,1214.482731981995,523.523922196975
1177,6.7,0.932950666713964,-0.38252702256892235,5,1215.4156826487088,523.1413951744062
1178,6.716666666666667,0.5701630446972104,-0.6734293636301345,5,1215.985845693406,522.467965810776
1179,6.733333333333333,0.5955056179775511,-0.5027647866118059,5,1216.5813513113835,521.9652010241642
1180,6.75,1.0750633482591638,-0.42777777777780557,5,1217.6564146596427,521.5374232463864
1181,6.766666666666667,0.6989673924542785,-0.05815372294068766,5,1218.355382052097,521.4792695234457
1182,6.783333333333333,0.7432055749129631,-0.1311318569543687,5,1219.09858762701,521.3481376664913
1183,6.8,0.5746647756575385,-0.06900034381976639,5,1219.6732524026675,521.2791373226715
1184,6.816666666666666,0.9120587952702977,0.40292495613522306,6,1220.5853111979377,521.6820622788068
1185,6.833333333333333,1.5554989893456082,2.5770642987160954,7,1222.1408101872833,524.2591265775229
1186,6.85,1.9436274509803297,4.486829118107721,7,1224.0844376382636,528.7459556956306
1187,6.866666666666666,2.662849623428656,7.685369245270692,7,1226.7472872616922,536.4313249409013
1188,6.883333333333334,3.5006130576811074,10.482892558285187,7,1230.2479003193735,546.9142174991864
1189,6.9,1.8279501158515927,7.729723018809352,6,1232.075850435225,554.6439405179958
1190,6.916666666666667,1.8736589103022538,9.257024975380403,6,1233.9495093455273,563.9009654933762
1191,6.933333333333334,1.276469448239311,6.373860386857189,6,1235.2259787937667,570.2748258802335
1192,6.95,0.9569892473118671,5.521591485483896,5,1236.1829680410785,575.7964173657174
1193,6.966666666666667,1.3316996376164525,6.008595032840731,5,1237.5146676786949,581.8050123985581
1194,6.983333333333333,0.711567131456718,3.349705348792668,5,1238.2262348101517,585.1547177473508
1195,7.0,0.23627374447039529,2.6048804464105046,5,1238.4625085546222,587.7595981937613
1196,7.016666666666667,0.0,2.961381116020334,5,1238.4625085546222,590.7209793097817
1197,7.033333333333333,0.011363636363626028,1.28583813058259,5,1238.4738721909857,592.0068174403643
1198,7.05,-0.06981452455590897,1.2997576134831093,5,1238.4040576664297,593.3065750538474
1199,7.066666666666666,-0.2804735356872925,2.1984670618172686,5,1238.1235841307425,595.5050421156647
1200,7.083333333333333,0.056258193513031074,1.8789387808995457,5,1238.1798423242556,597.3839808965643
1201,7.1,0.5255625327054076,2.0455483628858815,5,1238.705404856961,599.4295292594502
1202,7.116666666666666,1.0128397917872007,1.5357624831308385,5,1239.7182446487482,600.965291742581
1203,7.133333333333334,0.5287564999105143,0.633470486640249,5,1240.2470011486587,601.5987622292213
1204,7.15,0.4066690830011339,0.029411764705855603,5,1240.6536702316598,601.6281739939271
1205,7.166666666666667,0.24908922148745205,0.00373399715499545,5,1240.9027594531472,601.6319079910821
1206,7.183333333333334,0.7032836114802876,-0.557832208091213,6,1241.6060430646276,601.0740757829909
1207,7.2,2.3815738996625555,-2.243591231787235,6,1243.98761696429,598.8304845512037
1208,7.216666666666667,2.508319662966983,-3.3496206431229893,6,1246.495936627257,595.4808639080807
1209,7.233333333333333,3.064581611833546,-5.14456957286572,6,1249.5605182390905,590.3362943352149
1210,7.25,5.857707931925518,-11.388921270672853,6,1255.418226171016,578.947373064542
1211,7.266666666666667,5.350710974213996,-10.591591320102282,6,1260.76893714523,568.3557817444398
1212,7.283333333333333,7.20255488559053,-13.686763119302782,6,1267.9714920308206,554.669018625137
1213,7.3,12.263820561686657,-19.383422778771603,6,1280.2353125925074,535.2855958463654
1214,7.316666666666666,7.399972924493113,-9.0,6,1287.6352855170005,526.2855958463654
1215,7.333333333333333,12.004409419270132,-11.1157956694841,5,1299.6396949362706,515.1698001768813
1216,7.35,7.502011582083128,-8.102962180117714,4,1307.1417065183537,507.0668379967635
1217,7.366666666666666,5.925760810430006,-8.545157176681187,4,1313.0674673287836,498.52168082008234
1218,7.383333333333334,3.0001871641113667,-4.386334848557112,4,1316.067654492895,494.1353459715252
1219,7.4,1.7319640613989122,-2.68469036951214,4,1317.7996185542938,491.45065560201306
1220,7.416666666666667,1.8695949069598328,-1.139171760036703,4,1319.6692134612535,490.3114838419764
1221,7.433333333333334,0.5344208639814951,-0.3084704833048306,4,1320.203634325235,490.0030133586715
1222,7.45,0.5695640131821165,-0.2271500345287336,4,1320.7731983384172,489.7758633241428
1223,7.466666666666667,0.0,0.0,4,1320.7731983384172,489.7758633241428
1224,7.483333333333333,0.006302374882466211,0.009180941452882507,4,1320.7795007132995,489.7850442655957
1225,7.5,0.16977695415130256,-0.1676782164601036,4,1320.9492776674508,489.61736604913557
1226,7.516666666666667,0.13185697059418544,-0.13114115710840224,4,1321.0811346380451,489.48622489202717
1227,7.533333333333333,0.0,0.0,4,1321.0811346380451,489.48622489202717
1228,7.55,0.0,0.0,4,1321.0811346380451,489.48622489202717
1229,7.566666666666666,0.047063062571055525,0.27894772434973447,4,1321.128197700616,489.7651726163769
1230,7.583333333333333,-1.005707619018608,2.807783019169932,4,1320.1224900815973,492.5729556355468
1231,7.6,-2.995022794862848,5.069306823129068,4,1317.1274672867344,497.6422624586759
1232,7.616666666666666,-8.200593837279712,14.317602984557539,4,1308.9268734494547,511.9598654432334
1233,7.633333333333334,-7.925099093640256,15.461707871554495,3,1301.0017743558144,527.4215733147879
1234,7.65,-10.726321182842867,20.461791831357004,4,1290.2754531729715,547.8833651461449
1235,7.666666666666667,-11.827186438622107,20.086996063169266,4,1278.4482667343495,567.9703612093142
1236,7.683333333333334,-15.590935818160347,26.855941854546444,4,1262.8573309161893,594.8263030638607
1237,7.7,-12.632744234509687,20.317480179834178,5,1250.2245866816797,615.1437832436949
1238,7.716666666666667,-14.581601079425127,21.871523538190218,5,1235.6429856022546,637.0153067818851
1239,7.733333333333333,-12.934917462993326,19.290614236962824,5,1222.7080681392613,656.3059210188479
1240,7.75,-9.880627479605437,14.31925296082602,5,1212.8274406596558,670.625173979674
1241,7.766666666666667,-10.559261744966534,15.476845637583892,5,1202.2681789146893,686.1020196172578
1242,7.783333333333333,-6.63022446689115,9.358080808080786,5,1195.6379544477982,695.4601004253386
1243,7.8,-6.405056002740707,8.617746688133792,4,1189.2328984450573,704.0778471134724
1244,7.816666666666666,-6.7799457442420135,9.048144548434351,4,1182.4529527008153,713.1259916619068
1245,7.833333333333333,-3.2949845231167956,4.461642556600111,4,1179.1579681776984,717.587634218507
1246,7.85,-2.126162688037425,3.2694677684779094,4,1177.031805489661,720.8571019869848
1247,7.866666666666666,-1.4693601082710757,2.360944526215434,4,1175.56244538139,723.2180465132003
1248,7.883333333333334,-0.34422876512849143,0.8323579838688033,4,1175.2182166162615,724.0504044970692
1249,7.9,-0.07384840601520182,0.3656006735359085,4,1175.1443682102463,724.4160051706051
1250,7.916666666666667,-0.047214195967399064,0.3862005497449559,4,1175.0971540142789,724.80220572035
1251,7.933333333333334,-0.1175655826102684,0.9335834738294579,4,1174.9795884316686,725.7357891941795
1252,7.95,0.08475989647638471,1.4269367740396035,4,1175.0643483281451,727.1627259682191
1253,7.966666666666667,-0.01331018518521887,2.958814499664925,4,1175.05103814296,730.121540467884
1254,7.983333333333333,-0.15342230056808148,1.6224258914822087,4,1174.8976158423918,731.7439663593661
1255,8.0,0.0,1.0,4,1174.8976158423918,732.7439663593661
1256,8.016666666666667,0.14027525201504432,0.4805911622183885,4,1175.0378910944069,733.2245575215845
1257,8.033333333333333,1.0801120448179518,-0.03480501111334888,4,1176.1180031392248,733.1897525104712
1258,8.05,1.3075963420769767,-0.3578106000854291,4,1177.4255994813018,732.8319419103857
1259,8.066666666666666,1.201362941680486,-0.8733361187453568,4,1178.6269624229822,731.9586057916404
1260,8.083333333333334,-0.004566898529787977,-0.0028198989092800275,4,1178.6223955244523,731.9557858927311
1261,8.1,-0.3269183607629884,-0.02108727742952965,4,1178.2954771636892,731.9346986153016
1262,8.116666666666667,-3.6058901253953763,2.3085110032037335,4,1174.6895870382937,734.2432096185054
1263,8.133333333333333,-4.835241700337633,2.5757273086694568,4,1169.8543453379561,736.8189369271748
1264,8.15,-6.471315189741517,3.397860805155517,4,1163.3830301482146,740.2167977323304
1265,8.166666666666666,-8.620987756281806,4.757109305638721,4,1154.762042391933,744.9739070379692
1266,8.183333333333334,-7.681818181818244,4.046319723979309,3,1147.0802242101147,749.0202267619485
1267,8.2,-6.971733730750202,3.1274267497670962,3,1140.1084904793645,752.1476535117156
1268,8.216666666666667,-6.85679291501765,3.0519268679890956,3,1133.2516975643468,755.1995803797047
1269,8.233333333333333,-3.222049538611145,1.800293249856054,3,1130.0296480257357,756.9998736295607
1270,8.25,-1.4883987742100544,1.1601603188261151,3,1128.5412492515256,758.1600339483869
1271,8.266666666666667,-1.0875673373343488,1.0043500878047098,3,1127.4536819141913,759.1643840361916
1272,8.283333333333333,-0.1979152951503238,0.16218323586747374,3,1127.255766619041,759.326567272059
1273,8.3,-0.3862154063103844,0.42935735840410416,3,1126.8695512127306,759.7559246304631
1274,8.316666666666666,-0.21409934524695018,0.8498810153358249,3,1126.6554518674836,760.6058056457989
1275,8.333333333333334,-0.17980303170634215,0.5013648441067176,3,1126.4756488357773,761.1071704899057
1276,8.35,-0.148583290532315,0.42491030599023816,3,1126.327065545245,761.5320807958959
1277,8.366666666666667,-0.3326270521392871,0.5193798449612359,3,1125.9944384931057,762.0514606408572
1278,8.383333333333333,-0.1431357408725944,0.35028588307278596,4,1125.851302752233,762.4017465239299
1279,8.4,0.0874372520443103,0.07704331249155416,4,1125.9387400042774,762.4787898364215
1280,8.416666666666666,0.06764879842160099,0.10350049711425413,4,1126.006388802699,762.5822903335358
1281,8.433333333333334,0.26589295157509696,0.3849634193486793,5,1126.272281754274,762.9672537528844
1282,8.45,-0.4144620811287041,1.571835235009587,5,1125.8578196731453,764.539088987894
1283,8.466666666666667,-2.305154721821282,3.8091424758091534,5,1123.552664951324,768.3482314637032
1284,8.483333333333333,-4.4001628747391806,6.033597513597556,5,1119.1525020765848,774.3818289773008
1285,8.5,-9.924277907884289,10.564910226385564,5,1109.2282241687005,784.9467392036863
1286,8.516666666666667,-11.891887699705421,11.02734375,5,1097.3363364689951,795.9740829536863
1287,8.533333333333333,-13.099006463602564,11.291073889429185,5,1084.2373300053926,807.2651568431155
1288,8.55,-20.668399231469266,18.80453318024297,5,1063.5689307739233,826.0696900233585
1289,8.566666666666666,-14.381662905438361,11.971321739900077,5,1049.187267868485,838.0410117632586
1290,8.583333333333334,-14.157013125763115,12.200714393766162,4,1035.0302547427218,850.2417261570247
1291,8.6,-15.722785894660888,14.51756485231121,4,1019.3074688480609,864.7592910093359
1292,8.616666666666667,-9.621543342410234,9.645456382239615,4,1009.6859255056506,874.4047473915755
1293,8.633333333333333,-7.948660184312416,8.712398019544821,4,1001.7372653213382,883.1171454111203
1294,8.65,-8.176527777777665,8.634585128250563,4,993.5607375435605,891.7517305393709
1295,8.666666666666666,-4.798347273311322,5.524392940017947,4,988.7623902702492,897.2761234793888
1296,8.683333333333334,-3.5122517467004286,3.9052109883270987,4,985.2501385235487,901.1813344677159
1297,8.7,-4.6650166754434395,4.851844830612549,3,980.5851218481052,906.0331792983285
1298,8.716666666666667,-2.74095372612328,2.5525989782887564,3,977.844168121982,908.5857782766172
1299,8.733333333333333,-2.6237288135591825,2.0973230490018295,3,975.2204393084228,910.6831013256191
1300,8.75,-4.221451355661884,2.0461722488038276,3,970.9989879527609,912.7292735744229
1301,8.766666666666667,-3.0617824446192117,1.7280098280098173,3,967.9372055081417,914.4572834024327
1302,8.783333333333333,-2.9382175553807883,2.0,3,964.9989879527609,916.4572834024327
1303,8.8,-2.4904667981591047,2.3489654037598484,3,962.5085211546018,918.8062488061926
1304,8.816666666666666,-0.9553427613009262,0.7126982015930707,3,961.5531783933009,919.5189470077856
1305,8.833333333333334,-0.1541289674194104,0.17027324831218493,2,961.3990494258815,919.6892202560978
1306,8.85,-0.02935089537083968,0.11620671795469661,2,961.3696985305106,919.8054269740525
1307,8.866666666666667,-0.1648370927354108,0.17549937440071517,2,961.2048614377752,919.9809263484532
1308,8.883333333333333,-2.2917945151683625,0.9405786323010261,2,958.9130669226068,920.9215049807542
1309,8.9,-1.4093434055145053,0.6427352621852265,2,957.5037235170923,921.5642402429394
1310,8.916666666666666,-0.121180258393224,0.21460067263620886,2,957.3825432586991,921.7788409155755
1311,8.933333333333334,0.018018018017983195,0.019170956670961914,2,957.4005612767171,921.7980118722464
1312,8.95,0.0,0.1179345722027847,3,957.4005612767171,921.9159464444492
1313,8.966666666666667,0.026548672566377718,0.062061646363986256,3,957.4271099492835,921.9780080908132
1314,8.983333333333333,0.0,0.018172607711449018,3,957.4271099492835,921.9961806985247
1315,9.0,-2.1365200235784414,-0.5778108560010651,3,955.290589925705,921.4183698425236
1316,9.016666666666667,-10.126257593999526,-2.1677045709302547,3,945.1643323317055,919.2506652715933
1317,9.033333333333333,-15.988670488670323,-2.943769127979749,3,929.1756618430352,916.3068961436136
1318,9.05,-22.496137849079105,-2.8888576164117694,3,906.6795239939561,913.4180385272018
1319,9.066666666666666,-33.54067002018951,-2.496013414091749,3,873.1388539737666,910.9220251131101
1320,9.083333333333334,-45.64018180772109,-2.972815142972081,3,827.4986721660455,907.949209970138
1321,9.1,-33.81120623562492,-1.22033392963624,3,793.6874659304206,906.7288760405017
1322,9.116666666666667,-45.85119802677923,-1.136387127084845,3,747.8362679036413,905.5924889134169
1323,9.133333333333333,-28.337502412661706,-0.1692466061892901,3,719.4987654909796,905.4232423072276
1324,9.15,-25.31144863628947,0.7823779193206519,3,694.1873168546902,906.2056202265483
1325,9.166666666666666,-20.37090791807782,0.3825995807127356,3,673.8164089366123,906.588219807261
1326,9.183333333333334,-18.183885483849394,0.6998699869985785,3,655.6325234527629,907.2880897942596
1327,9.2,-7.509098093149703,0.3146435891539454,2,648.1234253596133,907.6027333834136
1328,9.216666666666667,-5.903499461722561,-0.04035867658620873,2,642.2199258978908,907.5623747068273
1329,9.233333333333333,-1.9329601580327562,-0.08202822542506283,2,640.286965739858,907.4803464814022
1330,9.25,-0.6102888168887262,0.060831566001581905,2,639.6766769229694,907.5411780474037
1331,9.266666666666667,-0.13251177725436492,0.01300150028492908,2,639.5441651457149,907.5541795476886
1332,9.283333333333333,-0.1300073256146561,0.24674069706497903,2,639.4141578201003,907.8009202447536
1333,9.3,-1.1916311836409932,0.16635019358210457,2,638.2225266364593,907.9672704383356
1334,9.316666666666666,-2.9413039723661996,0.07959914201353513,2,635.2812226640931,908.0468695803492
1335,9.333333333333334,-3.491296071974716,0.5654374392968862,2,631.7899265921184,908.6123070196461
1336,9.35,-2.81961605143141,0.6923190804377555,2,628.970310540687,909.3046261000839
1337,9.366666666666667,-3.0481424137424256,1.0461380219442162,2,625.9221681269446,910.3507641220281
1338,9.383333333333333,-1.3554590822705563,0.4707075605626869,2,624.5667090446741,910.8214716825908
1339,9.4,-1.181781046159017,0.53653103424233,2,623.3849279985151,911.3580027168331
1340,9.416666666666666,-1.2781689659649373,0.2880141177937503,2,622.1067590325501,911.6460168346268
1341,9.433333333333334,0.02838164251204489,0.0780110051267684,2,622.1351406750622,911.7240278397536
1342,9.45,-0.03453416149062605,0.1511120970126285,2,622.1006065135716,911.8751399367662
1343,9.466666666666667,0.18744859307355455,0.11305547713158148,2,622.2880551066452,911.9881954138978
1344,9.483333333333333,0.05767097622651818,-0.019776099229375177,2,622.3457260828717,911.9684193146684
1345,9.5,0.6021427089863778,-0.5686637880535272,2,622.9478687918581,911.3997555266149
1346,9.516666666666667,0.15185336797208038,-3.4763006953713216,2,623.0997221598302,907.9234548312436
1347,9.533333333333333,-0.9835086884495468,-8.203706910411142,2,622.1162134713807,899.7197479208324
1348,9.55,-1.0559768986184963,-7.584479523460459,2,621.0602365727622,892.135268397372
1349,9.566666666666666,-3.2291352952963734,-25.85285116543764,2,617.8311012774658,866.2824172319343
1350,9.583333333333334,-2.518864262624959,-18.56759195972313,3,615.3122370148408,847.7148252722112
1351,9.6,-3.6383606761122564,-25.936769618405947,3,611.6738763387285,821.7780556538053
1352,9.616666666666667,-2.741268953517306,-18.87890876049903,3,608.9326073852112,802.8991468933062
1353,9.633333333333333,-2.5317895313785357,-16.142390609299355,3,606.4008178538327,786.7567562840069
1354,9.65,-2.717707967707952,-16.380081300813004,4,603.6831098861247,770.3766749831939
1355,9.666666666666666,-1.2307047250443475,-10.926292994217533,3,602.4524051610804,759.4503819889763
1356,9.683333333333334,-0.845196426943744,-8.560541427399471,3,601.6072087341366,750.8898405615769
1357,9.7,-0.3082626925530576,-4.924173553719015,3,601.2989460415836,745.9656670078579
1358,9.716666666666667,0.9568134171908014,-7.6716595580617195,3,602.2557594587744,738.2940074497961
1359,9.733333333333333,1.380952380952408,-3.1599616858237596,3,603.6367118397268,735.1340457639724
1360,9.75,0.7601066468253066,-1.4539954690555987,3,604.3968184865521,733.6800502949168
1361,9.766666666666667,2.296999720625763,-2.764297972541499,3,606.6938182071779,730.9157523223753
1362,9.783333333333333,0.7926760186215915,-0.5780239360607311,3,607.4864942257994,730.3377283863146
1363,9.8,1.4315051621470047,-0.6044879937095402,3,608.9179993879465,729.733240392605
1364,9.816666666666666,1.8819420480807594,-0.3416883646516453,3,610.7999414360272,729.3915520279534
1365,9.833333333333334,2.428814924030803,-0.16163168846924236,3,613.228756360058,729.2299203394841
1366,9.85,3.3014341562799245,-0.7060806306234326,3,616.5301905163379,728.5238397088607
1367,9.866666666666667,1.7036155374185,-0.890913114824798,3,618.2338060537564,727.6329265940359
1368,9.883333333333333,0.4216979771762226,-0.2035028632637932,3,618.6555040309327,727.4294237307721
1369,9.9,0.402033205619432,-0.2057982120051065,3,619.0575372365521,727.223625518767
1370,9.916666666666666,0.012745406824137717,-0.027715182481870215,3,619.0702826433762,727.1959103362851
1371,9.933333333333334,0.017942093175861373,-0.05065821850394059,3,619.0882247365521,727.1452521177812
1372,9.95,0.0,0.0,3,619.0882247365521,727.1452521177812
1373,9.966666666666667,0.0,0.0,4,619.0882247365521,727.1452521177812
1374,9.983333333333333,-0.2459680340401178,-0.2682025416125384,4,618.842256702512,726.8770495761687
1375,10.0,0.045906078633350944,-1.609411522425546,4,618.8881627811454,725.2676380537432
1376,10.016666666666667,0.1419594042337735,-4.675002799601316,4,619.0301221853792,720.5926352541419
1377,10.033333333333333,3.183497426244685,-13.852322155315107,4,622.2136196116239,706.7403130988268
1378,10.05,2.6082888847054733,-7.489989203609298,5,624.8219084963293,699.2503238952175
1379,10.066666666666666,3.0055507945310183,-10.570804022778475,5,627.8274592908604,688.6795198724391
1380,10.083333333333334,4.259909314302604,-18.941682213648846,5,632.087368605163,669.7378376587902
1381,10.1,1.5595755878641455,-6.364602713666102,6,633.6469441930271,663.3732349451241
1382,10.116666666666667,0.7257272464968878,-8.454958669273765,6,634.3726714395241,654.9182762758503
1383,10.133333333333333,1.1410344850128809,-12.269496769143359,6,635.5137059245369,642.6487795067069
1384,10.15,0.24124591706799947,-4.350121675235982,5,635.7549518416049,638.2986578314709
1385,10.166666666666666,0.699192214543018,-5.617779439252445,5,636.4541440561479,632.6808783922185
1386,10.183333333333334,1.0,-7.509273118279452,5,637.4541440561479,625.171605273939
1387,10.2,0.365860017175919,-2.224329936821391,5,637.8200040733238,622.9472753371176
1388,10.216666666666667,0.14358943936167634,-2.531948365090443,5,637.9635935126855,620.4153269720272
1389,10.233333333333333,-0.014995313964391244,-2.714299350897363,5,637.9485981987211,617.7010276211298
1390,10.25,-0.013176265270658405,-0.7578156113102068,5,637.9354219334505,616.9432120098196
1391,10.266666666666667,0.20105352495977513,-0.7651995530600288,5,638.1364754584102,616.1780124567596
1392,10.283333333333333,1.3238312676669466,-2.4594209256415525,5,639.4603067260772,613.718591531118
1393,10.3,0.45745732255170424,-1.1003806888569443,5,639.9177640486289,612.6182108422611
1394,10.316666666666666,1.120609318996344,-2.313263525305274,5,641.0383733676252,610.3049473169558
1395,10.333333333333334,1.1137181616833232,-2.773508558009212,5,642.1520915293086,607.5314387589466
1396,10.35,0.1285741465535466,-0.5011820330969385,5,642.2806656758621,607.0302567258497
1397,10.366666666666667,0.1610956090377158,-1.3740595781690672,5,642.4417612848998,605.6561971476806
1398,10.383333333333333,-0.023137891990245407,-1.7782965793930998,5,642.4186233929096,603.8779005682875
1399,10.4,0.06174467150071905,-0.8273140594748156,5,642.4803680644103,603.0505865088127
1400,10.416666666666666,-0.013067722300206697,-0.6669742342267,5,642.4673003421101,602.383612274586
1401,10.433333333333334,-0.21845583034718175,-1.0250574748206418,6,642.2488445117629,601.3585547997653
1402,10.45,0.06468738811315689,-1.1421312042038494,6,642.313531899876,600.2164235955615
1403,10.466666666666667,0.7305017067555468,-1.9034560271621217,6,643.0440336066315,598.3129675683995
1404,10.483333333333333,2.4428710889165473,-2.9974272749958573,6,645.486904695548,595.3155402934036
1405,10.5,7.813033283488835,-10.184277086727889,6,653.2999379790368,585.1312632066757
1406,10.516666666666667,9.817593843902046,-10.732281441529153,6,663.1175318229389,574.3989817651466
1407,10.533333333333333,16.24970293543737,-16.059570446496195,6,679.3672347583763,558.3394113186504
1408,10.55,23.078427200025715,-21.234563109206192,6,702.4456619584021,537.1048482094442
1409,10.566666666666666,20.088239585669726,-17.17898611028977,6,722.5339015440718,519.9258620991544
1410,10.583333333333334,18.061722909420098,-14.920249856068153,6,740.5956244534918,505.00561224308626
1411,10.6,21.967187822497465,-17.28935138641083,6,762.5628122759892,487.71626085667543
1412,10.616666666666667,14.751223967847864,-10.703360289399598,6,777.3140362438371,477.01290056727584
1413,10.633333333333333,10.802287111380565,-7.524107951170322,6,788.1163233552177,469.4887926161055
1414,10.65,11.59880916773443,-6.656129281388985,6,799.7151325229521,462.83266333471653
1415,10.666666666666666,6.515439498909416,-2.9960336536219643,6,806.2305720218615,459.83662968109456
1416,10.683333333333334,4.638966125222169,-1.952416433077417,6,810.8695381470836,457.88421324801715
1417,10.7,3.9064715252889073,-1.434608024073441,6,814.7760096723725,456.4496052239437
1418,10.716666666666667,3.0,-1.0593047034765277,5,817.7760096723725,455.3903005204672
1419,10.733333333333333,2.903674293052518,-1.3440923241244036,5,820.679683965425,454.0462081963428
1420,10.75,3.8199999999999363,-2.691628301825176,5,824.499683965425,451.3545798945176
1421,10.766666666666667,2.7757575757575523,-3.024895365387806,5,827.2754415411825,448.3296845291298
1422,10.783333333333333,2.3291925465837267,-2.507246376811622,5,829.6046340877663,445.82243815231817
1423,10.8,2.1729957805907816,-2.553333333333285,5,831.777629868357,443.2691048189849
1424,10.816666666666666,1.2143462598007773,-1.4661445279865575,5,832.9919761281578,441.8029602909983
1425,10.833333333333334,1.1252723311545196,-1.5352214960058745,5,834.1172484593123,440.26773879499245
1426,10.85,1.6205256731572035,-2.042014868678052,5,835.7377741324696,438.2257239263144
1427,10.866666666666667,0.8696277879505487,-1.5958164642373731,5,836.6074019204201,436.629907462077
1428,10.883333333333333,1.1687413554633395,-1.5967091642148716,5,837.7761432758834,435.03319829786216
1429,10.9,0.27840382834210686,-1.237376232189547,5,838.0545471042255,433.7958220656726
1430,10.916666666666666,0.031641604010019364,-0.49037358471753123,5,838.0861887082356,433.3054484809551
1431,10.933333333333334,-0.05921052631560997,-0.3948923194205918,5,838.02697818192,432.9105561615345
1432,10.95,-0.06396655805610862,-0.07575757575750686,5,837.9630116238638,432.834798585777
1433,10.966666666666667,-0.7057613168724401,-0.03125384975487577,5,837.2572503069914,432.8035447360221
1434,10.983333333333333,-3.261485042735103,-0.8013311486237171,5,833.9957652642563,432.0022135873984
1435,11.0,-6.599701661022436,-1.2691034131431707,5,827.3960636032339,430.7331101742552
1436,11.016666666666667,-12.153811526539585,-2.1035563461235824,5,815.2422520766943,428.62955382813163
1437,11.033333333333333,-20.728591513292486,-4.25166457474154,5,794.5136605634018,424.3778892533901
1438,11.05,-21.989020270270203,-5.482352184262936,5,772.5246402931316,418.89553706912716
1439,11.066666666666666,-25.128618618618702,-7.706549490714565,5,747.3960216745129,411.1889875784126
1440,11.083333333333334,-18.408220668220793,-6.336945841281022,5,728.9878010062921,404.8520417371316
1441,11.1,-16.860698662068444,-7.15799086757977,5,712.1271023442237,397.6940508695518
1442,11.116666666666667,-14.196848991223874,-6.0644288998995535,5,697.9302533529998,391.62962196965225
1443,11.133333333333333,-16.53399143824663,-7.761330409356788,5,681.3962619147532,383.86829156029546
1444,11.15,-9.032894736842081,-3.5628415300546408,5,672.3633671779111,380.3054500302408
1445,11.166666666666666,-12.378038535901595,-4.908838706384529,4,659.9853286420094,375.3966113238563
1446,11.183333333333334,-5.289626135756691,-2.5251575745379284,4,654.6957025062527,372.87145374931833
1447,11.2,-4.169651892588519,-2.614278889697573,4,650.5260506136642,370.25717485962076
1448,11.216666666666667,-2.9619069616064166,-2.001713045905859,4,647.5641436520577,368.2554618137149
1449,11.233333333333333,-2.877093936266789,-2.210094817761842,4,644.687049715791,366.04536699595303
1450,11.25,-2.0285110415707948,-1.5602478155295216,4,642.6585386742202,364.4851191804235
1451,11.266666666666667,-1.4554031125853442,-0.4858726019006099,4,641.2031355616348,363.9992465785229
1452,11.283333333333333,-0.9791201274177297,-0.43726112143838236,4,640.2240154342171,363.5619854570845
1453,11.3,-0.06754840320829203,0.03443032584823413,4,640.1564670310088,363.59641578293275
1454,11.316666666666666,-0.1076274379991844,0.0016205564322717692,4,640.0488395930096,363.598036339365
1455,11.333333333333334,0.09203521741203247,0.0005064884287264704,4,640.1408748104216,363.5985428277937
1456,11.35,0.1335298929805333,0.06439395951127835,4,640.2744047034021,363.662936787305
1457,11.366666666666667,0.141120528926308,0.10443944890769785,4,640.4155252323284,363.7673762362127
1458,11.383333333333333,0.18535257247629033,0.09353093456272177,4,640.6008778048047,363.8609071707755
1459,11.4,0.19247980914792606,0.03364351780740549,4,640.7933576139526,363.89455068858285
1460,11.416666666666666,0.5496992124794531,0.7731001188788866,4,641.3430568264321,364.66765080746177
1461,11.433333333333334,0.0852951752682003,0.20887850423733312,4,641.4283520017003,364.8765293116991
1462,11.45,-0.006351504975796729,0.30717747821574903,5,641.4220004967245,365.1837067899148
1463,11.466666666666667,-0.07394694595214446,0.10714103414829879,5,641.3480535507724,365.2908478240631
1464,11.483333333333333,0.0,0.012391978670621029,5,641.3480535507724,365.30323980273374
1465,11.5,0.0,-2.0718182096779856,5,641.3480535507724,363.23142159305576
1466,11.516666666666667,-0.09206053389937097,-4.330988103003733,5,641.255993016873,358.900433490052
1467,11.533333333333333,0.29251700680276826,-7.691717306505666,5,641.5485100236758,351.20871618354636
1468,11.55,0.1954436450838557,-11.446124179082858,5,641.7439536687597,339.7625920044635
1469,11.566666666666666,1.3057419835944302,-15.208148488888526,5,643.0496956523541,324.554443515575
1470,11.583333333333334,0.893684544589064,-11.692637258013292,5,643.9433801969432,312.8618062575617
1471,11.6,0.7799488589762404,-10.486039531584424,5,644.7233290559194,302.37576672597726
1472,11.616666666666667,0.132752572557024,-9.132829990405241,5,644.8560816284764,293.242936735572
1473,11.633333333333333,0.009689922480617952,-9.990310077519382,5,644.8657715509571,283.25262665805263
1474,11.65,0.056460123624219705,-6.28887818601595,5,644.9222316745813,276.9637484720367
1475,11.666666666666666,0.9213242763023288,-6.882492105828163,4,645.8435559508837,270.08125636620855
1476,11.683333333333334,0.9947617592880533,-4.172021133805572,4,646.8383177101717,265.909235232403
1477,11.7,1.2509697537535374,-3.846626638012225,4,648.0892874639253,262.0626085943908
1478,11.716666666666667,0.7558472168084052,-3.506606755191484,4,648.8451346807337,258.5560018391993
1479,11.733333333333333,1.0291635664548835,-3.584545091981198,4,649.8742982471886,254.97145674721813
1480,11.75,1.0072405300214768,-2.6646720212801682,4,650.88153877721,252.30678472593797
1481,11.766666666666667,1.1549000844356385,-1.9791666666666572,4,652.0364388616457,250.32761805927132
1482,11.783333333333333,0.4942431759872363,-0.5881205497850601,4,652.5306820376329,249.73949750948626
1483,11.8,0.2893937335232408,-0.09654567978319051,4,652.8200757711561,249.64295182970307
1484,11.816666666666666,0.09267865246286533,-0.026813341175540018,4,652.9127544236189,249.61613848852753
1485,11.833333333333334,0.16840378135550793,-0.036991171822023716,4,653.0811582049745,249.5791473167055
1486,11.85,0.028979327312612213,-0.022127625015883723,4,653.1101375322871,249.55701969168962
1487,11.866666666666667,0.2579871637873907,-0.33540108114233647,5,653.3681246960746,249.2216186105473
1488,11.883333333333333,0.0,-0.33597168597179916,5,653.3681246960746,248.8856469245755
1489,11.9,-0.009354816343744687,-0.446320346320249,5,653.3587698797309,248.43932657825525
1490,11.916666666666666,0.004818255209130484,-0.5566387688157306,5,653.36358813494,247.88268780943952
1491,11.933333333333334,-0.20519314495220442,-0.8828473863934505,5,653.1583949899878,246.99984042304607
1492,11.95,-0.05842472577421631,-0.9000336012017414,6,653.0999702642135,246.0998068218443
1493,11.966666666666667,-0.1488373421263418,-0.7251860622753554,6,652.9511329220873,245.37462075956896
1494,11.983333333333333,0.16636457099929203,-0.005237540666101381,6,653.1174974930866,245.36938321890284
1495,12.0,0.12165893989856613,-0.023690773067329474,6,653.2391564329852,245.3456924458355
1496,12.016666666666667,2.9278586918929648,1.5000808748737313,6,656.1670151248782,246.84577332070924
1497,12.033333333333333,7.1434558267448836,4.246890129562445,6,663.3104709516231,251.0926634502717
1498,12.05,11.02938482852781,5.925239948018458,6,674.3398557801509,257.0179033982902
1499,12.066666666666666,17.150120917932384,8.155776164369968,5,691.4899766980832,265.17367956266014
1500,12.083333333333334,9.623864538319083,4.365843392543695,5,701.1138412364023,269.53952295520384
1501,12.1,10.077494497432099,4.7993440902531574,5,711.1913357338344,274.338867045457
1502,12.116666666666667,6.226015909526609,3.1007133109092138,5,717.417351643361,277.4395803563662
1503,12.133333333333333,5.8918918918918735,3.35750523821838,5,723.3092435352529,280.7970855945846
1504,12.15,2.6906420970591967,1.7987823228465345,5,725.999885632312,282.5958679174311
1505,12.166666666666666,0.6386154146711078,0.677170803524632,5,726.6385010469832,283.27303872095575
1506,12.183333333333334,0.07300486398844441,0.020301647350834173,5,726.7115059109716,283.2933403683066
1507,12.2,0.0,-0.09678828365878189,5,726.7115059109716,283.1965520846478
1508,12.216666666666667,-0.011049723756855201,-0.1436879068174335,5,726.7004561872147,283.0528641778304
1509,12.233333333333333,-0.013736263736177534,0.0,5,726.6867199234786,283.0528641778304
1510,12.25,-0.021673598656889226,-0.07226469182990058,5,726.6650463248217,282.9805994860005
1511,12.266666666666667,0.0,-0.2703196347032417,5,726.6650463248217,282.71027985129723
1512,12.283333333333333,0.13821488937662707,-0.7753149569005586,5,726.8032612141983,281.93496489439667
1513,12.3,0.3596855954890543,-0.7118025954343352,5,727.1629468096874,281.22316229896234
1514,12.316666666666666,0.1938331348023894,-0.7902154732051372,5,727.3567799444897,280.4329468257572
1515,12.333333333333334,0.0,-0.17571832520286534,5,727.3567799444897,280.25722850055433
1516,12.35,0.0,-0.2872430733439444,5,727.3567799444897,279.9699854272104
1517,12.366666666666667,0.13140669658059778,0.0650258415152507,5,727.4881866410703,280.03501126872567
1518,12.383333333333333,0.18668084841112886,0.04571274954417959,5,727.6748674894815,280.08072401826985
1519,12.4,2.234057567316711,2.079384533757832,5,729.9089250567981,282.1601085520277
1520,12.416666666666666,4.5514823020520225,4.088389394538979,5,734.4604073588501,286.24849794656666
1521,12.433333333333334,8.893207767313925,6.755847728881804,5,743.3536151261641,293.00434567544846
1522,12.45,26.92688126743394,18.2747770787513,5,770.280496393598,311.27912275419976
1523,12.466666666666667,27.803510136034447,17.271892095830992,5,798.0840065296325,328.55101485003075
1524,12.483333333333333,33.18458980044352,19.920782013685198,5,831.268596330076,348.47179686371595
1525,12.5,35.259402700240344,21.655601604278104,5,866.5279990303163,370.12739846799406
1526,12.516666666666667,38.399474638237734,26.771110802811677,5,904.9274736685541,396.89850927080573
1527,12.533333333333333,26.992072500265976,22.539321848509758,5,931.91954616882,419.4378311193155
1528,12.55,30.181630127982203,26.426086956521715,5,962.1011762968022,445.8639180758372
1529,12.566666666666666,20.066861792668192,17.631313131313107,5,982.1680380894704,463.4952312071503
1530,12.583333333333334,17.164975549260816,13.832158093858197,5,999.3330136387312,477.3273893010085
1531,12.6,16.583522572440756,14.249635880245023,5,1015.916536211172,491.57702518125353
1532,12.616666666666667,10.06673602281046,8.116872808538574,5,1025.9832722339825,499.6938979897921
1533,12.633333333333333,7.415465332941039,5.447488584474968,6,1033.3987375669235,505.1413865742671
1534,12.65,5.148245256762834,3.9611886094423596,6,1038.5469828236864,509.1025751837094
1535,12.666666666666666,2.9689523186791575,2.6908236151712117,6,1041.5159351423656,511.7933987988806
1536,12.683333333333334,0.4921914742217268,0.7766444457050738,6,1042.0081266165873,512.5700432445857
1537,12.7,0.5551873678767265,0.872000803275597,6,1042.563313984464,513.4420440478613
1538,12.716666666666667,0.8577796255385124,0.5319377338389444,6,1043.4210936100026,513.9739817817002
1539,12.733333333333333,1.0496961335967967,0.5308174429576411,6,1044.4707897435994,514.5047992246579
1540,12.75,2.018247113696532,1.5155823079230402,6,1046.489036857296,516.0203815325809
1541,12.766666666666667,1.2685718436479192,1.5844286940860854,6,1047.7576087009438,517.604810226667
1542,12.783333333333333,1.1914753713745654,3.2638386901548415,6,1048.9490840723183,520.8686489168219
1543,12.8,2.254205625732993,4.73988002618853,6,1051.2032896980513,525.6085289430105
1544,12.816666666666666,0.8523360041272667,2.759793310619841,6,1052.0556257021785,528.3683222536304
1545,12.833333333333334,0.8498965385931001,2.1126921326214756,6,1052.9055222407717,530.4810143862519
1546,12.85,1.2512941782405278,1.8230120694681204,6,1054.156816419012,532.3040264557201
1547,12.866666666666667,0.4414796313235456,0.5584916452179414,5,1054.5982960503356,532.862518100938
1548,12.883333333333333,0.04487756121943676,0.0,5,1054.643173611555,532.862518100938
1549,12.9,0.024786011249659623,-0.039926603509357506,6,1054.6679596228048,532.8225914974287
1550,12.916666666666666,0.018438546901165864,0.0015127613962704345,6,1054.686398169706,532.824104258825
1551,12.933333333333334,0.10925879280051731,0.0014548566538223895,6,1054.7956569625067,532.8255591154788
1552,12.95,2.034796361707663,1.309082778007408,6,1056.8304533242144,534.1346418934862
1553,12.966666666666667,4.354216732352711,2.98037546942669,6,1061.184670056567,537.1150173629129
1554,12.983333333333333,9.950308375269003,5.391209931856082,6,1071.134978431836,542.506227294769
1555,13.0,8.768088091778225,4.012106486233549,6,1079.9030665236144,546.5183337810025
1556,13.016666666666667,8.442856495475723,4.037735592213593,6,1088.3459230190902,550.5560693732161
1557,13.033333333333333,11.034897959183638,5.912643919238974,6,1099.3808209782737,556.468713292455
1558,13.05,7.353466717605045,3.6513259246935377,6,1106.7342876958787,560.1200392171486
1559,13.066666666666666,5.722736469787549,3.2072750752600427,6,1112.4570241656663,563.3273142924086
1560,13.083333333333334,6.721869712351804,3.3051239947791373,5,1119.1788938780182,566.6324382871877
1561,13.1,4.082973681983617,1.7991452991453798,5,1123.261867560002,568.4315835863331
1562,13.116666666666667,3.6536716171617627,1.1140983329102028,5,1126.9155391771637,569.5456819192433
1563,13.133333333333333,3.5517704517703805,0.9871386054421691,5,1130.4673096289341,570.5328205246855
1564,13.15,2.903684897562016,0.5625953907203893,5,1133.3709945264961,571.0954159154059
1565,13.166666666666666,1.9744897959183163,0.27505210838546645,5,1135.3454843224144,571.3704680237913
1566,13.183333333333334,1.3533875338753205,0.05865976841585052,5,1136.6988718562898,571.4291277922072
1567,13.2,1.5452733790612,0.2382420187992409,5,1138.244145235351,571.6673698110064
1568,13.216666666666667,2.6170119181995233,0.46349019817307635,5,1140.8611571535505,572.1308600091795
1569,13.233333333333333,3.2326523053093297,0.7445850274853001,5,1144.0938094588598,572.8754450366648
1570,13.25,1.3152816393778721,0.18976836938185215,5,1145.4090910982377,573.0652134060467
1571,13.266666666666667,0.22861579651930697,0.22545649263722112,5,1145.637706894757,573.290669898684
1572,13.283333333333333,0.10346511725822438,0.0680392404531176,5,1145.7411720120153,573.3587091391371
1573,13.3,0.0,0.0,6,1145.7411720120153,573.3587091391371
1574,13.316666666666666,0.0,0.0,6,1145.7411720120153,573.3587091391371
1575,13.333333333333334,0.13948745984833977,-0.05385887022487168,6,1145.8806594718637,573.3048502689122
1576,13.35,1.9469958807297871,-2.1812716531741643,6,1147.8276553525934,571.1235786157381
1577,13.366666666666667,3.1705928839242006,-3.718438409679564,7,1150.9982482365176,567.4051402060585
1578,13.383333333333333,5.0642361111111995,-6.231941391941405,7,1156.062484347629,561.1731988141171
1579,13.4,7.159438775510239,-8.524297924297912,7,1163.2219231231393,552.6489008898192
1580,13.416666666666666,12.038181818181783,-12.966007060572224,7,1175.260104941321,539.682893829247
1581,13.433333333333334,9.541116145235492,-9.541883259814767,6,1184.8012210865566,530.1410105694322
1582,13.45,8.403378755279277,-7.706573592012319,5,1193.2045998418357,522.4344369774199
1583,13.466666666666667,8.923716207056714,-8.071816191347182,4,1202.1283160488924,514.3626207860727
1584,13.483333333333333,5.233093020718343,-4.778504930295128,4,1207.3614090696108,509.5841158557776
1585,13.5,4.241701504576838,-3.9059394330404302,4,1211.6031105741877,505.6781764227372
1586,13.516666666666667,3.3730331066834083,-2.536357137219113,4,1214.976143680871,503.14181928551807
1587,13.533333333333333,1.3728365048157798,-1.3183140002339542,4,1216.3489801856867,501.8235052852841
1588,13.55,0.547851811192686,-0.5152584096746864,4,1216.8968319968794,501.3082468756094
1589,13.566666666666666,0.49761525897963566,-0.24556433592876203,4,1217.3944472558592,501.0626825396807
1590,13.583333333333334,0.45057597352752055,-0.2969892502455167,4,1217.8450232293867,500.76569328943515
1591,13.6,0.21572578746986437,-0.14992367266779638,4,1218.0607490168566,500.61576961676735
1592,13.616666666666667,0.10610575724422233,-0.030493133582979226,4,1218.1668547741008,500.5852764831844
1593,13.633333333333333,-0.027612909893491633,-0.00170549318740143,4,1218.1392418642072,500.583570989997
1594,13.65,-0.026849419297377608,0.021408134069076823,4,1218.1123924449098,500.60497912406606
1595,13.666666666666666,0.0,0.0,4,1218.1123924449098,500.60497912406606
1596,13.683333333333334,0.0,0.0,4,1218.1123924449098,500.60497912406606
1597,13.7,0.3659639886819832,-0.05151888341544009,4,1218.4783564335917,500.5534602406506
1598,13.716666666666667,2.416545327969118,-1.8478807704180156,5,1220.8949017615607,498.7055794702326
1599,13.733333333333333,4.751158068555412,-3.5560389096070253,4,1225.6460598301162,495.14954056062555
1600,13.75,8.088748211869927,-5.59639601334203,4,1233.734808041986,489.5531445472835
1601,13.766666666666667,13.72157300751229,-9.48531798949682,4,1247.4563810494983,480.0678265577867
1602,13.783333333333333,12.911569180735569,-7.885814720933581,3,1260.3679502302339,472.1820118368531
1603,13.8,12.484652690266103,-7.881032573414359,3,1272.8526029205,464.30097926343876
1604,13.816666666666666,14.412158302733587,-9.203709061236623,3,1287.2647612232336,455.09727020220214
1605,13.833333333333334,11.257946847316362,-6.412746537811586,3,1298.52270807055,448.68452366439055
1606,13.85,8.34269636686281,-5.328353371051435,3,1306.8654044374127,443.3561702933391
1607,13.866666666666667,10.920451382227782,-6.6953443362623375,2,1317.7858558196406,436.6608259570768
1608,13.883333333333333,6.211973062682432,-4.572651761345526,2,1323.9978288823231,432.08817419573126
1609,13.9,4.687800340667195,-3.115042241661911,2,1328.6856292229904,428.97313195406934
1610,13.916666666666666,4.115199178817932,-2.582168917936656,2,1332.8008284018083,426.3909630361327
1611,13.933333333333334,2.594016034383003,-1.1841887759318297,1,1335.3948444361913,425.20677426020086
1612,13.95,2.956836836836601,-0.8031031031031262,1,1338.351681273028,424.40367115709773
1613,13.966666666666667,4.420842212075286,-1.221106037544473,1,1342.7725234851032,423.18256511955326
1614,13.983333333333333,3.1820355329266476,-0.6165865222719731,1,1345.9545590180298,422.5659785972813
1615,14.0,4.1587033877003705,-0.46737304390387635,1,1350.1132624057302,422.0986055533774
1616,14.016666666666667,5.14644689532588,-1.0344739358192783,1,1355.259709301056,421.06413161755813
1617,14.033333333333333,1.9107947232948845,-0.7765980265978669,1,1357.170504024351,420.28753359096027
1618,14.05,0.8186926115736242,-0.8256993380313133,1,1357.9891966359246,419.46183425292895
1619,14.066666666666666,-0.12047832585949436,-0.055200132868321816,1,1357.868718310065,419.40663412006063
1620,14.083333333333334,-0.09853801169583676,-0.14604288499015183,1,1357.7701802983693,419.2605912350705
1621,14.1,0.18789971382352633,-0.13997760358347477,1,1357.9580800121928,419.120613631487
1622,14.116666666666667,0.15756247526860534,-0.14704897574040388,1,1358.1156424874614,418.9735646557466
1623,14.133333333333333,0.04293089506745673,-0.2217453505006688,1,1358.1585733825289,418.75181930524593
1624,14.15,0.11014492753633931,-0.20943952802360855,1,1358.2687183100652,418.5423797772223
1625,14.166666666666666,-1.1969696969699726,-0.649651381067315,1,1357.0717486130952,417.892728396155
1626,14.183333333333334,-11.03219696969677,-3.198944805194742,1,1346.0395516433985,414.69378359096027
1627,14.2,-17.950928120063054,-4.674981663281528,2,1328.0886235233354,410.01880192767874
1628,14.216666666666667,-28.27583761190101,-6.696652843601839,2,1299.8127859114343,403.3221490840769
1629,14.233333333333333,-35.54399207564779,-9.3082590541419,2,1264.2687938357865,394.013890029935
1630,14.25,-37.445851065467934,-8.332140326559795,2,1226.8229427703186,385.6817497033752
1631,14.266666666666667,-31.309879360711363,-7.145033184374768,2,1195.5130634096072,378.53671651900044
1632,14.283333333333333,-31.65360552461999,-6.9674368029440075,2,1163.8594578849873,371.5692797160564
1633,14.3,-33.259480209262506,-6.754921516637438,2,1130.5999776757249,364.81435819941896
1634,14.316666666666666,-22.833146888627823,-4.22613299073285,2,1107.766830787097,360.58822520868614
1635,14.333333333333334,-22.531231632380354,-2.8696945409208183,1,1085.2355991547165,357.7185306677653
1636,14.35,-12.782059170383945,-1.8260524021945344,1,1072.4535399843326,355.8924782655708
1637,14.366666666666667,-8.398989898989953,-1.10057720057722,1,1064.0545500853427,354.79190106499357
1638,14.383333333333333,-4.4500000000000455,-0.7234126984126874,1,1059.6045500853427,354.0684883665809
1639,14.4,-1.4247967479674344,-0.8497967479675026,1,1058.1797533373751,353.2186916186134
1640,14.416666666666666,-0.7950145727871814,-0.5286623715293786,1,1057.3847387645878,352.690029247084
1641,14.433333333333334,-0.15466532980906322,-0.09670191109898951,1,1057.2300734347787,352.593327335985
1642,14.45,-0.16571942786765703,-0.20604811973095138,1,1057.064354006911,352.38727921625406
1643,14.466666666666667,-0.5658786879237141,0.11555494471934935,1,1056.4984753189872,352.5028341609734
1644,14.483333333333333,-0.01291748170694973,-0.5240744765631007,1,1056.4855578372803,351.9787596844103
1645,14.5,-0.1643410852713032,-1.6952713178293948,1,1056.3212167520091,350.2834883665809
1646,14.516666666666667,0.0,-2.0,1,1056.3212167520091,348.2834883665809
1647,14.533333333333333,0.01137440758293451,-2.466145339652485,1,1056.332591159592,345.8173430269284
1648,14.55,0.8749379917728675,-1.5525181064023172,1,1057.207529151365,344.2648249205261
1649,14.566666666666666,1.21630197972911,-1.1929051813962133,1,1058.4238311310942,343.0719197391299
1650,14.583333333333334,2.0,-1.0,1,1060.4238311310942,342.0719197391299
1651,14.6,0.6592903828199042,-0.42128851540616097,1,1061.0831215139142,341.65063122372374
1652,14.616666666666667,0.22771787960459733,-0.22318059299192328,1,1061.3108393935188,341.4274506307318
1653,14.633333333333333,0.19460354896682475,0.2044305929919119,1,1061.5054429424856,341.6318812237237
1654,14.65,0.8202395192525955,0.030666154021446346,1,1062.3256824617383,341.66254737774517
1655,14.666666666666666,-32.554188152234815,-55.68936476497518,2,1029.7714943095034,285.97318261276996
1656,14.683333333333334,11.529786854744259,2.813369360896246,2,1041.3012811642477,288.7865519736662
1657,14.7,19.36493213710611,4.058290775247258,2,1060.6662133013538,292.84484274891344
1658,14.716666666666667,38.13823035572159,7.129184448780904,2,1098.8044436570754,299.97402719769434
1659,14.733333333333333,36.41927145127852,6.059434870398633,2,1135.2237151083539,306.03346206809294
1660,14.75,35.321967986955826,4.498206032836322,2,1170.5456830953096,310.53166810092927
1661,14.766666666666667,35.78741629218047,4.607319320099066,2,1206.3330993874902,315.13898742102833
1662,14.783333333333333,38.50769274798347,5.277632726323105,2,1244.8407921354737,320.4166201473514
1663,14.8,23.429902528182254,4.040723640916127,2,1268.270694663656,324.4573437882675
1664,14.816666666666666,25.57167107825245,5.089301143969777,2,1293.8423657419085,329.5466449322373
1665,14.833333333333334,11.911924385363022,2.8123696397942126,2,1305.7542901272714,332.3590145720315
1666,14.85,10.433662773285391,2.5325666367175472,1,1316.1879529005569,334.8915812087491
1667,14.866666666666667,7.0014430014431355,2.6004617604617692,1,1323.189395902,337.49204296921084
1668,14.883333333333333,2.863636363636374,1.1672278338945148,1,1326.0530322656364,338.65927080310536
1669,14.9,-0.002614379085002838,0.7893972403776388,1,1326.0504178865513,339.448668043483
1670,14.916666666666666,0.0861181282328971,0.39275833032593255,1,1326.1365360147843,339.84142637380893
1671,14.933333333333334,-0.08117507316660522,0.7666874839279103,1,1326.0553609416177,340.60811385773684
1672,14.95,-0.0009222062203662063,0.6074938730134818,1,1326.0544387353973,341.2156077307503
1673,14.966666666666667,0.8226078671565347,1.0726555056485267,1,1326.877046602554,342.28826323639885
1674,14.983333333333333,0.46231044940725496,1.4662117452440384,1,1327.339357051961,343.7544749816429
1675,15.0,0.5456196581197901,0.9294871794871824,1,1327.884976710081,344.68396216113007
1676,15.016666666666667,0.4880274261602153,1.7510548523206353,1,1328.3730041362412,346.4350170134507
1677,15.033333333333333,1.6244725738397392,1.2489451476793647,1,1329.997476710081,347.68396216113007
1678,15.05,3.0,1.0500000000000114,1,1332.997476710081,348.7339621611301
1679,15.066666666666666,3.19668737060033,1.084575569358094,1,1336.1941640806813,349.8185377304882
1680,15.083333333333334,0.9952318213188391,0.05734362256100667,1,1337.1893959020001,349.8758813530492
1681,15.1,0.0,0.0,1,1337.1893959020001,349.8758813530492
1682,15.116666666666667,0.06356983003684036,0.2731506683602447,2,1337.252965732037,350.1490320214094
1683,15.133333333333333,0.2088089774498485,0.1526466629873653,2,1337.4617747094867,350.3016786843968
1684,15.15,0.32226430126121386,4.723860938772702,2,1337.7840390107478,355.0255396231695
1685,15.166666666666666,1.2785637850964235,5.896051240626349,2,1339.0626027958442,360.9215908637958
1686,15.183333333333334,1.7101735851778699,6.426900897755104,2,1340.7727763810221,367.3484917615509
1687,15.2,5.437088528115453,17.504117615834303,2,1346.2098649091377,384.8526093773852
1688,15.216666666666667,5.417244156238269,12.813097330841288,2,1351.6271090653759,397.6657067082265
1689,15.233333333333333,6.665358638144369,13.15569868436421,2,1358.2924677035203,410.8214053925907
1690,15.25,8.374085499622026,15.813875323532017,2,1366.6665532031423,426.6352807161227
1691,15.266666666666667,5.117132874831498,9.865026771289706,2,1371.7836860779737,436.5003074874124
1692,15.283333333333333,6.78393236216084,11.755970729213914,1,1378.5676184401345,448.2562782166263
1693,15.3,3.778481903957072,6.508160579617311,1,1382.3461003440916,454.7644387962436
1694,15.316666666666666,2.953812636165594,4.86381188490725,1,1385.2999129802572,459.62825068115086
1695,15.333333333333334,1.729202410130938,2.848228145424855,2,1387.0291153903881,462.4764788265757
1696,15.35,0.5633829540693114,1.2935346600580289,2,1387.5924983444575,463.77001348663373
1697,15.366666666666667,0.49588384910032346,0.10541875103868392,2,1388.0883821935577,463.8754322376724
1698,15.383333333333333,0.7420182340218844,-0.13737679147027393,2,1388.8304004275797,463.7380554462021
1699,15.4,1.5788664090720204,-0.5086384319753421,2,1390.4092668366516,463.2294170142268
1700,15.416666666666666,1.7746566791511214,-0.3720349563045602,1,1392.1839235158027,462.8573820579222
1701,15.433333333333334,2.809252217997482,-0.09759188846646794,1,1394.9931757338002,462.75979016945575
1702,15.45,1.8605123421014014,0.44455595290253314,1,1396.8536880759016,463.2043461223583
1703,15.466666666666667,1.3778544875201533,0.6450994276274287,1,1398.2315425634217,463.8494455499857
1704,15.483333333333333,1.769237733115915,1.5111050757437852,1,1400.0007802965376,465.3605506257295
1705,15.5,1.0177685422625018,0.562722905060923,2,1401.0185488388001,465.9232735307904
1706,15.516666666666667,0.8313284181424478,0.4734714814583043,2,1401.8498772569426,466.39674501224874
1707,15.533333333333333,0.6741224531223224,0.1584545769793806,2,1402.5239997100648,466.5551995892281
1708,15.55,0.17204192251108452,0.14422675799929152,2,1402.696041632576,466.69942634722736
1709,15.566666666666666,0.09011517964597715,0.049250042977519115,3,1402.786156812222,466.7486763902049
1710,15.583333333333334,-1.394083694083747,-0.972077922077915,3,1401.3920731181383,465.77659846812696
1711,15.6,-9.056992935322569,-7.3642238463617105,2,1392.3350801828158,458.41237462176525
1712,15.616666666666667,-12.873362273594239,-9.372906936324057,2,1379.4617179092215,449.0394676854412
1713,15.633333333333333,-32.85387945066316,-21.41567061175232,2,1346.6078384585585,427.6237970736889
1714,15.65,-33.03214898569115,-19.935687946409757,2,1313.5756894728675,407.6881091272791
1715,15.666666666666666,-48.48779669413784,-29.7285864134941,2,1265.0878927787296,377.959522713785
1716,15.683333333333334,-38.74132635139824,-24.422899309458842,2,1226.3465664273313,353.5366234043262
1717,15.7,-34.301002283092316,-22.004643863543492,2,1192.045564144239,331.5319795407827
1718,15.716666666666667,-38.673475269440246,-24.02953176351167,2,1153.372088874799,307.502447777271
1719,15.733333333333333,-27.301738693477432,-16.989983388136636,2,1126.0703501813214,290.5124643891344
1720,15.75,-15.131519868044734,-9.161963202032496,2,1110.9388303132766,281.3505011871019
1721,15.766666666666667,-29.67939598799245,-18.655046331269148,2,1081.2594343252842,262.69545485583274
1722,15.783333333333333,-12.15956174640769,-7.403732015308719,2,1069.0998725788766,255.29172284052402
1723,15.8,-7.573532153362692,-4.845019545240575,2,1061.5263404255138,250.44670329528344
1724,15.816666666666666,-9.882783084436142,-8.007808906019022,2,1051.6435573410777,242.43889438926442
1725,15.833333333333334,-3.7677610609468957,-3.6931922152195398,2,1047.8757962801308,238.74570217404488
1726,15.85,-2.2955814447714147,-3.660106252029891,2,1045.5802148353594,235.085595922015
1727,15.866666666666667,-1.9743108533679674,-3.93423928643017,2,1043.6059039819913,231.15135663558482
1728,15.883333333333333,-0.8228394129556023,-2.2401234101816385,2,1042.7830645690358,228.91123322540318
1729,15.9,-0.3998196248196564,-2.1650733525733017,2,1042.3832449442161,226.74615987282988
1730,15.916666666666666,0.02301587301587915,-1.8621182058681711,2,1042.4062608172321,224.8840416669617
1731,15.933333333333334,-0.6776447105789885,-3.378517964071875,1,1041.7286161066531,221.50552370288983
1732,15.95,-0.7988258776563271,-2.1717271339674653,1,1040.9297902289968,219.33379656892237
1733,15.966666666666667,-2.1625887164682354,-6.059136292553831,1,1038.7672015125286,213.27466027636854
1734,15.983333333333333,-1.297344204068395,-3.150925626950766,1,1037.4698573084602,210.12373464941777
1735,16.0,-1.5323464912280542,-4.095942982456108,1,1035.9375108172321,206.02779166696166
1736,16.016666666666666,-0.7694913087934765,-2.7285915132924856,1,1035.1680195084386,203.29920015366918
1737,16.033333333333335,0.0,-2.0,1,1035.1680195084386,201.29920015366918
1738,16.05,-0.027415256863150717,-0.9491231331721792,1,1035.1406042515755,200.350077020497
1739,16.066666666666666,0.6452264581296276,-1.7664385793417523,1,1035.7858307097051,198.58363844115524
1740,16.083333333333332,0.2016801075269541,-0.6683467741935374,1,1035.987510817232,197.9152916669617
1741,16.1,0.2476683222957945,-1.0423703090508525,1,1036.2351791395279,196.87292135791085
1742,16.116666666666667,1.0,-2.0,1,1037.2351791395279,194.87292135791085
1743,16.133333333333333,0.5506515701772514,-1.2892829167556101,1,1037.7858307097051,193.58363844115524
1744,16.15,0.519580850626653,-1.4682008081639424,1,1038.3054115603318,192.1154376329913
1745,16.166666666666668,0.10084925690034652,-0.3678411137090052,1,1038.4062608172321,191.7475965192823
1746,16.183333333333334,0.0,0.0,1,1038.4062608172321,191.7475965192823
1747,16.2,0.06935817805378974,0.06468013732740019,1,1038.475618995286,191.8122766566097
1748,16.216666666666665,-0.06935817805378974,-0.06468013732740019,2,1038.4062608172321,191.7475965192823
1749,16.233333333333334,-0.03706407651935706,0.023526113086120404,2,1038.3691967407128,191.77112263236842
1750,16.25,-1.4150325264531034,-1.3449244107566187,2,1036.9541642142597,190.4261982216118
1751,16.266666666666666,-4.579844021424435,-4.1247718615530005,2,1032.3743201928353,186.3014263600588
1752,16.283333333333335,-9.890119320172914,-9.113502049957447,2,1022.4842008726623,177.18792431010135
1753,16.3,-11.04487791999128,-9.127398466374785,2,1011.4393229526711,168.06052584372657
1754,16.316666666666666,-12.197890241056541,-9.809098474864754,2,999.2414327116146,158.2514273688618
1755,16.333333333333332,-15.762895503934715,-12.71653287668758,2,983.4785372076799,145.53489449217423
1756,16.35,-11.449637752177921,-9.281273173554354,2,972.0288994555019,136.25362131861988
1757,16.366666666666667,-9.202413716499905,-8.97035021745603,2,962.826485739002,127.28327110116385
1758,16.383333333333333,-9.861740861130613,-9.441903626027994,2,952.9647448778715,117.84136747513585
1759,16.4,-4.630079882672817,-4.146215657885506,2,948.3346649951986,113.69515181725035
1760,16.416666666666668,-3.05974168158491,-2.7089947872744347,1,945.2749233136137,110.98615702997591
1761,16.433333333333334,-4.451128669766831,-5.0255699888334675,1,940.8237946438469,105.96058704114245
1762,16.45,-0.834042432894762,-1.4192969313186268,1,939.9897522109521,104.54129010982382
1763,16.466666666666665,-0.5176368075746041,-1.526275814508324,1,939.4721154033775,103.0150142953155
1764,16.483333333333334,-0.1609717416379226,-0.8736303344867338,1,939.3111436617396,102.14138396082876
1765,16.5,-0.3338614480483102,-0.8907478526855925,1,938.9772822136913,101.25063610814317
1766,16.516666666666666,-1.0248162738728297,-1.5221876655838855,1,937.9524659398185,99.72844844255928
1767,16.533333333333335,-2.6724729177128665,-2.9501494607456493,1,935.2799930221056,96.77829898181363
1768,16.55,-2.534484774505586,-1.764483044069948,1,932.7455082476,95.01381593774369
1769,16.566666666666666,-1.3530497069676812,-0.8517428188987424,1,931.3924585406323,94.16207311884494
1770,16.583333333333332,-0.8762254901960205,-1.1397058823529278,1,930.5162330504363,93.02236723649202
1771,16.6,-0.8067301823452908,-1.2921959639887746,1,929.709502868091,91.73017127250324
1772,16.616666666666667,-0.320652462162343,-1.4597948881142315,1,929.3888504059287,90.27037638438901
1773,16.633333333333333,-0.8364080215716285,-1.0179979486608204,1,928.552442384357,89.25237843572819
1774,16.65,-0.39880455186403196,-0.28431187634157595,1,928.153637832493,88.96806655938661
1775,16.666666666666668,-0.458953138241327,-0.3501018733884962,1,927.6946846942517,88.61796468599812
1776,16.683333333333334,-0.11506037821823156,-0.05723589276220764,1,927.5796243160335,88.56072879323591
1777,16.7,0.007491269573051795,0.07519901618411495,1,927.5871155856065,88.63592780942002
1778,16.716666666666665,1.6464481243663158,2.468689872704715,1,929.2335637099728,91.10461768212474
1779,16.733333333333334,6.982424242424258,6.2130160984849,1,936.2159879523971,97.31763378060964
1780,16.75,16.602766798418997,11.362056365283252,1,952.8187547508161,108.67969014589289
1781,16.766666666666666,36.0180665349144,20.489245718050086,1,988.8368212857305,129.16893586394298
1782,16.783333333333335,34.05029761904757,16.432738095238108,1,1022.887118904778,145.60167395918108
1783,16.8,36.738498677248685,17.372169312169262,1,1059.6256175820267,162.97384327135035
1784,16.816666666666666,43.75372028745153,20.83690436705359,1,1103.3793378694781,183.81074763840394
1785,16.833333333333332,36.70241584868461,18.644336874187616,1,1140.0817537181629,202.45508451259155
1786,16.85,41.467567567567585,22.10438165438171,2,1181.5493212857305,224.55946616697327
1787,16.866666666666667,25.533226809094344,16.29244557927808,2,1207.0825480948247,240.85191174625135
1788,16.883333333333333,22.893724133665103,16.29508763547662,2,1229.9762722284897,257.14699938172794
1789,16.9,19.470870011630836,15.423133227481046,2,1249.4471422401207,272.570132609209
1790,16.916666666666668,15.709525059969735,14.133037596537605,2,1265.1566673000905,286.7031702057466
1791,16.933333333333334,9.200978229843884,10.657521747437812,2,1274.3576455299344,297.3606919531844
1792,16.95,7.100557478958024,11.648035029076794,2,1281.4582030088925,309.00872698226124
1793,16.966666666666665,4.135157216078483,7.280763979391992,2,1285.593360224971,316.2894909616532
1794,16.983333333333334,3.740825335624436,6.702918290655617,1,1289.3341855605954,322.9924092523088
1795,17.0,3.384735202492152,6.940654205607473,1,1292.7189207630877,329.93306345791626
1796,17.016666666666666,1.2333333333333485,2.8454545454545723,1,1293.952254096421,332.77851800337083
1797,17.033333333333335,0.49351851851861284,2.664421997755312,1,1294.4457726149396,335.44294000112615
1798,17.05,0.6112208179742993,2.3805657948627754,1,1295.056993432914,337.8235057959889
1799,17.066666666666666,0.0,2.0,1,1295.056993432914,339.8235057959889
1800,17.083333333333332,0.1470603505180179,2.5054105570760044,1,1295.2040537834318,342.3289163530649
1801,17.1,-0.31293712776925986,3.5656794903173363,1,1294.8911166556627,345.89459584338226
1802,17.116666666666667,0.2584261169944284,2.817335238138469,1,1295.1495427726572,348.71193108152073
1803,17.133333333333333,0.9289839017606027,2.76538524995874,1,1296.0785266744178,351.47731633147947
1804,17.15,1.6356547521770608,2.3461894645094503,1,1297.714181426595,353.8235057959889
1805,17.166666666666668,0.3288560799644529,0.29627041154333256,1,1298.0430375065594,354.11977620753225
1806,17.183333333333334,0.0,0.0,1,1298.0430375065594,354.11977620753225
1807,17.2,0.0,0.0,1,1298.0430375065594,354.11977620753225
1808,17.216666666666665,0.0,0.0,2,1298.0430375065594,354.11977620753225
1809,17.233333333333334,-0.03865575922839071,-0.027502146139511296,2,1298.004381747331,354.09227406139274
1810,17.25,-0.004163634893643575,0.11904394417126696,2,1298.0002181124373,354.211318005564
1811,17.266666666666666,-0.23896326181318273,0.8578668122635236,2,1297.761254850624,355.06918481782753
1812,17.283333333333335,-1.1262934775963345,6.076430558102601,2,1296.6349613730276,361.1456153759301
1813,17.3,-0.26014762633190003,10.147645381018776,2,1296.3748137466957,371.2932607569489
1814,17.316666666666666,-0.2595413688834469,15.345325113399014,2,1296.1152723778123,386.6385858703479
1815,17.333333333333332,-2.017286739561712,27.122454197547768,4,1294.0979856382505,413.7610400678957
1816,17.35,-5.148923373283424,26.88503700119618,4,1288.949062264967,440.64607706909186
1817,17.366666666666667,-6.539142451664532,27.652607932383503,4,1282.4099198133026,468.29868500147535
1818,17.383333333333333,-17.520797216971687,32.517258054026684,6,1264.889122596331,500.81594305550203
1819,17.4,-12.210795086495182,25.735108252496914,6,1252.6783275098358,526.5510513079989
1820,17.416666666666668,-10.079175518631814,21.171631001610905,6,1242.599151991204,547.7226823096098
1821,17.433333333333334,-10.686345927726848,23.944600108081943,6,1231.912806063477,571.6672824176917
1822,17.45,-5.576702254427232,13.432997218020972,6,1226.3361038090497,585.1002796357127
1823,17.466666666666665,-3.4645752211619083,9.130925828021645,6,1222.871528587888,594.2312054637343
1824,17.483333333333334,-2.586321747121474,8.369656673415733,6,1220.2852068407665,602.6008621371501
1825,17.5,-0.5954520957736804,3.074284015596106,6,1219.6897547449928,605.6751461527463
1826,17.516666666666666,-0.49790595037569574,1.67120000134733,6,1219.191848794617,607.3463461540936
1827,17.533333333333335,0.08222028264378878,0.1807253226544958,6,1219.2740690772607,607.527071476748
1828,17.55,0.08190537907898943,0.1907092774010266,6,1219.3559744563397,607.7177807541491
1829,17.566666666666666,0.7871864035917042,0.11257009331490053,6,1220.1431608599314,607.8303508474639
1830,17.583333333333332,2.346923513332513,0.6324720202176763,5,1222.490084373264,608.4628228676816
1831,17.6,1.542280430822757,1.7910877375232417,5,1224.0323648040867,610.2539106052047
1832,17.616666666666667,1.1089773984510884,3.4577003709079577,5,1225.1413422025378,613.7116109761128
1833,17.633333333333333,1.0930904604194893,4.0061579154009905,5,1226.2344326629573,617.7177688915137
1834,17.65,0.7301262626262996,3.563938496800631,5,1226.9645589255836,621.2817073883143
1835,17.666666666666668,0.7908152054492348,3.067900432900501,5,1227.7553741310328,624.3496078212148
1836,17.683333333333334,0.3090756642668566,2.619064872325737,5,1228.0644497952997,626.9686726935406
1837,17.7,0.0,1.0515806723624905,5,1228.0644497952997,628.020253365903
1838,17.716666666666665,-0.18631695102271806,1.5441215970674875,5,1227.878132844277,629.5643749629705
1839,17.733333333333334,-0.198715728715797,1.0,5,1227.6794171155611,630.5643749629705
1840,17.75,-0.07556992798481588,0.9511409395972805,5,1227.6038471875763,631.5155159025678
1841,17.766666666666666,-0.07295589545060466,0.830281080588577,5,1227.5308912921257,632.3457969831563
1842,17.783333333333335,0.036871455899472494,0.44827838827836786,5,1227.5677627480252,632.7940753714347
1843,17.8,0.26732243209789885,0.3676091853286607,5,1227.835085180123,633.1616845567634
1844,17.816666666666666,0.0,0.0,5,1227.835085180123,633.1616845567634
1845,17.833333333333332,0.19409274300573998,0.3295010576085815,5,1228.0291779231288,633.491185614372
1846,17.85,0.1715811515907717,0.31191951342381685,6,1228.2007590747196,633.8031051277958
1847,17.866666666666667,0.25892223444748197,0.13500031216833008,6,1228.459681309167,633.9381054399641
1848,17.883333333333333,0.09875047861839903,0.5867828740602761,6,1228.5584317877856,634.5248883140245
1849,17.9,-0.15653872061409402,1.8613139099148839,6,1228.4018930671714,636.3862022239393
1850,17.916666666666668,-2.1487579046824976,5.3716373303213345,6,1226.253135162489,641.7578395542607
1851,17.933333333333334,-5.271060627776592,6.835938728093879,6,1220.9820745347124,648.5937782823546
1852,17.95,-10.942461222993757,10.94483401284694,6,1210.0396133117188,659.5386122952016
1853,17.966666666666665,-16.998796972039145,14.963025462590423,6,1193.0408163396796,674.501637757792
1854,17.983333333333334,-22.313450292397874,22.901158106089326,5,1170.7273660472817,697.4027958638812
1855,18.0,-21.36739251814629,21.34965405472792,5,1149.3599735291355,718.7524499186092
1856,18.016666666666666,-27.76444398156582,29.231649682469367,5,1121.5955295475696,747.9840996010785
1857,18.033333333333335,-24.226900468925578,21.062084709143562,5,1097.368629078644,769.0461843102221
1858,18.05,-21.804228718514423,19.036376960072857,5,1075.5644003601296,788.082561270295
1859,18.066666666666666,-9.367235656709227,8.917836035523464,5,1066.1971647034204,797.0003973058184
1860,18.083333333333332,-18.282540576039082,19.75711010940873,4,1047.9146241273813,816.7575074152271
1861,18.1,-4.106541948022709,6.545288878351698,4,1043.8080821793587,823.3027962935788
1862,18.116666666666667,-1.2296582403055254,2.634647149599431,4,1042.5784239390532,825.9374434431783
1863,18.133333333333333,-0.31915565158675463,2.6346355356015465,4,1042.2592682874665,828.5720789787798
1864,18.15,0.03086750167392438,0.11888111888112007,4,1042.2901357891405,828.690960097661
1865,18.166666666666668,0.027104219042655586,0.1335140518614253,4,1042.3172400081833,828.8244741495224
1866,18.183333333333334,0.20473945993558118,0.6183405283700836,4,1042.5219794681188,829.4428146778926
1867,18.2,0.8986650672815131,0.24005056872817931,4,1043.4206445354002,829.6828652466207
1868,18.216666666666665,1.5770721870919147,0.7547279199015691,4,1044.9977167224922,830.4375931665223
1869,18.233333333333334,1.3493514551867065,0.2419202024392746,4,1046.347068177679,830.6795133689616
1870,18.25,0.851984946494099,0.6189149706425496,4,1047.1990531241731,831.2984283396041
1871,18.266666666666666,1.141308922558835,0.9164825336700346,4,1048.340362046732,832.2149108732742
1872,18.283333333333335,1.2817110108246652,1.3662963775401522,4,1049.6220730575567,833.5812072508144
1873,18.3,0.7208651853728725,1.0483062849015425,4,1050.3429382429294,834.6295135357159
1874,18.316666666666666,0.8262721007229175,0.6365698992775037,4,1051.1692103436524,835.2660834349933
1875,18.333333333333332,0.5831664726515555,0.6297000948655409,4,1051.752376816304,835.8957835298588
1876,18.35,0.46764961799664206,-0.03435108875180504,4,1052.2200264343005,835.861432441107
1877,18.366666666666667,0.020331285065481097,-0.032148900169261196,4,1052.2403577193659,835.8292835409377
1878,18.383333333333333,0.11404175853374454,-0.12788265652588393,4,1052.3543994778997,835.7014008844118
1879,18.4,0.028956155569119346,-1.6304390341487647,5,1052.383355633469,834.0709618502631
1880,18.416666666666668,-0.4388419716287899,-2.8817587641116233,5,1051.9445136618401,831.1892030861515
1881,18.433333333333334,-2.9158999914814103,-8.857547491268406,5,1049.0286136703587,822.331655594883
1882,18.45,-3.65678797341684,-9.093800322061156,5,1045.3718256969419,813.2378552728219
1883,18.466666666666665,-4.949816849816784,-12.43646408839777,5,1040.4220088471252,800.8013911844241
1884,18.483333333333334,-2.75289957290056,-9.110585400258628,5,1037.6691092742246,791.6908057841655
1885,18.5,-4.314751372360661,-24.27077573426294,5,1033.354357901864,767.4200300499026
1886,18.516666666666666,-1.3989918448596654,-12.522053406998168,5,1031.9553660570043,754.8979766429045
1887,18.533333333333335,-0.6544525154695293,-6.658477266612863,5,1031.3009135415348,748.2394993762916
1888,18.55,-1.1971685971684565,-13.309446589446566,5,1030.1037449443663,734.9300527868451
1889,18.566666666666666,-1.2219629751341472,-5.693854748603371,5,1028.8817819692322,729.2361980382417
1890,18.583333333333332,-1.2231284389495158,-4.2547885676374335,4,1027.6586535302827,724.9814094706043
1891,18.6,-1.1587495092152267,-2.2684713753212407,4,1026.4999040210673,722.712938095283
1892,18.616666666666667,-0.8553554041432108,-2.3564775091305705,4,1025.644548616924,720.3564605861525
1893,18.633333333333333,-1.029073811098442,-3.648030809337371,4,1024.6154748058257,716.7084297768151
1894,18.65,-0.6673909100217088,-2.567497598885467,4,1023.948083895804,714.1409321779297
1895,18.666666666666668,-0.5143780500277444,-2.5335592535554383,4,1023.4337058457762,711.6073729243742
1896,18.683333333333334,-1.4339328600539147,-3.0998031836283246,5,1021.9997729857223,708.5075697407459
1897,18.7,-1.247541508942959,-1.6631016042780402,5,1020.7522314767793,706.8444681364679
1898,18.716666666666665,-0.41561661237096814,-1.251500809310187,5,1020.3366148644084,705.5929673271577
1899,18.733333333333334,-0.045977011494187536,-0.22796934865891672,5,1020.2906378529142,705.3649979784988
1900,18.75,-0.043055086177787416,-0.1025481581615395,5,1020.2475827667364,705.2624498203372
1901,18.766666666666666,0.03913065608003308,-0.11810715854198861,5,1020.2867134228164,705.1443426617952
1902,18.783333333333335,0.023462807069336122,-0.4208044109683442,5,1020.3101762298858,704.7235382508269
1903,18.8,0.0,-0.26727891156468786,5,1020.3101762298858,704.4562593392623
1904,18.816666666666666,0.18416206261508705,-0.6602405498281314,5,1020.4943382925009,703.7960187894341
1905,18.833333333333332,0.0,0.0,5,1020.4943382925009,703.7960187894341
1906,18.85,-1.2916666666666288,0.0975985899978582,5,1019.2026716258342,703.893617379432
1907,18.866666666666667,-7.250539450230008,1.9146449881178569,5,1011.9521321756042,705.8082623675499
1908,18.883333333333333,-16.119656270285304,6.49641084383353,5,995.8324759053189,712.3046732113835
1909,18.9,-20.029024287507923,8.475923243410165,4,975.803451617811,720.7805964547937
1910,18.916666666666668,-36.60718029350119,14.662984800838558,3,939.1962713243098,735.4435812556322
1911,18.933333333333334,-30.38574423480054,11.498951781970618,3,908.8105270895093,746.9425330376029
1912,18.95,-27.998742138364832,10.18348008385749,3,880.8117849511444,757.1260131214603
1913,18.966666666666665,-36.70222222222242,11.655555555555509,3,844.109562728922,768.7815686770159
1914,18.983333333333334,-21.56463367855781,6.235648148148243,3,822.5449290503642,775.0172168251642
1915,19.0,-19.16819271855252,5.328557940225892,3,803.3767363318117,780.34577476539
1916,19.016666666666666,-19.0903482587064,5.485765673175706,3,784.2863880731053,785.8315404385658
1917,19.033333333333335,-9.707716371220044,2.27737352737347,3,774.5786717018852,788.1089139659392
1918,19.05,-10.084347120843404,0.30357866991079163,3,764.4943245810418,788.41249263585
1919,19.066666666666666,-4.658733558633685,-1.0347222222222285,3,759.8355910224082,787.3777704136278
1920,19.083333333333332,-4.287365121462074,-1.268242367889087,2,755.5482259009461,786.1095280457387
1921,19.1,-3.7126348785379264,-0.7317576321109129,2,751.8355910224082,785.3777704136278
1922,19.116666666666667,-6.388694582078415,-0.5091648045597879,2,745.4468964403297,784.868605609068
1923,19.133333333333333,-4.417912198082433,-0.04852637799658055,2,741.0289842422474,784.8200792310714
1924,19.15,-3.1723824176471567,-0.3918005460623135,2,737.8566018246001,784.4282786850091
1925,19.166666666666668,-3.447000546806237,-0.21670045997385046,2,734.4096012777939,784.2115782250353
1926,19.183333333333334,-1.607719458236204,0.02371905292665133,2,732.8018818195576,784.235297277962
1927,19.2,-1.7750521359012055,0.08180619428955538,2,731.0268296836564,784.3171034722516
1928,19.216666666666665,-2.214583049126702,0.39087995238523376,2,728.8122466345296,784.7079834246368
1929,19.233333333333334,-1.633755763902684,0.17897444232741577,2,727.178490870627,784.8869578669643
1930,19.25,-0.8274912024911032,0.17961700461705732,2,726.350999668136,785.0665748715813
1931,19.266666666666666,-0.7759054325956072,0.7080556870635348,2,725.5750942355403,785.7746305586448
1932,19.283333333333335,-0.32829556647737945,0.04978154299786297,2,725.2467986690629,785.8244121016427
1933,19.3,-0.15737785942081928,0.03498951765891434,2,725.089420809642,785.8594016193016
1934,19.316666666666666,-0.2473711243770822,-0.004782897086528237,2,724.8420496852649,785.854618722215
1935,19.333333333333332,-0.0803357314148343,0.30497202238206,3,724.7617139538501,786.1595907445972
1936,19.35,0.0803357314148343,0.69502797761794,3,724.8420496852649,786.854618722215
1937,19.366666666666667,0.1283062438936895,1.3750954791722165,3,724.9703559291586,788.2297142013872
1938,19.383333333333333,-0.018417874396163825,6.851549919484626,3,724.9519380547624,795.0812641208718
1939,19.4,-0.05579501915713081,6.652278177458072,3,724.8961430356053,801.7335422983299
1940,19.416666666666668,0.05409532995747668,4.139138689048764,3,724.9502383655628,805.8726809873787
1941,19.433333333333334,0.045540438397438265,6.79747732426307,3,724.9957788039602,812.6701583116417
1942,19.45,-0.4514846743294356,9.164655172413745,2,724.5442941296308,821.8348134840554
1943,19.466666666666665,-0.05500883216393504,2.8605071652485776,2,724.4892852974668,824.695320649304
1944,19.483333333333334,0.1547142272140718,3.3599727974728353,2,724.6439995246809,828.0552934467769
1945,19.5,0.9411579876073688,4.653882344695802,2,725.5851575122883,832.7091757914727
1946,19.516666666666666,0.37881573611639396,1.425102890539364,2,725.9639732484047,834.1342786820121
1947,19.533333333333335,0.5881080472457256,1.9020419954665897,2,726.5520812956504,836.0363206774787
1948,19.55,0.2761425259510588,2.628549477630287,2,726.8282238216015,838.6648701551089
1949,19.566666666666666,0.14591401926719527,0.6543309912305517,2,726.9741378408687,839.3192011463395
1950,19.583333333333332,0.05533067798637603,2.6857892995947736,2,727.0294685188551,842.0049904459343
1951,19.6,-0.035661541688625675,1.5914800074833693,2,726.9938069771665,843.5964704534176
1952,19.616666666666667,0.04930018032717953,2.249736208732827,2,727.0431071574938,845.8462066621505
1953,19.633333333333333,-0.029708414370873015,2.4899219085465916,2,727.0133987431229,848.3361285706972
1954,19.65,0.0017339193986458667,1.662975764252792,2,727.0151326625216,849.99910433495
1955,19.666666666666668,-0.032272559892248864,0.4161473869312431,2,726.9828601026294,850.4152517218812
1956,19.683333333333334,0.2926419542687313,0.6451611764438212,2,727.2755020568982,851.060412898325
1957,19.7,-0.03107068245657274,0.10369016325131497,2,727.2444313744415,851.1641030615763
1958,19.716666666666665,-0.012987012987025537,0.08954203691047269,2,727.2314443614546,851.2536450984867
1959,19.733333333333334,-0.028679653679660078,0.013528138528101863,2,727.2027647077749,851.2671732370147
1960,19.75,-0.028351152041238947,0.10984086658908154,2,727.1744135557337,851.3770141036039
1961,19.766666666666666,0.7127541371158372,1.279021401020259,2,727.8871676928495,852.6560355046241
1962,19.783333333333335,0.9794009549187876,1.1630512991339401,2,728.8665686477683,853.8190868037581
1963,19.8,2.9971259670917334,2.216301623624304,1,731.86369461486,856.0353884273824
1964,19.816666666666666,5.477173540670606,3.5542398379432143,1,737.3408681555306,859.5896282653256
1965,19.833333333333332,2.3261390887290645,1.1465457770769945,1,739.6670072442597,860.7361740424026
1966,19.85,3.614657210401788,1.819132743936052,1,743.2816644546615,862.5553067863386
1967,19.866666666666667,3.533991438246858,1.8556482013927962,1,746.8156558929084,864.4109549877314
1968,19.883333333333333,1.4547576773853734,0.8830966002499281,1,748.2704135702937,865.2940515879814
1969,19.9,2.334093673965981,1.4222087050553682,1,750.6045072442597,866.7162602930367
1970,19.916666666666668,1.9558333333333167,0.4737037037037908,1,752.560340577593,867.1899639967405
1971,19.933333333333334,1.033333333333303,0.03333333333330302,1,753.5936739109263,867.2232973300738
1972,19.95,2.3511111111112086,0.19435185185182036,1,755.9447850220375,867.4176491819256
1973,19.966666666666665,0.2785440613025685,-0.3764208173690804,1,756.2233290833401,867.0412283645566
1974,19.983333333333334,0.02176673900805781,-0.06473756128923469,1,756.2450958223482,866.9764908032673
1975,20.0,0.14898077314182956,0.05477073262306931,1,756.39407659549,867.0312615358904
1976,20.016666666666666,0.15754603338507422,-0.01514369299604823,1,756.5516226288751,867.0161178428943
1977,20.033333333333335,0.11538461538464162,-0.012820512820439944,1,756.6670072442597,867.0032973300739
1978,20.05,1.0,-0.18444444444446617,1,757.6670072442597,866.8188528856294
1979,20.066666666666666,1.6777777777776919,-0.14444444444450255,1,759.3447850220374,866.6744084411849
1980,20.083333333333332,3.1098934550990407,-0.2738508371385251,1,762.4546784771364,866.4005576040464
1981,20.1,7.090859840569465,-2.4311585790572963,1,769.5455383177059,863.9693990249891
1982,20.116666666666667,0.0,0.0,0,769.5455383177059,863.9693990249891
1983,20.133333333333333,0.0,0.0,0,769.5455383177059,863.9693990249891
1984,20.15,0.0,0.0,0,769.5455383177059,863.9693990249891
1985,20.166666666666668,0.0,0.0,0,769.5455383177059,863.9693990249891
1986,20.183333333333334,0.0,0.0,0,769.5455383177059,863.9693990249891
1987,20.2,0.0,0.0,0,769.5455383177059,863.9693990249891
1988,20.216666666666665,0.0,0.0,0,769.5455383177059,863.9693990249891
1989,20.233333333333334,0.0,0.0,0,769.5455383177059,863.9693990249891
1990,20.25,0.0,0.0,0,769.5455383177059,863.9693990249891
1991,20.266666666666666,0.0,0.0,0,769.5455383177059,863.9693990249891
1992,20.283333333333335,0.0,0.0,0,769.5455383177059,863.9693990249891
1993,20.3,0.0,0.0,0,769.5455383177059,863.9693990249891
1994,20.316666666666666,0.0,0.0,0,769.5455383177059,863.9693990249891
1995,20.333333333333332,0.0,0.0,0,769.5455383177059,863.9693990249891
1996,20.35,0.0,0.0,0,769.5455383177059,863.9693990249891
1997,20.366666666666667,0.0,0.0,0,769.5455383177059,863.9693990249891
1998,20.383333333333333,0.0,0.0,1,769.5455383177059,863.9693990249891
1999,20.4,0.05446220446208372,-1.7224275724275913,1,769.600000522168,862.2469714525615
2000,20.416666666666668,-0.36047724205616305,-5.4391639062691866,2,769.2395232801118,856.8078075462923
2001,20.433333333333334,-0.9987629329734773,-5.210779352226723,2,768.2407603471383,851.5970281940656
2002,20.45,-1.0544620412267136,-6.716478129713437,2,767.1862983059116,844.8805500643522
2003,20.466666666666665,-2.2885841540659726,-13.58711648690523,2,764.8977141518455,831.293433577447
2004,20.483333333333334,-3.1141708496002707,-19.265017893660513,2,761.7835433022453,812.0284156837865
2005,20.5,-2.328329592218495,-10.528677983539126,3,759.4552137100268,801.4997377002474
2006,20.516666666666666,0.0,-44.01179024969076,6,759.4552137100268,757.4879474505566
2007,20.533333333333335,-5.217556489594813,-40.98116231762066,6,754.237657220432,716.5067851329359
2008,20.55,-6.156083960997279,-37.79207172884924,7,748.0815732594347,678.7147134040866
2009,20.566666666666666,-9.346405228758158,-36.31981949283784,7,738.7351680306765,642.3948939112488
2010,20.583333333333332,-11.79550691244242,-36.440506762540565,7,726.9396611182341,605.9543871487083
2011,20.6,-8.476017465809946,-20.612052730696803,7,718.4636436524241,585.3423344180114
2012,20.616666666666667,-11.934150108973768,-19.42953975208775,7,706.5294935434504,565.9127946659237
2013,20.633333333333333,-6.259849854786353,-8.214055670577409,7,700.269643688664,557.6987389953463
2014,20.65,-3.4612746240067054,-4.436507936507951,7,696.8083690646573,553.2622310588383
2015,20.666666666666668,-2.0983814662012037,-2.437908496731893,7,694.7099875984561,550.8243225621064
2016,20.683333333333334,-0.8341092489138191,-2.05000670845061,7,693.8758783495423,548.7743158536558
2017,20.7,-1.2478453424481586,-4.744640442438822,7,692.6280330070941,544.029675411217
2018,20.716666666666665,-2.0244006504693743,-10.435840932117571,7,690.6036323566248,533.5938344790994
2019,20.733333333333334,-1.9704507764208756,-11.541827541827615,7,688.6331815802039,522.0520069372718
2020,20.75,-2.6975757575758053,-14.424904356411162,7,685.9356058226281,507.62710258086065
2021,20.766666666666666,-3.82583202176113,-21.351666666666574,7,682.109773800867,486.2754359141941
2022,20.783333333333335,-3.4753621249121807,-14.558298429319393,7,678.6344116759548,471.7171374848747
2023,20.8,-3.1462362722866146,-14.091547730203274,7,675.4881754036682,457.6255897546714
2024,20.816666666666666,-3.412153750389052,-14.882541445718402,7,672.0760216532791,442.743048308953
2025,20.833333333333332,-2.435940919271502,-9.920634920634939,7,669.6400807340076,432.82241338831807
2026,20.85,-2.1505700871898625,-8.852733686066927,7,667.4895106468177,423.96967970225114
2027,20.866666666666667,-2.4407560469444434,-9.290347293156287,7,665.0487545998733,414.67933240909485
2028,20.883333333333333,-0.6545540304703081,-5.234757406612289,7,664.394200569403,409.44457500248257
2029,20.9,-0.38756596833508183,-4.135070666011245,6,664.0066346010678,405.3095043364713
2030,20.916666666666668,-0.28235294117644116,-4.676227084565312,5,663.7242816598914,400.633277251906
2031,20.933333333333334,-0.17265569449800466,-3.313469986543282,5,663.5516259653934,397.3198072653627
2032,20.95,-0.5726805339371595,-3.126334487965096,5,662.9789454314563,394.19347277739763
2033,20.966666666666665,-0.2276045830002431,-3.36235668198492,5,662.751340848456,390.8311160954127
2034,20.983333333333334,-0.31966800254781447,-1.40319708244283,4,662.4316728459082,389.4279190129699
2035,21.0,-0.1908553912284674,-0.4840263372113327,4,662.2408174546797,388.94389267575855
2036,21.016666666666666,-0.1624825591316288,0.0015761982909339167,4,662.0783348955481,388.9454688740495
2037,21.033333333333335,-0.07726050241188887,0.002678074508082773,4,662.0010743931362,388.94814694855756
2038,21.05,-0.10381081372241852,-0.33909732486148414,4,661.8972635794137,388.6090496236961
2039,21.066666666666666,-0.7519419391456381,-1.1653161486208887,4,661.1453216402681,387.4437334750752
2040,21.083333333333332,-0.45687503917974936,-1.0640081531260535,4,660.6884466010883,386.37972532194914
2041,21.1,-0.8519086105403062,-1.76067568889232,4,659.8365379905481,384.6190496330568
2042,21.116666666666667,-1.4219773168915708,-2.3511126341088016,4,658.4145606736565,382.267936998948
2043,21.133333333333333,-0.34360349809588797,-0.4207524282324471,4,658.0709571755606,381.84718457071557
2044,21.15,-0.5908208882113399,-0.7042839594219004,4,657.4801362873493,381.14290061129367
2045,21.166666666666668,-0.4796584982238983,-0.345737904725695,4,657.0004777891254,380.797162706568
2046,21.183333333333334,-0.02810497688756186,-0.05073546796364781,4,656.9723728122378,380.7464272386043
2047,21.2,0.0,-0.047443719755960956,5,656.9723728122378,380.69898351884837
2048,21.216666666666665,0.0,-0.018882810856325705,5,656.9723728122378,380.68010070799204
2049,21.233333333333334,0.0,0.0,5,656.9723728122378,380.68010070799204
2050,21.25,0.008383712130921595,-0.4383256281571448,5,656.9807565243688,380.2417750798349
2051,21.266666666666666,2.705394144892807,-1.237262593355922,5,659.6861506692616,379.004512486479
2052,21.283333333333335,7.516886930983901,-3.0194907040267935,5,667.2030376002455,375.9850217824522
2053,21.3,14.09934076920672,-5.8998781516542635,5,681.3023783694522,370.0851436307979
2054,21.316666666666666,20.10975477821853,-9.329240293304508,5,701.4121331476707,360.7559033374934
2055,21.333333333333332,28.107688196671347,-12.671769226853996,5,729.5198213443421,348.0841341106394
2056,21.35,30.57019193106146,-12.818540279409774,5,760.0900132754035,335.26559383122964
2057,21.366666666666667,21.316984965461188,-8.139726398483049,5,781.4069982408647,327.1258674327466
2058,21.383333333333333,18.5747513779055,-6.132458662832505,5,799.9817496187702,320.9934087699141
2059,21.4,9.395005214084108,-3.1735676604097307,5,809.3767548328543,317.81984110950435
2060,21.416666666666668,16.998111589616315,-6.6497846515231345,4,826.3748664224706,311.1700564579812
2061,21.433333333333334,5.857507309136338,-2.145776469980831,4,832.2323737316069,309.0242799880004
2062,21.45,3.146896252674651,-1.03820695299936,4,835.3792699842816,307.986073035001
2063,21.466666666666665,0.6983576748448854,-0.3521567305328688,4,836.0776276591264,307.63391630446813
2064,21.483333333333334,-0.2797159181114921,-0.32298268759473103,4,835.7979117410149,307.3109336168734
2065,21.5,-0.18214463995803953,-1.11580750235467,4,835.6157671010569,306.19512611451876
2066,21.516666666666666,-0.18615596841146953,-1.0487079842157812,4,835.4296111326455,305.146418130303
2067,21.533333333333335,0.2307244070722163,-1.4515720081135726,4,835.6603355397177,303.69484612218946
2068,21.55,0.7606658692183714,-2.028847061950785,4,836.421001408936,301.6659990602387
2069,21.566666666666666,-0.044622977495208715,-1.2137497436188482,4,836.3763784314408,300.4522493166198
2070,21.583333333333332,0.18932185177490624,-1.3509880819583202,4,836.5657002832157,299.1012612346615
2071,21.6,-0.6083271005548454,-1.5225836266044155,4,835.9573731826608,297.5786776080571
2072,21.616666666666667,-0.4459856647429774,-0.7728274665701349,4,835.5113875179179,296.805850141487
2073,21.633333333333333,-0.48822329907463313,-0.6911650758249834,4,835.0231642188432,296.114685065662
2074,21.65,-0.2755757242276218,-0.5651251232802679,4,834.7475884946157,295.54955994238173
2075,21.666666666666668,-0.1095052174851503,-0.16382817079491474,4,834.6380832771306,295.38573177158685
2076,21.683333333333334,-0.196034559991773,-0.3701410036188406,4,834.4420487171388,295.015590767968
2077,21.7,0.0,0.0,4,834.4420487171388,295.015590767968
2078,21.716666666666665,0.0,0.0,5,834.4420487171388,295.015590767968
2079,21.733333333333334,0.7824675324675354,2.2337164750957186,5,835.2245162496064,297.2493072430637
2080,21.75,1.7110376947256327,4.048580371115634,5,836.935553944332,301.29788761417933
2081,21.766666666666666,2.9222499919894744,6.759462892397039,5,839.8578039363215,308.05735050657637
2082,21.783333333333335,6.486109772938903,9.309020024809513,5,846.3439137092604,317.3663705313859
2083,21.8,5.58139515580126,6.827282728272792,5,851.9253088650617,324.1936532596587
2084,21.816666666666666,5.470830906620108,4.958856682769749,5,857.3961397716818,329.1525099424284
2085,21.833333333333332,5.035448351536161,4.768450375965415,4,862.4315881232179,333.92096031839384
2086,21.85,2.6478155634528093,2.7024141539821755,4,865.0794036866707,336.623374472376
2087,21.866666666666667,1.7180678356093608,1.6635567389077721,4,866.7974715222801,338.2869312112838
2088,21.883333333333333,0.9495468456528329,1.4224714589866494,4,867.7470183679329,339.70940267027044
2089,21.9,0.4597541019494429,0.3037331085589585,4,868.2067724698824,340.0131357788294
2090,21.916666666666668,0.5636676863819616,0.38052716108518325,4,868.7704401562644,340.3936629399146
2091,21.933333333333334,1.5939717952077785,0.6659466598165409,4,870.3644119514722,341.0596095997311
2092,21.95,1.9389083322785723,1.3477405635300954,4,872.3033202837507,342.4073501632612
2093,21.966666666666665,2.472835120744435,1.1605771812217256,4,874.7761554044952,343.5679273444829
2094,21.983333333333334,3.3153066511157476,1.531588437139277,4,878.0914620556109,345.09951578162213
2095,22.0,3.8720563220022655,1.0334791101566054,4,881.9635183776131,346.1329948917787
2096,22.016666666666666,1.992044980788478,0.20825415874918463,4,883.9555633584016,346.3412490505279
2097,22.033333333333335,1.0154292929292978,0.0,4,884.9709926513309,346.3412490505279
2098,22.05,0.10155389340201282,-0.009604203840950731,4,885.0725465447329,346.3316448466869
2099,22.066666666666666,0.004115165357490014,-0.25242756481759443,4,885.0766617100903,346.0792172818693
2100,22.083333333333332,0.08104643613683038,-0.2654800218319906,5,885.1577081462272,345.8137372600373
2101,22.1,-0.5336474395581945,-0.15140901771326298,5,884.624060706669,345.66232824232407
2102,22.116666666666667,-2.1742134062926652,0.10756021578913533,5,882.4498473003763,345.7698884581132
2103,22.133333333333333,-8.460558491082338,3.3905836713101394,5,873.989288809294,349.16047212942334
2104,22.15,-10.196180555555543,3.96718480138162,5,863.7931082537384,353.12765693080496
2105,22.166666666666668,-14.127840909090878,6.398779461279446,5,849.6652673446475,359.5264363920844
2106,22.183333333333334,-21.684193250716817,10.9941335037567,5,827.9810740939307,370.5205698958411
2107,22.2,-14.195283882783883,8.244113867268027,6,813.7857902111468,378.76468376310913
2108,22.216666666666665,-13.753128784553496,8.632339129154445,6,800.0326614265933,387.3970228922636
2109,22.233333333333334,-15.605595822222313,8.666466250938726,6,784.427065604371,396.06348914320233
2110,22.25,-9.319036120890473,5.931980923909123,5,775.1080294834805,401.99547006711146
2111,22.266666666666666,-6.0,4.940755040754993,5,769.1080294834805,406.93622510786645
2112,22.283333333333335,-4.3341085271316615,4.196326282229393,5,764.7739209563489,411.13255139009584
2113,22.3,-1.2480063795853766,1.664404661480262,5,763.5259145767635,412.7969560515761
2114,22.316666666666666,-0.42568542568528756,1.1422720592934184,5,763.1002291510782,413.9392281108695
2115,22.333333333333332,-0.31301554719277647,1.1133178633178886,5,762.7872136038854,415.0525459741874
2116,22.35,-0.49555211606707417,1.0243738688183157,5,762.2916614878184,416.0769198430057
2117,22.366666666666667,-0.6708160442601638,1.0071369385425442,5,761.6208454435582,417.08405678154827
2118,22.383333333333333,-0.48161428135483675,0.827680174215061,5,761.1392311622034,417.91173695576333
2119,22.4,-0.12944356202794438,0.23775231860338408,5,761.0097876001754,418.1494892743667
2120,22.416666666666668,-0.13924276699606253,0.350557310473846,5,760.8705448331793,418.50004658484056
2121,22.433333333333334,-0.1111342194324152,0.11128124665242467,5,760.7594106137469,418.611327831493
2122,22.45,-0.07798165137614887,0.09729390388923775,5,760.6814289623708,418.7086217353822
2123,22.466666666666665,-0.009370677731681099,0.0665183761066146,5,760.6720582846391,418.77514011148884
2124,22.483333333333334,0.0,0.0,5,760.6720582846391,418.77514011148884
2125,22.5,0.0,0.01242836198855457,6,760.6720582846391,418.7875684734774
2126,22.516666666666666,0.4503572016628823,0.12231146516069202,6,761.122415486302,418.9098799386381
2127,22.533333333333335,2.949467893217843,0.6665532455818379,6,764.0718833795198,419.5764331842199
2128,22.55,4.798287839434408,0.132339071811316,6,768.8701712189543,419.70877225603124
2129,22.566666666666666,24.80206157246937,0.3229758203345341,6,793.6722327914237,420.0317480763658
2130,22.583333333333332,24.826635712803125,-0.863714404093912,6,818.4988685042267,419.16803367227186
2131,22.6,31.913288073088438,-1.8579205763305708,6,850.4121565773152,417.3101130959413
2132,22.616666666666667,26.87538997353812,-1.8977914041094976,6,877.2875465508532,415.4123216918318
2133,22.633333333333333,23.912447178842456,-1.6253898880321742,6,901.1999937296957,413.7869318037996
2134,22.65,27.31854328776899,-1.2951275655897945,6,928.5185370174647,412.4918042382098
2135,22.666666666666668,17.372730316666946,-0.10803554324233744,6,945.8912673341317,412.38376869496744
2136,22.683333333333334,12.207566308243827,0.0038252896020338767,6,958.0988336423756,412.3875939845695
2137,22.7,13.938455862977435,0.051283267457193915,5,972.037289505353,412.4388772520267
2138,22.716666666666665,6.20808725156553,-0.10283687943262976,5,978.2453767569185,412.3360403725941
2139,22.733333333333334,3.4290348180509227,0.21340388007058664,5,981.6744115749694,412.54944425266467
2140,22.75,1.455888913095123,0.2612949073065636,5,983.1303004880646,412.81073915997126
2141,22.766666666666666,0.96766019152642,0.4000312571380391,5,984.097960679591,413.2107704171093
2142,22.783333333333335,1.7859723835333625,0.7053791887124135,5,985.8839330631243,413.9161496058217
2143,22.8,3.1270379190328867,0.524375681963221,5,989.0109709821572,414.4405252877849
2144,22.816666666666666,3.072828247925372,0.2774804905239989,5,992.0837992300826,414.7180057783089
2145,22.833333333333332,1.5726495726495386,-0.027517013002920976,5,993.6564488027321,414.690488765306
2146,22.85,0.0933424845574109,0.04375428963624017,5,993.7497912872896,414.7342430549422
2147,22.866666666666667,0.045517549742953634,0.06516879052105651,5,993.7953088370325,414.7994118454633
2148,22.883333333333333,0.0,0.0,5,993.7953088370325,414.7994118454633
2149,22.9,0.0,0.0,5,993.7953088370325,414.7994118454633
2150,22.916666666666668,0.0,0.0,5,993.7953088370325,414.7994118454633
2151,22.933333333333334,0.0,0.0,6,993.7953088370325,414.7994118454633
2152,22.95,0.5054036705415115,-0.2734446576255891,6,994.300712507574,414.5259671878377
2153,22.966666666666665,1.5813860777241757,-0.7336513212709974,6,995.8820985852981,413.7923158665667
2154,22.983333333333334,9.630053903449777,-4.684282397510714,6,1005.5121524887479,409.10803346905595
2155,23.0,7.709588226210542,-3.7894411975532023,6,1013.2217407149585,405.3185922715028
2156,23.016666666666666,6.916617401390681,-3.8475048824351177,6,1020.1383581163492,401.47108738906763
2157,23.033333333333335,16.467042130861955,-8.332432032164462,6,1036.605400247211,393.1386553569032
2158,23.05,15.348797816200545,-7.481050688938751,6,1051.9541980634117,385.65760466796445
2159,23.066666666666666,9.796096729843612,-4.577770740406066,6,1061.7502947932553,381.0798339275584
2160,23.083333333333332,9.991612879101297,-5.1087392584540225,4,1071.7419076723565,375.9710946691044
2161,23.1,4.818448169262069,-2.77374290544293,4,1076.5603558416187,373.19735176366146
2162,23.116666666666667,3.0655564489891276,-2.0743376297887153,4,1079.6259122906079,371.12301413387274
2163,23.133333333333333,2.146568806601749,-0.8814525975014647,4,1081.7724810972095,370.24156153637125
2164,23.15,1.194965913964495,-0.5699791828849072,4,1082.967447011174,369.6715823534863
2165,23.166666666666668,0.5508630476830945,-0.2156623010722285,4,1083.5183100588572,369.45592005241406
2166,23.183333333333334,1.2704061895550467,-0.6470301418439988,4,1084.7887162484121,368.8088899105701
2167,23.2,1.0226587804245924,-0.8141357525637432,4,1085.8113750288367,367.99475415800634
2168,23.216666666666665,1.101666005280208,-0.6969704410549582,4,1086.9130410341168,367.29778371695136
2169,23.233333333333334,1.7980012437283222,-1.6150882523558323,4,1088.711042277845,365.68269546459555
2170,23.25,1.9858820705779863,-0.8982757125295109,4,1090.6969243484232,364.784419752066
2171,23.266666666666666,1.7603350919117702,-1.007308088046159,4,1092.4572594403348,363.77711166401986
2172,23.283333333333335,1.18433812200783,-0.839615144146137,4,1093.6415975623427,362.9374965198737
2173,23.3,0.6479019838239424,-0.1504826251474185,4,1094.2894995461666,362.78701389472633
2174,23.316666666666666,0.4352200610043724,-0.22632527065465524,4,1094.724719607171,362.56068862407164
2175,23.333333333333332,0.7897284158824505,-0.13184265010355034,4,1095.5144480230533,362.4288459739681
2176,23.35,0.19345623540448287,-0.030359333917601816,4,1095.7079042584578,362.3984866400505
2177,23.366666666666667,0.0,0.0,5,1095.7079042584578,362.3984866400505
2178,23.383333333333333,0.0,0.0,5,1095.7079042584578,362.3984866400505
2179,23.4,0.3839081700581346,-0.07582723789619195,5,1096.0918124285158,362.32265940215433
2180,23.416666666666668,6.2039836877158905,-1.528742387007128,5,1102.2957961162317,360.7939170151472
2181,23.433333333333334,9.124819357794877,-4.749213483146036,5,1111.4206154740266,356.04470353200117
2182,23.45,16.034771420660945,-9.107935005006311,5,1127.4553868946875,346.93676852699485
2183,23.466666666666665,32.25611184955437,-17.268301087973157,5,1159.711498744242,329.6684674390217
2184,23.483333333333334,29.33815580286182,-14.8064122946476,5,1189.0496545471037,314.8620551443741
2185,23.5,18.365240641711125,-8.814070311240073,5,1207.4148951888149,306.047984833134
2186,23.516666666666666,46.31367212099872,-21.389552445910283,5,1253.7285673098136,284.65843238722374
2187,23.533333333333335,23.14705072613401,-9.582971987060375,5,1276.8756180359476,275.07546040016337
2188,23.55,24.036781609195373,-9.432835820895548,5,1300.912399645143,265.6426245792678
2189,23.566666666666666,14.952325581395371,-4.273809523809632,5,1315.8647252265384,261.3688150554582
2190,23.583333333333332,11.891449519006187,-3.0725446428571104,5,1327.7561747455447,258.2962704126011
2191,23.6,13.178176119110617,-1.8116993464052484,5,1340.9343508646552,256.4845710661958
2192,23.616666666666667,7.144759015840918,-0.513147957057356,5,1348.0791098804962,255.97142310913847
2193,23.633333333333333,5.063953488372135,-0.3616648982707602,5,1353.1430633688683,255.6097582108677
2194,23.65,2.5858585858585457,-0.020875420875427153,5,1355.728921954727,255.58888278999228
2195,23.666666666666668,5.310552773516292,0.09161071795801945,5,1361.0394747282432,255.6804935079503
2196,23.683333333333334,3.200285818894713,0.7023809523809632,5,1364.2397605471378,256.38287446033127
2197,23.7,4.045151018274282,0.7777308558558502,5,1368.2849115654121,257.1606053161871
2198,23.716666666666665,6.617614397427474,1.329212493667356,4,1374.9025259628397,258.48981780985446
2199,23.733333333333334,5.782470441458145,1.0613536317552104,4,1380.6849964042979,259.55117144160965
2200,23.75,4.026175025470366,0.730353084458244,4,1384.7111714297682,260.28152452606787
2201,23.766666666666666,8.820572991621816,1.6557682659885131,4,1393.5317444213902,261.9372927920564
2202,23.783333333333335,3.4882656081580308,0.808683376290773,4,1397.0200100295483,262.74597616834717
2203,23.8,1.769613699721333,0.5070283898597836,4,1398.7896237292696,263.25300455820695
2204,23.816666666666666,0.4339828327642863,0.2918821698264793,4,1399.2236065620339,263.5448867280334
2205,23.833333333333332,0.4380553962451472,0.14431711257743984,4,1399.661661958279,263.68920384061084
2206,23.85,0.92309307667432,0.375693580333035,5,1400.5847550349533,264.0648974209439
2207,23.866666666666667,0.6307103505437226,0.0,5,1401.215465385497,264.0648974209439
2208,23.883333333333333,0.8370917277168246,0.0,5,1402.0525571132139,264.0648974209439
2209,23.9,0.05428810320131561,0.0,5,1402.1068452164152,264.0648974209439
2210,23.916666666666668,0.0429603420316198,-0.0028895768833763213,5,1402.1498055584468,264.06200784406053
2211,23.933333333333334,0.0,0.0,4,1402.1498055584468,264.06200784406053
2212,23.95,0.0,0.0,4,1402.1498055584468,264.06200784406053
2213,23.966666666666665,0.0,0.0,4,1402.1498055584468,264.06200784406053
2214,23.983333333333334,-0.005428718643202046,1.4492655016552192,4,1402.1443768398035,265.5112733457157
2215,24.0,0.3307548825981712,3.846033769751415,4,1402.4751317224018,269.35730711546717
2216,24.016666666666666,-0.0365201081953046,7.143425421443595,4,1402.4386116142064,276.50073253691073
2217,24.033333333333335,-1.13046461744392,13.262977018764502,4,1401.3081469967624,289.76370955567523
2218,24.05,-1.2393736668606152,12.711775366302362,4,1400.068773329902,302.47548492197757
2219,24.066666666666666,-1.7051612596756058,14.316520979948308,4,1398.3636120702263,316.7920059019259
2220,24.083333333333332,-1.1233323901951735,18.82908289241624,4,1397.240279680031,335.62108879434214
2221,24.1,-0.08406085012319409,14.15847145488027,4,1397.1562188299079,349.7795602492224
2222,24.116666666666667,0.050947975343547114,12.995979009515963,4,1397.2071668052513,362.7755392587384
2223,24.133333333333333,0.049487366921596276,14.554742426046658,4,1397.2566541721728,377.33028168478506
2224,24.15,0.04272134519226256,9.101940920836313,4,1397.2993755173652,386.4322226056214
2225,24.166666666666668,-0.12480852248995689,7.084621454764829,3,1397.1745669948752,393.51684406038623
2226,24.183333333333334,-0.1984567450464283,6.558127647144772,3,1396.9761102498287,400.074971707531
2227,24.2,-0.2011777140266986,3.456088107392759,3,1396.774932535802,403.53105981492376
2228,24.216666666666665,-0.11229865849702492,2.0,3,1396.6626338773049,405.53105981492376
2229,24.233333333333334,-0.07707061900623557,1.3342175066313189,3,1396.5855632582986,406.8652773215551
2230,24.25,-0.2673831336620651,0.17562724014339892,3,1396.3181801246365,407.0409045616985
2231,24.266666666666666,-0.20666666666670608,0.23786704251818946,3,1396.1115134579697,407.2787716042167
2232,24.283333333333335,-0.42607323232311956,1.4495131086143829,3,1395.6854402256467,408.72828471283106
2233,24.3,-0.6464939024390333,1.8273120590828853,3,1395.0389463232077,410.55559677191394
2234,24.316666666666666,-0.9350117289457103,3.133148313344577,3,1394.103934594262,413.6887450852585
2235,24.333333333333332,-0.6111111111110858,3.7966756545388307,3,1393.492823483151,417.48542073979735
2236,24.35,-0.024096385542179632,2.3897590361445396,3,1393.4687270976087,419.8751797759419
2237,24.366666666666667,0.08997031108788178,0.9283358073560066,3,1393.5586974086966,420.8035155832979
2238,24.383333333333333,-0.032681398696013275,0.7490545536646778,3,1393.5260160100006,421.5525701369626
2239,24.4,-0.060638730483105974,0.06250594049998881,3,1393.4653772795175,421.61507607746256
2240,24.416666666666668,0.025922035480903105,0.016304855275450336,4,1393.4912993149983,421.631380932738
2241,24.433333333333334,-0.008428796587622855,-0.09165844811136026,4,1393.4828705184107,421.5397224846266
2242,24.45,-4.320636839356666,-1.7225551726740491,4,1389.162233679054,419.8171673119526
2243,24.466666666666665,-7.840058169798056,-3.0680325877183066,4,1381.3221755092559,416.7491347242343
2244,24.483333333333334,-11.415466053663977,-3.57895381433201,5,1369.906709455592,413.1701809099023
2245,24.5,-11.085769980506939,-3.181035964905334,5,1358.820939475085,409.98914494499695
2246,24.516666666666666,-32.562378167641214,-9.336907082521066,5,1326.2585613074439,400.6522378624759
2247,24.533333333333335,-20.34254086488727,-5.1965219421101665,5,1305.9160204425566,395.4557159203657
2248,24.55,-20.138722751670457,-5.4006901084456445,5,1285.7772976908861,390.0550258119201
2249,24.566666666666666,-13.143985161766125,-4.015135370424616,4,1272.63331252912,386.03989044149546
2250,24.583333333333332,-9.490239437164348,-3.3306076058221663,4,1263.1430730919558,382.7092828356733
2251,24.6,-6.413646152102501,-3.967172146368995,4,1256.7294269398533,378.74211068930435
2252,24.616666666666667,-1.4447906171005798,-1.9928443748946734,4,1255.2846363227527,376.7492663144097
2253,24.633333333333333,-0.9362742267453541,-1.9062454034794314,4,1254.3483620960073,374.84302091093025
2254,24.65,-0.995951212112459,-1.7612343126313874,4,1253.352410883895,373.0817865982989
2255,24.666666666666668,-1.4290129679787356,-0.6683268351734171,4,1251.9233979159162,372.4134597631255
2256,24.683333333333334,-1.0949725217251967,-0.3439125972941639,4,1250.828425394191,372.06954716583135
2257,24.7,-0.8658949074618931,-0.19446054563721304,4,1249.962530486729,371.8750866201941
2258,24.716666666666665,-0.8207981120866634,-0.20777930786327659,4,1249.1417323746423,371.6673073123308
2259,24.733333333333334,-0.0862643998896715,-0.053200209669540754,4,1249.0554679747527,371.61410710266125
2260,24.75,-0.16212202306070367,-0.036608501073800426,4,1248.893345951692,371.5774986015874
2261,24.766666666666666,0.0,0.0,4,1248.893345951692,371.5774986015874
2262,24.783333333333335,0.0,0.0,4,1248.893345951692,371.5774986015874
2263,24.8,0.0,0.0,4,1248.893345951692,371.5774986015874
2264,24.816666666666666,0.0,0.0,4,1248.893345951692,371.5774986015874
2265,24.833333333333332,1.6433967093571482,4.2793746193391655,4,1250.5367426610492,375.85687322092656
2266,24.85,2.585151279393017,4.297527322746845,4,1253.121893940442,380.15440054367343
2267,24.866666666666667,8.21399974007312,10.658697235564432,4,1261.3358936805153,390.81309777923786
2268,24.883333333333333,11.5945994974428,13.077262349733246,5,1272.930493177958,403.8903601289711
2269,24.9,19.7537688442211,20.463033516566696,5,1292.6842620221792,424.35339364553784
2270,24.916666666666668,8.795961565705738,8.12868397350394,5,1301.480223587885,432.4820776190418
2271,24.933333333333334,14.54947470445694,12.472701965365673,4,1316.029698292342,444.95477958440745
2272,24.95,28.08335641489998,20.657402685704596,5,1344.1130547072419,465.61218227011204
2273,24.966666666666665,10.569605209605243,7.232820512820467,5,1354.6826599168471,472.8450027829325
2274,24.983333333333334,13.69704547215133,9.067078782244948,5,1368.3797053889984,481.91208156517746
2275,25.0,17.050280535174807,10.610006184291905,5,1385.4299859241733,492.5220877494694
2276,25.016666666666666,4.497448547109457,3.129345428864184,4,1389.9274344712826,495.6514331783336
2277,25.033333333333335,5.9463675552545965,5.011074670704062,4,1395.8738020265373,500.66250784903764
2278,25.05,5.897145592319816,7.127050188045075,4,1401.770947618857,507.7895580370827
2279,25.066666666666666,1.070398634177991,2.5452669677372057,4,1402.841346253035,510.3348250048199
2280,25.083333333333332,0.2315722027240099,2.7227060203235425,4,1403.072918455759,513.0575310251435
2281,25.1,-0.3667286339266411,3.7323287659302338,4,1402.7061898218324,516.7898597910737
2282,25.116666666666667,-0.3765614353849287,0.5596836586332472,4,1402.3296283864474,517.349543449707
2283,25.133333333333333,-1.2263270776303443,0.735209766384429,4,1401.1033013088172,518.0847532160914
2284,25.15,-3.5244090995859096,1.3163225303000416,4,1397.5788922092313,519.4010757463914
2285,25.166666666666668,-1.5499004378391419,0.5279211694248573,4,1396.0289917713922,519.9289969158162
2286,25.183333333333334,-2.923188903786013,0.7913892926810888,4,1393.1058028676061,520.7203862084973
2287,25.2,-3.2480589597624885,1.8880636492519614,4,1389.8577439078435,522.6084498577493
2288,25.216666666666665,-0.18364704824944056,0.7076104845437499,4,1389.674096859594,523.316060342293
2289,25.233333333333334,-0.3068032211682521,0.8092436263994216,4,1389.367293638426,524.1253039686924
2290,25.25,0.9571055747426271,0.28376654665359524,4,1390.3243992131686,524.409070515346
2291,25.266666666666666,0.29142185672196774,0.18321586782087707,4,1390.6158210698904,524.5922863831669
2292,25.283333333333335,0.20823154645097475,0.5294904156712334,5,1390.8240526163413,525.1217767988381
2293,25.3,0.10155610155607064,0.6727682227682976,5,1390.9256087178974,525.7945450216064
2294,25.316666666666666,-1.1521611029529595,6.368636180819863,5,1389.7734476149444,532.1631812024262
2295,25.333333333333332,-1.7707682441964607,4.6381496310252714,5,1388.002679370748,536.8013308334515
2296,25.35,-4.578487097914376,10.465909090909122,5,1383.4241922728336,547.2672399243606
2297,25.366666666666667,-6.336357834568162,12.688405797101382,5,1377.0878344382654,559.955645721462
2298,25.383333333333333,-19.755041971035666,23.722130026618913,6,1357.3327924672299,583.6777757480809
2299,25.4,-9.693790737343079,10.703178173846766,6,1347.6390017298868,594.3809539219276
2300,25.416666666666668,-15.49338517637625,15.045796675691037,6,1332.1456165535105,609.4267505976186
2301,25.433333333333334,-22.057198901796824,20.540918671264563,6,1310.0884176517138,629.9676692688831
2302,25.45,-12.736710596760872,12.380217340484677,6,1297.3517070549528,642.3478866093678
2303,25.466666666666665,-11.238373804937282,11.96427291427193,6,1286.1133332500156,654.3121595236398
2304,25.483333333333334,-13.610991206484641,15.46471596350625,5,1272.502342043531,669.7768754871461
2305,25.5,-5.016853022200621,5.656538648517312,5,1267.4854890213303,675.4334141356634
2306,25.516666666666666,-5.578849097031252,6.016827364554615,5,1261.906639924299,681.450241500218
2307,25.533333333333335,-6.831102693602361,7.513131313131282,5,1255.0755372306967,688.9633728133492
2308,25.55,-2.572911376333195,2.996381411884215,5,1252.5026258543635,691.9597542252334
2309,25.566666666666666,-1.9580229671012148,2.7738206083178056,5,1250.5446028872623,694.7335748335512
2310,25.583333333333332,-2.575706486833724,3.5408638407192825,5,1247.9688964004285,698.2744386742704
2311,25.6,-0.42216933015970426,1.044593675620547,5,1247.5467270702688,699.3190323498909
2312,25.616666666666667,-0.8000933706816795,1.4069561157796784,5,1246.7466336995872,700.7259884656705
2313,25.633333333333333,-0.6719975739583788,2.0290725977000648,5,1246.0746361256288,702.7550610633706
2314,25.65,0.4093067426399557,1.698369975348328,5,1246.4839428682687,704.4534310387189
2315,25.666666666666668,1.3080972579912213,0.6388828698687234,5,1247.79204012626,705.0923139085876
2316,25.683333333333334,4.412994874692231,0.036183865369878276,5,1252.2050350009522,705.1284977739574
2317,25.7,2.229231818802191,-0.42373584390776386,5,1254.4342668197544,704.7047619300497
2318,25.716666666666665,1.8649831377306327,-0.5230918656414474,5,1256.299249957485,704.1816700644083
2319,25.733333333333334,1.4519901173246126,-0.8664970945260961,5,1257.7512400748096,703.3151729698823
2320,25.75,0.10126275600759982,0.017919116721486716,5,1257.8525028308172,703.3330920866038
2321,25.766666666666666,0.14560265118461757,-0.013586881631567849,5,1257.9981054820018,703.3195052049722
2322,25.783333333333335,0.0,-0.01389637939092836,6,1257.9981054820018,703.3056088255812
2323,25.8,-0.019979361311584398,-0.01958239101972481,6,1257.9781261206904,703.2860264345614
2324,25.816666666666666,0.0,0.0,6,1257.9781261206904,703.2860264345614
2325,25.833333333333332,-1.9564921049508257,-0.14487531889744787,6,1256.0216340157394,703.141151115664
2326,25.85,-20.705469267499893,-0.6163400956447731,6,1235.3161647482395,702.5248110200192
2327,25.866666666666667,-16.310994052063847,-0.5005672971955164,6,1219.0051706961758,702.0242437228237
2328,25.883333333333333,-33.81659318515119,-0.23049053051994406,6,1185.1885775110245,701.7937531923037
2329,25.9,-63.686282651030865,-7.400989950349526,6,1121.5022948599935,694.3927632419542
2330,25.916666666666668,-35.200905212141265,-0.21767293256058906,6,1086.3013896478524,694.1750903093936
2331,25.933333333333334,-42.42168793939845,-3.147112801884589,6,1043.879701708454,691.0279775075089
2332,25.95,-63.65399873325907,-6.136278700068118,6,980.2257029751948,684.8916988074408
2333,25.966666666666665,-25.817361113866696,-1.2850409925962367,6,954.4083418613282,683.6066578148445
2334,25.983333333333334,-33.45127803342609,-1.9827965402728012,6,920.9570638279021,681.6238612745717
2335,26.0,-39.884171669841464,-4.381353316917284,6,881.0728921580605,677.2425079576544
2336,26.016666666666666,-13.581746375294642,-1.1945066278399281,6,867.4911457827659,676.0480013298145
2337,26.033333333333335,-14.389969232834233,-1.5203735143451524,6,853.1011765499317,674.5276278154694
2338,26.05,-16.4458701566233,-3.3118825787919945,6,836.6553063933084,671.2157452366773
2339,26.066666666666666,-3.9773876878801957,-1.3912669697874094,6,832.6779187054282,669.8244782668899
2340,26.083333333333332,-3.663324940636926,-2.360991082527562,6,829.0145937647912,667.4634871843623
2341,26.1,-3.419540229885115,-3.889546351084846,5,825.5950535349061,663.5739408332774
2342,26.116666666666667,-1.0580851379097567,-1.405038759689944,5,824.5369683969964,662.1689020735876
2343,26.133333333333333,-1.278774036235518,-2.1732434232434343,5,823.2581943607609,659.9956586503441
2344,26.15,-0.968055918473965,-2.182540180813646,5,822.2901384422869,657.8131184695305
2345,26.166666666666668,-0.3041431261769958,-2.4718584146550597,5,821.9859953161099,655.3412600548754
2346,26.183333333333334,-0.15875498802870425,-0.9974281038109893,5,821.8272403280812,654.3438319510644
2347,26.2,-0.4309392265192855,-2.990113923447268,5,821.3963011015619,651.3537180276171
2348,26.216666666666665,-0.11536459897092755,-1.0938823979309404,5,821.280936502591,650.2598356296862
2349,26.233333333333334,-0.29123221582244696,-1.1471608772333184,5,820.9897042867685,649.1126747524529
2350,26.25,-0.7027027027027088,-1.8830915590746713,5,820.2870015840658,647.2295831933782
2351,26.266666666666666,-0.44504504504493525,-0.35263776690555915,5,819.8419565390209,646.8769454264726
2352,26.283333333333335,-0.3088363004776511,-0.3947597029564349,5,819.5331202385432,646.4821857235162
2353,26.3,-0.45529120739229256,-0.43247863247859186,5,819.0778290311509,646.0497070910376
2354,26.316666666666666,-0.3015015015014342,-0.2981528228552861,5,818.7763275296495,645.7515542681823
2355,26.333333333333332,-0.1867266148035469,-0.5445280564846371,5,818.589600914846,645.2070262116977
2356,26.35,-0.16525756525766155,-0.516862148644293,5,818.4243433495883,644.6901640630533
2357,26.366666666666667,-0.05416137073484606,-0.44214871961617064,5,818.3701819788535,644.2480153434371
2358,26.383333333333333,-0.5769461933334696,-1.402730548133718,5,817.79323578552,642.8452847953034
2359,26.4,-0.48573493279377544,-0.951086956521749,5,817.3075008527262,641.8941978387817
2360,26.416666666666668,-1.3522975489454439,-1.8207140465427187,5,815.9552033037808,640.0734837922389
2361,26.433333333333334,-3.027686703096606,-3.426785444662528,5,812.9275166006842,636.6466983475764
2362,26.45,-12.859217877095034,-11.847702451054431,5,800.0682987235891,624.798995896522
2363,26.466666666666665,-8.41269791404875,-6.067856245287828,6,791.6556008095404,618.7311396512341
2364,26.483333333333334,-16.565710538820326,-10.063568251824606,6,775.08989027072,608.6675713994096
2365,26.5,-32.18901310486581,-15.24816628622574,6,742.9008771658542,593.4194051131838
2366,26.516666666666666,-13.289491349911941,-5.54016659387284,6,729.6113858159423,587.8792385193109
2367,26.533333333333335,-20.921170820557734,-8.442224877400193,6,708.6902149953846,579.4370136419107
2368,26.55,-20.199238724916484,-7.715138673433586,6,688.4909762704681,571.7218749684771
2369,26.566666666666666,-21.542773354565952,-7.38768592148746,6,666.9482029159021,564.3341890469896
2370,26.583333333333332,-23.319816264738677,-6.553219323779615,6,643.6283866511635,557.7809697232101
2371,26.6,-15.290026685449106,-3.9202091169304225,6,628.3383599657144,553.8607606062797
2372,26.616666666666667,-13.6846078431372,-3.414772727272748,5,614.6537521225772,550.4459878790069
2373,26.633333333333333,-3.173693155909177,-1.3217054263565728,5,611.480058966668,549.1242824526503
2374,26.65,-5.2049910873440695,-2.9144385026738178,5,606.275067879324,546.2098439499764
2375,26.666666666666668,-1.3805254378648897,-0.6018209619126651,5,604.8945424414591,545.6080229880638
2376,26.683333333333334,-0.9974303400489362,-0.427128427128423,5,603.8971121014101,545.1808945609354
2377,26.7,-1.0055865921787017,-0.7436067019400525,5,602.8915255092314,544.4372878589953
2378,26.716666666666665,-2.0177529021558485,-1.1922980352771333,5,600.8737726070756,543.2449898237182
2379,26.733333333333334,-0.8723640903416481,-0.5448303257292082,5,600.0014085167339,542.700159497989
2380,26.75,-1.342703096169089,-0.5877560131704058,5,598.6587054205648,542.1124034848186
2381,26.766666666666666,-1.388975749580709,-0.6832543443917984,5,597.2697296709841,541.4291491404268
2382,26.783333333333335,-0.8556149732620497,-0.11933465237197538,5,596.4141146977221,541.3098144880548
2383,26.8,0.0,0.0,5,596.4141146977221,541.3098144880548
2384,26.816666666666666,0.0,-0.00408142949578405,5,596.4141146977221,541.3057330585591
2385,26.833333333333332,0.0,0.0,5,596.4141146977221,541.3057330585591
2386,26.85,0.0,0.0,5,596.4141146977221,541.3057330585591
2387,26.866666666666667,0.0,0.0,5,596.4141146977221,541.3057330585591
2388,26.883333333333333,0.0,0.0,6,596.4141146977221,541.3057330585591
2389,26.9,0.0308847308847362,0.24333244846738467,6,596.4449994286068,541.5490655070265
2390,26.916666666666668,1.9357271906052347,1.9979958738579455,6,598.380726619212,543.5470613808844
2391,26.933333333333334,6.8831904669133905,4.562147842565054,6,605.2639170861255,548.1092092234495
2392,26.95,29.689799032811436,13.700072917456936,7,634.9537161189369,561.8092821409065
2393,26.966666666666665,16.03634751773029,5.82989750893006,7,650.9900636366672,567.6391796498365
2394,26.983333333333334,0.0,11.259017935783476,7,650.9900636366672,578.89819758562
2395,27.0,15.334148204736493,2.9960604672468776,7,666.3242118414037,581.8942580528669
2396,27.016666666666666,22.05370626289323,5.148868530263883,7,688.3779181042969,587.0431265831307
2397,27.033333333333335,25.221532947339483,6.3607467801016355,7,713.5994510516364,593.4038733632324
2398,27.05,29.057759941885706,7.920314313303379,7,742.6572109935221,601.3241876765358
2399,27.066666666666666,10.150259501088385,2.5876900876900493,7,752.8074704946105,603.9118777642258
2400,27.083333333333332,12.899566220654833,3.9712063591293116,6,765.7070367152653,607.883084123355
2401,27.1,11.158415841584201,4.381507381507333,5,776.8654525568495,612.2645915048624
2402,27.116666666666667,7.341584158415799,4.588103254769976,5,784.2070367152653,616.8526947596324
2403,27.133333333333333,2.334331876000988,2.0584694425273824,5,786.5413685912663,618.9111642021599
2404,27.15,1.9481382978724469,2.508297277567067,5,788.4895068891387,621.4194614797269
2405,27.166666666666668,1.1347150259066439,3.4682164433937146,5,789.6242219150454,624.8876779231207
2406,27.183333333333334,0.0,1.0373904558163645,5,789.6242219150454,625.9250683789371
2407,27.2,-0.3079269745937836,2.2021450021449596,5,789.3162949404516,628.1272133810821
2408,27.216666666666665,-0.917117117116959,1.3578688019709944,5,788.3991778233346,629.4850821830531
2409,27.233333333333334,-0.8481481481480841,1.1117647058824218,5,787.5510296751866,630.5968468889355
2410,27.25,-1.4629933710393743,1.8922664237271647,5,786.0880363041472,632.4891133126627
2411,27.266666666666666,-1.9825158491826187,1.6217169550503172,5,784.1055204549646,634.110830267713
2412,27.283333333333335,-1.6016981613890948,0.7019400352733101,5,782.5038222935755,634.8127703029863
2413,27.3,-2.198413185913296,0.7860613906713638,5,780.3054091076622,635.5988316936578
2414,27.316666666666666,-4.588039805428707,1.0603543743079058,5,775.7173693022335,636.6591860679657
2415,27.333333333333332,-0.8326269825981854,-0.038242622732241216,5,774.8847423196353,636.6209434452335
2416,27.35,-1.1740759240758507,0.3065953654189002,5,773.7106663955594,636.9275388106523
2417,27.366666666666667,-0.5167174538685231,0.2026878166996653,5,773.1939489416909,637.1302266273519
2418,27.383333333333333,-0.23196502307496303,0.1249595174479623,5,772.9619839186159,637.2551861447998
2419,27.4,-0.20006477208335127,0.11153955145329064,5,772.7619191465326,637.3667256962531
2420,27.416666666666668,-0.16666666666674246,0.011235955056179137,5,772.5952524798658,637.3779616513093
2421,27.433333333333334,0.015297906602256717,0.14534258034441905,6,772.610550386468,637.5233042316537
2422,27.45,0.44159368109694697,0.29112383265385233,6,773.052144067565,637.8144280643075
2423,27.466666666666665,1.955757984153479,1.342914395416642,6,775.0079020517185,639.1573424597242
2424,27.483333333333334,6.879565287653406,2.9601726457880773,6,781.8874673393718,642.1175151055122
2425,27.5,9.167581440626122,2.7006104168067964,6,791.055048779998,644.818125522319
2426,27.516666666666666,9.324683058913877,1.8461996511649659,6,800.3797318389118,646.6643251734839
2427,27.533333333333335,9.834269376364773,1.4599301919720915,6,810.2140012152765,648.1242553654561
2428,27.55,10.3024883061114,1.9527147766322628,5,820.5164895213879,650.0769701420884
2429,27.566666666666666,5.763754045307451,2.3229706390328033,5,826.2802435666954,652.3999407811211
2430,27.583333333333332,4.1344988344988,2.218829318829364,5,830.4147424011942,654.6187700999506
2431,27.6,3.4425542122435218,2.591448516579476,5,833.8572966134377,657.21021861653
2432,27.616666666666667,4.2103626943005565,2.4162728249194174,5,838.0676593077383,659.6264914414494
2433,27.633333333333333,0.48589743589741374,0.3811070686070934,5,838.5535567436357,660.0075985100565
2434,27.65,0.7299101242399502,0.34006410256409936,5,839.2834668678756,660.3476626126205
2435,27.666666666666668,0.0,0.0,5,839.2834668678756,660.3476626126205
2436,27.683333333333334,0.0,0.0,5,839.2834668678756,660.3476626126205
2437,27.7,0.895536485319326,0.18107726182256556,5,840.179003353195,660.5287398744431
2438,27.716666666666665,0.1472938066920051,0.1870748299319871,5,840.326297159887,660.7158147043751
2439,27.733333333333334,0.10108646953403877,0.04684684684679041,5,840.427383629421,660.762661551222
2440,27.75,0.0,0.0,5,840.427383629421,660.762661551222
2441,27.766666666666666,0.055254032865832414,0.05080011279125074,5,840.4826376622868,660.8134616640132
2442,27.783333333333335,0.012142680906435999,0.12922165820646114,5,840.4947803431933,660.9426833222196
2443,27.8,0.03455715807672277,0.4310781654266975,6,840.52933750127,661.3737614876463
2444,27.816666666666666,-0.7963451908960906,2.4614883115135058,6,839.7329923103739,663.8352497991598
2445,27.833333333333332,-2.5257484995704544,5.921176745522274,6,837.2072438108034,669.7564265446821
2446,27.85,-3.696269570821073,7.275261788834825,6,833.5109742399824,677.031688333517
2447,27.866666666666667,-6.22494590942722,10.958731980020502,6,827.2860283305552,687.9904203135375
2448,27.883333333333333,-6.315239139892128,9.630618967864592,6,820.970789190663,697.6210392814021
2449,27.9,-6.736231773884356,9.860480949755328,6,814.2345574167787,707.4815202311574
2450,27.916666666666668,-7.509415184967793,9.954831639363618,6,806.7251422318109,717.4363518705211
2451,27.933333333333334,-4.130980739690358,5.4163140479411425,6,802.5941614921205,722.8526659184622
2452,27.95,-5.337711030699893,7.137204548325258,6,797.2564504614206,729.9898704667875
2453,27.966666666666665,-3.1624013416585512,4.383515591679128,6,794.0940491197621,734.3733860584666
2454,27.983333333333334,-3.821587165162555,3.964999571991086,5,790.2724619545995,738.3383856304577
2455,28.0,-2.7505568920964834,1.7234588069793517,5,787.521905062503,740.061844437437
2456,28.016666666666666,-3.4979438712935007,1.3417435753471523,5,784.0239611912095,741.4035880127842
2457,28.033333333333335,-4.878762390612792,2.112586623290241,4,779.1451988005967,743.5161746360744
2458,28.05,-2.8287361193354172,2.0153352296599394,4,776.3164626812613,745.5315098657344
2459,28.066666666666666,-2.216549675541046,2.0569551440849807,4,774.0999130057203,747.5884650098194
2460,28.083333333333332,-2.489419502649298,2.1330663297231354,4,771.610493503071,749.7215313395425
2461,28.1,-1.9203255597506086,1.5184257252147972,4,769.6901679433204,751.2399570647573
2462,28.116666666666667,-2.1892684730208885,1.3339649340134088,4,767.5008994702995,752.5739219987706
2463,28.133333333333333,-2.2545131022350233,1.3808946282806005,4,765.2463863680645,753.9548166270513
2464,28.15,-0.4739683180304155,0.4917996021319766,4,764.772418050034,754.4466162291833
2465,28.166666666666668,0.016524538468502215,0.42163541246580394,4,764.7889425885026,754.8682516416491
2466,28.183333333333334,-0.09108527131786559,0.34246039064757383,4,764.6978573171847,755.2107120322967
2467,28.2,0.0,0.0,5,764.6978573171847,755.2107120322967
2468,28.216666666666665,0.0,0.0,5,764.6978573171847,755.2107120322967
2469,28.233333333333334,-0.07515777395292389,0.24605253311386832,5,764.6226995432318,755.4567645654106
2470,28.25,-1.2188644688644672,1.07379094335613,5,763.4038350743673,756.5305555087667
2471,28.266666666666666,-4.738350317916684,1.810598290598307,5,758.6654847564506,758.341153799365
2472,28.283333333333335,-8.778613771089795,3.1199186991869396,5,749.8868709853608,761.4610724985519
2473,28.3,-14.074099407204812,3.615124035855729,5,735.812771578156,765.0761965344076
2474,28.316666666666666,-15.065495066948642,3.778760199732062,5,720.7472765112074,768.8549567341397
2475,28.333333333333332,-17.65458809953816,4.148309831949007,5,703.0926884116692,773.0032665660888
2476,28.35,-22.12763269329571,4.559670781892919,5,680.9650557183735,777.5629373479817
2477,28.366666666666667,-15.674734607218625,3.1004566210044686,5,665.2903211111549,780.6633939689862
2478,28.383333333333333,-16.138674388674417,3.1961371961371583,5,649.1516467224805,783.8595311651234
2479,28.4,-10.058362445550301,1.6821776358934244,4,639.0932842769301,785.5417088010167
2480,28.416666666666668,-8.281574990551462,0.9063440513940293,4,630.8117092863787,786.4480528524108
2481,28.433333333333334,-5.643425229740956,0.830444385572406,4,625.1682840566377,787.2784972379832
2482,28.45,-4.954647937411096,0.795186897423747,5,620.2136361192266,788.0736841354069
2483,28.466666666666665,-1.3424755069491994,0.539287422285895,5,618.8711606122774,788.6129715576928
2484,28.483333333333334,-0.07412280701748841,0.17082590612005788,5,618.79703780526,788.7837974638129
2485,28.5,-0.13994643701107634,0.12719298245616528,5,618.6570913682489,788.9109904462691
2486,28.516666666666666,-0.15445745593297033,0.04216867469881436,5,618.5026339123159,788.9531591209679
2487,28.533333333333335,-2.077316948284647,0.2563743625637471,5,616.4253169640313,789.2095334835317
2488,28.55,-1.4801186548013447,0.24090702947842146,5,614.9451983092299,789.4504405130101
2489,28.566666666666666,-0.28078618186543736,0.0,5,614.6644121273645,789.4504405130101
2490,28.583333333333332,0.20720720720737518,0.06306306306294118,5,614.8716193345718,789.513503576073
2491,28.6,0.0,0.0,5,614.8716193345718,789.513503576073
2492,28.616666666666667,0.0,0.07993498817967293,5,614.8716193345718,789.5934385642527
2493,28.633333333333333,0.0,0.0,5,614.8716193345718,789.5934385642527
2494,28.65,0.0,0.0,5,614.8716193345718,789.5934385642527
2495,28.666666666666668,-0.5878693378692788,0.5592358092358154,5,614.2837499967026,790.1526743734885
2496,28.683333333333334,-2.3572124756335597,1.4574044847767595,5,611.926537521069,791.6100788582653
2497,28.7,-4.629337066293374,2.305743243243228,5,607.2972004547756,793.9158221015085
2498,28.716666666666665,-7.076149277302989,2.4016858237547467,5,600.2210511774726,796.3175079252633
2499,28.733333333333334,-5.177238328987073,1.5720120120121237,5,595.0438128484856,797.8895199372754
2500,28.75,-3.041302576721421,1.5013220894880703,4,592.0025102717641,799.3908420267635
2501,28.766666666666666,-1.588748429067664,0.9797072521623704,5,590.4137618426964,800.3705492789259
2502,28.783333333333335,0.0,0.0,5,590.4137618426964,800.3705492789259
2503,28.8,-0.20650714680562032,-0.08955223880599306,5,590.2072546958908,800.2809970401199
2504,28.816666666666666,-0.7517188240872201,-0.43137254901967026,5,589.4555358718036,799.8496244911003
2505,28.833333333333332,-1.804079646205082,0.0,5,587.6514562255985,799.8496244911003
2506,28.85,-2.9797297297296836,0.42423247054699686,5,584.6717264958688,800.2738569616472
2507,28.866666666666667,-3.6490059024544053,1.104789590254768,5,581.0227205934144,801.378646551902
2508,28.883333333333333,-2.68706729437838,1.0727011380569138,5,578.335653299036,802.4513476899589
2509,28.9,-2.8582367253470693,1.049456642271025,5,575.477416573689,803.5008043322299
2510,28.916666666666668,-0.9516168544829497,0.25585525585523783,5,574.525799719206,803.7566595880851
2511,28.933333333333334,-1.0128205128205536,0.6937126674757792,5,573.5129792063855,804.4503722555609
2512,28.95,-1.2107778234336593,0.12556879575089397,5,572.3022013829518,804.5759410513117
2513,28.966666666666665,-1.7866905703166367,0.19130211893366322,5,570.5155108126352,804.7672431702454
2514,28.983333333333334,-0.7094169595386575,0.05718662701633548,5,569.8060938530965,804.8244297972617
2515,29.0,0.0,0.00850680364061418,5,569.8060938530965,804.8329366009023
2516,29.016666666666666,0.0,0.03868663924529869,5,569.8060938530965,804.8716232401475
2517,29.033333333333335,0.0,-0.019936793975261935,6,569.8060938530965,804.8516864461723
2518,29.05,-0.007546794105905974,-0.0005639257745997384,6,569.7985470589906,804.8511225203977
2519,29.066666666666666,0.0,0.0,6,569.7985470589906,804.8511225203977
2520,29.083333333333332,0.7196146444189253,-0.0055048529624741604,6,570.5181617034095,804.8456176674351
2521,29.1,2.800847668901099,-0.36133723481978564,6,573.3190093723106,804.4842804326154
2522,29.116666666666667,5.034805844444861,-0.6005665397272253,6,578.3538152167555,803.8837138928882
2523,29.133333333333333,9.73476067032027,-1.2372558309391763,6,588.0885758870758,802.646458061949
2524,29.15,9.192810457516316,-1.755732662192429,5,597.2813863445921,800.8907253997565
2525,29.166666666666668,9.07070568719655,-2.8558036189867266,5,606.3520920317886,798.0349217807698
2526,29.183333333333334,6.708029112887402,-2.419056304252365,5,613.060121144676,795.6158654765175
2527,29.2,4.980112154407948,-2.0642605633802873,5,618.040233299084,793.5516049131372
2528,29.216666666666665,2.709584584584718,-1.355281007752012,5,620.7498178836687,792.1963239053853
2529,29.233333333333334,0.9244310099572886,-0.5122688477951556,5,621.674248893626,791.6840550575901
2530,29.25,0.6245954692557234,-0.2720158078168424,5,622.2988443628817,791.4120392497732
2531,29.266666666666666,0.38495669270412236,-0.4950151398015805,5,622.6838010555858,790.9170241099716
2532,29.283333333333335,0.35766594647952843,-0.8433490057792596,5,623.0414670020654,790.0736751041924
2533,29.3,-0.35778304456800925,-0.6937131241014072,5,622.6836839574974,789.3799619800909
2534,29.316666666666666,-0.32705882352956905,-0.5439425439425918,5,622.3566251339678,788.8360194361483
2535,29.333333333333332,-0.20719167443326114,-0.21882572227394803,5,622.1494334595345,788.6171937138743
2536,29.35,-0.28996465482532585,-0.3031892504452003,5,621.8594688047092,788.314004463429
2537,29.366666666666667,-0.16348747591530355,-0.06807511737088134,5,621.6959813287939,788.2459293460581
2538,29.383333333333333,-0.11790926299090643,-0.06640410331556268,5,621.578072065803,788.1795252427426
2539,29.4,0.0,0.0,5,621.578072065803,788.1795252427426
2540,29.416666666666668,0.0,0.0,5,621.578072065803,788.1795252427426
2541,29.433333333333334,0.0,0.15296803652967128,5,621.578072065803,788.3324932792723
2542,29.45,-0.02100928421680237,0.057116104868953244,5,621.5570627815862,788.3896093841413
2543,29.466666666666665,0.1054887998814138,2.7699161425575767,5,621.6625515814676,791.1595255266989
2544,29.483333333333334,0.5052552552551788,7.20589339339341,5,622.1678068367228,798.3654189200922
2545,29.5,1.5710520535910746,10.448304484259552,5,623.7388588903138,808.8137234043518
2546,29.516666666666666,2.8690831431747483,12.171887912252998,5,626.6079420334886,820.9856113166047
2547,29.533333333333335,2.3759056259054887,15.22984749455344,5,628.9838476593941,836.2154588111582
2548,29.55,1.225959340791519,11.390547263681526,5,630.2098070001856,847.6060060748398
2549,29.566666666666666,0.9947474747475553,10.441515495086946,5,631.2045544749332,858.0475215699267
2550,29.583333333333332,0.3736111111111313,11.964285714285666,5,631.5781655860443,870.0118072842124
2551,29.6,-0.18005381409153642,7.212396424323913,4,631.3981117719527,877.2242037085364
2552,29.616666666666667,-0.31519123606892663,5.076480134884207,4,631.0829205358838,882.3006838434205
2553,29.633333333333333,-0.3164699499422454,3.372374541592478,4,630.7664505859416,885.6730583850131
2554,29.65,-0.07110700060798081,1.8076535768079793,4,630.6953435853336,887.480711961821
2555,29.666666666666668,-0.21988624297887327,0.2774464867269444,4,630.4754573423547,887.758158448548
2556,29.683333333333334,-0.4900483531342843,0.3501417508704776,4,629.9854089892204,888.1083001994184
2557,29.7,-1.148355337887267,0.534258754376367,4,628.8370536513332,888.6425589537948
2558,29.716666666666665,-1.3830671359531834,0.7059085643159051,4,627.45398651538,889.3484675181107
2559,29.733333333333334,-2.6507135683086744,1.8758253411959913,4,624.8032729470714,891.2242928593067
2560,29.75,-1.5458673302754846,1.413870392672834,4,623.257405616796,892.6381632519796
2561,29.766666666666666,-1.9383006479336586,1.5559260698149728,4,621.3191049688623,894.1940893217945
2562,29.783333333333335,-2.71260683760687,2.5189926509232237,4,618.6064981312554,896.7130819727178
2563,29.8,-1.6305400101169312,1.8732920952070913,4,616.9759581211385,898.5863740679249
2564,29.816666666666666,-0.8854248913355036,1.3990920944868321,4,616.090533229803,899.9854661624117
2565,29.833333333333332,-0.004262481020077757,0.022900657971490546,4,616.0862707487829,900.0083668203832
2566,29.85,0.0,0.020341594544959207,4,616.0862707487829,900.0287084149281
2567,29.866666666666667,0.6915491822355193,-0.04902880641259344,4,616.7778199310185,899.9796796085155
2568,29.883333333333333,2.093357654108729,-0.27648339607827666,4,618.8711775851273,899.7031962124372
2569,29.9,3.1084787405459906,-0.5508437525242584,4,621.9796563256732,899.1523524599129
2570,29.916666666666668,7.55758994641559,-0.721808338087385,4,629.5372462720889,898.4305441218255
2571,29.933333333333334,9.42619047619047,-0.40579466829473176,4,638.9634367482793,898.0247494535308
2572,29.95,10.950876879026396,-0.5908719983718811,4,649.9143136273057,897.433877455159
2573,29.966666666666665,10.489781885098807,-1.2553454877838703,4,660.4040955124044,896.1785319673751
2574,29.983333333333334,12.563501966725482,-2.251049550170478,4,672.9675974791298,893.9274824172046
2575,30.0,6.463531395646783,-1.0181686184289447,4,679.4311288747766,892.9093137987757
2576,30.016666666666666,4.576242816923127,-0.7160331716768269,3,684.0073716916997,892.1932806270988
2577,30.033333333333335,1.8148424543948067,-0.16322553897168746,3,685.8222141460946,892.0300550881271
2578,30.05,1.1699044094973488,-0.024999999999977263,3,686.9921185555919,892.0050550881272
2579,30.066666666666666,1.336680053547525,-0.05999999999994543,3,688.3287986091394,891.9450550881272
2580,30.083333333333332,0.6922065927819858,0.04838709677414954,3,689.0210052019214,891.9934421849014
2581,30.1,1.1552529525824866,-0.2086611456176115,3,690.1762581545039,891.7847810392838
2582,30.116666666666667,1.8709071949949703,-0.29933970856109227,3,692.0471653494989,891.4854413307227
2583,30.133333333333333,2.922141119221351,-0.5425790754256923,3,694.9693064687202,890.942862255297
2584,30.15,2.501460501896304,-0.4870869003777898,3,697.4707669706165,890.4557753549192
2585,30.166666666666668,2.5993717875500124,-0.6071684587814161,3,700.0701387581665,889.8486068961378
2586,30.183333333333334,3.454280317183475,-0.6860962344833297,3,703.52441907535,889.1625106616544
2587,30.2,3.191010703798497,-0.3988762281444451,3,706.7154297791485,888.76363443351
2588,30.216666666666665,3.22675208697342,-0.38297194412302815,3,709.9421818661219,888.380662489387
2589,30.233333333333334,0.3291996891996405,-0.5328234245225758,3,710.2713815553216,887.8478390648644
2590,30.25,0.6685531574739798,-0.4370490453399043,3,710.9399347127955,887.4107900195245
2591,30.266666666666666,-0.20591513898602898,-0.15499907766093202,3,710.7340195738095,887.2557909418636
2592,30.283333333333335,-1.0550213675213627,-0.4440883190883369,3,709.6789982062882,886.8117026227752
2593,30.3,-3.04024943310651,-0.6272041154769568,3,706.6387487731816,886.1844985072983
2594,30.316666666666666,-11.03437743256518,-1.298169018851354,3,695.6043713406165,884.8863294884469
2595,30.333333333333332,-13.501441510396717,-0.4282245168983536,3,682.1029298302198,884.4581049715486
2596,30.35,-27.90143839899929,0.5089923705985484,3,654.2014914312205,884.9670973421471
2597,30.366666666666667,-21.529505091167493,0.588287800057401,3,632.671986340053,885.5553851422045
2598,30.383333333333333,-24.926219530299022,1.4319551149224026,3,607.745766809754,886.9873402571269
2599,30.4,-27.671873708570843,2.6645419965045676,3,580.0738931011831,889.6518822536315
2600,30.416666666666668,-17.748748734601236,0.49492524586128184,2,562.3251443665819,890.1468074994928
2601,30.433333333333334,-13.63190176314265,-0.08660640098372596,2,548.6932426034392,890.060201098509
2602,30.45,-10.36182128554367,-0.22722037151828545,2,538.3314213178955,889.8329807269906
2603,30.466666666666665,-2.7125140325240977,-0.09063998341889601,2,535.6189072853715,889.7423407435717
2604,30.483333333333334,-0.3110316145294405,0.1002665837920631,2,535.3078756708421,889.8426073273638
2605,30.5,-0.04804896194076491,-0.11606952225810119,2,535.2598267089013,889.7265378051056
2606,30.516666666666666,0.07086371220248111,-0.05142728146859099,2,535.3306904211038,889.675110523637
2607,30.533333333333335,0.0,0.0,2,535.3306904211038,889.675110523637
2608,30.55,0.0,0.0,2,535.3306904211038,889.675110523637
2609,30.566666666666666,-0.05566192721812513,-0.012797101963087698,2,535.2750284938857,889.662313421674
2610,30.583333333333332,-0.04036159918513249,-0.02602611292451229,2,535.2346668947005,889.6362873087494
2611,30.6,-0.16299933618768137,-0.08330590199966537,2,535.0716675585128,889.5529814067497
2612,30.616666666666667,-0.12830892952496242,-0.13912376158396,2,534.9433586289879,889.4138576451658
2613,30.633333333333333,-0.6227247684921053,-0.04159919989433547,2,534.3206338604957,889.3722584452714
2614,30.65,-1.2039497418671772,-1.0755089876713555,3,533.1166841186285,888.2967494576001
2615,30.666666666666668,-0.6589399975853212,-0.7493686213458659,3,532.4577441210432,887.5473808362542
2616,30.683333333333334,0.19504224454010455,-1.5866249078850387,3,532.6527863655833,885.9607559283692
2617,30.7,5.5496732026144855,-3.520289855072633,3,538.2024595681978,882.4404660732965
2618,30.716666666666665,7.53645033160285,-2.951481221910001,4,545.7389098998007,879.4889848513865
2619,30.733333333333334,31.248677810662116,-12.12001952544722,4,576.9875877104628,867.3689653259393
2620,30.75,25.475897710352854,-13.244696588731927,4,602.4634854208157,854.1242687372073
2621,30.766666666666666,31.00510103636998,-18.495756990331586,4,633.4685864571857,835.6285117468758
2622,30.783333333333335,35.79055958274398,-20.863625942951387,4,669.2591460399296,814.7648858039245
2623,30.8,25.991900406504044,-15.313879601090036,4,695.2510464464337,799.4510062028344
2624,30.816666666666666,21.53766621036891,-13.088454408546738,4,716.7887126568027,786.3625517942876
2625,30.833333333333332,23.44341840348767,-14.554646123679731,4,740.2321310602904,771.8079056706079
2626,30.85,15.080621691554882,-8.327793485486097,4,755.3127527518452,763.4801121851217
2627,30.866666666666667,11.769607912713013,-6.201010754429888,4,767.0823606645582,757.2791014306918
2628,30.883333333333333,11.166825396825516,-7.258968253968078,3,778.2491860613837,750.0201331767237
2629,30.9,4.503249296162153,-4.587782221835823,3,782.7524353575459,745.4323509548879
2630,30.916666666666668,3.1932129173510475,-3.82526993203561,4,785.9456482748969,741.6070810228523
2631,30.933333333333334,1.9000824857666885,-4.49502030641483,4,787.8457307606636,737.1120607164374
2632,30.95,0.446142883326047,-2.2456562191049443,4,788.2918736439897,734.8664044973325
2633,30.966666666666665,0.04922506206270327,-1.7954997524324483,5,788.3410987060524,733.0709047449001
2634,30.983333333333334,-0.018120992472859143,-2.0,5,788.3229777135796,731.0709047449001
2635,31.0,-0.005427841634627839,-0.5569353551476297,5,788.317549871945,730.5139693897524
2636,31.016666666666666,0.0,-0.7471478413493742,5,788.317549871945,729.7668215484031
2637,31.033333333333335,0.0,-0.45210727969345044,5,788.317549871945,729.3147142687096
2638,31.05,-0.011111111111176797,-0.47916666666662877,5,788.3064387608338,728.835547602043
2639,31.066666666666666,0.0331175532414818,-0.48809523809529765,5,788.3395563140753,728.3474523639477
2640,31.083333333333332,-0.18027545499262487,-0.0025861169491463443,5,788.1592808590826,728.3448662469985
2641,31.1,0.018825038432851215,0.06791850982529013,6,788.1781058975155,728.4127847568238
2642,31.116666666666667,0.05530468032930003,1.7819860821944644,6,788.2334105778448,730.1947708390182
2643,31.133333333333333,0.7443512995609467,3.864519059112638,6,788.9777618774058,734.0592898981308
2644,31.15,2.6859913104901807,6.715323685043074,6,791.663753187896,740.774613583174
2645,31.166666666666668,8.71733759005781,13.192207013810048,5,800.3810907779538,753.966820596984
2646,31.183333333333334,7.647855658954541,10.18657066350761,5,808.0289464369083,764.1533912604916
2647,31.2,7.525953412421245,10.253745712005184,5,815.5548998493296,774.4071369724968
2648,31.216666666666665,6.589548826629198,7.964364505103845,5,822.1444486759588,782.3715014776006
2649,31.233333333333334,4.289424742244137,7.489201566877,5,826.4338734182029,789.8607030444776
2650,31.25,4.367205765760673,8.215551889317169,4,830.8010791839636,798.0762549337949
2651,31.266666666666666,2.5724134677229813,5.060702439596469,4,833.3734926516865,803.1369573733914
2652,31.283333333333335,2.0462226783683946,3.689594696421409,4,835.4197153300549,806.8265520698128
2653,31.3,1.4350159829306222,2.839482810646075,4,836.8547313129856,809.6660348804589
2654,31.316666666666666,0.2760934196503513,1.3886539442113985,4,837.1308247326359,811.0546888246704
2655,31.333333333333332,0.16114818541871045,1.0117356872961523,4,837.2919729180546,812.0664245119665
2656,31.35,0.4183703193686483,1.9423745587477583,4,837.7103432374233,814.0087990707143
2657,31.366666666666667,0.6260691644977783,1.3161133394032731,4,838.336412401921,815.3249124101176
2658,31.383333333333333,0.7680025211408292,1.3288560349127465,4,839.1044149230619,816.6537684450303
2659,31.4,0.6587317093685101,1.06073441450053,4,839.7631466324303,817.7145028595309
2660,31.416666666666668,1.7573104480193251,0.9185589824199951,4,841.5204570804497,818.6330618419508
2661,31.433333333333334,2.3195996244442085,0.6864814902863259,4,843.8400567048939,819.3195433322371
2662,31.45,3.7183466302121815,-0.30612530339209343,4,847.558403335106,819.0134180288451
2663,31.466666666666665,6.7916666666667425,-1.1448712653171924,4,854.3500700017728,817.8685467635279
2664,31.483333333333334,10.834651477411285,-2.4584787842985065,4,865.1847214791841,815.4100679792293
2665,31.5,16.324419317276465,-5.651681883328081,4,881.5091407964605,809.7583860959012
2666,31.516666666666666,28.706846852460785,-12.284868481539206,4,910.2159876489213,797.473517614362
2667,31.533333333333335,30.704013174050544,-14.058659135140601,4,940.9200008229718,783.4148584792214
2668,31.55,47.07899395206442,-21.170567354375294,4,987.9989947750362,762.2442911248461
2669,31.566666666666666,30.253867777552045,-12.779288465184038,4,1018.2528625525882,749.4650026596621
2670,31.583333333333332,43.35580820100216,-18.97190660189733,4,1061.6086707535903,730.4930960577648
2671,31.6,31.446735283778082,-13.08376351787723,4,1093.0554060373684,717.4093325398876
2672,31.616666666666667,34.98901263967241,-13.391580361540832,4,1128.0444186770408,704.0177521783468
2673,31.633333333333333,20.9663970075552,-7.118365858277457,4,1149.0108156845959,696.8993863200693
2674,31.65,19.738132513226446,-6.720640327913145,4,1168.7489481978223,690.1787459921561
2675,31.666666666666668,9.400609478810452,-2.1909386477279327,4,1178.1495576766329,687.9878073444281
2676,31.683333333333334,7.217492785607078,-1.4864501837269017,4,1185.36705046224,686.5013571607012
2677,31.7,7.08639084048923,-0.14226443461427607,3,1192.4534413027293,686.3590927260869
2678,31.716666666666665,2.5467372134037305,0.13050624589072868,3,1195.000178516133,686.4895989719777
2679,31.733333333333334,0.6307181437389318,0.08387070105823113,3,1195.630896659872,686.5734696730359
2680,31.75,0.7496965334237302,0.6338993337849388,3,1196.3805931932957,687.2073690068208
2681,31.766666666666666,0.812164348749775,0.9880726698262379,3,1197.1927575420455,688.1954416766471
2682,31.783333333333335,1.6942710622711274,1.6766422466421318,3,1198.8870286043166,689.8720839232892
2683,31.8,3.14101161751546,2.6271194518916445,3,1202.028040221832,692.4992033751809
2684,31.816666666666666,4.375706331202537,2.6510002062282183,3,1206.4037465530346,695.1502035814091
2685,31.833333333333332,4.219157698950312,2.4730835658295973,3,1210.622904251985,697.6232871472387
2686,31.85,4.9797674499748155,1.357517314771144,3,1215.6026717019597,698.9808044620098
2687,31.866666666666667,6.058190235690063,1.4260016835016813,3,1221.6608619376498,700.4068061455115
2688,31.883333333333333,1.3425165016503797,0.2395165987186374,3,1223.0033784393001,700.6463227442301
2689,31.9,0.5949834983496203,-0.05762582613124323,3,1223.5983619376498,700.5886969180989
2690,31.916666666666668,0.37133477018710437,-0.048780306907246995,3,1223.9696967078369,700.5399166111916
2691,31.933333333333334,0.37149674492593476,0.10722315733880805,3,1224.3411934527628,700.6471397685305
2692,31.95,0.13090807042431152,-0.08514056224896649,4,1224.4721015231871,700.5619992062815
2693,31.966666666666665,-0.03395782623135801,-0.13512176495743233,4,1224.4381436969556,700.426877441324
2694,31.983333333333334,-3.0961343850036656,-0.7902289745806002,4,1221.342009311952,699.6366484667434
2695,32.0,-8.520406681275858,-1.0727979896107058,4,1212.8216026306764,698.5638504771327
2696,32.016666666666666,-18.26353394915168,-2.063330496051492,4,1194.5580686815247,696.5005199810812
2697,32.03333333333333,-32.76411193735373,-2.2767087793969836,4,1161.7939567441708,694.2238112016842
2698,32.05,-29.291135243636973,-0.013741134751853679,5,1132.5028215005339,694.2100700669323
2699,32.06666666666667,-28.540616879448635,-1.7945994802846599,5,1103.9622046210852,692.4154705866476
2700,32.083333333333336,-34.27073375262057,-1.8621802935010692,5,1069.6914708684646,690.5532902931466
2701,32.1,-19.120516273849717,-1.4179797979797968,5,1050.570954594615,689.1353104951668
2702,32.11666666666667,-15.749502558541963,-2.1587057010785884,5,1034.821452036073,686.9766047940882
2703,32.13333333333333,-12.806713193752103,-3.5021380303534215,5,1022.0147388423209,683.4744667637348
2704,32.15,-5.798849269437596,-1.9242738536855768,5,1016.2158895728833,681.5501929100492
2705,32.166666666666664,-3.047011297011295,-1.8695481195481989,5,1013.168878275872,679.680644790501
2706,32.18333333333333,-3.2423371647507793,-2.385924101441333,5,1009.9265411111212,677.2947206890597
2707,32.2,-2.6678025209673706,-1.6422601620882347,4,1007.2587385901538,675.6524605269715
2708,32.21666666666667,-3.9384999846554365,-1.9201824391847708,4,1003.3202386054984,673.7322780877867
2709,32.233333333333334,-7.93868469731467,-2.751016488095445,4,995.3815539081837,670.9812615996912
2710,32.25,-5.720932452938769,-2.086460515187639,4,989.660621455245,668.8948010845036
2711,32.266666666666666,-5.246009674361517,-1.9862934928069649,4,984.4146117808834,666.9085075916967
2712,32.28333333333333,-2.928472057451472,-0.9826267976763319,4,981.486139723432,665.9258807940204
2713,32.3,-0.09121098383025128,-0.7318023853623856,4,981.3949287396017,665.194078408658
2714,32.31666666666667,-0.18661644927772159,-0.9643161202440069,4,981.208312290324,664.229762288414
2715,32.333333333333336,0.0427638239513044,-1.559596269733703,4,981.2510761142753,662.6701660186803
2716,32.35,-0.7681403942646057,-1.1052667488925039,4,980.4829357200107,661.5648992697878
2717,32.36666666666667,-1.3381845738747415,-1.2131543662369353,4,979.144751146136,660.3517449035509
2718,32.38333333333333,-1.0326540080153563,-1.2609577289454137,4,978.1120971381206,659.0907871746055
2719,32.4,-0.8052557791430672,-1.1707801019933584,5,977.3068413589775,657.9200070726121
2720,32.416666666666664,-1.6918409917159352,-2.0217900646628095,5,975.6150003672616,655.8982170079493
2721,32.43333333333333,-1.3227833319090223,-0.5213307129225768,5,974.2922170353526,655.3768862950267
2722,32.45,-1.812379657945371,0.29348184919365394,5,972.4798373774072,655.6703681442203
2723,32.46666666666667,-7.048280040761256,4.977151670384842,5,965.4315573366459,660.6475198146052
2724,32.483333333333334,-8.507171159104814,10.223019602605063,5,956.9243861775411,670.8705394172102
2725,32.5,-12.851895767881729,20.354671992470514,4,944.0724904096594,691.2252114096807
2726,32.516666666666666,-14.589384497225296,26.103771117182703,4,929.4831059124341,717.3289825268635
2727,32.53333333333333,-27.399952374022632,40.97007501091434,3,902.0831535384115,758.2990575377778
2728,32.55,-24.376115241635716,35.412648256328566,3,877.7070382967757,793.7117057941064
2729,32.56666666666667,-30.356829775377264,43.615526406035656,3,847.3502085213985,837.327232200142
2730,32.583333333333336,-24.09499314128925,32.172432633512244,3,823.2552153801092,869.4996648336543
2731,32.6,-21.223001520186926,25.208276017643016,2,802.0322138599223,894.7079408512973
2732,32.61666666666667,-22.277305457950263,26.204722854997783,2,779.754908401972,920.912663706295
2733,32.63333333333333,-11.256795082150177,14.889574548516975,2,768.4981133198219,935.802238254812
2734,32.65,-7.839257364053935,10.680003149362392,2,760.6588559557679,946.4822414041744
2735,32.666666666666664,0.0,0.0,0,760.6588559557679,946.4822414041744
2736,32.68333333333333,0.0,0.0,0,760.6588559557679,946.4822414041744
2737,32.7,0.0,0.0,0,760.6588559557679,946.4822414041744
2738,32.71666666666667,0.0,0.0,0,760.6588559557679,946.4822414041744
2739,32.733333333333334,0.0,0.0,0,760.6588559557679,946.4822414041744
2740,32.75,0.0,0.0,0,760.6588559557679,946.4822414041744
2741,32.766666666666666,0.0,0.0,0,760.6588559557679,946.4822414041744
2742,32.78333333333333,0.0,0.0,0,760.6588559557679,946.4822414041744
2743,32.8,0.0,0.0,0,760.6588559557679,946.4822414041744
2744,32.81666666666667,0.0,0.0,0,760.6588559557679,946.4822414041744
2745,32.833333333333336,0.0,0.0,0,760.6588559557679,946.4822414041744
2746,32.85,0.0,0.0,0,760.6588559557679,946.4822414041744
2747,32.86666666666667,0.0,0.0,0,760.6588559557679,946.4822414041744
2748,32.88333333333333,0.0,0.0,0,760.6588559557679,946.4822414041744
2749,32.9,0.0,0.0,0,760.6588559557679,946.4822414041744
2750,32.916666666666664,0.0,0.0,0,760.6588559557679,946.4822414041744
2751,32.93333333333333,0.0,0.0,0,760.6588559557679,946.4822414041744
2752,32.95,0.0,0.0,0,760.6588559557679,946.4822414041744
2753,32.96666666666667,0.0,0.0,0,760.6588559557679,946.4822414041744
2754,32.983333333333334,0.0,0.0,0,760.6588559557679,946.4822414041744
2755,33.0,0.0,0.0,0,760.6588559557679,946.4822414041744
2756,33.016666666666666,0.0,0.0,0,760.6588559557679,946.4822414041744
2757,33.03333333333333,0.0,0.0,0,760.6588559557679,946.4822414041744
2758,33.05,0.0,0.0,0,760.6588559557679,946.4822414041744
2759,33.06666666666667,0.0,0.0,0,760.6588559557679,946.4822414041744
2760,33.083333333333336,0.0,0.0,1,760.6588559557679,946.4822414041744
2761,33.1,-8.721515151515177,-29.65368686868692,1,751.9373408042527,916.8285545354875
2762,33.11666666666667,55.04704613432432,-1.8707622586784964,2,806.984386938577,914.957792276809
2763,33.13333333333333,-11.262139217623599,-42.4510008498209,2,795.7222477209534,872.506791426988
2764,33.15,-15.325877196420947,-57.16187034138392,2,780.3963705245325,815.344921085604
2765,33.166666666666664,-12.752029914529885,-42.458195253022836,3,767.6443406100026,772.8867258325812
2766,33.18333333333333,-11.871088814567202,-42.14725009290214,3,755.7732517954354,730.739475739679
2767,33.2,-12.343994536853415,-47.738728628669094,4,743.429257258582,683.00074711101
2768,33.21666666666667,-9.793875432560185,-31.410011810599997,4,733.6353818260218,651.59073530041
2769,33.233333333333334,-12.543757233610222,-30.569302212479954,5,721.0916245924116,621.0214330879301
2770,33.25,-8.972189264254894,-19.34507759117554,6,712.1194353281567,601.6763554967545
2771,33.266666666666666,-5.96112691505823,-13.54455775400993,6,706.1583084130984,588.1317977427445
2772,33.28333333333333,-5.964733601176761,-11.794542645247304,6,700.1935748119217,576.3372550974973
2773,33.3,-2.6348345905314545,-4.968638510377275,6,697.5587402213903,571.36861658712
2774,33.31666666666667,-1.8060555314020803,-4.0186545733610615,6,695.7526846899882,567.3499620137588
2775,33.333333333333336,-0.7116571877571687,-2.389036833566479,6,695.041027502231,564.9609251801924
2776,33.35,-0.15746421267908772,-3.2558127862475885,5,694.883563289552,561.7051123939448
2777,33.36666666666667,0.36776315789484215,-1.7781124124682037,5,695.2513264474468,559.9269999814766
2778,33.38333333333333,0.39445720004687246,-3.1893004115227086,5,695.6457836474937,556.7376995699539
2779,33.4,0.24108580630331744,-3.4359583876491797,5,695.886869453797,553.3017411823047
2780,33.416666666666664,0.8343313373253523,-3.317779175511646,5,696.7212007911223,549.983962006793
2781,33.43333333333333,2.6831205673759086,-4.223628691983208,5,699.4043213584982,545.7603333148098
2782,33.45,2.7376038869709873,-2.718144315953282,5,702.1419252454692,543.0421889988565
2783,33.46666666666667,2.7411031903377534,-2.7554426705369224,5,704.883028435807,540.2867463283196
2784,33.483333333333334,2.004838453427965,-2.774871794871842,5,706.8878668892349,537.5118745334478
2785,33.5,0.6986694048689515,-1.0825311256578516,5,707.5865362941039,536.4293434077899
2786,33.516666666666666,0.6116128169107924,-0.7013717178851948,5,708.1981491110147,535.7279716899047
2787,33.53333333333333,1.013273063488839,-0.37643167670466937,5,709.2114221745035,535.3515400132001
2788,33.55,0.3270582521790857,-0.6728778467908114,5,709.5384804266826,534.6786621664093
2789,33.56666666666667,0.15674009965914593,-0.42827170207192466,5,709.6952205263417,534.2503904643373
2790,33.583333333333336,0.1161290322579589,0.01802616259158185,5,709.8113495585997,534.2684166269289
2791,33.6,0.06401794388244753,-0.0025583204757140265,5,709.875367502482,534.2658583064532
2792,33.61666666666667,0.0,0.0,6,709.875367502482,534.2658583064532
2793,33.63333333333333,0.0,0.0,6,709.875367502482,534.2658583064532
2794,33.65,-1.1060034763688407,-0.28676825580214427,6,708.7693640261132,533.979090050651
2795,33.666666666666664,-4.591677549503686,-1.3842494908403182,6,704.1776864766096,532.5948405598108
2796,33.68333333333333,-9.226521796839506,-3.262079458383937,6,694.95116467977,529.3327611014269
2797,33.7,-17.583868491132648,-5.76409384120285,6,677.3672961886374,523.568667260224
2798,33.71666666666667,-14.10196835948858,-4.5464447804016,6,663.2653278291489,519.0222224798224
2799,33.733333333333334,-13.585766896333382,-4.403465311141588,6,649.6795609328155,514.6187571686808
2800,33.75,-16.359595101302602,-6.5179634713643395,6,633.319965831513,508.1007936973164
2801,33.766666666666666,-8.042476147547063,-3.460420711974052,5,625.2774896839659,504.64037298534237
2802,33.78333333333333,-6.319062865798969,-3.138728224196143,5,618.9584268181669,501.5016447611462
2803,33.8,-6.244123885063459,-4.371629405623366,5,612.7143029331035,497.13001535552286
2804,33.81666666666667,-3.331956901010699,-2.0022268395536003,5,609.3823460320928,495.12778851596926
2805,33.833333333333336,-2.740990990991122,-1.83769657303867,5,606.6413550411016,493.2900919429306
2806,33.85,-2.4452980377637914,-1.910064173762862,5,604.1960570033378,491.3800277691677
2807,33.86666666666667,-1.670403545340264,-1.6301429027472523,5,602.5256534579976,489.7498848664205
2808,33.88333333333333,-0.6077451207281683,-0.6050592725765682,5,601.9179083372694,489.1448255938439
2809,33.9,-0.236842105263122,-0.3816091954023477,5,601.6810662320063,488.76321639844156
2810,33.916666666666664,-0.2596693275854136,-0.42799228041155857,5,601.4213969044208,488.33522411803
2811,33.93333333333333,-0.44591939546597814,-0.2578445661825981,5,600.9754775089548,488.0773795518474
2812,33.95,-0.1649067315490811,-0.15941473388272698,5,600.8105707774057,487.9179648179647
2813,33.96666666666667,-0.07456946742649961,-0.13943763718714308,5,600.7360013099792,487.77852718077753
2814,33.983333333333334,0.13560920945394628,-0.0193832360101851,6,600.8716105194331,487.75914394476735
2815,34.0,0.20709926908040188,0.005337919960538784,6,601.0787097885136,487.7644818647279
2816,34.016666666666666,0.46936720732662707,0.12808815564710585,7,601.5480769958402,487.892570020375
2817,34.03333333333333,1.7717546820996404,-0.9352624387107653,7,603.3198316779399,486.9573075816642
2818,34.05,2.077216055716349,-2.4957729468599155,7,605.3970477336562,484.4615346348043
2819,34.06666666666667,3.1130826478652125,-5.826449275362393,7,608.5101303815214,478.6350853594419
2820,34.083333333333336,6.881730769230671,-12.962499999999977,7,615.3918611507521,465.67258535944194
2821,34.1,5.995266941904333,-11.492473118279577,7,621.3871280926564,454.18011224116236
2822,34.11666666666667,7.916396092487162,-14.444346053833783,7,629.3035241851436,439.7357661873286
2823,34.13333333333333,10.441328148699768,-18.234066903836037,7,639.7448523338434,421.50169928349254
2824,34.15,6.894486824824526,-13.451630480342033,7,646.6393391586679,408.0500688031505
2825,34.166666666666664,4.64253302253303,-10.957819175123518,7,651.2818721812009,397.092249628027
2826,34.18333333333333,3.172488132472381,-11.680480577380763,6,654.4543603136733,385.4117690506462
2827,34.2,0.8917554126500704,-6.563040868660153,6,655.3461157263234,378.8487281819861
2828,34.21666666666667,0.1862496571264387,-4.70302454505827,6,655.5323653834498,374.1457036369278
2829,34.233333333333334,-0.5506564579056317,-3.954343235783085,6,654.9817089255441,370.1913604011447
2830,34.25,-0.5581581665294664,-1.9968743183860624,6,654.4235507590147,368.19448608275866
2831,34.266666666666666,-0.599461300170617,-1.1390998792841174,6,653.8240894588441,367.05538620347454
2832,34.28333333333333,-0.2300042518274097,-1.0095295934651745,6,653.5940852070167,366.04585661000937
2833,34.3,-0.38071082366258224,-0.6709244595273844,6,653.2133743833542,365.374932150482
2834,34.31666666666667,-0.39580938205463667,-0.6229851681367222,6,652.8175650012996,364.75194698234526
2835,34.333333333333336,-0.29777001177927787,-0.31922488083932876,6,652.5197949895203,364.43272210150593
2836,34.35,-0.06767034754332713,-0.05688953488373727,6,652.452124641977,364.3758325666222
2837,34.36666666666667,-0.13757439855379516,-0.06760770380725489,6,652.3145502434231,364.30822486281494
2838,34.38333333333333,-0.2506082218946801,-0.22855866550588644,6,652.0639420215284,364.07966619730905
2839,34.4,-0.5073802119688935,-0.10235835233174839,6,651.5565618095595,363.9773078449773
2840,34.416666666666664,-0.8091683593091261,-0.01881069322030271,6,650.7473934502505,363.958497151757
2841,34.43333333333333,-0.9870431939650928,-0.16741296182317456,6,649.7603502562854,363.7910841899338
2842,34.45,-1.4748837875587242,-0.5765134875032345,7,648.2854664687267,363.2145707024306
2843,34.46666666666667,-0.22164791730011757,-0.7742217791070516,7,648.0638185514265,362.44034892332354
2844,34.483333333333334,-0.459016860030772,-1.5480422854865878,6,647.6048016913958,360.89230663783695
2845,34.5,0.0,0.0,6,647.6048016913958,360.89230663783695
2846,34.516666666666666,-0.6501363044613413,-2.8914836113153797,6,646.9546653869345,358.0008230265216
2847,34.53333333333333,-1.7415665789368404,-7.357414281502088,6,645.2130988079977,350.6434087450195
2848,34.55,-1.4699160766722628,-4.286321024482049,6,643.7431827313254,346.35708772053744
2849,34.56666666666667,-1.9161117119985533,-5.632659611250574,6,641.8270710193269,340.72442810928686
2850,34.583333333333336,-2.7807571513453695,-11.016525517945468,6,639.0463138679816,329.7079025913414
2851,34.6,-0.8186166022612724,-4.5087878555603425,6,638.2276972657203,325.19911473578105
2852,34.61666666666667,-0.9204057806387027,-9.129398148148198,5,637.3072914850816,316.06971658763285
2853,34.63333333333333,-0.3540823211875477,-4.691203533308794,5,636.953209163894,311.37851305432406
2854,34.65,-0.30187738073647097,-2.8185103487116976,5,636.6513317831575,308.56000270561236
2855,34.666666666666664,-1.8529777309879591,-5.02734445042131,5,634.7983540521695,303.53265825519105
2856,34.68333333333333,-1.9818020235165932,-1.8724747474747119,5,632.816552028653,301.66018350771634
2857,34.7,-1.1637116167221393,-1.0,5,631.6528404119308,300.66018350771634
2858,34.71666666666667,-0.9851526195021165,-1.0133558748942733,5,630.6676877924288,299.64682763282207
2859,34.733333333333334,-0.2974740583518951,-0.6176298089857823,5,630.3702137340769,299.0291978238363
2860,34.75,-0.05109056424839764,-0.2113814103357754,5,630.3191231698285,298.8178164135005
2861,34.766666666666666,-0.39132499846778046,-0.27177090444422447,5,629.9277981713607,298.5460455090563
2862,34.78333333333333,-1.0,-0.45342835916514446,5,628.9277981713607,298.0926171498911
2863,34.8,-0.7336660356794482,0.03752939826756574,5,628.1941321356812,298.1301465481587
2864,34.81666666666667,-0.7037037037036953,-0.05719696969708821,5,627.4904284319775,298.0729495784616
2865,34.833333333333336,-0.0809523809524535,0.06333744961102639,5,627.4094760510251,298.1362870280726
2866,34.85,0.0,0.050034381983778076,5,627.4094760510251,298.1863214100564
2867,34.86666666666667,-0.03902807892036719,0.019474598078772942,5,627.3704479721047,298.20579600813517
2868,34.88333333333333,-0.05011695906432578,0.034005847953153534,6,627.3203310130403,298.2398018560883
2869,34.9,0.3679307821245743,0.5386684513471494,6,627.6882617951649,298.77847030743544
2870,34.916666666666664,1.4817965784033902,0.4126178588165317,6,629.1700583735683,299.191088166252
2871,34.93333333333333,5.414857661132487,0.8740575999685802,6,634.5849160347008,300.06514576622055
2872,34.95,11.078029265529267,0.8327029250942815,6,645.66294530023,300.89784869131483
2873,34.96666666666667,23.56855801486418,-1.548023845771752,6,669.2315033150942,299.3498248455431
2874,34.983333333333334,8.717356461110569,-1.0497818766643263,6,677.9488597762047,298.30004296887876
2875,35.0,21.714475828354125,-5.010170696617706,5,699.6633356045588,293.28987227226105
2876,35.016666666666666,8.163039457916,-1.9132190649602308,5,707.8263750624749,291.3766532073008
2877,35.03333333333333,3.5937316060610556,-0.42426364596644817,5,711.4201066685359,290.95238956133437
2878,35.05,4.295419774335471,-0.3089978963472504,5,715.7155264428714,290.6433916649871
2879,35.06666666666667,1.2649393090568992,0.028437840664878422,5,716.9804657519283,290.671829505652
2880,35.083333333333336,0.8445142991003536,0.0,5,717.8249800510287,290.671829505652
2881,35.1,1.2678903318902712,-0.28390522875804436,6,719.0928703829189,290.38792427689395
2882,35.11666666666667,1.237441888918454,-0.7056903932070213,6,720.3303122718373,289.68223388368693
2883,35.13333333333333,1.0514991566491005,-0.536372909206321,6,721.3818114284865,289.1458609744806
2884,35.15,1.3065328119236028,-0.9025335235887155,6,722.6883442404101,288.2433274508919
2885,35.166666666666664,3.326993350816764,-1.121599122290661,6,726.0153375912269,287.12172832860125
2886,35.18333333333333,1.7889304551640066,-0.24268611322571587,6,727.8042680463909,286.87904221537553
2887,35.2,4.062464142283403,-0.6810710184899165,6,731.8667321886743,286.19797119688565
2888,35.21666666666667,0.5089582251333695,-0.15235082648393927,6,732.3756904138077,286.0456203704017
2889,35.233333333333334,0.45981822752658275,-0.04293217451112241,6,732.8355086413343,286.0026881958906
2890,35.25,0.7588636192428169,0.0012162073919625982,6,733.5943722605771,286.00390440328255
2891,35.266666666666666,1.8105766412305968,-0.20513522158944397,6,735.4049489018076,285.7987691816931
2892,35.28333333333333,3.1412868677229255,-0.5815534067548924,6,738.5462357695305,285.2172157749382
2893,35.3,3.580153046475999,-0.762576549545031,6,742.1263888160065,284.4546392253932
2894,35.31666666666667,3.288842371105943,-0.23418327706446007,6,745.4152311871125,284.2204559483287
2895,35.333333333333336,8.626681279083641,-0.28056029249745507,6,754.0419124661961,283.93989565583126
2896,35.35,20.016160791863513,-0.11581154896606449,6,774.0580732580596,283.8240841068652
2897,35.36666666666667,8.941257173301892,-0.037448009506817925,6,782.9993304313615,283.7866360973584
2898,35.38333333333333,11.900683416384197,-0.7145640392399173,6,794.9000138477456,283.07207205811847
2899,35.4,12.437883213313967,-0.7460759229853124,6,807.3378970610596,282.32599613513315
2900,35.416666666666664,3.1022549326652324,-0.3585922981408203,5,810.4401519937248,281.96740383699233
2901,35.43333333333333,2.50467457749005,0.5443757968030241,5,812.9448265712149,282.51177963379536
2902,35.45,0.12129629629635019,0.5978391959799012,5,813.0661228675112,283.1096188297753
2903,35.46666666666667,0.0,0.3326201462463132,5,813.0661228675112,283.4422389760216
2904,35.483333333333334,0.9936061121919693,0.33409529614959865,5,814.0597289797032,283.7763342721712
2905,35.5,1.813645563342419,0.08442043048296455,4,815.8733745430457,283.86075470265416
2906,35.516666666666666,1.6001097787209346,0.19607033851730193,4,817.4734843217666,284.05682504117146
2907,35.53333333333333,3.851394030711532,0.2611551642386871,4,821.3248783524781,284.31798020541015
2908,35.55,4.598744582407704,-0.182229368096273,4,825.9236229348858,284.1357508373139
2909,35.56666666666667,5.87438729481741,-0.1905546828900242,4,831.7980102297032,283.94519615442385
2910,35.583333333333336,3.556772125798858,0.11496622968445536,4,835.354782355502,284.0601623841083
2911,35.6,4.806986712660432,0.5408055118599577,4,840.1617690681625,284.60096789596827
2912,35.61666666666667,0.9296279441698232,0.2760343224451276,4,841.0913970123323,284.8770022184134
2913,35.63333333333333,0.43357207463424174,0.16470264336132345,4,841.5249690869666,285.04170486177475
2914,35.65,0.11597991572844535,0.07707826299915155,4,841.640949002695,285.1187831247739
2915,35.666666666666664,0.0,0.0,4,841.640949002695,285.1187831247739
2916,35.68333333333333,0.0,0.0,4,841.640949002695,285.1187831247739
2917,35.7,0.0,0.0,5,841.640949002695,285.1187831247739
2918,35.71666666666667,0.0,0.0,5,841.640949002695,285.1187831247739
2919,35.733333333333334,1.050909270119746,-0.47969543147212335,5,842.6918582728148,284.6390876933018
2920,35.75,6.1177294839255865,-2.942182001005449,5,848.8095877567404,281.69690569229635
2921,35.766666666666666,29.89944462144922,-13.601057260016773,5,878.7090323781896,268.0958484322796
2922,35.78333333333333,34.35702571618003,-14.19822020936374,5,913.0660580943696,253.89762822291584
2923,35.8,25.823848238482356,-8.784961267400604,5,938.889906332852,245.11266695551524
2924,35.81666666666667,68.51370333444117,-18.430118030118024,5,1007.4036096672932,226.6825489253972
2925,35.833333333333336,44.2897830766683,-10.35380069836151,5,1051.6933927439613,216.3287482270357
2926,35.85,25.681626390487168,-4.9703196347031735,5,1077.3750191344484,211.35842859233253
2927,35.86666666666667,50.37125138051135,-7.204997980927601,5,1127.7462705149596,204.15343061140493
2928,35.88333333333333,23.403225946017358,-1.9078315412186413,4,1151.149496460977,202.2455990701863
2929,35.9,11.966423106947616,-0.8314139344262088,4,1163.1159195679245,201.41418513576008
2930,35.916666666666664,21.577514192992112,-0.1259677767297802,4,1184.6934337609166,201.28821735903028
2931,35.93333333333333,5.366895924243295,0.17641460304918155,3,1190.06032968516,201.46463196207947
2932,35.95,1.317870101911467,0.09696348894948414,3,1191.3781997870715,201.56159545102895
2933,35.96666666666667,0.27980341955799304,0.008230904302081399,3,1191.6580032066295,201.56982635533103
2934,35.983333333333334,-0.20807230834566326,-0.06619416719757965,3,1191.4499308982838,201.50363218813345
2935,36.0,-0.7549580105435325,0.10831628064201482,3,1190.6949728877403,201.61194846877547
2936,36.016666666666666,-0.9516539440204497,0.39212526002719983,3,1189.7433189437197,202.00407372880267
2937,36.03333333333333,-0.22106078203660218,0.4445580635930355,3,1189.522258161683,202.4486317923957
2938,36.05,-0.16782810685231198,0.3147353361945875,3,1189.3544300548308,202.7633671285903
2939,36.06666666666667,-0.06884057971024049,0.06305889608381676,3,1189.2855894751206,202.8264260246741
2940,36.083333333333336,-0.006322818982653189,0.05396051974011584,3,1189.279266656138,202.88038654441422
2941,36.1,0.0,0.0,3,1189.279266656138,202.88038654441422
2942,36.11666666666667,0.0,0.0,3,1189.279266656138,202.88038654441422
2943,36.13333333333333,0.0,0.0,3,1189.279266656138,202.88038654441422
2944,36.15,0.0,0.0,3,1189.279266656138,202.88038654441422
2945,36.166666666666664,0.05785975038236302,-0.12801932367153768,3,1189.3371264065204,202.75236722074268
2946,36.18333333333333,0.05918642062499657,-0.16281245661372168,3,1189.3963128271453,202.58955476412896
2947,36.2,-0.06892193673479596,-0.10484911088931881,3,1189.3273908904105,202.48470565323964
2948,36.21666666666667,0.0,-0.11111111111108585,3,1189.3273908904105,202.37359454212856
2949,36.233333333333334,0.05755276310742374,-0.05777186761235953,3,1189.384943653518,202.3158226745162
2950,36.25,1.4519876470201325,1.536960378474305,3,1190.836931300538,203.8527830529905
2951,36.266666666666666,3.287001287001317,2.7277602277602284,3,1194.1239325875395,206.58054328075073
2952,36.28333333333333,4.643181468718012,4.662424587776684,3,1198.7671140562575,211.24296786852742
2953,36.3,3.3941886580573737,2.5512633352049363,3,1202.1613027143148,213.79423120373235
2954,36.31666666666667,4.605811341942626,4.448736664795064,3,1206.7671140562575,218.24296786852742
2955,36.333333333333336,1.2703703703703013,1.2359459434830455,3,1208.0374844266278,219.47891381201046
2956,36.35,0.4476990748959224,0.9411503669568049,3,1208.4851835015238,220.42006417896727
2957,36.36666666666667,-0.1499575911791453,-0.0068702290076316785,3,1208.3352259103447,220.41319394995963
2958,36.38333333333333,0.11940298507465741,0.0,3,1208.4546288954193,220.41319394995963
2959,36.4,0.04443033957454645,0.0035438485136864983,3,1208.4990592349939,220.41673779847332
2960,36.416666666666664,0.08020118386161812,0.9675216348660456,3,1208.5792604188555,221.38425943333937
2961,36.43333333333333,0.028169014084483024,0.3575846090045047,3,1208.60742943294,221.74184404234387
2962,36.45,-0.003647177645461852,0.20299564270135306,3,1208.6037822552946,221.94483968504522
2963,36.46666666666667,0.03682318335313539,0.09784242164028001,3,1208.6406054386478,222.0426821066855
2964,36.483333333333334,-0.06909016386293843,0.10274790919947918,3,1208.5715152747848,222.14543001588498
2965,36.5,0.0,0.0,4,1208.5715152747848,222.14543001588498
2966,36.516666666666666,-0.04450504021735924,-0.13982902537135544,4,1208.5270102345676,222.00560099051364
2967,36.53333333333333,-1.2614901006863874,-1.3371784664701636,4,1207.2655201338812,220.66842252404348
2968,36.55,-3.9190447707439944,-4.773777559877658,4,1203.3464753631372,215.89464496416582
2969,36.56666666666667,-2.462185533280035,-2.634141130823366,4,1200.8842898298572,213.26050383334245
2970,36.583333333333336,-3.761688480460407,-3.7320184650995856,4,1197.1226013493967,209.52848536824285
2971,36.6,-7.187728540906335,-5.372572511897232,4,1189.9348728084904,204.15591285634562
2972,36.61666666666667,-2.650149974131068,-1.1040701494720082,4,1187.2847228343594,203.05184270687363
2973,36.63333333333333,-3.0364421322062753,-0.7682082726269641,4,1184.2482807021531,202.28363443424666
2974,36.65,-0.6694101174107914,-0.2918342615354135,4,1183.5788705847424,201.99180017271124
2975,36.666666666666664,0.0,0.02463235294116828,4,1183.5788705847424,202.01643252565242
2976,36.68333333333333,0.420877633433804,0.0008610086100873104,4,1183.9997482181761,202.0172935342625
2977,36.7,0.10005946513376784,-0.08648958748116797,4,1184.0998076833098,201.93080394678134
2978,36.71666666666667,0.06507683083020765,-0.056418600635353755,4,1184.1648845141399,201.87438534614597
2979,36.733333333333334,0.07013333870577299,-0.05944329855381625,4,1184.2350178528457,201.81494204759215
2980,36.75,0.168785457575666,0.0,4,1184.4038033104214,201.81494204759215
2981,36.766666666666666,0.07910359967343084,-0.06210410313593684,4,1184.4829069100947,201.75283794445622
2982,36.78333333333333,0.12379977138834874,0.005847953216374435,4,1184.606706681483,201.7586858976726
2983,36.8,0.17975079077717737,-0.040795407954078655,4,1184.7864574722603,201.7178904897185
2984,36.81666666666667,0.9202185056676626,0.28661096393850016,4,1185.706675977928,202.004501453657
2985,36.833333333333336,0.4461493474243525,0.09729286975166929,4,1186.1528253253523,202.10179432340868
2986,36.85,0.5593348717404751,-0.0501361371567981,4,1186.7121601970928,202.05165818625187
2987,36.86666666666667,1.2169308521703783,-0.08148234799679699,4,1187.9290910492632,201.97017583825507
2988,36.88333333333333,1.8164548051868223,-0.19671056346973614,4,1189.74554585445,201.77346527478534
2989,36.9,4.024389857165147,-0.03255510903341019,4,1193.7699357116153,201.74091016575193
2990,36.916666666666664,5.077699371284609,0.16262293318580134,4,1198.8476350828998,201.90353309893771
2991,36.93333333333333,11.290741796870122,1.8100979750603443,4,1210.13837687977,203.71363107399804
2992,36.95,10.55771777290829,2.6991465275978044,4,1220.6960946526783,206.41277760159585
2993,36.96666666666667,12.313373476695347,4.172885356861428,4,1233.0094681293735,210.58566295845728
2994,36.983333333333334,18.292968765850162,5.743564401255398,4,1251.3024368952238,216.32922735971266
2995,37.0,10.57982883124697,2.560411803340287,4,1261.8822657264707,218.88963916305295
2996,37.016666666666666,14.052206507458095,3.0675090810727568,3,1275.9344722339288,221.9571482441257
2997,37.03333333333333,8.387830435818046,0.9082718107485732,3,1284.322302669747,222.86542005487428
2998,37.05,6.099132384075801,0.7182548091637955,3,1290.4214350538227,223.58367486403807
2999,37.06666666666667,10.343570085138708,1.682423798653275,3,1300.7650051389614,225.26609866269135
3000,37.083333333333336,4.446270213875891,0.6092853416797368,3,1305.2112753528372,225.87538400437109
3001,37.1,2.0629629629629562,0.7037037037036953,3,1307.2742383158002,226.57908770807478
3002,37.11666666666667,2.7768115942028544,1.501024065540264,3,1310.051049910003,228.08011177361504
3003,37.13333333333333,1.6679488060077574,0.9332753317917195,3,1311.718998716011,229.01338710540676
3004,37.15,4.048806851251356,1.016296665835199,3,1315.7678055672623,230.02968377124196
3005,37.166666666666664,6.575164858075084,1.291400694248992,2,1322.3429704253374,231.32108446549097
3006,37.18333333333333,3.5780458478844253,0.23930634171964016,2,1325.9210162732218,231.5603908072106
3007,37.2,4.1511691903220935,0.2152108933647554,2,1330.072185463544,231.77560170057535
3008,37.21666666666667,5.8184634896034595,0.608867339132189,2,1335.8906489531473,232.38446903970754
3009,37.233333333333334,1.1396397009169164,0.03880606280377208,2,1337.0302886540642,232.4232751025113
3010,37.25,0.24325825882698382,0.07126187027202491,2,1337.273546912891,232.49453697278332
3011,37.266666666666666,2.408334293431267,0.4922294821407007,2,1339.6818812063225,232.986766454924
3012,37.28333333333333,1.9281578494482687,0.5460847477914541,2,1341.6100390557708,233.53285120271545
3013,37.3,3.0130253916921674,0.39058543471438156,2,1344.623064447463,233.92343663742983
3014,37.31666666666667,4.667485496473432,0.9127872788304785,2,1349.2905499439366,234.8362239162603
3015,37.333333333333336,1.490994582709959,0.052874332905233246,2,1350.7815445266465,234.88909824916556
3016,37.35,2.4159711031069833,0.8748398767017704,2,1353.1975156297535,235.76393812586733
3017,37.36666666666667,1.200266436388631,0.9163992322601899,2,1354.397782066142,236.68033735812753
3018,37.38333333333333,0.07964884201692257,0.03688135768095435,2,1354.477430908159,236.71721871580849
3019,37.4,-0.09073678833857457,0.07973421683448123,2,1354.3866941198205,236.79695293264297
3020,37.416666666666664,0.06962831455189189,0.23171414052278294,2,1354.4563224343724,237.02866707316576
3021,37.43333333333333,-0.014906012773963084,0.04871679931902406,2,1354.4414164215984,237.0773838724848
3022,37.45,0.0,0.0,2,1354.4414164215984,237.0773838724848
3023,37.46666666666667,0.0,0.0,2,1354.4414164215984,237.0773838724848
3024,37.483333333333334,0.0,0.0,2,1354.4414164215984,237.0773838724848
3025,37.5,0.0,0.0,2,1354.4414164215984,237.0773838724848
3026,37.516666666666666,-0.19373388632209299,0.04581056386503235,2,1354.2476825352765,237.12319443634982
3027,37.53333333333333,-4.990278866019878,5.093803124794334,2,1349.2574036692565,242.21699756114415
3028,37.55,-6.656860464674253,9.524803915234102,2,1342.6005432045822,251.74180147637827
3029,37.56666666666667,-5.176731717652558,8.890159345721983,2,1337.4238114869297,260.63196082210027
3030,37.583333333333336,-8.34047022122769,19.23161239787676,2,1329.083341265702,279.863573219977
3031,37.6,-12.333107861349617,39.68370560651877,2,1316.7502334043525,319.5472788264958
3032,37.61666666666667,-4.439388767785374,18.122176625721693,2,1312.310844636567,337.6694554522175
3033,37.63333333333333,-10.114845743634248,45.74852014121004,2,1302.1959988929327,383.4179755934275
3034,37.65,-6.171413357933659,25.967231865008387,2,1296.024585534999,409.3852074584359
3035,37.666666666666664,-4.276245804802443,16.996240272924155,2,1291.7483397301967,426.38144773136
3036,37.68333333333333,-6.133881607700857,20.558287588854228,3,1285.6144581224958,446.93973532021425
3037,37.7,-10.774754346183045,29.521700147542788,3,1274.8397037763127,476.46143546775704
3038,37.71666666666667,-3.7215555750196927,9.947462650456657,4,1271.118148201293,486.4088981182137
3039,37.733333333333334,-4.827905117270802,14.907738363267015,5,1266.2902430840222,501.3166364814807
3040,37.75,-5.7765013515102055,20.790052531647632,5,1260.513741732512,522.1066890131283
3041,37.766666666666666,-1.4506716072255585,6.15514663717542,5,1259.0630701252865,528.2618356503037
3042,37.78333333333333,-0.6258760532325596,7.8142365405227,5,1258.437194072054,536.0760721908264
3043,37.8,0.2496702118887697,1.7466608953747311,5,1258.6868642839427,537.8227330862011
3044,37.81666666666667,0.8725162832879505,1.2198430180603737,5,1259.5593805672306,539.0425761042615
3045,37.833333333333336,4.988957070067954,0.36762110649257806,4,1264.5483376372986,539.4101972107541
3046,37.85,2.0495806282921194,0.029773528027405405,4,1266.5979182655906,539.4399707387814
3047,37.86666666666667,2.441281984487773,0.6113500733958119,4,1269.0392002500785,540.0513208121772
3048,37.88333333333333,1.7683648444701703,1.6453983864570176,4,1270.8075650945486,541.6967191986342
3049,37.9,3.2947793658706814,4.048366863526795,4,1274.1023444604193,545.745086062161
3050,37.916666666666664,3.7165910278175716,2.6632756156312354,4,1277.818935488237,548.4083616777923
3051,37.93333333333333,1.940166405467835,1.1423026134401795,4,1279.7591018937048,549.5506642912325
3052,37.95,3.0447646290388093,1.3523957146603465,4,1282.8038665227436,550.9030600058928
3053,37.96666666666667,1.208203034375174,0.6350518056387955,4,1284.0120695571188,551.5381118115316
3054,37.983333333333334,1.442647509968765,1.0343784332049921,4,1285.4547170670876,552.5724902447366
3055,38.0,1.4813711204262745,1.5832513929374272,4,1286.9360881875139,554.155741637674
3056,38.016666666666666,0.10442588324838198,0.5185183702397325,4,1287.0405140707621,554.6742600079137
3057,38.03333333333333,-0.005172651016209784,0.4674888617735746,4,1287.035341419746,555.1417488696873
3058,38.05,0.4234776666751259,0.2614215310126724,4,1287.458819086421,555.4031704007
3059,38.06666666666667,1.030580510085315,0.10904960245848372,4,1288.4893995965062,555.5122200031585
3060,38.083333333333336,2.0816763351865575,0.2843725211643999,4,1290.5710759316928,555.7965925243229
3061,38.1,1.0953423714673818,0.007378657875321437,4,1291.6664183031603,555.8039711821982
3062,38.11666666666667,0.8311323259024448,0.020219238608987666,4,1292.4975506290627,555.8241904208072
3063,38.13333333333333,0.00025138260434687254,0.0,5,1292.497802011667,555.8241904208072
3064,38.15,0.0,0.0,5,1292.497802011667,555.8241904208072
3065,38.166666666666664,-0.5484208703321656,0.09530374046505585,5,1291.949381141335,555.9194941612723
3066,38.18333333333333,-3.0310339123241192,0.5057303420505264,5,1288.9183472290108,556.4252245033229
3067,38.2,-8.204829895998728,0.9447483113680732,5,1280.713517333012,557.369972814691
3068,38.21666666666667,-15.036391196945942,0.1710267229254896,5,1265.6771261360661,557.5409995376165
3069,38.233333333333334,-32.01777844517653,-1.2478139162889335,6,1233.6593476908897,556.2931856213276
3070,38.25,-36.93657536279852,1.1209855551092716,6,1196.7227723280912,557.4141711764369
3071,38.266666666666666,-56.0390034897124,-0.3175535085291159,6,1140.683768838379,557.0966176679077
3072,38.28333333333333,-41.17177233628854,-2.2193574536170217,6,1099.5119965020904,554.8772602142907
3073,38.3,-29.651623474848066,-1.706419778831659,6,1069.8603730272423,553.170840435459
3074,38.31666666666667,-38.441389721091355,-5.148427784753409,6,1031.418983306151,548.0224126507056
3075,38.333333333333336,-24.337945775792605,-4.256762484500655,6,1007.0810375303583,543.765650166205
3076,38.35,-16.953021104627794,-4.2293861449718975,6,990.1280164257305,539.5362640212331
3077,38.36666666666667,-17.006116770132337,-4.356517931744548,6,973.1218996555981,535.1797460894886
3078,38.38333333333333,-6.586586493987056,-2.4846982928172565,5,966.535313161611,532.6950477966714
3079,38.4,-2.6163853199795994,-1.520845870621656,5,963.9189278416314,531.1742019260497
3080,38.416666666666664,0.07485628789663679,-0.19674828857284865,5,963.9937841295281,530.9774536374769
3081,38.43333333333333,0.19568323453427183,-0.11882418656614391,5,964.1894673640624,530.8586294509107
3082,38.45,0.2459402530494117,-0.08278343898516027,5,964.4354076171118,530.7758460119255
3083,38.46666666666667,0.02040260614694489,-0.21226343101341172,5,964.4558102232587,530.5635825809121
3084,38.483333333333334,-0.3630882517327336,-0.7647406744700618,5,964.092721971526,529.798841906442
3085,38.5,-0.16467194261440454,-0.5484103451115061,5,963.9280500289116,529.2504315613305
3086,38.516666666666666,-0.3475921442022809,-0.7110573042776309,5,963.5804578847093,528.5393742570529
3087,38.53333333333333,-0.2109181141438512,0.0018175209014827942,5,963.3695397705654,528.5411917779544
3088,38.55,-0.9073625850764984,-0.026592224979310686,5,962.4621771854889,528.5145995529751
3089,38.56666666666667,-1.9978883861235772,0.3095776772247234,5,960.4642887993654,528.8241772301999
3090,38.583333333333336,-1.2401852533430429,0.3576689614331201,5,959.2241035460223,529.181846191633
3091,38.6,-2.3722549380445344,0.3733642613023562,5,956.8518486079778,529.5552104529354
3092,38.61666666666667,-4.029044607906371,0.36462339226568474,5,952.8228040000714,529.9198338452011
3093,38.63333333333333,-3.1142483182662772,0.291465742415113,5,949.7085556818051,530.2112995876162
3094,38.65,-2.9663503019844484,0.6849070100143422,5,946.7422053798207,530.8962065976305
3095,38.666666666666664,-1.1775956284154745,1.132549215882534,5,945.5646097514052,532.028755813513
3096,38.68333333333333,-0.17377846041586054,0.5654545454544859,5,945.3908312909894,532.5942103589675
3097,38.7,-0.14098804780883256,-0.04021779548472182,5,945.2498432431805,532.5539925634828
3098,38.71666666666667,-0.06717165121222024,-0.004304622756308163,5,945.1826715919683,532.5496879407265
3099,38.733333333333334,-0.05336465570394466,-0.04774193548388439,5,945.1293069362644,532.5019460052426
3100,38.75,-0.009096774193722013,-0.025604967582893323,5,945.1202101620706,532.4763410376597
3101,38.766666666666666,-0.32883344725451025,-0.528418661973717,5,944.7913767148161,531.947922375686
3102,38.78333333333333,-0.6058399721389378,-0.4010419189391712,5,944.1855367426772,531.5468804567467
3103,38.8,-0.41835357624813696,-0.11584399043459825,5,943.767183166429,531.4310364663122
3104,38.81666666666667,-0.5286139455783996,-0.1499272197962398,5,943.2385692208506,531.2811092465159
3105,38.833333333333336,-0.1960527845598108,-0.009622908390497287,5,943.0425164362908,531.2714863381254
3106,38.85,-0.1312577119690559,-0.1000215404848177,5,942.9112587243218,531.1714647976406
3107,38.86666666666667,-0.42824545174221385,-0.14589528118949602,5,942.4830132725796,531.0255695164511
3108,38.88333333333333,-0.3915091775535302,-0.15227780972460891,5,942.091504095026,530.8732917067265
3109,38.9,-0.9978228680419079,-0.42594806869468016,6,941.0936812269841,530.4473436380318
3110,38.916666666666664,0.0,0.0,6,941.0936812269841,530.4473436380318
3111,38.93333333333333,-0.5015170855281781,-0.29821272070455507,6,940.5921641414559,530.1491309173273
3112,38.95,-0.4901993477151336,-0.37294485913200504,6,940.1019647937408,529.7761860581953
3113,38.96666666666667,-0.9396881477199486,-0.8268451752514352,6,939.1622766460208,528.9493408829439
3114,38.983333333333334,-1.5066906553758486,-1.7101864884412237,6,937.655585990645,527.2391543945027
3115,39.0,-4.054589743921099,-3.1179631010137,6,933.600996246724,524.121191293489
3116,39.016666666666666,-6.0130303649617645,-2.8913763806287136,5,927.5879658817622,521.2298149128603
3117,39.03333333333333,-10.704415954415936,-2.555555555555543,5,916.8835499273463,518.6742593573048
3118,39.05,-23.8675359032502,-3.9903628117914423,5,893.0160140240961,514.6838965455133
3119,39.06666666666667,-26.06705868377287,-3.167380423672057,5,866.9489553403232,511.5165161218413
3120,39.083333333333336,-25.997380156075792,-2.841646263926009,5,840.9515751842474,508.67486985791527
3121,39.1,-35.69248389506765,-4.5391725921138,5,805.2590912891798,504.13569726580147
3122,39.11666666666667,-28.57009345794404,-4.350033503427625,5,776.6889978312357,499.7856637623738
3123,39.13333333333333,-24.046336971637118,-3.976299628362554,4,752.6426608595987,495.8093641340113
3124,39.15,-26.440091067190338,-5.552937487494248,4,726.2025697924083,490.256426646517
3125,39.166666666666664,-28.40221082350257,-7.453187930422715,4,697.8003589689058,482.8032387160943
3126,39.18333333333333,-17.264894428050525,-5.081057078056489,4,680.5354645408553,477.7221816380378
3127,39.2,-16.160870073913657,-6.83408366017062,3,664.3745944669416,470.8880979778672
3128,39.21666666666667,-9.659991876721847,-4.934152512099274,3,654.7146025902198,465.9539454657679
3129,39.233333333333334,-7.200639431277864,-4.37279889929539,3,647.5139631589419,461.5811465664725
3130,39.25,-6.209079684505468,-4.081720846233196,3,641.3048834744365,457.4994257202393
3131,39.266666666666666,-3.0,-2.0,3,638.3048834744365,455.4994257202393
3132,39.28333333333333,-0.05647733070918548,-0.3953987631772975,3,638.2484061437273,455.104026957062
3133,39.3,2.2730758122071393,0.24288877533638242,3,640.5214819559344,455.3469157323984
3134,39.31666666666667,1.2260595518647506,0.404004414020136,3,641.7475415077992,455.7509201464185
3135,39.333333333333336,0.5759668549368371,0.03175856676114108,3,642.323508362736,455.7826787131796
3136,39.35,1.0620035304500561,-0.7728663446054895,3,643.385511893186,455.0098123685741
3137,39.36666666666667,0.771739130434753,-0.39670745920747663,3,644.1572510236208,454.6131049093666
3138,39.38333333333333,0.7384964457983187,-1.2592418546365707,3,644.8957474694191,453.35386305473
3139,39.4,0.5366379310344769,-0.70301659946972,3,645.4323854004535,452.6508464552603
3140,39.416666666666664,0.48676037920881754,-0.9323217463949618,3,645.9191457796624,451.71852470886535
3141,39.43333333333333,0.6565691535398628,-1.4134082355340638,3,646.5757149332022,450.3051164733313
3142,39.45,0.2708656130565146,-1.722307169554881,3,646.8465805462588,448.5828093037764
3143,39.46666666666667,0.0735294117647527,-1.3444183620240153,3,646.9201099580235,447.2383909417524
3144,39.483333333333334,0.0727657004830462,-1.47261345852894,3,646.9928756585066,445.7657774832235
3145,39.5,-0.05864787386531134,-0.5409964431703713,3,646.9342277846413,445.22478104005313
3146,39.516666666666666,-0.595074202456658,-0.42668666158596125,3,646.3391535821846,444.79809437846717
3147,39.53333333333333,-0.6991695234416966,-0.4124095508142318,3,645.6399840587429,444.38568482765294
3148,39.55,-1.2498478003140008,-0.6575115568203955,3,644.3901362584289,443.72817327083254
3149,39.56666666666667,-1.9425503075800634,-0.9762711569874511,3,642.4475859508489,442.75190211384506
3150,39.583333333333336,-1.9371906729935517,-1.176983429728864,3,640.5103952778553,441.5749186841162
3151,39.6,-1.580794938517215,-1.65581577291357,3,638.9296003393381,439.91910291120263
3152,39.61666666666667,-0.16745743190404028,-0.6607407407407493,3,638.762142907434,439.25836217046185
3153,39.63333333333333,-0.24602321215229495,-0.5611964499061344,3,638.5161196952818,438.69716572055574
3154,39.65,-0.006220419202179528,-0.2527172075726867,4,638.5098992760795,438.44444851298306
3155,39.666666666666664,-0.041793743558798724,-0.044811320754718054,4,638.4681055325207,438.39963719222834
3156,39.68333333333333,0.0,0.0,4,638.4681055325207,438.39963719222834
3157,39.7,-0.026702495944959992,-0.09403619310039346,4,638.4414030365757,438.30560099912793
3158,39.71666666666667,0.24215871601683148,1.9301527777777778,4,638.6835617525926,440.2357537769057
3159,39.733333333333334,-0.9451250736103702,4.478478585138333,4,637.7384366789822,444.7142323620441
3160,39.75,-1.429224696384665,8.102171042223702,4,636.3092119825976,452.81640340426776
3161,39.766666666666666,-1.4303035819272054,17.56534812417003,4,634.8789084006704,470.3817515284378
3162,39.78333333333333,-0.7232760349726846,17.506891712009633,4,634.1556323656978,487.88864324044744
3163,39.8,-0.3274007038712625,22.109677419354853,5,633.8282316618265,509.9983206598023
3164,39.81666666666667,-0.48877611235695895,28.720261437908476,6,633.3394555494696,538.7185820977107
3165,39.833333333333336,-0.8178992433249732,29.244386113214063,6,632.5215563061446,567.9629682109248
3166,39.85,-2.915811965812054,42.25668997850636,5,629.6057443403325,610.2196581894311
3167,39.86666666666667,-1.480315980315936,23.10973084886126,6,628.1254283600166,633.3293890382924
3168,39.88333333333333,-3.2627940272171827,36.130636751574514,6,624.8626343327994,669.4600257898669
3169,39.9,-2.465044948752279,18.624620512495795,6,622.3975893840471,688.0846463023627
3170,39.916666666666664,-4.618677465618305,20.72578622919741,6,617.7789119184288,708.8104325315601
3171,39.93333333333333,-2.407092322170513,10.66807363641064,6,615.3718195962583,719.4785061679707
3172,39.95,-1.1521616060672386,8.404999920042258,6,614.2196579901911,727.8835060880131
3173,39.96666666666667,-0.18048544537822409,8.777401415181629,6,614.0391725448128,736.6609075031947
3174,39.983333333333334,0.24077886040547014,6.360169817686369,6,614.2799514052183,743.0210773208811
3175,40.0,0.1492603981161551,9.008997603871762,6,614.4292118033345,752.0300749247529
3176,40.016666666666666,0.17924470317637997,15.22259946136029,6,614.608456506511,767.2526743861131
3177,40.03333333333333,-0.9699701237340719,12.73892806712027,6,613.6384863827768,779.9916024532333
3178,40.05,-2.0680503439650693,12.24029399048851,5,611.5704360388117,792.2318964437218
3179,40.06666666666667,-2.051073587658948,14.43907056798622,5,609.5193624511528,806.670967011708
3180,40.083333333333336,-0.5133760683760329,8.537233818258414,5,609.0059863827768,815.2082008299664
3181,40.1,0.14663201212897548,5.492550247266536,5,609.1526183949057,820.7007510772329
3182,40.11666666666667,2.810417981625733,3.326609796367734,5,611.9630363765315,824.0273608736006
3183,40.13333333333333,2.462254120148941,0.6720166512487822,5,614.4252904966804,824.6993775248494
3184,40.15,1.7652429503076519,-1.0297872340424874,5,616.1905334469881,823.6695902908069
3185,40.166666666666664,3.785349747653413,-2.7679782903662726,5,619.9758831946415,820.9016120004407
3186,40.18333333333333,3.870361910562906,-1.9697984873864698,5,623.8462451052044,818.9318135130542
3187,40.2,3.2725694444443434,-1.7158694963572998,5,627.1188145496487,817.2159440166969
3188,40.21666666666667,2.879146141215074,-1.841013824884726,5,629.9979606908638,815.3749301918122
3189,40.233333333333334,2.0,-1.0,5,631.9979606908638,814.3749301918122
3190,40.25,0.31066359063083837,-0.16424749271050132,5,632.3086242814946,814.2106826991017
3191,40.266666666666666,0.12968779744915082,-0.010184656386741153,5,632.4383120789438,814.2004980427149
3192,40.28333333333333,0.0,-0.028562475357148287,5,632.4383120789438,814.1719355673578
3193,40.3,0.015945330296119664,-0.05952380952379599,5,632.45425740924,814.112411757834
3194,40.31666666666667,-0.022222222222239907,-0.8221100755922635,5,632.4320351870177,813.2903016822418
3195,40.333333333333336,0.025641025641107262,-0.8315568398945743,5,632.4576762126588,812.4587448423472
3196,40.35,-0.5507466345376315,-0.476891621941661,5,631.9069295781212,811.9818532204056
3197,40.36666666666667,-0.33224919350573145,-0.46472500986925525,5,631.5746803846155,811.5171282105364
3198,40.38333333333333,-0.10903868528214389,0.26885591145065746,5,631.4656416993333,811.785984121987
3199,40.4,-0.10108312036038569,0.0625,5,631.364558578973,811.848484121987
3200,40.416666666666664,-0.02200005508268532,0.08489885450512702,5,631.3425585238903,811.9333829764921
3201,40.43333333333333,0.010667903525131806,0.07631874298539287,6,631.3532264274154,812.0097017194776
3202,40.45,0.0,0.021950673273408938,6,631.3532264274154,812.031652392751
3203,40.46666666666667,0.01950279265605559,0.03760765172816605,6,631.3727292200715,812.0692600444792
3204,40.483333333333334,-0.6563472251114675,-1.5608271694540292,6,630.71638199496,810.5084328750252
3205,40.5,-1.806438639361911,-5.968039357707994,6,628.9099433555981,804.5403935173172
3206,40.516666666666666,-1.6058806575850326,-9.632068934803158,6,627.304062698013,794.9083245825141
3207,40.53333333333333,-1.5774857010212884,-20.304506720461347,6,625.7265769969918,774.6038178620527
3208,40.55,-0.24296757232275468,-18.52061417301391,6,625.483609424669,756.0832036890388
3209,40.56666666666667,-0.007639369326909673,-19.2843049065755,6,625.475970055342,736.7988987824633
3210,40.583333333333336,0.2636157596404587,-27.845131236124644,6,625.7395858149825,708.9537675463387
3211,40.6,-0.2481884797865348,-18.281577279210723,6,625.491397335196,690.6721902671279
3212,40.61666666666667,0.49302861803940345,-16.794744096925,6,625.9844259532354,673.8774461702029
3213,40.63333333333333,2.629085318631269,-19.655396960038843,6,628.6135112718666,654.2220492101641
3214,40.65,2.18598455964883,-10.262426776042616,6,630.7994958315155,643.9596224341215
3215,40.666666666666664,2.3656552797745576,-10.355908980546474,6,633.16515111129,633.603713453575
3216,40.68333333333333,3.0060132003741273,-9.227443673171251,5,636.1711643116641,624.3762697804037
3217,40.7,2.729601990049673,-9.953876457502588,5,638.9007663017138,614.4223933229011
3218,40.71666666666667,1.470459565525175,-6.073484734761564,5,640.371225867239,608.3489085881396
3219,40.733333333333334,1.118674050146069,-6.953339833858649,5,641.4898999173851,601.3955687542809
3220,40.75,0.7465572098219582,-3.2372892724590088,5,642.236457127207,598.1582794818219
3221,40.766666666666666,1.6464381131991104,-1.6710334298735745,5,643.8828952404061,596.4872460519483
3222,40.78333333333333,1.6327675851484855,-0.3900697521835923,5,645.5156628255546,596.0971762997647
3223,40.8,1.996088608491732,0.019059056115139583,5,647.5117514340463,596.1162353558798
3224,40.81666666666667,1.42896693561147,0.0012484134263104352,5,648.9407183696578,596.1174837693061
3225,40.833333333333336,3.3425932650640107,1.3103965926546266,5,652.2833116347218,597.4278803619607
3226,40.85,2.92627401339098,1.622472817083917,5,655.2095856481128,599.0503531790446
3227,40.86666666666667,1.9956630950979388,1.7465348973245796,5,657.2052487432107,600.7968880763692
3228,40.88333333333333,3.442204802787046,3.2783698156681567,5,660.6474535459978,604.0752578920374
3229,40.9,1.4917342114150642,2.8548018727875046,5,662.1391877574129,606.9300597648248
3230,40.916666666666664,0.6148075668623676,2.801754385964898,5,662.7539953242753,609.7318141507897
3231,40.93333333333333,0.2159459398172885,2.788323548597532,5,662.9699412640925,612.5201376993872
3232,40.95,-0.016245059288507946,1.078563899868243,5,662.953696204804,613.5987015992555
3233,40.96666666666667,0.10361345412889023,0.8905501589148344,5,663.0573096589329,614.4892517581703
3234,40.983333333333334,-0.002603353118843188,0.1023638446318671,5,663.0547063058141,614.5916156028022
3235,41.0,-0.0075402004106308596,0.10339537971935897,5,663.0471661054034,614.6950109825216
3236,41.016666666666666,0.0,0.0,5,663.0471661054034,614.6950109825216
3237,41.03333333333333,0.0,0.0,5,663.0471661054034,614.6950109825216
3238,41.05,0.0,0.0,5,663.0471661054034,614.6950109825216
3239,41.06666666666667,0.0,0.0,6,663.0471661054034,614.6950109825216
3240,41.083333333333336,0.0,0.0,6,663.0471661054034,614.6950109825216
3241,41.1,0.0,0.0,6,663.0471661054034,614.6950109825216
3242,41.11666666666667,-0.10942395343670341,0.6328341830050306,6,662.9377421519667,615.3278451655266
3243,41.13333333333333,-0.7886725197502074,6.663933780247092,6,662.1490696322165,621.9917789457737
3244,41.15,1.4637860734581096,12.173256535201645,6,663.6128557056746,634.1650354809753
3245,41.166666666666664,8.668787225922983,26.07041933523203,6,672.2816429315976,660.2354548162074
3246,41.18333333333333,10.46123644472226,24.906595912271342,6,682.7428793763199,685.1420507284787
3247,41.2,13.633858267716505,24.700724032303015,5,696.3767376440364,709.8427747607817
3248,41.21666666666667,18.064711738618826,34.9582193030468,5,714.4414493826553,744.8009940638285
3249,41.233333333333334,10.84959975369452,23.414566526260728,5,725.2910491363498,768.2155605900892
3250,41.25,8.67219490453192,19.418878802357085,5,733.9632440408817,787.6344393924463
3251,41.266666666666666,11.409470864790933,23.43807284011109,5,745.3727149056726,811.0725122325574
3252,41.28333333333333,7.27303182579567,13.07645642847433,5,752.6457467314683,824.1489686610317
3253,41.3,6.144761952382055,11.29305892664513,5,758.7905086838504,835.4420275876769
3254,41.31666666666667,6.018397595356646,12.591366086235439,5,764.808906279207,848.0333936739123
3255,41.333333333333336,2.480232175707556,8.055400082918766,5,767.2891384549146,856.0887937568311
3256,41.35,2.727063560540728,8.810585822937867,5,770.0162020154553,864.899379579769
3257,41.36666666666667,3.160992346265516,10.51338015574953,5,773.1771943617208,875.4127597355184
3258,41.38333333333333,1.9340053763440324,6.783828382838351,5,775.1111997380649,882.1965881183568
3259,41.4,1.2343530456603276,5.916685303596523,4,776.3455527837252,888.1132734219533
3260,41.416666666666664,0.15453217492424187,5.912859655106445,4,776.5000849586495,894.0261330770597
3261,41.43333333333333,-0.16935706408844453,3.6160942576394177,4,776.330727894561,897.6422273346991
3262,41.45,-0.42273712693139487,3.4734320573737705,4,775.9079907676296,901.1156593920729
3263,41.46666666666667,-1.101893278066484,4.4448150701236955,4,774.8060974895632,905.5604744621966
3264,41.483333333333334,-0.2662887093920574,3.0007028112449348,4,774.5398087801711,908.5611772734414
3265,41.5,-0.12243252361676582,3.0069228511507617,4,774.4173762565543,911.5681001245922
3266,41.516666666666666,0.2366907345347613,2.052820238568472,4,774.6540669910892,913.6209203631606
3267,41.53333333333333,-0.21886003280044974,1.865762430562313,4,774.4352069582887,915.4866827937229
3268,41.55,-0.5815506888341417,0.8616785759722916,4,773.8536562694546,916.3483613696952
3269,41.56666666666667,0.01703522181313133,0.2347417107654337,4,773.8706914912677,916.5831030804607
3270,41.583333333333336,0.0,0.0,4,773.8706914912677,916.5831030804607
3271,41.6,-0.0012916989591644779,-0.020797748447193953,4,773.8693997923085,916.5623053320135
3272,41.61666666666667,0.0,0.0,4,773.8693997923085,916.5623053320135
3273,41.63333333333333,-0.007789110147484735,0.03571356629930733,4,773.861610682161,916.5980188983128
3274,41.65,0.4638476502111928,0.07127842437824938,4,774.3254583323721,916.6692973226911
3275,41.666666666666664,0.4602039384362513,0.10313573152797062,4,774.7856622708084,916.7724330542192
3276,41.68333333333333,0.004199610036209833,0.0017452006981102386,4,774.7898618808447,916.7741782549173
3277,41.7,0.5183606262318392,-0.07255609612434455,4,775.3082225070765,916.7016221587929
3278,41.71666666666667,0.688571301109647,-0.45289317880269664,4,775.9967938081861,916.2487289799902
3279,41.733333333333334,2.1656216479855175,-1.5834509605459175,4,778.1624154561716,914.6652780194443
3280,41.75,7.710329046010941,-4.993753390159384,4,785.8727445021825,909.6715246292849
3281,41.766666666666666,10.404050720634842,-6.964373046767889,4,796.2767952228173,902.7071515825171
3282,41.78333333333333,12.985397710452986,-9.594443105304038,4,809.2621929332703,893.1127084772131
3283,41.8,15.148971084746933,-11.039094896833603,4,824.4111640180172,882.0736135803795
3284,41.81666666666667,12.51285980661632,-8.65465701655586,4,836.9240238246335,873.4189565638237
3285,41.833333333333336,9.777143131607602,-7.611706123072395,4,846.7011669562412,865.8072504407513
3286,41.85,12.297071039320201,-9.329249315792168,4,858.9982379955613,856.4780011249592
3287,41.86666666666667,5.327287415024443,-4.998892353295986,4,864.3255254105858,851.4791087716632
3288,41.88333333333333,5.832317427145085,-4.295918959712139,3,870.1578428377309,847.183189811951
3289,41.9,7.087629049574275,-3.8829916604336177,3,877.2454718873051,843.3001981515174
3290,41.916666666666664,4.9942151394423036,-2.5619176626825038,3,882.2396870267474,840.7382804888349
3291,41.93333333333333,3.0764897959182917,-2.1536615142674123,3,885.3161768226657,838.5846189745675
3292,41.95,2.9616683961720582,-1.744665305468743,3,888.2778452188378,836.8399536690988
3293,41.96666666666667,2.0791137744367916,-0.6658661948096665,3,890.3569589932746,836.1740874742891
3294,41.983333333333334,2.862505811250685,-0.44041778174243973,3,893.2194648045253,835.7336696925466
3295,42.0,4.493589743589723,-0.48589743589741374,3,897.713054548115,835.2477722566492
3296,42.016666666666666,3.758246803701354,-0.6054307116104383,3,901.4713013518164,834.6423415450388
3297,42.03333333333333,3.714109524303467,-0.26900999342990417,5,905.1854108761198,834.3733315516089
3298,42.05,2.5363885624755085,-0.0396506394199605,5,907.7217994385953,834.3336809121889
3299,42.06666666666667,0.19549549549560652,0.0,5,907.9172949340909,834.3336809121889
3300,42.083333333333336,0.03632478632476932,0.05169340463456251,4,907.9536197204156,834.3853743168235
3301,42.1,0.0,0.004962405418950766,5,907.9536197204156,834.3903367222424
3302,42.11666666666667,-0.046994454041680456,0.012686237484842877,4,907.906625266374,834.4030229597272
3303,42.13333333333333,-0.15636071456967215,0.062121872596435423,4,907.7502645518043,834.4651448323236
3304,42.15,-0.10042441466322316,0.0889567819202739,4,907.6498401371412,834.5541016142439
3305,42.166666666666664,-0.40358942528058606,1.0634620938770922,4,907.2462507118605,835.617563708121
3306,42.18333333333333,0.31209610187210046,1.5759900285231083,4,907.5583468137327,837.1935537366442
3307,42.2,3.3840338233369494,3.4986379062162882,4,910.9423806370696,840.6921916428605
3308,42.21666666666667,9.045584777811712,4.252327895930847,4,919.9879654148813,844.9445195387914
3309,42.233333333333334,20.80084397239216,6.789397025647759,5,940.7888093872734,851.7339165644391
3310,42.25,14.664835164835154,4.427914324860808,5,955.4536445521086,856.1618308893
3311,42.266666666666666,22.56797516078973,5.788671755725204,5,978.0216197128983,861.9505026450252
3312,42.28333333333333,15.450549450549488,3.784261437908526,5,993.4721691634478,865.7347640829337
3313,42.3,14.558608058608115,3.807079595123014,5,1008.0307772220559,869.5418436780567
3314,42.31666666666667,13.274725274725142,3.9913043478260306,5,1021.3055024967811,873.5331480258827
3315,42.333333333333336,14.650877192982534,4.264565735326073,5,1035.9563796897637,877.7977137612088
3316,42.35,7.8818460477035615,2.9355853305185065,4,1043.8382257374674,880.7332990917273
3317,42.36666666666667,5.4742733268196275,2.5300543506276654,4,1049.312499064287,883.263353442355
3318,42.38333333333333,2.6332535549008185,1.8299565935287205,4,1051.945752619188,885.0933100358836
3319,42.4,2.4447845751244017,1.4966911596769137,4,1054.3905371943124,886.5900011955605
3320,42.416666666666664,4.626615627664478,1.1802315607793616,4,1059.0171528219769,887.7702327563399
3321,42.43333333333333,3.076789678967998,0.1840892765747526,4,1062.0939425009449,887.9543220329147
3322,42.45,2.5389330866481146,0.3783146636289416,4,1064.632875587593,888.3326366965437
3323,42.46666666666667,2.7909955811753093,0.5868567539784522,4,1067.4238711687683,888.9194934505222
3324,42.483333333333334,1.5300014285352859,0.4189784289784484,4,1068.9538725973036,889.3384718795006
3325,42.5,0.9262729567351471,0.5078304048892051,4,1069.8801455540388,889.8463022843898
3326,42.516666666666666,0.7938305868834732,0.6855586499567039,4,1070.6739761409222,890.5318609343465
3327,42.53333333333333,0.1401685011550171,0.2353712000769974,3,1070.8141446420773,890.7672321344235
3328,42.55,0.12331649831651248,0.19382601423649248,3,1070.9374611403937,890.96105814866
3329,42.56666666666667,0.36886292536564724,0.2963800038306772,3,1071.3063240657593,891.2574381524906
3330,42.583333333333336,0.5186810264591486,0.12009359903379391,3,1071.8250050922184,891.3775317515244
3331,42.6,0.18689776733253893,0.05198785742254586,3,1072.011902859551,891.429519608947
3332,42.61666666666667,0.10831426392053345,0.12390572390563648,3,1072.1202171234713,891.5534253328526
3333,42.63333333333333,-0.2947706228956122,0.3761220711230635,3,1071.8254465005757,891.9295474039757
3334,42.65,-0.9900056306307761,0.39820878146861105,3,1070.835440869945,892.3277561854443
3335,42.666666666666664,-4.543053579895513,0.17124917124920103,3,1066.2923872900494,892.4990053566935
3336,42.68333333333333,-7.459853638424875,-1.8111347464795244,3,1058.8325336516245,890.687870610214
3337,42.7,-14.636337193928966,-3.8647469458989008,3,1044.1961964576956,886.8231236643151
3338,42.71666666666667,-30.019660477327307,-8.228469280278148,4,1014.1765359803683,878.5946543840369
3339,42.733333333333334,-22.826060643386313,-6.104231558067795,4,991.350475336982,872.4904228259691
3340,42.75,-21.80429689404116,-5.876446667947391,4,969.5461784429408,866.6139761580216
3341,42.766666666666666,-21.379277181233363,-5.854766287555037,4,948.1669012617074,860.7592098704665
3342,42.78333333333333,-19.481436343305234,-5.785459096370431,4,928.6854649184022,854.9737507740961
3343,42.8,-12.967825886062087,-4.748841498290005,3,915.7176390323401,850.2249092758061
3344,42.81666666666667,-10.507440476190482,-4.9919564348521135,3,905.2101985561496,845.232952840954
3345,42.833333333333336,-3.9476401179940694,-1.9365371593025884,3,901.2625584381556,843.2964156816514
3346,42.85,-0.7414649286156418,-1.149057329742277,3,900.5210935095399,842.1473583519091
3347,42.86666666666667,-0.854838271216579,-0.6114276171946358,3,899.6662552383234,841.5359307347145
3348,42.88333333333333,-0.4347776452480048,-0.36929351142191535,3,899.2314775930754,841.1666372232926
3349,42.9,0.022267759562851097,-0.04190817762855659,3,899.2537453526382,841.124729045664
3350,42.916666666666664,0.056179775280952526,-0.06440677966111252,3,899.3099251279192,841.0603222660029
3351,42.93333333333333,-0.4775280898876417,-0.6242097004937932,3,898.8323970380316,840.4361125655091
3352,42.95,-0.9914163090129477,-0.8125894134477676,3,897.8409807290186,839.6235231520614
3353,42.96666666666667,-1.9839330912291189,-1.55175892300349,3,895.8570476377895,838.0717642290579
3354,42.983333333333334,-1.6663393344244923,-0.6094744498999489,3,894.190708303365,837.4622897791579
3355,43.0,-0.815036628433063,-0.4743600968976125,3,893.3756716749319,836.9879296822603
3356,43.016666666666666,-1.1013941261887794,-1.6349354972950891,3,892.2742775487432,835.3529941849652
3357,43.03333333333333,-1.8710650600678491,-1.3283195507651726,3,890.4032124886753,834.0246746342
3358,43.05,-2.261084249349551,-1.5501010576958834,3,888.1421282393258,832.4745735765041
3359,43.06666666666667,-3.4911507218921543,-1.1100049776007381,3,884.6509775174336,831.3645685989034
3360,43.083333333333336,-2.4069930852999732,-0.5178746395678218,3,882.2439844321336,830.8466939593355
3361,43.1,-0.28302316411475203,-0.002383612662924861,3,881.9609612680189,830.8443103466726
3362,43.11666666666667,-0.09512190694044875,-0.033588342440793895,3,881.8658393610784,830.8107220042318
3363,43.13333333333333,0.5756442742647323,0.6201663006550007,3,882.4414836353432,831.4308883048868
3364,43.15,1.867842073538327,1.4202822969219824,3,884.3093257088815,832.8511706018088
3365,43.166666666666664,7.209410430838943,4.443575207860931,3,891.5187361397204,837.2947458096697
3366,43.18333333333333,10.017053718039051,4.70631528112051,3,901.5357898577595,842.0010610907902
3367,43.2,9.419943537003292,3.366527217490898,3,910.9557333947628,845.3675883082811
3368,43.21666666666667,8.56281508368636,2.1515426497277303,3,919.5185484784491,847.5191309580089
3369,43.233333333333334,3.3802136644572727,0.5930757541253229,4,922.8987621429064,848.1122067121341
3370,43.25,0.5171932918064215,0.1876452320559281,4,923.4159554347128,848.2998519441901
3371,43.266666666666666,-0.4069462517760769,-0.06863071611678606,4,923.0090091829368,848.2312212280733
3372,43.28333333333333,-0.9970752202497124,-0.11350612151682071,4,922.0119339626871,848.1177151065565
3373,43.3,0.019793308810619692,0.051032723653179346,4,922.0317272714976,848.1687478302097
3374,43.31666666666667,5.591882966297987,3.3257804544662974,4,927.6236102377957,851.494528284676
3375,43.333333333333336,10.98653017241378,6.1088664822961505,4,938.6101404102094,857.6033947669721
3376,43.35,16.249256514684134,6.6665687900356545,4,954.8593969248935,864.2699635570077
3377,43.36666666666667,24.222798325895724,6.872919080584296,4,979.0821952507893,871.142882637592
3378,43.38333333333333,18.564746002592074,4.007731214756575,4,997.6469412533813,875.1506138523487
3379,43.4,16.612938942198582,3.49886756731388,4,1014.2598801955799,878.6494814196626
3380,43.416666666666664,17.127131339961124,4.724803441437075,4,1031.387011535541,883.3742848610997
3381,43.43333333333333,10.85033003300316,4.150253083689563,3,1042.2373415685443,887.5245379447892
3382,43.45,7.0922249585364625,3.716485681030349,3,1049.3295665270807,891.2410236258196
3383,43.46666666666667,6.14279854381391,3.8182672751202062,3,1055.4723650708947,895.0592909009398
3384,43.483333333333334,2.9046464646464756,1.5669865319864584,3,1058.3770115355412,896.6262774329263
3385,43.5,1.4681973900474077,1.1871345029238682,3,1059.8452089255886,897.8134119358501
3386,43.516666666666666,1.2700302703158286,1.1525413274116545,3,1061.1152391959045,898.9659532632618
3387,43.53333333333333,0.5972373462393534,0.15353795709393125,3,1061.7124765421438,899.1194912203557
3388,43.55,1.127479380941054,-0.004969835490555852,3,1062.8399559230847,899.1145213848652
3389,43.56666666666667,1.7000000000000455,0.08585667764180016,3,1064.5399559230848,899.200378062507
3390,43.583333333333336,0.3700221961092893,-0.0609087348217372,3,1064.909978119194,899.1394693276852
3391,43.6,0.021471088435191632,-0.017452006980875012,3,1064.9314492076292,899.1220173207043
3392,43.61666666666667,0.0,0.0,3,1064.9314492076292,899.1220173207043
3393,43.63333333333333,-0.06839765609197457,-0.2851250466592319,3,1064.8630515515372,898.8368922740451
3394,43.65,0.09900990099004048,-0.5,3,1064.9620614525272,898.3368922740451
3395,43.666666666666664,0.0,-0.9141630901286817,3,1064.9620614525272,897.4227291839164
3396,43.68333333333333,-0.06835016835009355,-1.0155447794933252,3,1064.8937112841772,896.4071844044231
3397,43.7,-0.0380031845548956,-0.15024008558486912,3,1064.8557080996225,896.2569443188382
3398,43.71666666666667,0.00011565038880689826,-0.16077891905115393,3,1064.8558237500113,896.0961653997871
3399,43.733333333333334,0.0,-0.048257388975116555,4,1064.8558237500113,896.047908010812
3400,43.75,0.015930430871321732,-0.08239776182506375,4,1064.8717541808826,895.9655102489869
3401,43.766666666666666,0.05353568833663758,-0.0014073290737997013,4,1064.9252898692193,895.9641029199131
3402,43.78333333333333,-0.45001920594950207,0.033515302813952985,4,1064.4752706632698,895.997618222727
3403,43.8,-3.439367799476372,-1.8189341707316657,4,1061.0359028637936,894.1786840519953
3404,43.81666666666667,-8.737747536474103,-3.9529559837777697,4,1052.2981553273194,890.2257280682176
3405,43.833333333333336,-14.479130675076192,-5.652161220975017,4,1037.8190246522431,884.5735668472425
3406,43.85,-31.71102521142211,-9.821157572793197,4,1006.107999440821,874.7524092744493
3407,43.86666666666667,-29.603187668100418,-7.45703978031429,4,976.5048117727206,867.295369494135
3408,43.88333333333333,-26.693098534973558,-6.485521759103506,4,949.811713237747,860.8098477350316
3409,43.9,-29.679834054834032,-7.090159509339003,4,920.1318791829129,853.7196882256926
3410,43.916666666666664,-16.235474006116306,-4.461536677243885,3,903.8964051767966,849.2581515484487
3411,43.93333333333333,-18.08833551769328,-6.420836987738539,3,885.8080696591034,842.8373145607102
3412,43.95,-8.02619752898886,-3.3258465536044923,3,877.7818721301145,839.5114680071057
3413,43.96666666666667,-3.97771023302937,-2.5406396172294308,3,873.8041618970851,836.9708283898763
3414,43.983333333333334,-0.8136211614472018,-1.3603425559946345,3,872.990540735638,835.6104858338816
3415,44.0,-0.14147093216860185,-0.6617762082879608,3,872.8490698034693,834.9487096255937
3416,44.016666666666666,0.008421873146630787,-0.8067497636463941,3,872.857491676616,834.1419598619473
3417,44.03333333333333,-0.04162800333813266,-0.027187881265149372,3,872.8158636732778,834.1147719806821
3418,44.05,0.0,-0.0480017045626937,3,872.8158636732778,834.0667702761194
3419,44.06666666666667,0.05247004157513402,-0.05340547811204033,3,872.868333714853,834.0133647980074
3420,44.083333333333336,0.09175627240142603,-0.047488755622225653,3,872.9600899872544,833.9658760423852
3421,44.1,0.32559671538433577,0.007144243241327786,3,873.2856867026387,833.9730202856265
3422,44.11666666666667,0.5470694083448961,-0.33420252064320266,3,873.8327561109836,833.6388177649833
3423,44.13333333333333,0.9330728624576068,-0.6738449874044363,3,874.7658289734412,832.9649727775789
3424,44.15,0.4001172438672711,-0.17040945165933863,3,875.1659462173085,832.7945633259195
3425,44.166666666666664,0.1963577235773073,-0.22694461951937228,3,875.3623039408858,832.5676187064001
3426,44.18333333333333,-0.004065040650516494,-0.10259906230203342,3,875.3582389002353,832.4650196440981
3427,44.2,0.0,-0.054575651884988474,3,875.3582389002353,832.4104439922131
3428,44.21666666666667,0.0,0.0,3,875.3582389002353,832.4104439922131
3429,44.233333333333334,0.04558677455423776,-0.023256836366840616,4,875.4038256747895,832.3871871558463
3430,44.25,-1.3290263222173735,-1.2319277085452427,4,874.0747993525721,831.155259447301
3431,44.266666666666666,-6.295691521240542,-5.433127225653152,4,867.7791078313315,825.7221322216478
3432,44.28333333333333,-9.435793617069578,-8.071977864963344,4,858.3433142142619,817.6501543566844
3433,44.3,-14.45100167576021,-13.17949996754902,5,843.8923125385018,804.4706543891355
3434,44.31666666666667,-29.845560598821464,-24.957578616352293,5,814.0467519396802,779.5130757727832
3435,44.333333333333336,-29.247468618765197,-23.515865561694227,5,784.799283320915,755.9972102110889
3436,44.35,-30.07112422156672,-24.845802982492387,5,754.7281590993483,731.1514072285966
3437,44.36666666666667,-35.36960147291302,-33.11446614135201,6,719.3585576264353,698.0369410872445
3438,44.38333333333333,-25.398620454072812,-25.752184110528788,6,693.9599371723625,672.2847569767157
3439,44.4,-27.314128028065994,-28.957723136252014,6,666.6458091442965,643.3270338404636
3440,44.416666666666664,-17.229451756865785,-18.147357791176603,6,649.4163573874307,625.1796760492871
3441,44.43333333333333,-17.113641296277194,-14.125368635614564,5,632.3027160911536,611.0543074136725
3442,44.45,-12.120735163670247,-10.682449611924369,5,620.1819809274833,600.3718578017481
3443,44.46666666666667,-8.568875280501175,-8.437546933667022,5,611.6131056469821,591.9343108680811
3444,44.483333333333334,-2.631618195376575,-3.426571294559153,5,608.9814874516055,588.5077395735219
3445,44.5,-0.18491809791217406,-1.6444303729956005,5,608.7965693536934,586.8633092005264
3446,44.516666666666666,1.038327513653826,-0.2654740800430204,5,609.8348968673472,586.5978351204833
3447,44.53333333333333,0.9219202163624232,-0.022559241706289868,5,610.7568170837096,586.575275878777
3448,44.55,0.9901602642859189,-0.17910742496053444,5,611.7469773479955,586.3961684538165
3449,44.56666666666667,2.0570071258907205,-0.2022651354448044,5,613.8039844738862,586.1939033183717
3450,44.583333333333336,2.922799062004003,-0.5873283742533317,5,616.7267835358903,585.6065749441184
3451,44.6,6.651000172940542,-0.821032037172813,5,623.3777837088307,584.7855429069456
3452,44.61666666666667,3.4218735854689726,-0.7551745837373574,5,626.7996572942998,584.0303683232082
3453,44.63333333333333,2.348407539028983,-0.8047927854898944,5,629.1480648333288,583.2255755377183
3454,44.65,2.0040869359792737,-0.043076786151345914,5,631.1521517693081,583.182498751567
3455,44.666666666666664,2.713182140325955,0.21836579638073772,5,633.865333909634,583.4008645479478
3456,44.68333333333333,4.3385242695073885,0.9828134874063608,5,638.2038581791414,584.3836780353541
3457,44.7,3.8298510953457594,0.33783372863820205,5,642.0337092744871,584.7215117639923
3458,44.71666666666667,3.455703613971309,-0.19104841518617377,5,645.4894128884584,584.5304633488062
3459,44.733333333333334,2.2474063873040677,-0.33589665499221155,5,647.7368192757625,584.194566693814
3460,44.75,1.2692405088333771,-0.10974039840141359,5,649.0060597845959,584.0848262954125
3461,44.766666666666666,0.7118119975262971,0.012969646718374861,5,649.7178717821222,584.0977959421309
3462,44.78333333333333,0.4945198991000552,0.00871599670267642,5,650.2123916812222,584.1065119388336
3463,44.8,0.6354199568714876,0.15871168251806012,5,650.8478116380937,584.2652236213517
3464,44.81666666666667,0.6723088113723747,0.07756274777955241,5,651.520120449466,584.3427863691312
3465,44.833333333333336,0.05715248894101421,0.03476203983868231,6,651.5772729384071,584.3775484089699
3466,44.85,-0.032014260417184914,-0.020268127001202174,6,651.5452586779899,584.3572802819688
3467,44.86666666666667,0.5242468566809748,-0.7662159275811291,6,652.0695055346708,583.5910643543876
3468,44.88333333333333,1.2306706585426923,-3.451014566085661,6,653.3001761932135,580.140049788302
3469,44.9,2.157974704005966,-6.876721248087449,6,655.4581508972194,573.2633285402146
3470,44.916666666666664,4.769265791823443,-12.79888262064776,6,660.2274166890429,560.4644459195669
3471,44.93333333333333,9.122275770668097,-21.98643007553045,6,669.349692459711,538.4780158440365
3472,44.95,11.362896031453374,-22.98521991119904,6,680.7125884911644,515.4927959328375
3473,44.96666666666667,16.345635691993692,-34.17317525485271,6,697.0582241831581,481.31962067798474
3474,44.983333333333334,9.188793236123729,-26.07127486222967,6,706.2470174192819,455.2483458157551
3475,45.0,10.919584608445064,-34.47559028213374,6,717.1666020277269,420.77275553362136
3476,45.016666666666666,5.908306310515712,-23.482136317375364,6,723.0749083382426,397.290619216246
3477,45.03333333333333,4.91483831217073,-20.20517844337749,6,727.9897466504133,377.08544077286854
3478,45.05,5.3716977197217375,-20.877887371547757,7,733.361444370135,356.20755340132075
3479,45.06666666666667,2.085136894489267,-11.787357282094035,7,735.4465812646242,344.4201961192267
3480,45.083333333333336,0.6710237123822367,-7.71886625978911,6,736.1176049770065,336.7013298594376
3481,45.1,-0.04810996563560366,-7.537488284910921,5,736.0694950113709,329.16384157452666
3482,45.11666666666667,-1.0095986038394358,-3.393225448199246,5,735.0598964075315,325.7706161263274
3483,45.13333333333333,-2.8062428456155146,-2.6491302144908104,4,732.2536535619159,323.1214859118366
3484,45.15,-3.9415357766142733,-2.0,4,728.3121177853017,321.1214859118366
3485,45.166666666666664,-3.520395678999364,-1.1329189325380469,4,724.7917221063024,319.9885669792985
3486,45.18333333333333,-0.9915696129089611,-0.4072697002869745,4,723.8001524933934,319.58129727901155
3487,45.2,-1.355774846396372,-1.8267742949658725,4,722.444377646997,317.7545229840457
3488,45.21666666666667,-1.1013557499862827,-2.1276698844010866,4,721.3430218970108,315.6268530996446
3489,45.233333333333334,-1.9066086788224936,-1.9330033343636046,4,719.4364132181882,313.693849765281
3490,45.25,-3.2336039961122367,-1.6947795495381115,4,716.202809222076,311.9990702157429
3491,45.266666666666666,-3.6876961204520455,-2.0283435944392636,4,712.5151131016239,309.97072662130364
3492,45.28333333333333,-2.3730023868509704,-1.032102280038913,4,710.1421107147729,308.9386243412647
3493,45.3,-1.7631119977517358,-1.2448170118531152,4,708.3789987170212,307.6938073294116
3494,45.31666666666667,-0.33450619148294436,-0.39989431979284973,4,708.0444925255383,307.29391300961873
3495,45.333333333333336,-0.3458065598744611,-0.21697137145741863,4,707.6986859656638,307.0769416381613
3496,45.35,-0.98178162426791,-1.3912842031646164,5,706.7169043413959,305.6856574349967
3497,45.36666666666667,-1.0452508960572686,-0.316887655463006,5,705.6716534453386,305.3687697795337
3498,45.38333333333333,-0.6712519936205581,-0.10309477756288743,5,705.0004014517181,305.2656750019708
3499,45.4,-0.9003499481269728,0.0,5,704.1000515035911,305.2656750019708
3500,45.416666666666664,0.0,0.12714956532772703,5,704.1000515035911,305.39282456729853
3501,45.43333333333333,-0.04061964591664946,0.07775085806588322,5,704.0594318576744,305.4705754253644
3502,45.45,-0.037871970952664924,0.06496316828867066,5,704.0215598867218,305.5355385936531
3503,45.46666666666667,-0.09284332688588393,0.08089848003794486,5,703.928716559836,305.61643707369103
3504,45.483333333333334,0.32385466034759247,0.13759368547687245,6,704.2525712201835,305.7540307591679
3505,45.5,0.8937173701583561,0.28230010449109955,6,705.1462885903419,306.03633086365903
3506,45.516666666666666,1.9186923133408413,0.8778923424590204,6,707.0649809036827,306.91422320611804
3507,45.53333333333333,2.657996557561205,0.29357021996611365,5,709.7229774612439,307.20779342608415
3508,45.55,4.268693281805355,-0.0346376361524392,4,713.9916707430492,307.1731557899317
3509,45.56666666666667,5.869061212134312,-0.04276845668186979,4,719.8607319551835,307.1303873332498
3510,45.583333333333336,5.295292459976139,-0.18237392044056833,4,725.1560244151597,306.94801341280925
3511,45.6,4.109036644240007,-0.12388229271593332,4,729.2650610593996,306.8241311200933
3512,45.61666666666667,1.5878907992239988,-0.2986117658488183,4,730.8529518586236,306.52551935424447
3513,45.63333333333333,0.058171779997394424,-0.19112365950849153,4,730.9111236386209,306.334395694736
3514,45.65,0.08357692104240755,-0.046243001234756775,4,730.9947005596633,306.2881526935012
3515,45.666666666666664,1.3893965279715985,-0.010547422079568491,4,732.3840970876349,306.27760527142163
3516,45.68333333333333,1.9616932794884008,-0.5505529989645197,4,734.3457903671233,305.7270522724571
3517,45.7,2.363103416465549,-0.9510988326999552,4,736.7088937835888,304.77595343975713
3518,45.71666666666667,2.195332645868433,-0.8515854953806468,4,738.9042264294573,303.9243679443765
3519,45.733333333333334,1.0530610715533442,-0.28235003433862005,4,739.9572875010106,303.6420179100379
3520,45.75,1.0334783181070009,-0.480197484965899,4,740.9907658191175,303.161820425072
3521,45.766666666666666,1.0972766699592,-0.5146911833936088,4,742.0880424890768,302.6471292416784
3522,45.78333333333333,0.8912899188196377,-0.4787834796105699,4,742.9793324078964,302.1683457620678
3523,45.8,0.5852677153931438,-0.5557388657755382,4,743.5646001232896,301.6126068962923
3524,45.81666666666667,0.8919880906839808,-0.2736536806373948,4,744.4565882139735,301.3389532156549
3525,45.833333333333336,0.19707350981730087,-0.03711177485688211,4,744.6536617237908,301.301841440798
3526,45.85,0.6171164283710198,0.37087674702601703,4,745.2707781521618,301.672718187824
3527,45.86666666666667,2.1598006343917007,1.425081194211458,4,747.4305787865535,303.0977993820354
3528,45.88333333333333,2.626632417541515,1.361544242159198,4,750.057211204095,304.4593436241946
3529,45.9,4.645104184757798,1.9785451944154033,4,754.7023153888528,306.43788881861
3530,45.916666666666664,3.716716198786429,2.116166379472503,4,758.4190315876392,308.55405519808255
3531,45.93333333333333,5.004469791301574,2.750372154008545,4,763.4235013789407,311.3044273520911
3532,45.95,8.942919075144516,4.832455959262319,4,772.3664204540853,316.1368833113535
3533,45.96666666666667,12.17592184497596,6.569838633213664,4,784.5423422990613,322.7067219445671
3534,45.983333333333334,15.67315999643742,8.328580476747987,4,800.2155022954987,331.0353024213151
3535,46.0,20.60019593047116,8.735520341024937,5,820.8156982259699,339.77082276234006
3536,46.016666666666666,21.76627705627709,11.950222339242885,5,842.581975282247,351.72104510158294
3537,46.03333333333333,14.837453703703659,9.118827160493879,5,857.4194289859506,360.8398722620768
3538,46.05,12.79682853473912,9.290633074935329,6,870.2162575206897,370.13050533701215
3539,46.06666666666667,13.147294096725545,11.310197018319599,6,883.3635516174153,381.4407023553317
3540,46.083333333333336,11.21123090745732,7.936959370904333,5,894.5747825248726,389.37766172623606
3541,46.1,8.248578616352233,5.857116193593754,5,902.8233611412248,395.2347779198298
3542,46.11666666666667,7.7280624999999645,5.55524416339307,5,910.5514236412248,400.7900220832229
3543,46.13333333333333,3.395461309523853,3.6452215032354616,5,913.9468849507487,404.43524358645834
3544,46.15,1.473129251700584,2.244508473129315,5,915.4200142024492,406.67975205958766
3545,46.166666666666664,0.6904652183453663,2.5427913100724027,5,916.1104794207946,409.22254336966006
3546,46.18333333333333,0.5128699210200693,0.929436521633761,5,916.6233493418147,410.1519798912938
3547,46.2,0.7584905660377785,0.9711750991613144,5,917.3818399078525,411.12315499045513
3548,46.21666666666667,0.6076097005902739,0.2631849245117337,5,917.9894496084428,411.38633991496687
3549,46.233333333333334,0.3782945736434158,0.10829144903254928,5,918.3677441820862,411.4946313639994
3550,46.25,0.20167780366443822,-0.4361313567025604,5,918.5694219857506,411.05850000729686
3551,46.266666666666666,1.006875857338855,-1.540971828322938,5,919.5762978430895,409.5175281789739
3552,46.28333333333333,0.9761911222053641,-1.551027422038942,5,920.5524889652949,407.966500756935
3553,46.3,1.0376579258750098,-1.417191495858674,5,921.5901468911699,406.5493092610763
3554,46.31666666666667,0.6404719564174002,-0.9903385693256723,5,922.2306188475873,405.55897069175063
3555,46.333333333333336,0.49031700349081575,-0.9542531646075361,6,922.7209358510781,404.60471752714307
3556,46.35,0.0,0.0,6,922.7209358510781,404.60471752714307
3557,46.36666666666667,-0.4356244362047619,1.0039552498652853,6,922.2853114148734,405.60867277700834
3558,46.38333333333333,-3.6238753096868663,4.412918059478741,6,918.6614361051866,410.02159083648706
3559,46.4,-8.54220586446803,8.955985654130842,6,910.1192302407185,418.97757649061793
3560,46.416666666666664,-8.516062153834696,7.9594941644092785,6,901.6031680868838,426.93707065502724
3561,46.43333333333333,-29.324683498880177,25.364049713342524,6,872.2784845880036,452.30112036836977
3562,46.45,-17.074012973385493,14.3802300597998,6,855.2044716146181,466.6813504281696
3563,46.46666666666667,-35.721219359107664,31.945790333912214,6,819.4832522555105,498.6271407620818
3564,46.483333333333334,-21.047991807898626,17.860765057741276,6,798.4352604476119,516.487905819823
3565,46.5,-11.050589976914353,10.934227190556442,6,787.3846704706975,527.4221330103794
3566,46.516666666666666,-15.617636300662639,14.336615454476657,7,771.7670341700349,541.7587484648561
3567,46.53333333333333,-13.19715412552489,16.22345647486094,7,758.56988004451,557.9822049397171
3568,46.55,-5.126653963683083,6.868052291912846,6,753.4432260808269,564.8502572316299
3569,46.56666666666667,-3.7640701065064945,5.8840196950602035,5,749.6791559743203,570.7342769266902
3570,46.583333333333336,-1.5629639448568469,2.4591623190968335,5,748.1161920294635,573.193439245787
3571,46.6,-0.8324652653227531,0.95220057220115,5,747.2837267641407,574.1456398179881
3572,46.61666666666667,-1.8826476641085605,1.2698824841805276,5,745.4010791000321,575.4155223021687
3573,46.63333333333333,-1.0466184234051639,0.4059614119913135,5,744.354460676627,575.82148371416
3574,46.65,-0.8268733850128456,0.17384005759100774,5,743.5275872916142,575.9953237717509
3575,46.666666666666664,-1.9462549170434613,0.9051950677177842,5,741.5813323745707,576.9005188394688
3576,46.68333333333333,-1.8134682812446385,0.9432112262982741,5,739.7678640933261,577.843730065767
3577,46.7,-1.90508615171575,0.7393772325512771,5,737.8627779416104,578.5831072983183
3578,46.71666666666667,-4.729101982326256,1.355622784169043,5,733.1336759592841,579.9387300824874
3579,46.733333333333334,-7.366764001198021,2.612521150592272,5,725.7669119580861,582.5512512330797
3580,46.75,-2.606755710414234,2.053019079685754,5,723.1601562476719,584.6042703127655
3581,46.766666666666666,-0.685903019744444,1.3528411910670002,5,722.4742532279274,585.9571115038325
3582,46.78333333333333,-0.5081585081584876,0.5715800154877115,5,721.966094719769,586.5286915193202
3583,46.8,-0.6234529278917194,0.8688568774450687,5,721.3426417918772,587.3975483967653
3584,46.81666666666667,-0.31132844335780874,0.1139286400372157,5,721.0313133485195,587.5114770368025
3585,46.833333333333336,-0.12176242590049924,0.16982628141050782,5,720.909550922619,587.6813033182129
3586,46.85,-0.0019409700139476627,0.05861837692827976,6,720.9076099526051,587.7399216951412
3587,46.86666666666667,-0.03963546226296444,0.034422126629891636,6,720.8679744903421,587.7743438217711
3588,46.88333333333333,4.172653698916093,0.9196554489425921,6,725.0406281892582,588.6939992707137
3589,46.9,8.913755505940088,0.8436811587214663,6,733.9543836951983,589.5376804294351
3590,46.916666666666664,18.9818904180388,1.3119108214126243,6,752.9362741132371,590.8495912508478
3591,46.93333333333333,35.6995757606889,1.98172673406674,6,788.635849873926,592.8313179849144
3592,46.95,55.27473586954767,-0.8906357622159362,6,843.9105857434736,591.9406822226986
3593,46.96666666666667,50.71759252833823,-1.0000814135109977,6,894.6281782718117,590.9406008091876
3594,46.983333333333334,47.99003443057046,-0.918342049704421,6,942.6182127023822,590.0222587594832
3595,47.0,50.626831169046966,-2.2596400599110495,6,993.2450438714291,587.7626186995722
3596,47.016666666666666,79.35533733588284,-3.538041548023699,6,1072.6003812073118,584.2245771515485
3597,47.03333333333333,29.169339958144576,-0.8700397924064021,6,1101.7697211654563,583.3545373591421
3598,47.05,51.97285658847119,-1.394713051191431,6,1153.7425777539274,581.9598243079507
3599,47.06666666666667,23.827769007725408,-0.3023556431303689,6,1177.570346761653,581.6574686648204
3600,47.083333333333336,10.362958278229769,-0.08701550387596058,6,1187.9333050398827,581.5704531609445
3601,47.1,13.224294385109488,0.001803260345269564,6,1201.1575994249922,581.5722564212897
3602,47.11666666666667,2.748344976834346,-0.1741420972190042,6,1203.9059444018267,581.3981143240707
3603,47.13333333333333,0.8014555993630665,-0.09688691093376178,6,1204.7074000011899,581.3012274131369
3604,47.15,1.8748374939621044,-0.871935525178742,6,1206.582237495152,580.4292918879581
3605,47.166666666666664,2.0361802207264645,-0.5378896549072181,6,1208.6184177158784,579.8914022330509
3606,47.18333333333333,2.4657119908000027,-0.2011880351850266,6,1211.0841297066784,579.6902141978659
3607,47.2,8.931652542689505,-0.18874091561738737,6,1220.015782249368,579.5014732822485
3608,47.21666666666667,8.028942115768416,0.03792415169658625,6,1228.0447243651363,579.5393974339452
3609,47.233333333333334,6.033700569603866,0.3287988476848227,6,1234.0784249347403,579.8681962816299
3610,47.25,7.860372235916202,0.15499434069039353,5,1241.9387971706565,580.0231906223203
3611,47.266666666666666,8.69776729896762,0.5557746579501952,5,1250.636564469624,580.5789652802705
3612,47.28333333333333,2.0,0.026305637442220586,5,1252.636564469624,580.6052709177127
3613,47.3,1.7574574853638296,0.37423620611031083,5,1254.394021954988,580.9795071238229
3614,47.31666666666667,0.5770180524241368,0.061810305517610686,5,1254.971040007412,581.0413174293406
3615,47.333333333333336,1.006504854369041,0.07584566596193554,5,1255.977544861781,581.1171630953024
3616,47.35,1.444247867900458,-0.12280701754389156,5,1257.4217927296816,580.9943560777585
3617,47.36666666666667,2.1263616557735077,0.0,5,1259.548154385455,580.9943560777585
3618,47.38333333333333,1.143174603174657,0.017015873015907346,5,1260.6913289886297,581.0113719507744
3619,47.4,2.936488398415463,-0.02450980392160318,5,1263.627817387045,580.9868621468529
3620,47.416666666666664,1.1325438596492177,0.0015705311250826526,5,1264.7603612466942,580.9884326779779
3621,47.43333333333333,0.44313235157937925,-0.01215644820297257,5,1265.2034935982736,580.976276229775
3622,47.45,1.1956031778122451,-0.03281143533183695,5,1266.3990967760858,580.9434647944431
3623,47.46666666666667,0.8733333333334485,-0.01599999999996271,5,1267.2724301094192,580.9274647944432
3624,47.483333333333334,0.7365591397848448,0.0,5,1268.0089892492042,580.9274647944432
3625,47.5,0.19576648940505947,0.007179464358557652,5,1268.2047557386093,580.9346442588017
3626,47.516666666666666,0.2317291266281245,0.05499946615421436,5,1268.4364848652374,580.9896437249558
3627,47.53333333333333,0.0,0.0,6,1268.4364848652374,580.9896437249558
3628,47.55,0.0,0.0,6,1268.4364848652374,580.9896437249558
3629,47.56666666666667,0.11151098961931893,0.020878306878330477,6,1268.5479958548567,581.0105220318342
3630,47.583333333333336,1.305884862071025,1.183812683925055,6,1269.8538807169277,582.1943347157592
3631,47.6,3.252856022444348,2.0934083582471885,6,1273.106736739372,584.2877430740064
3632,47.61666666666667,6.664560286610708,3.616828063749068,6,1279.7712970259827,587.9045711377554
3633,47.63333333333333,6.455921574260174,3.689197322081796,6,1286.2272186002428,591.5937684598372
3634,47.65,6.2008492507208075,4.179311857189731,6,1292.4280678509635,595.7730803170269
3635,47.666666666666664,3.879055254199102,2.826091807034885,6,1296.3071231051626,598.5991721240619
3636,47.68333333333333,8.739324955452048,6.994925537525276,6,1305.0464480606147,605.5940976615872
3637,47.7,5.203038373202787,3.6019828652884485,6,1310.2494864338175,609.1960805268757
3638,47.71666666666667,2.989846743295061,2.2642557651991524,5,1313.2393331771127,611.4603362920748
3639,47.733333333333334,5.779979518689288,4.468151561699926,5,1319.019312695802,615.9284878537746
3640,47.75,2.787948291704197,1.7612243895937922,5,1321.8072609875062,617.6897122433684
3641,47.766666666666666,0.9507229832572648,0.9662058371735611,5,1322.7579839707635,618.6559180805419
3642,47.78333333333333,1.5819774171709469,1.5123456790122987,5,1324.3399613879344,620.1682637595543
3643,47.8,0.5588235294117112,0.5135074696848392,5,1324.8987849173461,620.6817712292391
3644,47.81666666666667,1.6888318112632987,0.8180959130639849,5,1326.5876167286094,621.4998671423031
3645,47.833333333333336,2.5698763955342656,0.6288042342781068,5,1329.1574931241437,622.1286713765812
3646,47.85,2.072682816837869,0.7292450570047606,5,1331.2301759409816,622.857916433586
3647,47.86666666666667,1.9583870145941091,0.2557467480209823,5,1333.1885629555757,623.113663181607
3648,47.88333333333333,2.439662275032788,0.35959595959587887,5,1335.6282252306085,623.4732591412028
3649,47.9,0.36502525252535634,0.20756724442099994,5,1335.9932504831338,623.6808263856237
3650,47.916666666666664,0.11927330173784867,0.016587677725112826,5,1336.1125237848717,623.6974140633488
3651,47.93333333333333,-0.05374552634839347,-0.035458175447217855,5,1336.0587782585233,623.6619558879015
3652,47.95,0.0,0.0,6,1336.0587782585233,623.6619558879015
3653,47.96666666666667,-0.5394709669423037,0.020797372518700286,6,1335.5193072915808,623.6827532604202
3654,47.983333333333334,-0.9433745040971075,0.5831899912847831,6,1334.5759327874837,624.265943251705
3655,48.0,-2.721850953635112,1.1935791834360998,6,1331.8540818338486,625.4595224351411
3656,48.016666666666666,-10.285493753014975,6.194751558746333,6,1321.5685880808337,631.6542739938875
3657,48.03333333333333,-4.565990990532214,3.303685897435912,6,1317.0025970903016,634.9579598913234
3658,48.05,-9.595720014707922,6.916912521799873,6,1307.4068770755937,641.8748724131233
3659,48.06666666666667,-17.559068283913007,12.773825452252083,6,1289.8478087916806,654.6486978653754
3660,48.083333333333336,-8.993586625490082,7.319417055939937,6,1280.8542221661905,661.9681149213154
3661,48.1,-11.714766142183635,8.724176130911928,6,1269.139456024007,670.6922910522273
3662,48.11666666666667,-8.326300307527617,5.711877702010042,5,1260.8131557164793,676.4041687542374
3663,48.13333333333333,-7.507231295466681,5.0377923976607235,5,1253.3059244210126,681.4419611518981
3664,48.15,-8.314236111111313,4.809027777777828,5,1244.9916883099013,686.2509889296759
3665,48.166666666666664,-5.160903426791265,2.3541497702079823,5,1239.83078488311,688.6051386998839
3666,48.18333333333333,-2.8364087301586096,0.8992779982363004,5,1236.9943761529514,689.5044166981202
3667,48.2,-2.723509605862546,0.9976044289769561,5,1234.2708665470889,690.5020211270971
3668,48.21666666666667,-0.08286252354059798,0.23258003766477486,5,1234.1880040235483,690.7346011647619
3669,48.233333333333334,0.16808979626785003,0.8574007682458387,5,1234.3560938198161,691.5920019330077
3670,48.25,0.16294667149156794,1.3198984091244483,4,1234.5190404913078,692.9119003421322
3671,48.266666666666666,0.3323276466671814,1.6293028378855752,4,1234.851368137975,694.5412031800178
3672,48.28333333333333,0.5554070355760814,1.167325226423344,4,1235.406775173551,695.7085284064411
3673,48.3,2.2314439704367715,4.251499057388571,4,1237.638219143988,699.9600274638296
3674,48.31666666666667,2.641041593377736,2.661332382252283,4,1240.2792607373658,702.621359846082
3675,48.333333333333336,0.9490934148448105,0.9259264020273292,4,1241.2283541522106,703.5472862481093
3676,48.35,4.477115216551965,3.5965503878389598,4,1245.7054693687626,707.1438366359483
3677,48.36666666666667,0.2277176125984397,0.6192081540123411,4,1245.933186981361,707.7630447899606
3678,48.38333333333333,-0.05258549927043532,0.6013827886101524,4,1245.8806014820905,708.3644275785708
3679,48.4,-0.011392698297413517,1.7847776969357199,4,1245.869208783793,710.1492052755066
3680,48.416666666666664,-0.0303946882766013,1.5563738317526088,4,1245.8388140955165,711.7055791072592
3681,48.43333333333333,0.01880250347846868,0.9373987726464463,4,1245.8576165989948,712.6429778799056
3682,48.45,0.049654955375331156,1.4608315472734716,4,1245.9072715543703,714.1038094271792
3683,48.46666666666667,-0.07082743649311851,0.41251940699640954,4,1245.8364441178771,714.5163288341755
3684,48.483333333333334,-0.0015323979489494377,0.16863344988348672,4,1245.8349117199282,714.684962284059
3685,48.5,0.06701030927843021,0.2803811308965578,3,1245.9019220292066,714.9653434149556
3686,48.516666666666666,-0.06701030927843021,0.371223752081562,3,1245.8349117199282,715.3365671670372
3687,48.53333333333333,0.0580504321483204,0.3089941972921224,3,1245.8929621520765,715.6455613643293
3688,48.55,-0.5865102639295401,1.6331052460084265,3,1245.306451888147,717.2786666103377
3689,48.56666666666667,-0.11089341692786547,0.9138128003208976,3,1245.195558471219,718.1924794106586
3690,48.583333333333336,-0.006128584643647628,0.1962688868331952,3,1245.1894298865755,718.3887482974918
3691,48.6,0.0650201739217664,0.35428849902530146,3,1245.2544500604972,718.7430367965171
3692,48.61666666666667,0.0,0.0,3,1245.2544500604972,718.7430367965171
3693,48.63333333333333,0.0,0.0,3,1245.2544500604972,718.7430367965171
3694,48.65,0.0,0.0,3,1245.2544500604972,718.7430367965171
3695,48.666666666666664,0.0,0.0,3,1245.2544500604972,718.7430367965171
3696,48.68333333333333,-0.2592592592591245,-0.041070108220708335,3,1244.995190801238,718.7019666882964
3697,48.7,-6.395723684210452,1.092598684210543,3,1238.5994671170276,719.7945653725069
3698,48.71666666666667,-2.927083333333485,0.5089962121212466,3,1235.6723837836942,720.3035615846281
3699,48.733333333333334,-15.350624892997757,2.490391200136969,3,1220.3217588906964,722.7939527847651
3700,48.75,-30.06088183421525,4.193650793650818,3,1190.2608770564811,726.9876035784159
3701,48.766666666666666,-18.072689594356234,3.2555495657382494,3,1172.188187462125,730.2431531441541
3702,48.78333333333333,-22.14148648648643,3.975006946023143,3,1150.0467009756385,734.2181600901772
3703,48.8,-15.567754717864318,3.884164750456648,2,1134.4789462577742,738.1023248406339
3704,48.81666666666667,-13.230311425382183,3.2677044345972206,2,1121.2486348323919,741.3700292752311
3705,48.833333333333336,-7.26177333478563,1.573570109662512,2,1113.9868614976062,742.9435993848936
3706,48.85,-12.741875558616243,3.3645848102094362,2,1101.2449859389899,746.308184195103
3707,48.86666666666667,-2.2806993216393607,1.2264645297103698,2,1098.9642866173506,747.5346487248133
3708,48.88333333333333,-1.1882404239541415,0.9902576271401529,2,1097.7760461933965,748.5249063519535
3709,48.9,0.010823383667798225,-0.0568210293377831,2,1097.7868695770644,748.4680853226157
3710,48.916666666666664,0.19640124995100905,0.029876021520863105,2,1097.9832708270155,748.4979613441366
3711,48.93333333333333,0.10463287275894118,0.0032922976361078327,2,1098.0879036997744,748.5012536417727
3712,48.95,0.3234368402980863,0.05894200081976919,2,1098.4113405400726,748.5601956425925
3713,48.96666666666667,0.4366541327886466,-0.006734706088991516,2,1098.8479946728612,748.5534609365035
3714,48.983333333333334,2.6288835195812226,-0.7793759736125594,2,1101.4768781924424,747.7740849628909
3715,49.0,2.4738985929829482,-0.49503955200978567,2,1103.9507767854254,747.2790454108812
3716,49.016666666666666,2.6266305075460537,-0.3407092402607361,2,1106.5774072929714,746.9383361706205
3717,49.03333333333333,1.520474435166534,-0.7220101677138473,2,1108.097881728138,746.2163260029066
3718,49.05,0.23233651731032978,-0.06430601818519222,2,1108.3302182454483,746.1520199847214
3719,49.06666666666667,0.07154323364215998,0.04180008345457509,2,1108.4017614790905,746.1938200681759
3720,49.083333333333336,0.13633428981341922,-0.018507890961274143,2,1108.538095768904,746.1753121772147
3721,49.1,0.9049540976876074,-0.5093476181996834,2,1109.4430498665915,745.665964559015
3722,49.11666666666667,0.7181963366211335,-0.5002649567844344,2,1110.1612462032126,745.1656996022306
3723,49.13333333333333,1.5119465438826865,-1.889944294426698,3,1111.6731927470953,743.2757553078038
3724,49.15,0.22781689306134467,-0.1696260219421788,3,1111.9010096401566,743.1061292858617
3725,49.166666666666664,0.0,0.0,3,1111.9010096401566,743.1061292858617
3726,49.18333333333333,-0.2757876060743456,2.5221603576472944,3,1111.6252220340823,745.628289643509
3727,49.2,-0.1984759879497915,5.296154527733449,3,1111.4267460461324,750.9244441712424
3728,49.21666666666667,0.058841426311460054,10.802713178294539,3,1111.485587472444,761.7271573495369
3729,49.233333333333334,1.0127569099929588,13.783841247342309,3,1112.498344382437,775.5109985968793
3730,49.25,1.1950804273805034,15.393683221791662,3,1113.6934248098173,790.904681818671
3731,49.266666666666666,0.6686626746505908,9.271457085828331,3,1114.3620874844678,800.1761389044993
3732,49.28333333333333,0.08220495356061974,26.685316973869703,2,1114.4442924380285,826.861455878369
3733,49.3,-1.3010889770439462,17.400593969033878,2,1113.1432034609845,844.262049847403
3734,49.31666666666667,-1.2518505720494773,10.323478633070408,2,1111.891352888935,854.5855284804734
3735,49.333333333333336,-2.439801741941949,22.253737457456708,2,1109.451551146993,876.8392659379301
3736,49.35,-1.222277909999093,10.280840923700737,2,1108.229273236994,887.1201068616308
3737,49.36666666666667,-0.20758807588094896,11.013895762146035,1,1108.021685161113,898.1340026237768
3738,49.38333333333333,0.4892782167257792,5.377907553723503,1,1108.5109633778388,903.5119101775003
3739,49.4,1.6887174526782474,2.481200997160954,1,1110.199680830517,905.9931111746613
3740,49.416666666666664,1.2538533646827545,0.6751571312219085,1,1111.4535341951998,906.6682683058832
3741,49.43333333333333,5.00778038546332,0.18643766446200516,1,1116.4613145806632,906.8547059703452
3742,49.45,3.6494401378122348,-0.007062876830332243,1,1120.1107547184754,906.8476430935149
3743,49.46666666666667,2.490890890890796,-0.10680680680673049,1,1122.6016456093662,906.7408362867081
3744,49.483333333333334,3.049344799344908,-0.11322686322694153,1,1125.650990408711,906.6276094234812
3745,49.5,1.3981166808268881,-0.15767487963751137,1,1127.049107089538,906.4699345438437
3746,49.516666666666666,1.4156791724424238,-0.259789235194944,1,1128.4647862619804,906.2101453086487
3747,49.53333333333333,3.9304129009392454,-0.6662059188375906,1,1132.3951991629197,905.5439393898112
3748,49.55,1.35722222222239,-0.7787037037036271,1,1133.752421385142,904.7652356861075
3749,49.56666666666667,1.0570987654321016,-0.5555555555555429,1,1134.8095201505741,904.209680130552
3750,49.583333333333336,0.033979462328261434,-0.18522845275185773,1,1134.8434996129024,904.0244516778001
3751,49.6,0.016946463597605543,-0.049339448482783155,1,1134.8604460765,903.9751122293173
3752,49.61666666666667,0.10418069584738987,-0.03235129068457354,1,1134.9646267723474,903.9427609386328
3753,49.63333333333333,2.3635251598552713,0.5450792326938654,1,1137.3281519322027,904.4878401713266
3754,49.65,0.9718283754980348,-0.026536664151421974,1,1138.2999803077007,904.4613035071752
3755,49.666666666666664,1.1461309126509605,0.09718964344517644,1,1139.4461112203517,904.5584931506204
3756,49.68333333333333,0.24669603524216654,0.008810572687252716,1,1139.6928072555938,904.5673037233076
3757,49.7,0.1666029677012375,-0.004693607976378189,1,1139.859410223295,904.5626101153313
3758,49.71666666666667,-0.05956641573061461,-0.062014068863391,2,1139.7998438075645,904.5005960464679
3759,49.733333333333334,0.0406223625091684,-0.12985786852902947,2,1139.8404661700736,904.3707381779388
3760,49.75,-2.93496237148878,-1.0497634159216318,2,1136.9055037985847,903.3209747620172
3761,49.766666666666666,-9.36384609855287,-2.6646681101655645,2,1127.541657700032,900.6563066518515
3762,49.78333333333333,-11.547124998458912,-2.577752256572751,2,1115.994532701573,898.0785543952788
3763,49.8,-45.0292816746516,-5.202056997729358,2,1070.9652510269214,892.8764973975494
3764,49.81666666666667,-12.541871727681837,-1.3170247737510294,2,1058.4233792992395,891.5594726237985
3765,49.833333333333336,-48.833427720085865,-3.6617221579539887,2,1009.5899515791536,887.8977504658444
3766,49.85,-57.94797705723636,-5.3047347714013995,2,951.6419745219173,882.593015694443
3767,49.86666666666667,-42.04454284617407,-4.837520588158952,2,909.5974316757432,877.7554951062841
3768,49.88333333333333,-29.149814395100293,-4.328727315083199,2,880.4476172806429,873.426767791201
3769,49.9,-16.37486086285935,-3.3285884722904484,2,864.0727564177836,870.0981793189105
3770,49.916666666666664,-22.18251601207072,-8.196308289449348,2,841.8902404057128,861.9018710294612
3771,49.93333333333333,-9.077160493827137,-5.792181069958929,1,832.8130799118857,856.1096899595022
3772,49.95,-4.192992925789156,-3.8314062635981827,1,828.6200869860966,852.2782836959041
3773,49.96666666666667,-4.853883243309269,-6.869678659708825,2,823.7662037427873,845.4086050361952
3774,49.983333333333334,-2.0303002456469983,-2.9623915082224244,2,821.7359034971403,842.4462135279728
3775,50.0,-1.652462339692022,-1.7168310731799465,2,820.0834411574483,840.7293824547928
3776,50.016666666666666,-3.6490001960447103,-3.170627635968799,2,816.4344409614037,837.558754818824
3777,50.03333333333333,-2.9064009661835826,-1.246081900909985,2,813.5280399952201,836.312672917914
3778,50.05,-0.19381402292597727,0.029789380810314015,2,813.3342259722941,836.3424622987243
3779,50.06666666666667,-1.22072408338056,0.3129834812119725,2,812.1135018889136,836.6554457799363
3780,50.083333333333336,-1.1328704574048345,0.1329317382171098,2,810.9806314315088,836.7883775181533
3781,50.1,-1.1377415727748996,0.477661209443454,2,809.8428898587339,837.2660387275968
3782,50.11666666666667,-3.310280472978178,1.0562873531787318,2,806.5326093857557,838.3223260807755
3783,50.13333333333333,-0.9998782909863451,0.7535463129075879,2,805.5327310947694,839.0758723936831
3784,50.15,-0.8309267445787896,0.4290068463443504,2,804.7018043501905,839.5048792400274
3785,50.166666666666664,-1.370103290822101,0.5574492656805319,2,803.3317010593685,840.0623285057079
3786,50.18333333333333,-1.3101534789652476,0.40124917228223467,2,802.0215475804032,840.4635776779901
3787,50.2,-1.1321709598862242,0.383962697753077,2,800.8893766205169,840.8475403757432
3788,50.21666666666667,-1.4278962989376112,0.35846092018709896,2,799.4614803215793,841.2060012959303
3789,50.233333333333334,-0.7358747339193314,0.27423050774575586,2,798.72560558766,841.480231803676
3790,50.25,-0.049836888947737634,0.1238166668310896,2,798.6757686987122,841.6040484705071
3791,50.266666666666666,-0.6012404236245459,-0.6894637762902676,2,798.0745282750877,840.9145846942168
3792,50.28333333333333,-1.525963127555059,-4.946988584495898,2,796.5485651475326,835.967596109721
3793,50.3,-5.269145296169853,-15.851668324838613,2,791.2794198513627,820.1159277848824
3794,50.31666666666667,-6.640301296045095,-21.99908490494363,2,784.6391185553176,798.1168428799388
3795,50.333333333333336,-7.912525967121553,-28.06936909171884,2,776.7265925881961,770.0474737882199
3796,50.35,-11.583020825587823,-39.65969493841709,3,765.1435717626083,730.3877788498028
3797,50.36666666666667,-4.463823682837756,-31.013458110516922,5,760.6797480797705,699.3743207392858
3798,50.38333333333333,-12.766542640533771,-35.05832610521395,5,747.9132054392368,664.3159946340719
3799,50.4,-19.442537072856112,-51.50116290828191,5,728.4706683663807,612.81483172579
3800,50.416666666666664,-7.313215488215519,-17.19760101010104,5,721.1574528781651,595.617230715689
3801,50.43333333333333,-8.781481481481478,-24.23931623931628,6,712.3759713966837,571.3779144763727
3802,50.45,-9.024010001407504,-30.72968132372165,6,703.3519613952761,540.6482331526511
3803,50.46666666666667,-3.1945260335353396,-10.954215005072001,6,700.1574353617408,529.6940181475791
3804,50.483333333333334,-3.466671891899665,-12.182994168416087,6,696.6907634698412,517.5110239791629
3805,50.5,-2.6518247167560958,-10.172137705069588,6,694.0389387530851,507.33888627409334
3806,50.516666666666666,-2.486677931358116,-9.24619360417097,6,691.5522608217269,498.09269266992237
3807,50.53333333333333,-1.737918299917709,-5.570763644134416,6,689.8143425218092,492.5219290257879
3808,50.55,-3.4005767209514772,-6.797637795577856,6,686.4137658008577,485.72429123021004
3809,50.56666666666667,-1.5757855496895843,-1.7490485228927923,6,684.8379802511681,483.97524270731725
3810,50.583333333333336,-3.386982223050069,-3.2904263983980684,6,681.4509980281181,480.68481630891915
3811,50.6,-9.09484814021107,-7.58063400225825,6,672.356149887907,473.1041823066609
3812,50.61666666666667,-4.035639822950998,-3.7405089401206624,6,668.320510064956,469.36367336654024
3813,50.63333333333333,-6.3369825205161305,-5.205693055130325,6,661.9835275444399,464.1579803114099
3814,50.65,-11.394478366556541,-7.685924257053898,5,650.5890491778833,456.472056054356
3815,50.666666666666664,-3.7107232540215023,-2.690552186402897,5,646.8783259238619,453.7815038679531
3816,50.68333333333333,-3.2413215488215315,-3.818691788506385,5,643.6370043750403,449.96281207944673
3817,50.7,-2.966832504145941,-5.924629169490231,5,640.6701718708944,444.0381829099565
3818,50.71666666666667,-0.7545963229417794,-2.022865450700465,5,639.9155755479526,442.01531745925604
3819,50.733333333333334,-0.6351410934744308,-2.6828823953823075,5,639.2804344544782,439.33243506387373
3820,50.75,-1.4776982378855337,-2.226561776565518,5,637.8027362165926,437.1058732873082
3821,50.766666666666666,0.05083489177022216,-0.25638888888886413,5,637.8535711083629,436.84948439841935
3822,50.78333333333333,0.06305555555559295,-0.060916829043208054,5,637.9166266639185,436.78856756937614
3823,50.8,0.02339181286549774,-0.07504873294351455,5,637.940018476784,436.7135188364326
3824,50.81666666666667,0.06752145472682969,-0.04012002335684883,5,638.0075399315108,436.6733988130758
3825,50.833333333333336,0.08738800411606462,-0.026210034699033713,5,638.0949279356269,436.64718877837674
3826,50.85,0.35682434301520516,-1.5167407300792775,5,638.4517522786421,435.13044804829747
3827,50.86666666666667,0.32663409578799474,-0.7673860911271504,5,638.77838637443,434.3630619571703
3828,50.88333333333333,0.5330720418065766,-0.7679259733046138,5,639.3114584162366,433.5951359838657
3829,50.9,-0.3186919493159621,-1.0657596371881937,5,638.9927664669207,432.5293763466775
3830,50.916666666666664,-0.14303757310199217,-0.059503849668999464,5,638.8497288938187,432.4698724970085
3831,50.93333333333333,-0.18715603153344773,-0.05947298459614103,5,638.6625728622853,432.41039951241237
3832,50.95,-0.06545004166611079,0.008453758765540442,6,638.5971228206192,432.4188532711779
3833,50.96666666666667,-0.06680008639693824,0.0017400278404693381,6,638.5303227342223,432.4205932990184
3834,50.983333333333334,-0.7057280381638122,-1.3122572909199448,6,637.8245946960585,431.10833600809843
3835,51.0,-1.7467883251714227,-3.410374031589811,6,636.0778063708871,427.6979619765086
3836,51.016666666666666,-4.1991727261074345,-8.465575796043538,6,631.8786336447796,419.2323861804651
3837,51.03333333333333,-3.8478034105757786,-9.908566991209284,6,628.0308302342038,409.3238191892558
3838,51.05,-3.4025950650249968,-11.818322101731269,6,624.6282351691788,397.50549708752453
3839,51.06666666666667,-2.3466458470304588,-14.1369020715631,6,622.2815893221483,383.36859501596143
3840,51.083333333333336,-1.9307480871514144,-15.566989243332614,6,620.3508412349969,367.8016057726288
3841,51.1,-0.9540408291417464,-10.954802281568448,6,619.3968004058552,356.84680349106037
3842,51.11666666666667,-1.6439571270376518,-8.523154262353955,6,617.7528432788175,348.3236492287064
3843,51.13333333333333,-2.8714113039389417,-9.807853783118276,5,614.8814319748785,338.51579544558814
3844,51.15,-1.7470656620288878,-5.119746346301554,5,613.1343663128496,333.3960490992866
3845,51.166666666666664,-2.4903688829391513,-5.39483985765122,5,610.6439974299104,328.00120924163537
3846,51.18333333333333,0.0,0.0,5,610.6439974299104,328.00120924163537
3847,51.2,-0.7624290957624567,-2.3032754977199374,5,609.8815683341479,325.6979337439154
3848,51.21666666666667,0.0,-1.051051051051104,5,609.8815683341479,324.6468826928643
3849,51.233333333333334,-0.3257139492433794,-1.023712036213965,5,609.5558543849045,323.62317065665036
3850,51.25,-0.06934679197115656,-1.0048462970125343,5,609.4865075929333,322.6183243596378
3851,51.266666666666666,-0.8758473327438878,-0.9797051801100451,5,608.6106602601894,321.6386191795278
3852,51.28333333333333,-0.8414444599562501,-0.8664886854818405,5,607.7692158002332,320.77213049404594
3853,51.3,-0.37905950685541256,-0.45400911772583186,5,607.3901562933777,320.3181213763201
3854,51.31666666666667,-0.4147455513997329,-0.5197891873511935,5,606.975410741978,319.7983321889689
3855,51.333333333333336,-1.0303664322872237,-1.0767535704056286,5,605.9450443096907,318.7215786185633
3856,51.35,-0.5458359704453812,-1.4013601572074776,5,605.3992083392453,317.3202184613558
3857,51.36666666666667,-0.7979437229436144,-1.7612971708849727,5,604.6012646163017,315.55892129047083
3858,51.38333333333333,-1.2115276692990733,-2.1009220941830904,5,603.3897369470026,313.45799919628774
3859,51.4,-0.980731144151747,-1.641149113715528,5,602.4090058028509,311.8168500825722
3860,51.416666666666664,-1.2130252957976495,-1.073913043478342,5,601.1959805070533,310.7429370390939
3861,51.43333333333333,-0.43836632397318454,-0.4833199779493498,5,600.75761418308,310.2596170611445
3862,51.45,-0.09044865347385667,-0.011206273401398903,5,600.6671655296061,310.2484107877431
3863,51.46666666666667,-0.0240685817349231,0.18119977621813632,5,600.6430969478712,310.42961056396126
3864,51.483333333333334,0.05812330121077025,0.34047341355255867,5,600.701220249082,310.7700839775138
3865,51.5,0.08141181865466507,0.8591639155424389,6,600.7826320677367,311.62924789305623
3866,51.516666666666666,1.4304146447766755,2.1382686611065083,6,602.2130467125133,313.76751655416274
3867,51.53333333333333,2.9214262830036546,1.0633349399030294,6,605.134472995517,314.83085149406577
3868,51.55,11.52523969809242,1.5230237264916582,6,616.6597126936093,316.3538752205574
3869,51.56666666666667,33.972335121121574,-0.3569001929955675,6,650.6320478147309,315.99697502756186
3870,51.583333333333336,42.770216031407045,-3.275154622499713,6,693.4022638461379,312.72182040506215
3871,51.6,47.75506507563651,-6.524186549089734,6,741.1573289217744,306.1976338559724
3872,51.61666666666667,81.02298006463982,-17.50182130884292,6,822.1803089864142,288.6958125471295
3873,51.63333333333333,30.402951762985424,-5.2282769496644335,6,852.5832607493996,283.46753559746503
3874,51.65,45.82162750234636,-6.412713008075599,6,898.404888251746,277.05482258938946
3875,51.666666666666664,56.784647244002485,-7.783196110719075,5,955.1895354957485,269.2716264786704
3876,51.68333333333333,18.49186000295157,-0.8871655130648151,6,973.6813954987001,268.38446096560557
3877,51.7,18.962618049254274,-1.2058867432737088,6,992.6440135479544,267.17857422233186
3878,51.71666666666667,15.699897087926331,-1.387544341053939,6,1008.3439106358808,265.79102988127795
3879,51.733333333333334,7.031489171144813,-0.36704119850190864,5,1015.3753998070256,265.42398868277604
3880,51.75,3.1403522069784913,0.18235651381718299,5,1018.5157520140041,265.6063451965932
3881,51.766666666666666,1.0262505292445212,0.10642149390241684,5,1019.5420025432486,265.71276669049564
3882,51.78333333333333,0.6792929292929557,0.25214449679833706,5,1020.2212954725416,265.964911187294
3883,51.8,1.0072123883376207,-0.20129508425009135,5,1021.2285078608792,265.7636161030439
3884,51.81666666666667,1.4849409849410904,-0.4421855921856377,5,1022.7134488458203,265.32143051085825
3885,51.833333333333336,2.5926971579145857,-0.7087332956898535,5,1025.3061460037347,264.6126972151684
3886,51.85,2.800331057314338,-0.3941106646193475,5,1028.1064770610492,264.21858655054905
3887,51.86666666666667,2.634473769957708,-0.18489330873234167,5,1030.740950831007,264.0336932418167
3888,51.88333333333333,1.8657583650571041,-0.12162908421538532,5,1032.606709196064,263.9120641576013
3889,51.9,2.022888643320698,0.4598825222702203,5,1034.6295978393846,264.37194667987154
3890,51.916666666666664,1.4886851285850753,0.6232904201784777,5,1036.1182829679697,264.99523710005
3891,51.93333333333333,0.021857923497236698,0.10746812386156535,5,1036.140140891467,265.1027052239116
3892,51.95,0.44796747967484407,0.25036075036075545,5,1036.5881083711417,265.35306597427234
3893,51.96666666666667,0.5,0.19397926634763962,5,1037.0881083711417,265.54704524062
3894,51.983333333333334,0.30166666666673336,0.1524449304795894,5,1037.3897750378085,265.69949017109957
3895,52.0,0.2041666666666515,0.08717595025393621,5,1037.5939417044751,265.7866661213535
3896,52.016666666666666,-0.00578034682098405,0.2492283464567322,5,1037.5881613576541,266.03589446781024
3897,52.03333333333333,0.0347394540942787,0.2376054421768572,5,1037.6229008117484,266.2734999099871
3898,52.05,0.3808888660886396,1.8152568112788003,5,1038.0037896778372,268.0887567212659
3899,52.06666666666667,0.02523507963917382,1.4503382639605888,5,1038.0290247574762,269.5390949852265
3900,52.083333333333336,0.0718289575718245,0.2953583693363271,5,1038.100853715048,269.8344533545628
3901,52.1,0.15702889423266697,0.25969693499746427,7,1038.2578826092808,270.0941502895603
3902,52.11666666666667,0.03284758719541969,0.12314791296245176,7,1038.2907301964763,270.2172982025227
3903,52.13333333333333,0.0,0.12835707852292444,7,1038.2907301964763,270.34565528104565
3904,52.15,-1.0576336614552702,-0.40804971692585923,7,1037.233096535021,269.9376055641198
3905,52.166666666666664,-5.61954022988516,-1.769052904180512,7,1031.613556305136,268.1685526599393
3906,52.18333333333333,-8.809370447051606,-2.0227066845851596,7,1022.8041858580843,266.1458459753541
3907,52.2,-8.233562018092357,-1.317223346828655,7,1014.570623839992,264.82862262852547
3908,52.21666666666667,-14.895199459093988,-2.054397709570196,7,999.675424380898,262.77422491895527
3909,52.233333333333334,-11.073108794440031,-1.2262969044577972,7,988.602315586458,261.5479280144975
3910,52.25,-10.992945326278686,-1.7183593284915446,7,977.6093702601793,259.8295686860059
3911,52.266666666666666,-12.991845845438547,-1.2213726663824218,6,964.6175244147407,258.6081960196235
3912,52.28333333333333,-8.365279108959953,-0.7528000930145993,6,956.2522453057808,257.85539592660894
3913,52.3,-4.981224356148118,-0.48221205499339703,6,951.2710209496327,257.37318387161554
3914,52.31666666666667,-1.4803153563369733,-0.2662823717627276,6,949.7907055932957,257.1069014998528
3915,52.333333333333336,-0.17798996063407913,-0.4159547459987607,6,949.6127156326615,256.69094675385406
3916,52.35,-0.6383586279606561,-0.14885117830895922,6,948.9743570047009,256.5420955755451
3917,52.36666666666667,-1.0427619708089537,-0.2692893391572255,6,947.9315950338919,256.27280623638785
3918,52.38333333333333,-2.006363041637826,0.03380018674135954,6,945.9252319922541,256.3066064231292
3919,52.4,-2.050313146485962,0.011285808133948194,6,943.8749188457682,256.31789223126316
3920,52.416666666666664,-1.9821043041935695,0.10397360022355429,6,941.8928145415746,256.4218658314867
3921,52.43333333333333,-2.2209116715651476,0.07849180409994005,6,939.6719028700095,256.5003576355866
3922,52.45,-2.347174179303181,0.23756386881234448,6,937.3247286907063,256.73792150439897
3923,52.46666666666667,-3.3732080860143583,0.2625864356163419,6,933.951520604692,257.0005079400153
3924,52.483333333333334,-2.865353911523755,0.9033693323276424,6,931.0861666931683,257.903877272343
3925,52.5,-1.8078119885072397,0.6234587311537751,6,929.2783547046611,258.52733600349677
3926,52.516666666666666,-1.3138307622003822,0.4644635338109566,6,927.9645239424607,258.9917995373077
3927,52.53333333333333,0.0,-0.004223270889951891,6,927.9645239424607,258.98757626641776
3928,52.55,0.01869281045748039,0.07243209143894092,7,927.9832167529182,259.0600083578567
3929,52.56666666666667,0.5517652671755968,0.3113618020397553,7,928.5349820200938,259.37137015989646
3930,52.583333333333336,1.8646232439336927,0.6871091307066877,7,930.3996052640275,260.05847929060315
3931,52.6,5.352857988191715,1.4551103451227334,6,935.7524632522193,261.5135896357259
3932,52.61666666666667,14.57510712669864,2.8954184484899486,6,950.3275703789179,264.4090080842159
3933,52.63333333333333,35.83140646323295,5.161331859315311,6,986.1589768421509,269.57033994353117
3934,52.65,31.466824786520306,2.7855915966925693,6,1017.6258016286712,272.35593154022376
3935,52.666666666666664,32.89398891943836,1.7201237598010835,6,1050.5197905481095,274.07605530002485
3936,52.68333333333333,41.028223793580196,3.802377327516041,6,1091.5480143416898,277.87843262754086
3937,52.7,29.153773053173893,5.140793464997898,6,1120.7017873948637,283.01922609253876
3938,52.71666666666667,30.606407076948017,8.179425386307273,6,1151.3081944718117,291.19865147884605
3939,52.733333333333334,17.72626611067227,6.166954486187137,6,1169.034460582484,297.3656059650332
3940,52.75,12.568220566445746,6.023167290362153,6,1181.6026811489296,303.38877325539534
3941,52.766666666666666,10.363968956541612,7.377812987079949,5,1191.9666501054712,310.7665862424753
3942,52.78333333333333,4.286941185491969,4.841423203742011,5,1196.2535912909632,315.6080094462173
3943,52.8,2.366469573786503,4.04923626508986,5,1198.6200608647496,319.65724571130716
3944,52.81666666666667,1.346410927056013,3.510897994768982,5,1199.9664717918056,323.16814370607614
3945,52.833333333333336,0.4639016897081092,1.574614603739633,5,1200.4303734815137,324.74275830981577
3946,52.85,0.7767572683021626,0.8888734172515456,5,1201.2071307498159,325.6316317270673
3947,52.86666666666667,0.6366433101279654,0.5724867724867408,5,1201.8437740599438,326.20411849955406
3948,52.88333333333333,1.023603914795558,0.3006167152874468,5,1202.8673779747394,326.5047352148415
3949,52.9,1.0681122227595097,0.2649855568365638,5,1203.935490197499,326.76972077167807
3950,52.916666666666664,3.5491817398794865,0.6893266775902589,5,1207.4846719373784,327.4590474492683
3951,52.93333333333333,3.3294257560312417,0.32711332595050635,5,1210.8140976934096,327.78616077521883
3952,52.95,2.998480737927366,-0.054668556132924095,5,1213.812578431337,327.7314922190859
3953,52.96666666666667,1.4584359835757823,-0.5210526315789252,5,1215.2710144149128,327.210439587507
3954,52.983333333333334,0.0,0.0,5,1215.2710144149128,327.210439587507
3955,53.0,0.0,0.0,5,1215.2710144149128,327.210439587507
3956,53.016666666666666,0.0,0.0,5,1215.2710144149128,327.210439587507
3957,53.03333333333333,0.0,0.0,5,1215.2710144149128,327.210439587507
3958,53.05,0.6130493558580383,-0.3690364282581413,5,1215.8840637707708,326.84140315924884
3959,53.06666666666667,2.0704225352112644,-2.374437894792379,5,1217.954486305982,324.46696526445646
3960,53.083333333333336,3.030818530679994,-3.049579976308678,5,1220.9853048366622,321.4173852881478
3961,53.1,14.365920272921812,-12.14942528735628,5,1235.351225109584,309.2679600007915
3962,53.11666666666667,14.952325800376684,-10.871046228710497,5,1250.3035509099607,298.396913772081
3963,53.13333333333333,10.277698412698442,-7.472323366067201,5,1260.581249322659,290.9245904060138
3964,53.15,27.506493506493484,-18.065309870504734,5,1288.0877428291524,272.8592805355091
3965,53.166666666666664,14.628662866286618,-9.981583480665506,5,1302.7164056954389,262.87769705484357
3966,53.18333333333333,14.855991368367654,-11.104555965559655,5,1317.5723970638064,251.7731410892839
3967,53.2,7.909084065898583,-6.692427357757538,4,1325.4814811297051,245.08071373152637
3968,53.21666666666667,5.180488077117786,-5.802897404341039,4,1330.661969206823,239.27781632718535
3969,53.233333333333334,2.3833628749174522,-5.449509166001391,4,1333.0453320817405,233.82830716118394
3970,53.25,0.04780687055352928,-2.3523509516471393,4,1333.093138952294,231.4759562095368
3971,53.266666666666666,0.12497787175499298,-1.2163006117633302,4,1333.218116824049,230.25965559777347
3972,53.28333333333333,0.06662977843188855,-0.901687152924282,4,1333.284746602481,229.35796844484918
3973,53.3,-0.05539875229106883,-0.4797197880639885,4,1333.22934785019,228.8782486567852
3974,53.31666666666667,-0.03579733054772305,-0.5631367341473776,4,1333.1935505196423,228.3151119226378
3975,53.333333333333336,0.04440909755737721,-0.44806861891720473,4,1333.2379596171995,227.8670433037206
3976,53.35,0.028283051201924536,-0.6734463793265206,4,1333.2662426684014,227.1935969243941
3977,53.36666666666667,0.5089323006105246,-0.42168542940963505,4,1333.775174969012,226.77191149498447
3978,53.38333333333333,0.29946186651045537,-1.3482174902032114,4,1334.0746368355224,225.42369400478125
3979,53.4,0.626480121796817,-1.3833285781075801,4,1334.7011169573193,224.04036542667367
3980,53.416666666666664,1.0003810384295093,-1.2473580581132637,4,1335.701497995749,222.7930073685604
3981,53.43333333333333,1.0348631239936594,-1.0931866978968685,4,1336.7363611197425,221.69982067066354
3982,53.45,0.8654056098121714,-0.7942597719189735,4,1337.6017667295546,220.90556089874457
3983,53.46666666666667,0.5820469075226242,-0.3572788518992951,4,1338.1838136370773,220.54828204684526
3984,53.483333333333334,0.18158092559252736,-0.2876251502743372,4,1338.3653945626697,220.26065689657094
3985,53.5,0.1875074498863114,-0.13187677183304913,4,1338.552902012556,220.1287801247379
3986,53.516666666666666,0.002542163902944594,-0.2447366244934983,5,1338.5554441764589,219.8840435002444
3987,53.53333333333333,0.056245796608891396,-0.07629870129869687,5,1338.6116899730678,219.8077447989457
3988,53.55,0.0,0.0,5,1338.6116899730678,219.8077447989457
3989,53.56666666666667,1.0144396379075715,7.357170802593316,5,1339.6261296109753,227.164915601539
3990,53.583333333333336,1.6848588863463192,10.31660310195781,5,1341.3109884973217,237.48151870349682
3991,53.6,1.573913043478342,7.986324786324758,5,1342.8849015408,245.46784348982158
3992,53.61666666666667,4.899684044233709,27.60031595576612,5,1347.7845855850337,273.0681594455877
3993,53.63333333333333,3.9829766433597342,19.465453849913956,5,1351.7675622283934,292.53361329550165
3994,53.65,2.9198356413346573,12.988360065847985,5,1354.687397869728,305.52197336134964
3995,53.666666666666664,6.27741234687096,30.478285357954746,5,1360.964810216599,336.0002587193044
3996,53.68333333333333,3.192337164751052,15.947396889790355,5,1364.1571473813501,351.94765560909474
3997,53.7,2.5,9.389073868541118,5,1366.6571473813501,361.33672947763586
3998,53.71666666666667,4.64942528735628,19.50504377851769,5,1371.3065726687064,380.84177325615354
3999,53.733333333333334,1.6201444431671916,9.065593690659796,4,1372.9267171118736,389.90736694681334
4000,53.75,0.7411757981080882,4.641680634014165,3,1373.6678929099817,394.5490475808275
4001,53.766666666666666,0.02278150271558843,7.767725844589165,4,1373.6906744126973,402.31677342541667
4002,53.78333333333333,-0.11063655915194204,2.763852787162847,4,1373.5800378535453,405.08062621257955
4003,53.8,-0.30379760322250604,1.0754817599855642,4,1373.2762402503226,406.1561079725651
4004,53.81666666666667,-0.14174210693329314,1.1641474727817354,4,1373.1344981433895,407.32025544534685
4005,53.833333333333336,-0.46431669589617286,0.7554216164006391,4,1372.6701814474932,408.07567706174746
4006,53.85,-1.0121181253915665,1.2811488005435478,4,1371.6580633221015,409.356825862291
4007,53.86666666666667,-1.5000390701686683,1.0399218344700216,4,1370.1580242519328,410.396747696761
4008,53.88333333333333,-0.6557760469676168,0.5073988986660538,4,1369.5022482049653,410.90414659542705
4009,53.9,-0.46128126958319626,0.3039674636122527,4,1369.0409669353821,411.2081140590393
4010,53.916666666666664,-0.5278674183171574,0.27299966738723924,4,1368.513099517065,411.48111372642654
4011,53.93333333333333,-0.4846488693100355,0.041653650898524575,4,1368.028450647755,411.52276737732507
4012,53.95,-0.2982136269538955,-0.06761853981168997,4,1367.7302370208013,411.4551488375134
4013,53.96666666666667,-0.5435541703778881,0.04489550524334618,4,1367.1866828504235,411.5000443427567
4014,53.983333333333334,-0.5765697798764791,-0.06623984276581041,4,1366.610113070547,411.4338044999909
4015,54.0,-0.4188494201960111,-0.01605579849632477,4,1366.191263650351,411.4177487014946
4016,54.016666666666666,-0.3528926794977565,0.05598295308428192,4,1365.8383709708532,411.47373165457884
4017,54.03333333333333,-0.23963241357341758,0.03272920136947732,5,1365.5987385572798,411.5064608559483
4018,54.05,-1.6841126065787648,2.9267822736030666,5,1363.914625950701,414.4332431295514
4019,54.06666666666667,-1.9954650130075606,2.7506911841419424,5,1361.9191609376935,417.1839343136933
4020,54.083333333333336,-4.663978494623507,5.2903225806451815,5,1357.25518244307,422.4742568943385
4021,54.1,-10.118472392359763,16.251174115802087,6,1347.1367100507102,438.7254310101406
4022,54.11666666666667,-6.419403700363262,13.576495319774295,6,1340.717306350347,452.30192632991486
4023,54.13333333333333,-8.769452877477988,17.272865369253935,6,1331.947853472869,469.5747916991688
4024,54.15,-7.871064115954141,13.086329205095865,6,1324.0767893569148,482.6611209042647
4025,54.166666666666664,-8.703312116526035,13.136408255487197,6,1315.3734772403886,495.7975291597519
4026,54.18333333333333,-10.339869281045708,14.16738816738814,5,1305.033607959343,509.96491732714003
4027,54.2,-5.528766731352789,8.05104617604627,5,1299.5048412279903,518.0159635031863
4028,54.21666666666667,-3.0,4.103161639121083,5,1296.5048412279903,522.1191251423074
4029,54.233333333333334,-3.733674800491144,5.386641670872791,5,1292.771166427499,527.5057668131802
4030,54.25,-2.769797421731141,6.117427609855213,5,1290.001369005768,533.6231944230354
4031,54.266666666666666,-0.74891774891762,1.7201499118165202,5,1289.2524512568505,535.343344334852
4032,54.28333333333333,-0.5157928491262282,2.895923498787795,5,1288.7366584077242,538.2392678336398
4033,54.3,0.0,1.0,5,1288.7366584077242,539.2392678336398
4034,54.31666666666667,0.5430017226528889,0.931550566743681,5,1289.2796601303771,540.1708184003835
4035,54.333333333333336,3.702380952380963,1.0663992869875187,5,1292.982041082758,541.237217687371
4036,54.35,3.656048069345843,0.42062647754130467,5,1296.638089152104,541.6578441649123
4037,54.36666666666667,2.0082731902396063,-0.06153732188306549,5,1298.6463623423435,541.5963068430292
4038,54.38333333333333,4.311338412962414,-0.9453914141414543,5,1302.957700755306,540.6509154288877
4039,54.4,2.140255009107591,-0.1429872495446034,5,1305.0979557644137,540.5079281793431
4040,54.416666666666664,0.6591118010533137,-0.06127047333450264,5,1305.757067565467,540.4466577060086
4041,54.43333333333333,1.0924507486208768,-0.15628053585498947,5,1306.8495183140878,540.2903771701536
4042,54.45,0.19407407407425126,-0.05678557805526907,5,1307.043592388162,540.2335915920984
4043,54.46666666666667,-0.0009892581497297215,-0.0854271356784011,5,1307.0426031300124,540.14816445642
4044,54.483333333333334,-0.35422031473535753,-0.45111903141582843,5,1306.688382815277,539.6970454250041
4045,54.5,-0.9122196835066916,-0.8360361948410855,5,1305.7761631317703,538.8610092301631
4046,54.516666666666666,-1.5050635638870062,-1.0081160669395786,5,1304.2710995678833,537.8528931632235
4047,54.53333333333333,-9.475503663003792,-4.2771588724854155,5,1294.7955959048795,533.5757342907381
4048,54.55,-13.07321428571413,-4.148674242424136,5,1281.7223816191654,529.4270600483139
4049,54.56666666666667,-14.380652582743437,-2.2526041453826338,6,1267.3417290364218,527.1744559029313
4050,54.583333333333336,-27.516028606038674,-5.1672850266837,6,1239.8257004303832,522.0071708762476
4051,54.6,-14.08987207934365,-2.209860736747487,6,1225.7358283510396,519.7973101395002
4052,54.61666666666667,-8.704450694129207,-1.8807555451187454,7,1217.0313776569103,517.9165545943814
4053,54.63333333333333,-20.99947401641066,-6.187512899896774,7,1196.0319036404996,511.72904169448464
4054,54.65,-8.916640396830076,-3.617939046943718,6,1187.1152632436697,508.1111026475409
4055,54.666666666666664,-5.750951699773566,-2.5869845804295437,6,1181.364311543896,505.5241180671114
4056,54.68333333333333,-2.682316149063581,-1.999178456146666,6,1178.6819953948325,503.5249396109647
4057,54.7,-1.2835369733995776,-1.7273545186526462,6,1177.398458421433,501.79758509231203
4058,54.71666666666667,-1.910038835634282,-1.9658811978399342,6,1175.4884195857985,499.83170389447207
4059,54.733333333333334,-2.1135279557367994,-2.0051546391752595,6,1173.3748916300617,497.8265492552968
4060,54.75,-1.599925379031447,-0.9577905936163802,6,1171.7749662510303,496.86875866168043
4061,54.766666666666666,-1.094484004690969,-0.7628487950848353,6,1170.6804822463394,496.1059098665956
4062,54.78333333333333,-1.3906739709163958,-1.3045381212357086,6,1169.289808275423,494.8013717453599
4063,54.8,-1.5034109280912276,-0.9212991759641795,6,1167.7863973473318,493.88007256939574
4064,54.81666666666667,-1.1414987598303696,-0.6388779354659846,6,1166.6448985875013,493.24119463392975
4065,54.833333333333336,-1.885059978130812,-0.71787672330737,6,1164.7598386093705,492.5233179106224
4066,54.85,-0.39011302205085485,0.01440390094239774,6,1164.3697255873196,492.5377218115648
4067,54.86666666666667,-0.20736241356451046,-0.039351046138364154,6,1164.1623631737552,492.49837076542644
4068,54.88333333333333,0.0,0.0,6,1164.1623631737552,492.49837076542644
4069,54.9,0.027193618564183453,-0.00020285621548055133,6,1164.1895567923193,492.49816790921096
4070,54.916666666666664,0.0,0.0,7,1164.1895567923193,492.49816790921096
4071,54.93333333333333,0.6260091743120029,0.4879622735169278,7,1164.8155659666313,492.9861301827279
4072,54.95,2.570553248218175,1.5728609625668355,7,1167.3861192148495,494.5589911452947
4073,54.96666666666667,14.167311175702253,6.038989898989939,7,1181.5534303905517,500.59798104428467
4074,54.983333333333334,15.260987598114752,5.280875420875418,7,1196.8144179886665,505.8788564651601
4075,55.0,10.618279569892366,3.2573119831183703,7,1207.4326975585589,509.13616844827845
4076,55.016666666666666,25.006720430107634,5.490022472549413,7,1232.4394179886665,514.6261909208279
4077,55.03333333333333,10.76814194577355,2.507228719947989,7,1243.20755993444,517.1334196407759
4078,55.05,17.652729613859492,4.797038467728953,7,1260.8602895482995,521.9304581085048
4079,55.06666666666667,9.103095991989221,2.894779572947982,7,1269.9633855402888,524.8252376814528
4080,55.083333333333336,4.144055431588868,1.570664148273508,6,1274.1074409718776,526.3959018297263
4081,55.1,6.19863668766925,2.2554586551334666,6,1280.3060776595469,528.6513604848598
4082,55.11666666666667,0.32528837816789746,0.2520408163264847,5,1280.6313660377148,528.9034013011862
4083,55.13333333333333,0.13448859557274773,0.22977107855598433,5,1280.7658546332875,529.1331723797423
4084,55.15,0.0,0.0,5,1280.7658546332875,529.1331723797423
4085,55.166666666666664,1.172920767716505,0.0,5,1281.938775401004,529.1331723797423
4086,55.18333333333333,2.3818897637795544,0.35958005249347025,5,1284.3206651647836,529.4927524322358
4087,55.2,3.808669656203392,0.49160680979412064,5,1288.129334820987,529.9843592420299
4088,55.21666666666667,4.172988153594588,0.7975620172311437,5,1292.3023229745816,530.781921259261
4089,55.233333333333334,3.381699346405412,0.5250761289364334,5,1295.684022320987,531.3069973881975
4090,55.25,2.471673254281768,0.6581292804203258,5,1298.1556955752687,531.9651266686178
4091,55.266666666666666,0.34210526315791867,0.17241430260037305,5,1298.4978008384267,532.1375409712182
4092,55.28333333333333,0.21688804554082708,0.2692337702870873,5,1298.7146888839675,532.4067747415053
4093,55.3,0.14403094193664856,0.3571622187723733,5,1298.8587198259042,532.7639369602776
4094,55.31666666666667,0.05049040853396036,0.057596093096321965,5,1298.9092102344382,532.821533053374
4095,55.333333333333336,0.0666992304162477,0.07100360441205567,6,1298.9759094648543,532.892536657786
4096,55.35,-7.432181337208021e-05,0.0,6,1298.975835143041,532.892536657786
4097,55.36666666666667,0.0,0.0,6,1298.975835143041,532.892536657786
4098,55.38333333333333,-5.737488490896567,-2.30668923355816,6,1293.2383466521444,530.5858474242278
4099,55.4,-11.715369344666556,-3.671230918618278,6,1281.522977307478,526.9146165056095
4100,55.416666666666664,-12.814394506255553,-3.138677563176387,6,1268.7085828012223,523.7759389424331
4101,55.43333333333333,-37.7565486932225,-8.581230760159983,6,1230.9520341079997,515.1947081822731
4102,55.45,-26.94886383338951,-5.271730507497864,6,1204.00317027461,509.9229776747752
4103,55.46666666666667,-17.398104485216265,-3.582446707338036,6,1186.6050657893938,506.3405309674372
4104,55.483333333333334,-39.82849423009543,-8.193153749684726,6,1146.7765715592984,498.1473772177525
4105,55.5,-18.567660950004836,-3.647326702710984,6,1128.2089106092935,494.5000505150415
4106,55.516666666666666,-10.378154122522233,-1.8689609320546765,6,1117.8307564867714,492.6310895829868
4107,55.53333333333333,-20.163468981790174,-4.632693525686136,6,1097.6672875049812,487.9983960573007
4108,55.55,-7.478636547227438,-1.538961975650551,5,1090.188650957754,486.4594340816501
4109,55.56666666666667,-3.4380301194391905,-0.9265811965811963,5,1086.7506208383147,485.5328528850689
4110,55.583333333333336,-4.489667565139257,-0.9402425381483681,5,1082.2609532731753,484.59261034692054
4111,55.6,-1.5490080308770757,-0.4392557718680905,5,1080.7119452422983,484.15335457505245
4112,55.61666666666667,-3.4438156718085793,-0.8479674796748213,5,1077.2681295704897,483.3053870953776
4113,55.63333333333333,-3.462252208575819,-0.8245034987663757,5,1073.8058773619139,482.48088359661125
4114,55.65,-4.347557897106697,-0.5706488840414039,4,1069.4583194648071,481.91023471256983
4115,55.666666666666664,-2.826577176168655,-0.3266921366102338,4,1066.6317422886384,481.5835425759596
4116,55.68333333333333,-6.638151097153411,-0.8770009039801465,4,1059.993591191485,480.70654167197944
4117,55.7,-3.173089938576709,-0.9282509695233898,4,1056.8205012529083,479.77829070245605
4118,55.71666666666667,-3.4496309486396513,-1.3123798598430767,4,1053.3708703042687,478.46591084261297
4119,55.733333333333334,-1.7773363392257124,-0.9813923599384111,4,1051.593533965043,477.48451848267456
4120,55.75,-1.8697239434711719,-0.31109437247184246,5,1049.7238100215718,477.17342411020275
4121,55.766666666666666,-1.2787085189640948,-0.5280898876404763,5,1048.4451015026077,476.64533422256227
4122,55.78333333333333,-3.5083061636391903,-0.8083778966132513,5,1044.9367953389685,475.836956325949
4123,55.8,-1.2778295295761382,0.043122185995969176,5,1043.6589658093924,475.880078511945
4124,55.81666666666667,-0.0932642487045996,0.01996823235759848,5,1043.5657015606878,475.9000467443026
4125,55.833333333333336,-0.19465392994800368,0.0,5,1043.3710476307397,475.9000467443026
4126,55.85,-0.09753024193537385,-0.19191919191916895,5,1043.2735173888043,475.7081275523834
4127,55.86666666666667,-0.36987665879740916,-0.022746928879428197,6,1042.9036407300068,475.685380623504
4128,55.88333333333333,-0.1308865447866765,-0.007628626163068475,6,1042.77275418522,475.6777519973409
4129,55.9,-0.03495034377391448,0.0006925997037114939,6,1042.737803841446,475.67844459704463
4130,55.916666666666664,0.0,0.0,6,1042.737803841446,475.67844459704463
4131,55.93333333333333,0.3963479318101122,0.7222715529652817,6,1043.1341517732562,476.4007161500099
4132,55.95,3.213850455858278,2.926759730744152,6,1046.3480022291146,479.32747588075404
4133,55.96666666666667,5.1381298440121554,4.360232803111899,5,1051.4861320731268,483.68770868386594
4134,55.983333333333334,1.8604773604772618,1.8067361049288593,5,1053.346609433604,485.4944447887948
4135,56.0,5.92578125,4.742075553625796,5,1059.272390683604,490.2365203424206
4136,56.016666666666666,5.051057130004438,3.460704884969118,5,1064.3234478136085,493.6972252273897
4137,56.03333333333333,3.271978945300134,2.406432748538009,5,1067.5954267589086,496.1036579759277
4138,56.05,2.109755205361239,1.8515082956259903,5,1069.7051819642697,497.9551662715537
4139,56.06666666666667,1.706447187928461,1.150705233463782,5,1071.4116291521982,499.1058715050175
4140,56.083333333333336,4.042836646853857,2.440192643001069,5,1075.454465799052,501.54606414801856
4141,56.1,0.6550711841961174,0.36956521739131176,5,1076.1095369832483,501.91562936540987
4142,56.11666666666667,0.8844843822000712,0.21156462585031477,6,1076.9940213654484,502.1271939912602
4143,56.13333333333333,0.18921204158698401,0.043556029376873084,6,1077.1832334070355,502.17075002063706
4144,56.15,0.0,0.0,6,1077.1832334070355,502.17075002063706
4145,56.166666666666664,0.0,0.0,6,1077.1832334070355,502.17075002063706
4146,56.18333333333333,0.0,0.0,7,1077.1832334070355,502.17075002063706
4147,56.2,0.0,0.0,7,1077.1832334070355,502.17075002063706
4148,56.21666666666667,-1.130817610062877,-1.5176124163193663,7,1076.0524157969726,500.6531376043177
4149,56.233333333333334,-2.149283784106956,-5.390625,7,1073.9031320128656,495.2625126043177
4150,56.25,-2.2272613903014644,-5.585365853658573,7,1071.6758706225642,489.6771467506591
4151,56.266666666666666,-5.868467228809095,-21.937763398042193,7,1065.807403393755,467.7393833526169
4152,56.28333333333333,-5.307559578390965,-20.234243014944752,7,1060.499843815364,447.5051403376722
4153,56.3,-3.005307310392027,-13.932917267962239,7,1057.494536504972,433.57222306970993
4154,56.31666666666667,-7.613265002869127,-38.021954370883066,6,1049.881271502103,395.55026869882687
4155,56.333333333333336,-4.719393746070807,-23.531753496442605,6,1045.161877756032,372.01851520238426
4156,56.35,-7.146860606779285,-26.9309874253712,6,1038.0150171492528,345.08752777701307
4157,56.36666666666667,-7.025573253429457,-19.261923808538313,6,1030.9894438958233,325.82560396847475
4158,56.38333333333333,-6.68030517106115,-14.913150931673357,6,1024.3091387247623,310.91245303680137
4159,56.4,-8.555473735156056,-17.332311662195963,6,1015.7536649896062,293.58014137460543
4160,56.416666666666664,-4.387444357549043,-9.108897849359721,6,1011.3662206320572,284.4712435252457
4161,56.43333333333333,-3.3520753646803314,-7.816626849325161,6,1008.0141452673769,276.6546166759206
4162,56.45,-1.964552149013798,-3.817597542661076,6,1006.0495931183631,272.8370191332595
4163,56.46666666666667,-3.380271532529605,-5.970542207493281,5,1002.6693215858335,266.8664769257662
4164,56.483333333333334,-1.563549468761721,-2.3092138924704386,5,1001.1057721170718,264.5572630332958
4165,56.5,-1.2688023566233824,-3.2080902969648832,5,999.8369697604484,261.3491727363309
4166,56.516666666666666,-1.11678257989729,-2.057212066726578,5,998.7201871805511,259.29196066960435
4167,56.53333333333333,-0.5487890688921198,-1.6168283963227168,5,998.171398111659,257.67513227328163
4168,56.55,-0.012836855641126022,-1.9085318125908657,5,998.1585612560178,255.76660046069077
4169,56.56666666666667,0.0,-1.2564905064234608,5,998.1585612560178,254.5101099542673
4170,56.583333333333336,0.09976540313618898,-1.2825245915133792,5,998.258326659154,253.22758536275393
4171,56.6,-0.05000398724087063,-3.776873275568505,4,998.2083226719132,249.45071208718542
4172,56.61666666666667,-0.05755853569053215,-1.6407739365486123,3,998.1507641362226,247.8099381506368
4173,56.63333333333333,-0.05053654866537727,-1.4436524906945465,3,998.1002275875572,246.36628565994226
4174,56.65,0.12973470099177575,-0.9731289262695668,3,998.229962288549,245.3931567336727
4175,56.666666666666664,1.1313675519388653,-2.88491092379428,3,999.3613298404879,242.50824580987842
4176,56.68333333333333,0.24461980983028297,-0.9897985036812429,3,999.6059496503182,241.51844730619717
4177,56.7,0.3268287979590241,-0.5618937176726035,3,999.9327784482772,240.95655358852457
4178,56.71666666666667,-0.07958308981119444,-0.0627557393289635,3,999.853195358466,240.8937978491956
4179,56.733333333333334,0.0,0.0,3,999.853195358466,240.8937978491956
4180,56.75,0.14692620081245877,-0.6845056065239419,3,1000.0001215592785,240.20929224267167
4181,56.766666666666666,0.13883965496870587,-0.6392729134664705,3,1000.1389612142472,239.5700193292052
4182,56.78333333333333,0.37210754090983755,-0.6546697746697703,3,1000.511068755157,238.91534955453542
4183,56.8,-0.023646187250506046,-1.0638908726294858,3,1000.4874225679065,237.85145868190594
4184,56.81666666666667,0.0,-0.09375,3,1000.4874225679065,237.75770868190594
4185,56.833333333333336,0.0,0.0,4,1000.4874225679065,237.75770868190594
4186,56.85,-0.12045383014753952,0.07586836497232241,4,1000.366968737759,237.83357704687825
4187,56.86666666666667,-0.30391621229227894,-0.08523007708078012,4,1000.0630525254667,237.74834696979747
4188,56.88333333333333,-6.512483373681334,0.3130757282076786,4,993.5505691517853,238.06142269800515
4189,56.9,-11.935475621631326,1.0926675961104877,4,981.615093530154,239.15409029411563
4190,56.916666666666664,-7.9769882403514885,1.1827996163695786,4,973.6381052898025,240.3368899104852
4191,56.93333333333333,-30.23232382178469,4.056054491459264,5,943.4057814680178,244.39294440194448
4192,56.95,-49.94547831904151,6.809280544912781,5,893.4603031489763,251.20222494685726
4193,56.96666666666667,-21.30316903695052,4.351421855291846,5,872.1571341120258,255.5536468021491
4194,56.983333333333334,-50.343063402385496,11.397717096381825,5,821.8140707096403,266.95136389853093
4195,57.0,-25.604767751176496,6.787604399239257,5,796.2093029584638,273.73896829777016
4196,57.016666666666666,-14.179480352348492,3.7521986337791873,5,782.0298226061153,277.49116693154934
4197,57.03333333333333,-29.237776370337315,8.530859821389129,4,752.792046235778,286.0220267529385
4198,57.05,-11.9756621762333,3.2520791967921667,4,740.8163840595447,289.27410594973065
4199,57.06666666666667,-9.12832993395483,2.3128672223680695,4,731.6880541255898,291.58697317209874
4200,57.083333333333336,-4.483291722897036,0.8276040772094007,4,727.2047624026927,292.41457724930814
4201,57.1,-0.16388582178058186,-0.012337954443239596,4,727.0408765809121,292.4022392948649
4202,57.11666666666667,0.22556645037002454,-0.28536005525147345,4,727.2664430312822,292.1168792396134
4203,57.13333333333333,0.18878114263867474,-0.3063177819748262,4,727.4552241739209,291.8105614576386
4204,57.15,0.0,0.0,4,727.4552241739209,291.8105614576386
4205,57.166666666666664,0.0,0.0,4,727.4552241739209,291.8105614576386
4206,57.18333333333333,0.0,0.0,4,727.4552241739209,291.8105614576386
4207,57.2,0.0,0.0,4,727.4552241739209,291.8105614576386
4208,57.21666666666667,0.029857587672267982,-0.0867797876169476,4,727.4850817615932,291.72378167002165
4209,57.233333333333334,0.0,0.0,4,727.4850817615932,291.72378167002165
4210,57.25,0.0,0.0,4,727.4850817615932,291.72378167002165
4211,57.266666666666666,0.0,0.0,4,727.4850817615932,291.72378167002165
4212,57.28333333333333,0.0,0.0,4,727.4850817615932,291.72378167002165
4213,57.3,-0.028479533287224967,-0.14354717045202392,4,727.4566022283059,291.58023449956966
4214,57.31666666666667,0.029654331612164242,-0.10088266260007117,4,727.486256559918,291.4793518369696
4215,57.333333333333336,1.8181365422926774,-1.0826382635556655,4,729.3043931022107,290.39671357341393
4216,57.35,6.845113746775496,-4.2345185023833665,4,736.1495068489862,286.16219507103057
4217,57.36666666666667,21.56643996529897,-15.764830901698105,4,757.7159468142852,270.3973641693325
4218,57.38333333333333,16.181533186868364,-12.371656352267408,4,773.8974800011536,258.0257078170651
4219,57.4,13.283363185507255,-9.14297272817592,4,787.1808431866608,248.88273508888918
4220,57.416666666666664,28.556818181818244,-19.422047930283156,3,815.737661368479,229.46068715860602
4221,57.43333333333333,14.557471264367905,-9.156545599955848,3,830.295132632847,220.30414155865017
4222,57.45,9.027756008359347,-6.114846256853411,3,839.3228886412063,214.18929530179676
4223,57.46666666666667,15.486994949495056,-11.31173028093474,3,854.8098835907014,202.87756502086202
4224,57.483333333333334,5.024116891457879,-4.816473988439327,3,859.8340004821592,198.0610910324227
4225,57.5,2.4390144216733916,-2.7367865867200862,3,862.2730149038326,195.3243044457026
4226,57.516666666666666,5.0,-5.0,3,867.2730149038326,190.3243044457026
4227,57.53333333333333,1.8066003567373627,-1.859683580879107,2,869.07961526057,188.4646208648235
4228,57.55,2.1036904994426777,-2.5940918708562464,2,871.1833057600127,185.87052899396724
4229,57.56666666666667,2.7489054801366137,-3.2919937817779754,2,873.9322112401493,182.57853521218925
4230,57.583333333333336,4.842077559939526,-4.758686451044625,2,878.7742888000888,177.8198487611446
4231,57.6,1.3314896046496187,-1.1104791669954608,2,880.1057784047384,176.70936959414917
4232,57.61666666666667,0.9909629837093235,-1.779041217383167,1,881.0967413884478,174.930328376766
4233,57.63333333333333,0.6616929509139027,-0.5305831610936593,2,881.7584343393617,174.39974521567234
4234,57.65,0.3377869329290206,-0.2666962301757678,2,882.0962212722907,174.13304898549657
4235,57.666666666666664,1.0058422226577477,-0.5562243936127516,2,883.1020634949484,173.57682459188382
4236,57.68333333333333,2.2994652406416662,-1.4750445632798517,2,885.4015287355901,172.10178002860397
4237,57.7,0.7885807172610839,-0.4756033360117442,2,886.1901094528512,171.62617669259222
4238,57.71666666666667,1.1100602205955283,-0.3503074997030069,2,887.3001696734467,171.27586919288922
4239,57.733333333333334,0.40552210667158306,-0.13932980599651046,2,887.7056917801183,171.1365393868927
4240,57.75,0.0,0.0,2,887.7056917801183,171.1365393868927
4241,57.766666666666666,0.0,0.0,2,887.7056917801183,171.1365393868927
4242,57.78333333333333,0.0,0.0,2,887.7056917801183,171.1365393868927
4243,57.8,0.0,0.0,2,887.7056917801183,171.1365393868927
4244,57.81666666666667,-0.44520017003821977,0.4340101522842872,2,887.2604916100801,171.570549539177
4245,57.833333333333336,-1.200280844977101,1.1673644181624923,2,886.060210765103,172.7379139573395
4246,57.85,-7.84562034650628,7.475882373997678,3,878.2145904185967,180.21379633133716
4247,57.86666666666667,-14.8084870218579,14.073172814207624,3,863.4061033967388,194.2869691455448
4248,57.88333333333333,-11.583818085669009,11.7149656266526,3,851.8222853110698,206.0019347721974
4249,57.9,-33.56492342782667,34.500529488432676,4,818.2573618832431,240.50246426063006
4250,57.916666666666664,-20.317926435367383,23.210957488648617,4,797.9394354478757,263.71342174927867
4251,57.93333333333333,-13.585590619159689,15.473154364560415,4,784.353844828716,279.18657611383907
4252,57.95,-32.338348303393104,33.95019960079844,5,752.0154965253229,313.1367757146375
4253,57.96666666666667,-17.494309822315586,18.864391497851386,5,734.5211867030073,332.0011672124889
4254,57.983333333333334,-11.047965897744461,11.213596954083698,5,723.4732208052628,343.2147641665726
4255,58.0,-19.215019305748797,19.44247275561962,4,704.258201499514,362.6572369221922
4256,58.016666666666666,-4.6212471146574785,5.585281160428565,4,699.6369543848566,368.2425180826208
4257,58.03333333333333,-4.447833051728935,5.639517905199597,4,695.1891213331277,373.88203598782036
4258,58.05,-1.9961665703933136,3.0441106968439726,4,693.1929547627344,376.92614668466433
4259,58.06666666666667,-0.6603646778841039,1.2445705714502822,4,692.5325900848503,378.1707172561146
4260,58.083333333333336,0.0,0.0,4,692.5325900848503,378.1707172561146
4261,58.1,0.0,0.0,4,692.5325900848503,378.1707172561146
4262,58.11666666666667,-0.014415119458817571,-1.484366017576292,4,692.5181749653915,376.6863512385383
4263,58.13333333333333,-0.04366072359505324,-0.7265893470790843,3,692.4745142417964,375.9597618914592
4264,58.15,-0.33848797250868756,-2.029217739189619,3,692.1360262692878,373.9305441522696
4265,58.166666666666664,-0.4846763447645799,-1.158300174796011,3,691.6513499245232,372.7722439774736
4266,58.18333333333333,-0.8744471277780121,-0.26847597677817703,3,690.7769027967452,372.5037680006954
4267,58.2,-1.3602592869607406,-0.8984130173720928,3,689.4166435097844,371.6053549833233
4268,58.21666666666667,-1.6513519980857154,-0.38574850934401184,3,687.7652915116987,371.2196064739793
4269,58.233333333333334,-0.35297700624334993,0.03178208090952239,3,687.4123145054554,371.2513885548888
4270,58.25,-0.09219858156029659,-0.02314814814815236,3,687.3201159238951,371.22824040674067
4271,58.266666666666666,-0.0655982905983592,-0.0010683760683605215,3,687.2545176332967,371.2271720306723
4272,58.28333333333333,-0.2757478632478296,-0.35309829059826825,3,686.9787697700489,370.87407374007404
4273,58.3,-0.2718177538093869,-0.3232142857142719,4,686.7069520162395,370.55085945435974
4274,58.31666666666667,-0.05555125841215158,-0.24016419760178565,4,686.6514007578273,370.310695256758
4275,58.333333333333336,0.0020909067798697833,-0.11602003621916879,4,686.6534916646071,370.1946752205388
4276,58.35,-0.11166236860589152,0.3968484130226386,4,686.5418292960012,370.59152363356145
4277,58.36666666666667,-1.1841311691390501,4.4821507748419265,4,685.3576981268621,375.07367440840335
4278,58.38333333333333,-0.7376178701704248,10.771010961936184,4,684.6200802566917,385.84468537033956
4279,58.4,0.31863892729387544,16.068572204576327,4,684.9387191839855,401.91325757491586
4280,58.416666666666664,2.092290169253829,20.76800819716013,4,687.0310093532394,422.681265772076
4281,58.43333333333333,0.3824475166411503,16.777696999070997,5,687.4134568698805,439.458962771147
4282,58.45,0.085254146602324,16.404066345639364,5,687.4987110164828,455.8630291167864
4283,58.46666666666667,0.6369047619047024,19.92966381309077,5,688.1356157783875,475.79269292987715
4284,58.483333333333334,0.02709235209238159,14.128202450570882,6,688.1627081304799,489.92089538044803
4285,58.5,-0.23578147671781835,13.848428674616812,6,687.9269266537622,503.7693240550648
4286,58.516666666666666,-0.5133666674857409,11.40477060176525,6,687.4135599862764,515.1740946568301
4287,58.53333333333333,-0.48226946113288705,14.186646563207034,6,686.9312905251435,529.3607412200372
4288,58.55,-0.7852096339369155,7.856238927613873,6,686.1460808912066,537.216980147651
4289,58.56666666666667,-1.0473550237587688,5.9475407849401165,6,685.0987258674478,543.1645209325911
4290,58.583333333333336,-2.168234767025183,6.671012826581915,5,682.9304911004226,549.835533759173
4291,58.6,-1.749271402550221,3.7424223980523834,5,681.1812196978724,553.5779561572253
4292,58.61666666666667,-3.0275121334827872,4.475488929094524,5,678.1537075643896,558.0534450863199
4293,58.63333333333333,-1.0560169107654929,2.6958844420568084,5,677.0976906536241,560.7493295283767
4294,58.65,-1.261322175732289,2.0,5,675.8363684778918,562.7493295283767
4295,58.666666666666664,-2.3086721763083915,2.211034461034501,5,673.5276963015834,564.9603639894112
4296,58.68333333333333,-1.8040540540540633,1.2114119922630948,5,671.7236422475294,566.1717759816743
4297,58.7,-2.2318509725139393,1.2689495632057515,5,669.4917912750154,567.44072554488
4298,58.71666666666667,-1.2525910558625242,1.4060380233469374,4,668.239200219153,568.846763568227
4299,58.733333333333334,-0.5220803780746905,0.3889970083768617,4,667.7171198410783,569.2357605766038
4300,58.75,-0.1724019010494544,-0.15354189101674365,4,667.5447179400289,569.082218685587
4301,58.766666666666666,-0.09341394920211599,-0.12350162602714931,4,667.4513039908268,568.9587170595598
4302,58.78333333333333,-0.4938846981225993,-0.4772047708688376,4,666.9574192927041,568.481512288691
4303,58.8,-1.670536890119763,-1.2413942505035038,5,665.2868824025843,567.2401180381875
4304,58.81666666666667,-0.6656262643778064,-0.4659293552812187,5,664.6212561382065,566.7741886829062
4305,58.833333333333336,-0.2025954272361048,-0.026729374877504597,5,664.4186607109704,566.7474593080287
4306,58.85,-0.1090983751901149,-0.008548009367700615,5,664.3095623357802,566.738911298661
4307,58.86666666666667,-0.011456080733182716,0.2726477117486752,5,664.2981062550471,567.0115590104097
4308,58.88333333333333,0.04639336567049668,0.8916359602202988,5,664.3444996207176,567.90319497063
4309,58.9,0.22160148975785887,4.8453619598128626,5,664.5661011104754,572.7485569304429
4310,58.916666666666664,-0.115201411349517,6.616531165311642,5,664.4508996991259,579.3650880957546
4311,58.93333333333333,-0.4247884519662648,5.802307199316374,5,664.0261112471596,585.167395295071
4312,58.95,0.15134563785670707,12.096493462387514,5,664.1774568850163,597.2638887574585
4313,58.96666666666667,0.8083740075772994,18.832621082621074,5,664.9858308925936,616.0965098400795
4314,58.983333333333334,0.27239931785391036,14.517517517517433,5,665.2582302104476,630.614027357597
4315,59.0,-1.0305077805079463,18.40946502057608,5,664.2277224299396,649.0234923781732
4316,59.016666666666666,-1.2955969444683433,12.398878493977577,5,662.9321254854713,661.4223708721507
4317,59.03333333333333,-2.1435185185184764,10.438879553741913,5,660.7886069669528,671.8612504258926
4318,59.05,-2.9786949101873432,10.510143810696604,4,657.8099120567655,682.3713942365893
4319,59.06666666666667,-2.271140031995202,5.980286971629312,4,655.5387720247703,688.3516812082186
4320,59.083333333333336,-2.7788267815972603,4.509737186520681,4,652.7599452431731,692.8614183947393
4321,59.1,-2.911994274226174,3.818523312432063,4,649.8479509689469,696.6799417071713
4322,59.11666666666667,-1.5769347778951897,2.344272813481041,4,648.2710161910517,699.0242145206523
4323,59.13333333333333,-1.0757012765265586,1.2196512552495165,4,647.1953149145252,700.2438657759019
4324,59.15,-1.6995985617403448,1.6293738521481487,4,645.4957163527848,701.87323962805
4325,59.166666666666664,-1.7318635880340025,1.8210901484846431,4,643.7638527647508,703.6943297765347
4326,59.18333333333333,-1.3233976138497496,1.0445458296608763,4,642.440455150901,704.7388756061955
4327,59.2,-1.2050818791187794,1.2840056067180683,4,641.2353732717822,706.0228812129136
4328,59.21666666666667,-1.034536047839822,0.6927949959368505,4,640.2008372239425,706.7156762088505
4329,59.233333333333334,-0.9605953088894807,0.44045157368299215,4,639.240241915053,707.1561277825335
4330,59.25,-0.5738451246540421,0.0758163025604972,4,638.666396790399,707.231944085094
4331,59.266666666666666,-0.3127717204633882,0.1656417665495553,4,638.3536250699356,707.3975858516436
4332,59.28333333333333,0.0,0.0,5,638.3536250699356,707.3975858516436
4333,59.3,1.2603174603174239,-0.21608699921955576,5,639.613942530253,707.181498852424
4334,59.31666666666667,3.493936695176785,-1.7585768457371387,5,643.1078792254298,705.4229220066869
4335,59.333333333333336,8.240923380044705,-6.970609826438022,5,651.3488026054745,698.4523121802489
4336,59.35,10.684443153955385,-11.06852497096395,5,662.0332457594299,687.383787209285
4337,59.36666666666667,19.762608372971727,-20.26925412407661,5,681.7958541324016,667.1145330852083
4338,59.38333333333333,18.194983365107873,-18.32116556390406,5,699.9908374975095,648.7933675213043
4339,59.4,17.66698556964036,-17.943035956310382,5,717.6578230671498,630.8503315649939
4340,59.416666666666664,18.32890855457231,-23.11356932153393,5,735.9867316217221,607.7367622434599
4341,59.43333333333333,9.069537686908802,-14.282397518055063,5,745.0562693086309,593.4543647254048
4342,59.45,6.5215517241379075,-11.81034482758622,6,751.5778210327688,581.6440198978187
4343,59.46666666666667,7.208994080754451,-13.685306581201957,6,758.7868151135233,567.9587133166167
4344,59.483333333333334,3.153637613881898,-7.283093081874497,6,761.9404527274052,560.6756202347422
4345,59.5,2.3877080470301166,-6.170759914753546,6,764.3281607744352,554.5048603199887
4346,59.516666666666666,0.8084034359747818,-6.5843451396498835,6,765.13656421041,547.9205151803387
4347,59.53333333333333,1.0838188972415992,-3.7504620811287452,5,766.2203831076516,544.17005309921
4348,59.55,0.924375538329059,-3.0395910165484565,5,767.1447586459807,541.1304620826616
4349,59.56666666666667,1.5671616316776635,-2.738498944726473,5,768.7119202776584,538.3919631379351
4350,59.583333333333336,1.5650814526832733,-1.9677419354838435,5,770.2770017303417,536.4242212024512
4351,59.6,1.699245128352004,-2.07251393666661,5,771.9762468586937,534.3517072657846
4352,59.61666666666667,3.876337001821753,-2.4727080831240755,5,775.8525838605154,531.8789991826606
4353,59.63333333333333,3.552203156835276,-2.313620192487747,5,779.4047870173507,529.5653789901728
4354,59.65,3.0521478975157947,-2.470875931543276,6,782.4569349148665,527.0945030586295
4355,59.666666666666664,1.7409849351160176,-2.2194010820824843,6,784.1979198499824,524.875101976547
4356,59.68333333333333,0.05497817405034766,-1.0,6,784.2528980240328,523.875101976547
4357,59.7,0.030479007457387297,-0.09544388653027625,6,784.2833770314902,523.7796580900167
4358,59.71666666666667,0.05172534993724298,-0.005995203836931751,6,784.3351023814274,523.7736628861797
4359,59.733333333333334,0.3886259830645713,-0.3538735366437038,6,784.723728364492,523.419789349536
4360,59.75,0.5909949575321889,-0.43083633655135145,6,785.3147233220242,522.9889530129847
4361,59.766666666666666,1.1163267706348847,-0.38722743631359435,7,786.431050092659,522.601725576671
4362,59.78333333333333,0.09341017917824956,0.0385677324683229,7,786.5244602718373,522.6402933091393
4363,59.8,0.0,0.9544499016171528,7,786.5244602718373,523.5947432107565
4364,59.81666666666667,0.0,6.591799516908225,7,786.5244602718373,530.1865427276648
4365,59.833333333333336,0.0,14.691189634238185,7,786.5244602718373,544.877732361903
4366,59.85,0.0,25.677209577298242,7,786.5244602718373,570.5549419392012
4367,59.86666666666667,-0.8669933548650306,23.10335533042104,7,785.6574669169722,593.6582972696222
4368,59.88333333333333,-0.9745154702732179,25.635091929921145,6,784.682951446699,619.2933891995433
4369,59.9,-0.6806040047794113,26.509051965253235,6,784.0023474419196,645.8024411647965
4370,59.916666666666664,-0.36992591132354846,32.490483246540606,6,783.632421530596,678.2929244113371
4371,59.93333333333333,0.0,0.0,6,783.632421530596,678.2929244113371
4372,59.95,0.0,0.0,6,783.632421530596,678.2929244113371
