frame,time_s,pan_dx,pan_dy,n_targets,ball_x,ball_y
0,0.0,0.0,0.0,0,960.0,540.0
1,0.016666666666666666,0.0,0.0,0,960.0,540.0
2,0.03333333333333333,0.0,0.0,0,960.0,540.0
3,0.05,0.0,0.0,0,960.0,540.0
4,0.06666666666666667,0.0,0.0,0,960.0,540.0
5,0.08333333333333333,0.0,0.0,0,960.0,540.0
6,0.1,0.0,0.0,0,960.0,540.0
7,0.11666666666666667,0.0,0.0,0,960.0,540.0
8,0.13333333333333333,0.0,0.0,0,960.0,540.0
9,0.15,0.0,0.0,0,960.0,540.0
10,0.16666666666666666,0.0,0.0,0,960.0,540.0
11,0.18333333333333332,0.0,0.0,0,960.0,540.0
12,0.2,0.0,0.0,0,960.0,540.0
13,0.21666666666666667,0.0,0.0,0,960.0,540.0
14,0.23333333333333334,0.0,0.0,0,960.0,540.0
15,0.25,0.0,0.0,0,960.0,540.0
16,0.26666666666666666,0.0,0.0,0,960.0,540.0
17,0.2833333333333333,0.0,0.0,0,960.0,540.0
18,0.3,0.0,0.0,0,960.0,540.0
19,0.31666666666666665,0.0,0.0,0,960.0,540.0
20,0.3333333333333333,0.0,0.0,0,960.0,540.0
21,0.35,0.0,0.0,0,960.0,540.0
22,0.36666666666666664,0.0,0.0,0,960.0,540.0
23,0.38333333333333336,0.0,0.0,0,960.0,540.0
24,0.4,0.0,0.0,0,960.0,540.0
25,0.4166666666666667,0.0,0.0,0,960.0,540.0
26,0.43333333333333335,0.0,0.0,0,960.0,540.0
27,0.45,0.0,0.0,0,960.0,540.0
28,0.4666666666666667,0.0,0.0,0,960.0,540.0
29,0.48333333333333334,0.0,0.0,0,960.0,540.0
30,0.5,0.0,0.0,0,960.0,540.0
31,0.5166666666666667,0.0,0.0,0,960.0,540.0
32,0.5333333333333333,0.0,0.0,0,960.0,540.0
33,0.55,0.0,0.0,0,960.0,540.0
34,0.5666666666666667,0.0,0.0,0,960.0,540.0
35,0.5833333333333334,0.0,0.0,0,960.0,540.0
36,0.6,0.0,0.0,0,960.0,540.0
37,0.6166666666666667,0.0,0.0,0,960.0,540.0
38,0.6333333333333333,0.0,0.0,0,960.0,540.0
39,0.65,0.0,0.0,0,960.0,540.0
40,0.6666666666666666,0.0,0.0,5,960.0,540.0
41,0.6833333333333333,0.0,0.0,5,960.0,540.0
42,0.7,0.0,0.0,5,960.0,540.0
43,0.7166666666666667,0.0,0.0,5,960.0,540.0
44,0.7333333333333333,0.0,0.0,5,960.0,540.0
45,0.75,0.0,0.0,5,960.0,540.0
46,0.7666666666666667,0.0,0.0,5,960.0,540.0
47,0.7833333333333333,-0.2836879432624073,-0.033763996554739606,5,959.7163120567376,539.9662360034453
48,0.8,-0.4760019792181538,0.0,5,959.2403100775194,539.9662360034453
49,0.8166666666666667,-0.534476843910852,0.4397163120567029,5,958.7058332336086,540.405952315502
50,0.8333333333333334,-0.2403100775194389,0.2403100775193252,5,958.4655231560891,540.6462623930213
51,0.85,0.4760019792181538,0.24183006535949403,5,958.9415251353073,540.8880924583808
52,0.8666666666666667,2.763888888888914,0.4878306878308649,5,961.7054140241962,541.3759231462117
53,0.8833333333333333,4.5166666666666515,1.1284842487217475,5,966.2220806908629,542.5044073949334
54,0.9,4.245370370370438,0.22685185185190448,5,970.4674510612333,542.7312592467854
55,0.9166666666666666,0.6419753086418041,0.2403100775194389,5,971.1094263698751,542.9715693243048
56,0.9333333333333333,0.0,0.0,5,971.1094263698751,542.9715693243048
57,0.95,-0.4806201550386504,1.4833333333333485,5,970.6288062148365,544.4549026576382
58,0.9666666666666667,0.0,1.7384751773050766,5,970.6288062148365,546.1933778349432
59,0.9833333333333333,0.0,2.0,5,970.6288062148365,548.1933778349432
60,1.0,0.0,2.0,5,970.6288062148365,550.1933778349432
61,1.0166666666666666,-0.47642118863041105,1.9321727917472629,5,970.152385026206,552.1255506266905
62,1.0333333333333334,-0.2836879432624073,1.7596899224806748,5,969.8686970829436,553.8852405491712
63,1.05,0.011579099724940534,0.40225366876308044,5,969.8802761826686,554.2874942179342
64,1.0666666666666667,-0.24640967498112332,1.0628930817610183,5,969.6338665076875,555.3503872996952
65,1.0833333333333333,-0.2403100775194389,0.2615248226949234,5,969.393556430168,555.6119121223901
66,1.1,0.2403100775194389,1.2430232558139664,5,969.6338665076875,556.8549353782041
67,1.1166666666666667,0.5185185185185901,1.1153846153846416,5,970.152385026206,557.9703199935888
68,1.1333333333333333,0.6601307189544059,0.7163120567375927,5,970.8125157451605,558.6866320503264
69,1.15,0.0,0.0,5,970.8125157451605,558.6866320503264
70,1.1666666666666667,0.0,0.0,5,970.8125157451605,558.6866320503264
71,1.1833333333333333,0.27927927927930796,-0.056181337783414165,6,971.0917950244398,558.6304507125429
72,1.2,0.14761208576999252,-0.2397746818025439,6,971.2394071102098,558.3906760307405
73,1.2166666666666666,2.2129010844267896,-1.192997766482506,6,973.4523081946365,557.197678264258
74,1.2333333333333334,5.632893926966858,-3.9453295948100617,6,979.0852021216034,553.2523486694479
75,1.25,13.882663514578383,-9.60567692428151,6,992.9678656361818,543.6466717451664
76,1.2666666666666666,28.248148148148175,-19.85296296296292,6,1021.21601378433,523.7937087822035
77,1.2833333333333334,29.33496985357442,-20.39558570198102,6,1050.5509836379044,503.39812308022243
78,1.3,43.75968992248079,-28.966666666666697,5,1094.310673560385,474.43145641355574
79,1.3166666666666667,32.0,-22.51666666666665,5,1126.310673560385,451.9147897468891
80,1.3333333333333333,29.720720720720692,-21.0,5,1156.0313942811058,430.9147897468891
81,1.35,31.668211068211008,-24.360360360360346,4,1187.6996053493167,406.55442938652874
82,1.3666666666666667,18.89722222222224,-15.0,4,1206.596827571539,391.55442938652874
83,1.3833333333333333,14.15637099865836,-12.279279279279308,4,1220.7531985701974,379.27515010724943
84,1.4,12.036410617806041,-12.122265122265134,4,1232.7896091880034,367.1528849849843
85,1.4166666666666667,4.722827054741913,-6.562161431948624,2,1237.5124362427453,360.5907235530357
86,1.4333333333333333,1.9749475055326684,-5.129740112452879,2,1239.4873837482778,355.4609834405828
87,1.45,0.01923224244649191,-5.299390972605266,2,1239.5066159907242,350.1615924679776
88,1.4666666666666666,-0.25846450644291963,-3.026509220040225,2,1239.2481514842812,347.13508324793736
89,1.4833333333333334,-0.14271218044802936,-3.167320528075237,2,1239.105439303833,343.9677627198621
90,1.5,0.0,-4.0,2,1239.105439303833,339.9677627198621
91,1.5166666666666666,0.12226512226516206,-1.9634491634491553,2,1239.2277044260982,338.00431355641297
92,1.5333333333333334,-0.06830206830204588,-1.5865608465608432,2,1239.1594023577961,336.41775270985215
93,1.55,-1.434343434343475,-1.4333333333333655,2,1237.7250589234527,334.98441937651876
94,1.5666666666666667,-0.08932461873644115,-0.5328976034858215,2,1237.6357343047162,334.45152177303294
95,1.5833333333333333,-0.13920178000279293,-0.5635706248972951,2,1237.4965325247133,333.88795114813564
96,1.6,-0.030732860520004124,-0.7664947345797941,2,1237.4657996641934,333.12145641355585
97,1.6166666666666667,0.0,-0.6923076923076792,2,1237.4657996641934,332.42914872124817
98,1.6333333333333333,-0.1257861635219797,-0.36576358651836927,2,1237.3400135006714,332.0633851347298
99,1.65,-0.2380952380952408,-0.1682539682539641,2,1237.1019182625762,331.89513116647584
100,1.6666666666666667,-0.1408805031447855,-0.0974842767295172,2,1236.9610377594313,331.7976468897463
101,1.6833333333333333,0.0,0.0,2,1236.9610377594313,331.7976468897463
102,1.7,0.0,0.0,2,1236.9610377594313,331.7976468897463
103,1.7166666666666666,0.0,0.0,2,1236.9610377594313,331.7976468897463
104,1.7333333333333334,0.0,0.0,3,1236.9610377594313,331.7976468897463
105,1.75,-0.22028985507245125,0.6476190476190595,3,1236.7407479043588,332.4452659373654
106,1.7666666666666666,0.22028985507245125,3.0,3,1236.9610377594313,335.4452659373654
107,1.7833333333333334,1.2930232558142052,7.0,3,1238.2540610152455,342.4452659373654
108,1.8,1.2403100775193252,8.759689922480675,3,1239.4943710927648,351.20495585984605
109,1.8166666666666667,1.6601307189541785,6.339869281045708,3,1241.154501811719,357.54482514089176
110,1.8333333333333333,3.806535947712291,14.660130718954292,4,1244.9610377594313,372.20495585984605
111,1.85,2.67077232271032,6.836204421475685,4,1247.6318100821416,379.0411602813217
112,1.8666666666666667,1.4947530864198484,4.691358024691397,4,1249.1265631685615,383.7325183060131
113,1.8833333333333333,3.6743535988816802,8.0,3,1252.8009167674431,391.7325183060131
114,1.9,2.2515723270441867,2.904761904761898,3,1255.0524890944873,394.637280210775
115,1.9166666666666667,1.0551378446114086,1.147869674185472,3,1256.1076269390987,395.78514988496045
116,1.9333333333333333,1.2361111111110858,1.4307017543859502,3,1257.3437380502098,397.2158516393464
117,1.95,0.5061728395060072,0.22598870056492615,3,1257.8499108897158,397.4418403399113
118,1.9666666666666666,0.5560625814864579,0.2868318122555138,3,1258.4059734712023,397.72867215216684
119,1.9833333333333334,1.5396825396825307,0.705128205128176,3,1259.9456560108847,398.433800357295
120,2.0,4.0,2.3974358974360257,3,1263.9456560108847,400.83123625473104
121,2.0166666666666666,2.533333333333303,1.5193798449612643,3,1266.478989344218,402.3506160996923
122,2.033333333333333,3.392592592592564,1.1851851851852189,3,1269.8715819368106,403.5358012848775
123,2.05,2.3256464011180924,1.1171171171171181,3,1272.1972283379287,404.6529184019946
124,2.066666666666667,1.4968553459118539,0.3899371069181825,3,1273.6940836838405,405.0428555089128
125,2.0833333333333335,0.4833333333333485,0.3956747213946983,3,1274.1774170171739,405.4385302303075
126,2.1,0.0,0.0,3,1274.1774170171739,405.4385302303075
127,2.1166666666666667,0.33212159527965923,0.23224080874020103,4,1274.5095386124535,405.6707710390477
128,2.1333333333333333,1.0181280117326992,0.3170275538696501,4,1275.5276666241862,405.98779859291733
129,2.15,1.4656156235660092,0.6271798788478122,4,1276.9932822477522,406.61497847176514
130,2.1666666666666665,0.0,0.0,4,1276.9932822477522,406.61497847176514
131,2.183333333333333,0.0,0.0,4,1276.9932822477522,406.61497847176514
132,2.2,-5.734235097547753,-2.324711511398789,4,1271.2590471502044,404.29026696036635
133,2.216666666666667,-9.882346339208993,-5.720683963821216,4,1261.3767008109953,398.56958299654514
134,2.2333333333333334,-20.336204421475713,-11.663795578524287,4,1241.0404963895196,386.90578741802085
135,2.25,-34.48491514770592,-19.20112612612614,4,1206.5555812418138,367.7046612918947
136,2.2666666666666666,-39.07775467775468,-23.440055440055403,3,1167.4778265640591,344.2646058518393
137,2.283333333333333,-44.40512820512822,-26.252136752136835,3,1123.072698358931,318.01246909970246
138,2.3,-25.902923976608236,-14.979532163742647,3,1097.1697743823227,303.0329369359598
139,2.316666666666667,-51.0,-25.803296119085644,3,1046.1697743823227,277.22964081687417
140,2.3333333333333335,-30.727891156462647,-19.14965986394543,3,1015.44188322586,258.07998095292874
141,2.35,-16.614814814814963,-11.59259259259261,3,998.827068411045,246.48738836033613
142,2.3666666666666667,-33.38518518518504,-21.89074074074074,3,965.44188322586,224.5966476195954
143,2.3833333333333333,-13.384471817842496,-10.512877939529744,2,952.0574114080175,214.08376968006564
144,2.4,-7.004417071046419,-5.385354383702634,2,945.0529943369711,208.698415296363
145,2.4166666666666665,-13.47953216374276,-11.18071504518872,2,931.5734621732283,197.5177002511743
146,2.433333333333333,-4.298245614035068,-4.279385964912251,2,927.2752165591933,193.23831428626204
147,2.45,-2.9520270270271567,-2.5020270270270544,2,924.3231895321661,190.73628725923498
148,2.466666666666667,-3.881306306306101,-3.139639639639597,2,920.44188322586,187.5966476195954
149,2.4833333333333334,-1.0000000000001137,-1.0,2,919.4418832258599,186.5966476195954
150,2.5,-0.3798449612402237,-0.12015503875971945,2,919.0620382646197,186.47649258083567
151,2.5166666666666666,-0.6201550387596626,-0.6381782945736063,2,918.44188322586,185.83831428626206
152,2.533333333333333,0.0,0.0,2,918.44188322586,185.83831428626206
153,2.55,0.0,0.0,2,918.44188322586,185.83831428626206
154,2.566666666666667,0.0,0.0,2,918.44188322586,185.83831428626206
155,2.5833333333333335,0.0,0.0,2,918.44188322586,185.83831428626206
156,2.6,0.0,0.0,2,918.44188322586,185.83831428626206
157,2.6166666666666667,0.0,0.0,2,918.44188322586,185.83831428626206
158,2.6333333333333333,0.026315789473642326,0.12280701754383472,2,918.4681990153337,185.9611213038059
159,2.65,0.6609428977849348,0.4006485809117635,2,919.1291419131186,186.36176988471766
160,2.6666666666666665,1.174563018167646,0.11472269611800812,2,920.3037049312862,186.47649258083567
161,2.683333333333333,0.13817829457377684,0.1201550387596626,2,920.44188322586,186.59664761959533
162,2.7,0.25833333333332575,0.2583333333333826,2,920.7002165591933,186.8549809529287
163,2.716666666666667,0.26225868725862256,-0.09488416988421022,2,920.962475246452,186.7600967830445
164,2.7333333333333334,2.479407979407938,1.8365508365508845,2,923.4418832258599,188.5966476195954
165,2.75,0.35416666666674246,0.6124999999999545,2,923.7960498925266,189.20914761959534
166,2.7666666666666666,1.7840116279070344,1.507655038759708,2,925.5800615204337,190.71680265835505
167,2.783333333333333,0.0,0.0,2,925.5800615204337,190.71680265835505
168,2.8,0.24166666666667425,0.0,3,925.8217281871003,190.71680265835505
169,2.816666666666667,0.0,0.0,3,925.8217281871003,190.71680265835505
170,2.8333333333333335,-0.5955185955185698,-0.8348348348348509,3,925.2262095915818,189.8819678235202
171,2.85,-8.906767232348557,-6.0,3,916.3194423592332,183.8819678235202
172,2.8666666666666667,-6.0,-3.0,3,910.3194423592332,180.8819678235202
173,2.8833333333333333,-24.279279279279308,-12.279279279279308,3,886.0401630799539,168.6026885442409
174,2.9,-20.0338520338521,-8.720720720720692,3,866.0063110461018,159.8819678235202
175,2.9166666666666665,-13.686868686868593,-7.0,3,852.3194423592332,152.8819678235202
176,2.933333333333333,-34.51666666666688,-15.720720720720806,3,817.8027756925663,137.1612471027994
177,2.95,-20.794444444444252,-9.755469755469676,3,797.0083312481221,127.40577734732972
178,2.966666666666667,-16.68888888888887,-7.523809523809518,3,780.3194423592332,119.8819678235202
179,2.9833333333333334,-11.0,-6.0,3,769.3194423592332,113.8819678235202
180,3.0,-19.68888888888887,-10.0,3,749.6305534703444,103.8819678235202
181,3.0166666666666666,-6.745098039215804,-4.338164251207786,3,742.8854554311285,99.54380357231241
182,3.033333333333333,-4.425120772946855,-2.428687687219707,2,738.4603346581816,97.1151158850927
183,3.05,-6.334212751564337,-4.4406201753380685,2,732.1261219066173,92.67449570975464
184,3.066666666666667,-2.9551055522467777,-2.4838859109258067,2,729.1710163543705,90.19060979882883
185,3.0833333333333335,-1.189457275421148,-1.5629600217648942,2,727.9815590789494,88.62764977706394
186,3.1,-3.0531769267563504,-2.911470362545458,2,724.9283821521931,85.71617941451848
187,3.1166666666666667,-1.2646121746340668,-0.9893377316316787,2,723.663769977559,84.7268416828868
188,3.1333333333333333,-0.3623188405797464,-0.6376811594203105,2,723.3014511369793,84.08916052346649
189,3.15,-2.2507685551163377,-1.8353096179183126,2,721.0506825818629,82.25385090554818
190,3.1666666666666665,-1.098709288121654,-1.1609293517986998,2,719.9519732937413,81.09292155374948
191,3.183333333333333,-0.7431377537253638,-0.6571081662387996,2,719.2088355400159,80.43581338751068
192,3.2,-1.4194616977225678,-1.7814354727398154,2,717.7893738422933,78.65437791477086
193,3.216666666666667,-0.9879227053140767,-0.809661835748841,2,716.8014511369793,77.84471607902202
194,3.2333333333333334,-0.4608695652173651,-0.32318840579705466,2,716.340581571762,77.52152767322497
195,3.25,-1.135555555555527,-1.0688888888888926,2,715.2050260162064,76.45263878433607
196,3.2666666666666666,-0.26444444444445026,-0.43111111111110745,2,714.9405815717619,76.02152767322497
197,3.283333333333333,-0.18787878787884438,-0.11111111111114269,2,714.752702783883,75.91041656211382
198,3.3,-0.23989898989890435,-0.10555555555555429,2,714.5128037939842,75.80486100655827
199,3.316666666666667,-0.12198067632851917,-0.35096618357485454,2,714.3908231176556,75.45389482298341
200,3.3333333333333335,-0.5073296684990964,-0.27436406175024786,2,713.8834934491565,75.17953076123317
201,3.35,-0.8581325775468258,-0.3494794959230205,2,713.0253608716097,74.83005126531015
202,3.3666666666666667,-5.547721396874522,-0.6406362681415771,2,707.4776394747352,74.18941499716857
203,3.3833333333333333,-7.901534398699766,0.2818990008427136,2,699.5761050760354,74.47131399801128
204,3.4,-6.231109501229412,0.8013552277250824,2,693.344995574806,75.27266922573637
205,3.4166666666666665,-11.253959081621531,1.328676478919533,2,682.0910364931844,76.6013457046559
206,3.433333333333333,-20.51928960976946,2.773840505154425,2,661.571746883415,79.37518620981032
207,3.45,-8.874732563115117,1.172657252888314,2,652.6970143202999,80.54784346269864
208,3.466666666666667,-11.872466503812348,1.4736842105263293,2,640.8245478164876,82.02152767322497
209,3.4833333333333334,-20.72031344183239,2.857142857142833,1,620.1042343746551,84.8786705303678
210,3.5,-6.3158182813355666,0.6754241926655595,1,613.7884160933195,85.55409472303336
211,3.5166666666666666,-8.152090621355967,1.4022155588872351,1,605.6363254719636,86.9563102819206
212,3.533333333333333,-9.693346508563877,1.421277997364939,1,595.9429789633997,88.37758827928553
213,3.55,-3.466073781291186,0.7091567852438061,1,592.4769051821086,89.08674506452934
214,3.566666666666667,-3.821999256781851,0.8835005574135835,1,588.6549059253267,89.97024562194292
215,3.5833333333333335,-0.5982905982905891,0.051282051282043994,1,588.0566153270361,90.02152767322497
216,3.6,0.0,0.0,1,588.0566153270361,90.02152767322497
217,3.6166666666666667,0.0,0.0,1,588.0566153270361,90.02152767322497
218,3.6333333333333333,0.0,0.0,1,588.0566153270361,90.02152767322497
219,3.65,0.0,0.0,1,588.0566153270361,90.02152767322497
220,3.6666666666666665,0.0,0.0,1,588.0566153270361,90.02152767322497
221,3.683333333333333,0.0,0.0,1,588.0566153270361,90.02152767322497
222,3.7,0.0,0.0,1,588.0566153270361,90.02152767322497
223,3.716666666666667,0.04444444444442297,0.303703703703718,1,588.1010597714805,90.32523137692868
224,3.7333333333333334,0.08599033816426527,0.14557165861509702,1,588.1870501096448,90.47080303554378
225,3.75,-0.08599033816426527,-0.14557165861509702,1,588.1010597714805,90.32523137692868
226,3.7666666666666666,0.0,0.0,1,588.1010597714805,90.32523137692868
227,3.783333333333333,-0.9167848699763113,0.41970055161544906,1,587.1842749015043,90.74493192854413
228,3.8,-1.0832151300236887,-0.41970055161544906,1,586.1010597714805,90.32523137692868
229,3.816666666666667,-0.20931899641578866,0.3916367980883706,1,585.8917407750648,90.71686817501705
230,3.8333333333333335,-0.4308701288796897,0.2195531152291892,1,585.4608706461852,90.93642129024624
231,3.85,0.0,0.0,1,585.4608706461852,90.93642129024624
232,3.8666666666666667,0.0,0.0,1,585.4608706461852,90.93642129024624
233,3.8833333333333333,0.0,0.0,1,585.4608706461852,90.93642129024624
234,3.9,1.7479185938945534,1.6720629047178477,1,587.2087892400798,92.60848419496409
235,3.9166666666666665,5.065054551375908,2.2969386093469666,1,592.2738437914556,94.90542280431106
236,3.933333333333333,18.203061390653033,6.1813222602182805,1,610.4769051821087,101.08674506452934
237,3.95,57.867775988548885,15.264000715691509,1,668.3446811706576,116.35074578022085
238,3.966666666666667,34.48188720802182,9.154349968121494,1,702.8265683786794,125.50509574834234
239,3.9833333333333334,53.23004694835686,12.946539451764295,1,756.0566153270363,138.45163520010664
240,4.0,99.0,27.56989247311833,2,855.0566153270363,166.02152767322497
241,4.016666666666667,36.85257908680069,13.205314009661834,2,891.909194413837,179.2268416828868
242,4.033333333333333,47.62706446936255,18.854968216794887,2,939.5362588831995,198.08180989968167
243,4.05,69.30403867679433,31.602747832587795,3,1008.8402975599938,229.68455773226947
244,4.066666666666666,23.567901234568012,11.794871794871796,3,1032.408198794562,241.47942952714126
245,4.083333333333333,45.80503144654085,24.45633593459678,3,1078.2132302411028,265.935765461738
246,4.1,20.194968553459148,12.460317460317526,3,1098.408198794562,278.39608292205554
247,4.116666666666666,10.0,6.759689922480561,3,1108.408198794562,285.1557728445361
248,4.133333333333334,18.18767849857204,15.316390290795425,3,1126.595877293134,300.4721631353315
249,4.15,8.052631578947398,7.762280701754378,4,1134.6485088720815,308.2344438370859
250,4.166666666666667,4.174285714285759,4.154339100446293,4,1138.8227945863673,312.3887829375322
251,4.183333333333334,4.912921810699572,8.245370370370381,3,1143.7357163970669,320.6341533079026
252,4.2,0.0943589743587836,3.4652991452991273,3,1143.8300753714257,324.0994524532017
253,4.216666666666667,0.0,2.0,3,1143.8300753714257,326.0994524532017
254,4.233333333333333,-0.97364341085256,3.2016460905350073,3,1142.856431960573,329.3010985437367
255,4.25,-3.738475177304963,4.48020094562645,3,1139.117956783268,333.78129948936316
256,4.266666666666667,-0.2615248226950371,1.7622222222221922,3,1138.856431960573,335.54352171158536
257,4.283333333333333,-1.9583333333332575,4.79259259259257,3,1136.8980986272397,340.33611430417795
258,4.3,-0.17348927875241316,3.1300194931774,4,1136.7246093484873,343.4661337973554
259,4.316666666666666,0.04398042206975106,1.2963213691550948,4,1136.7685897705571,344.76245516651045
260,4.333333333333333,-0.010225960745515295,1.6722222222221887,4,1136.7583638098117,346.43467738873267
261,4.35,0.010225960745515295,1.8743961352656981,4,1136.7685897705574,348.30907352399834
262,4.366666666666666,-0.1201550387596626,0.541127617467339,4,1136.6484347317978,348.8502011414657
263,4.383333333333334,0.14884540410855607,1.6721955455125652,4,1136.7972801359065,350.52239668697825
264,4.4,0.48770588338715015,0.31457859765693286,4,1137.2849860192937,350.8369752846352
265,4.416666666666667,0.8466185410333651,0.3371739130434577,4,1138.131604560327,351.1741491976786
266,4.433333333333334,0.017336485421594716,0.01893217893220367,4,1138.1489410457486,351.19308137661085
267,4.45,0.23132668674622892,0.0020994832041196787,4,1138.3802677324948,351.19518085981497
268,4.466666666666667,0.21816336884842258,-0.728976407914729,4,1138.598431101343,350.46620445190024
269,4.483333333333333,1.2364433811802087,-0.5504629629629676,4,1139.8348744825232,349.9157414889373
270,4.5,0.20635964912293048,-0.24020562770560616,4,1140.0412341316462,349.67553586123165
271,4.516666666666667,0.2656755226030896,-0.3496711729547286,4,1140.3069096542492,349.3258646882769
272,4.533333333333333,0.0,0.0,4,1140.3069096542492,349.3258646882769
273,4.55,-0.014690982776130568,-0.1201550387596626,4,1140.2922186714732,349.20570964951725
274,4.566666666666666,0.0,0.0,4,1140.2922186714732,349.20570964951725
275,4.583333333333333,-0.870372469975564,0.8127218398730349,4,1139.4218462014976,350.0184314893903
276,4.6,-3.9525699168555093,8.09280792420327,4,1135.469276284642,358.1112394135936
277,4.616666666666666,-2.248253968253948,5.480869324473957,4,1133.2210223163881,363.5921087380675
278,4.633333333333334,-4.893667737418809,10.745507371715703,4,1128.3273545789693,374.3376161097832
279,4.65,-9.934996468289228,22.080800593031867,5,1118.39235811068,396.4184167028151
280,4.666666666666667,-3.8073089700997116,10.0,5,1114.5850491405804,406.4184167028151
281,4.683333333333334,-13.435714285714312,26.112070874861615,5,1101.149334854866,432.5304875776767
282,4.7,-8.66063122923589,16.202297895902518,6,1092.4887036256303,448.7327854735792
283,4.716666666666667,-7.007313481443703,9.64998265437606,6,1085.4813901441867,458.3827681279553
284,4.733333333333333,-15.241401526414961,21.578366821007336,6,1070.2399886177718,479.9611349489626
285,4.75,-6.8660871025648476,9.887473706236733,6,1063.3739015152069,489.8486086551993
286,4.766666666666667,-4.0,6.0,5,1059.3739015152069,495.8486086551993
287,4.783333333333333,-5.482515813342843,7.37293268110875,5,1053.891385701864,503.22154133630806
288,4.8,-5.408558391910219,7.534837834504856,5,1048.4828273099538,510.7563791708129
289,4.816666666666666,-1.8065359477125185,2.2518454190186503,5,1046.6762913622413,513.0082245898316
290,4.833333333333333,-2.0,2.0,5,1044.6762913622413,515.0082245898316
291,4.85,-2.2817610062891163,3.0,5,1042.3945303559522,518.0082245898316
292,4.866666666666666,-0.8433048433048498,0.8050314465409087,5,1041.5512255126473,518.8132560363724
293,4.883333333333334,-1.0511278195488103,1.1467236467236148,5,1040.5000976930985,519.959979683096
294,4.9,-0.4939322301023594,0.8022064617808837,5,1040.0061654629963,520.7621861448769
295,4.916666666666667,-0.7027777777775555,0.34462269756386377,5,1039.3033876852187,521.1068088424407
296,4.933333333333334,0.0,0.0,5,1039.3033876852187,521.1068088424407
297,4.95,0.0,0.0,5,1039.3033876852187,521.1068088424407
298,4.966666666666667,0.0,0.0,5,1039.3033876852187,521.1068088424407
299,4.983333333333333,0.0,0.0,6,1039.3033876852187,521.1068088424407
300,5.0,0.0,0.0,6,1039.3033876852187,521.1068088424407
301,5.016666666666667,-0.2394450964460475,0.11828814460392323,6,1039.0639425887725,521.2250969870447
302,5.033333333333333,-0.4475462657836715,0.2603666789714225,6,1038.6163963229887,521.4854636660161
303,5.05,-9.00338442198904,2.8065848879801933,6,1029.6130119009997,524.2920485539963
304,5.066666666666666,-12.531914893617,3.7619990103908663,6,1017.0810970073827,528.0540475643872
305,5.083333333333333,-38.38671694950767,10.778911564625787,6,978.694380057875,538.832959129013
306,5.1,-30.891628640020542,8.583118001722653,6,947.8027514178546,547.4160771307356
307,5.116666666666666,-44.858156028368796,12.12343470483006,6,902.9445953894858,559.5395118355657
308,5.133333333333334,-36.10541144901606,8.486167341430502,6,866.8391839404698,568.0256791769962
309,5.15,-21.476912568306034,5.149452306900969,6,845.3622713721637,573.1751314838971
310,5.166666666666667,-46.17732023592691,10.473354710642894,6,799.1849511362368,583.6484861945399
311,5.183333333333334,-24.45454545454544,4.2323232323232105,6,774.7304056816913,587.8808094268632
312,5.2,-14.130972250690547,2.685814022578768,6,760.5994334310008,590.566623449442
313,5.216666666666667,-19.945972069833033,2.8911103359060064,6,740.6534613611677,593.457733785348
314,5.233333333333333,-20.70027896849689,2.6246902944457133,6,719.9531823926709,596.0824240797937
315,5.25,-6.463979490981046,0.13963963963962556,6,713.4892029016899,596.2220637194333
316,5.266666666666667,-6.892060274560322,-0.7520999570999436,6,706.5971426271295,595.4699637623334
317,5.283333333333333,-7.138690476190391,-1.786859903381611,6,699.4584521509391,593.6831038589518
318,5.3,-2.5252363280951613,-0.8369017839416415,6,696.933215822844,592.8462020750101
319,5.316666666666666,-3.7692307692307168,-1.7777777777777715,5,693.1639850536133,591.0684242972322
320,5.333333333333333,-6.3616843860745576,-2.0,5,686.8023006675387,589.0684242972322
321,5.35,-3.146666666666647,-1.0,5,683.655634000872,588.0684242972322
322,5.366666666666666,-9.683760683760624,-1.0,5,673.9718733171114,587.0684242972322
323,5.383333333333334,-5.26606334841631,0.0,5,668.7058099686951,587.0684242972322
324,5.4,-2.875,0.0,5,665.8308099686951,587.0684242972322
325,5.416666666666667,-1.3266460905350073,-0.22222222222222854,5,664.5041638781602,586.8462020750101
326,5.433333333333334,-0.4795518207282612,-0.35508524397414476,5,664.0246120574319,586.4911168310359
327,5.45,-0.23738738738745724,-0.2792792792792511,5,663.7872246700445,586.2118375517566
328,5.466666666666667,-1.073934837092736,-0.945099139543629,5,662.7132898329517,585.266738412213
329,5.483333333333333,-2.125947585011943,-0.9979797979797809,5,660.5873422479397,584.2687586142333
330,5.5,-1.0500000000000114,-0.3131313131312936,5,659.5373422479397,583.955627301102
331,5.516666666666667,-0.977564102564088,-0.2792792792792511,5,658.5597781453756,583.6763480218228
332,5.533333333333333,0.0,0.0,6,658.5597781453756,583.6763480218228
333,5.55,0.0,0.0,6,658.5597781453756,583.6763480218228
334,5.566666666666666,0.0,0.0,6,658.5597781453756,583.6763480218228
335,5.583333333333333,0.09779093359713897,0.6342937048899273,6,658.6575690789728,584.3106417267128
336,5.6,-0.3136649514007104,8.2122697563874,6,658.343904127572,592.5229114831002
337,5.616666666666666,1.526645289357134,7.168704369847944,6,659.8705494169292,599.6916158529482
338,5.633333333333334,2.7555555555555884,11.340504876649447,6,662.6261049724848,611.0321207295976
339,5.65,1.337224706077052,17.006192546242318,6,663.9633296785619,628.03831327584
340,5.666666666666667,0.6569672131147968,6.984271284271301,6,664.6202968916766,635.0225845601112
341,5.683333333333334,0.3492063492063835,11.555569026497437,6,664.969503240883,646.5781535866087
342,5.7,-2.437158469945416,16.64868676185438,5,662.5323447709376,663.226840348463
343,5.716666666666667,-1.562841530054584,5.0625,5,660.969503240883,668.289340348463
344,5.733333333333333,-3.18181818181813,7.134796238244576,5,657.7876850590649,675.4241365867076
345,5.75,-4.306342999891427,9.179335288367497,4,653.4813420591735,684.6034718750751
346,5.766666666666667,-1.0101553166069266,2.4966374894406727,4,652.4711867425665,687.1001093645158
347,5.783333333333333,-3.2917112048757247,3.7235449735450175,4,649.1794755376908,690.8236543380608
348,5.8,-1.0814092140921616,1.5586419753086318,4,648.0980663235987,692.3822963133695
349,5.816666666666666,-0.8827160493827932,0.3873343813736483,4,647.2153502742159,692.7696306947431
350,5.833333333333333,-1.0568796309881634,0.5273060827441611,4,646.1584706432277,693.2969367774873
351,5.85,-0.9603562012671034,0.14043534216574471,4,645.1981144419606,693.437372119653
352,5.866666666666666,0.0,0.0,4,645.1981144419606,693.437372119653
353,5.883333333333334,-0.15761812682839604,0.18665132772736115,4,645.0404963151321,693.6240234473803
354,5.9,0.0,0.0,4,645.0404963151321,693.6240234473803
355,5.916666666666667,0.0,0.0,4,645.0404963151321,693.6240234473803
356,5.933333333333334,0.0,0.0,4,645.0404963151321,693.6240234473803
357,5.95,0.0,0.0,4,645.0404963151321,693.6240234473803
358,5.966666666666667,-0.10256410256414483,0.0,4,644.9379322125681,693.6240234473803
359,5.983333333333333,0.10256410256414483,0.18288538770471519,4,645.0404963151323,693.806908835085
360,6.0,-0.07317073170730737,0.7226240599760274,4,644.967325583425,694.529532895061
361,6.016666666666667,-1.8246123560399212,2.147728970566334,4,643.1427132273851,696.6772618656273
362,6.033333333333333,-8.16949191672586,7.114027471671221,4,634.9732213106593,703.7912893372985
363,6.05,-4.920425798739785,4.127746721877145,4,630.0527955119195,707.9190360591756
364,6.066666666666666,-15.80551542298329,10.261103286385008,4,614.2472800889362,718.1801393455606
365,6.083333333333333,-9.995171631157262,5.991332611050893,4,604.252108457779,724.1714719566115
366,6.1,-5.78448879650918,3.2141133983387533,4,598.4676196612697,727.3855853549503
367,6.116666666666666,-6.635646938222621,4.399866229339551,4,591.8319727230471,731.7854515842898
368,6.133333333333334,-10.54872278472638,4.48858447488584,4,581.2832499383208,736.2740360591756
369,6.15,-3.6353304553397123,1.4761352657004636,4,577.647919482981,737.7501713248761
370,6.166666666666667,-7.373364854215907,2.593623188405786,3,570.2745546287651,740.3437945132819
371,6.183333333333334,-2.652661064425729,0.8788554440728831,3,567.6218935643394,741.2226499573547
372,6.2,-1.745370370370324,0.11863247863243487,3,565.8765231939691,741.3412824359872
373,6.216666666666667,-2.3281380928439717,0.4453542100601453,3,563.5483851011252,741.7866366460473
374,6.233333333333333,-5.1151960784313815,0.9877569877569385,3,558.4331890226938,742.7743936338043
375,6.25,-2.3651498335183305,0.821449478983709,3,556.0680391891755,743.595843112788
376,6.266666666666667,-3.4579874213836206,0.9006144653023966,3,552.6100517677919,744.4964575780904
377,6.283333333333333,-4.960000000000008,2.0579338357116512,3,547.6500517677919,746.554391413802
378,6.3,-2.824912280701767,1.1511641511642665,3,544.8251394870902,747.7055555649663
379,6.316666666666666,-4.391950464396274,1.382992748846391,3,540.4331890226939,749.0885483138127
380,6.333333333333333,-4.272690519506796,1.5278716216216708,3,536.1604985031871,750.6164199354344
381,6.35,-0.19334235829080626,-0.032317073170816,3,535.9671561448963,750.5841028622635
382,6.366666666666666,-0.3771043771043594,0.1742504409171488,3,535.5900517677919,750.7583533031807
383,6.383333333333334,-0.2884598884599541,-0.030914383218032526,3,535.3015918793319,750.7274389199627
384,6.4,0.0,0.0,3,535.3015918793319,750.7274389199627
385,6.416666666666667,-1.5660905349793666,0.7333679833678843,3,533.7355013443525,751.4608069033305
386,6.433333333333334,0.0,0.0,3,533.7355013443525,751.4608069033305
387,6.45,0.0,0.0,3,533.7355013443525,751.4608069033305
388,6.466666666666667,2.1933423582908347,-0.13316400580549725,3,535.9288437026433,751.327642897525
389,6.483333333333333,30.947551112499553,-5.188802308802224,3,566.8763948151429,746.1388405887228
390,6.5,25.978572872447955,-4.550359937402277,4,592.8549676875909,741.5884806513205
391,6.516666666666667,46.071776934775485,-13.023023988680904,4,638.9267446223664,728.5654566626397
392,6.533333333333333,91.14667100778183,-34.532405361614394,4,730.0734156301482,694.0330513010254
393,6.55,42.81706613952724,-15.795881173683256,5,772.8904817696755,678.2371701273421
394,6.566666666666666,94.46187796535361,-48.22222222222223,5,867.352359735029,630.0149479051199
395,6.583333333333333,49.55460263007433,-26.509221772379647,5,916.9069623651034,603.5057261327403
396,6.6,28.696969696969745,-14.69590643274853,5,945.6039320620731,588.8098196999917
397,6.616666666666666,36.053333333333285,-19.0,5,981.6572653954064,569.8098196999917
398,6.633333333333334,42.238095238095184,-21.0,5,1023.8953606335016,548.8098196999917
399,6.65,11.780141843971592,-5.283687943262407,5,1035.6755024774732,543.5261317567293
400,6.666666666666667,14.0,-6.716312056737593,6,1049.6755024774732,536.8098196999917
401,6.683333333333334,13.483333333333348,-7.7596899224807885,5,1063.1588358108065,529.050129777511
402,6.7,3.8303030303029573,-1.7736434108526282,5,1066.9891388411095,527.2764863666583
403,6.716666666666667,4.8267543859648185,-2.2468085106382887,5,1071.8158932270744,525.02967785602
404,6.733333333333333,1.045925925926099,-0.7185185185185219,5,1072.8618191530004,524.3111593375015
405,6.75,0.005954279638444859,-0.08782963698558888,5,1072.8677734326388,524.2233297005159
406,6.766666666666667,0.0,0.0,5,1072.8677734326388,524.2233297005159
407,6.783333333333333,0.0,0.0,0,1072.8677734326388,524.2233297005159
408,6.8,0.0,0.0,0,1072.8677734326388,524.2233297005159
409,6.816666666666666,0.0,0.0,0,1072.8677734326388,524.2233297005159
410,6.833333333333333,0.0,0.0,0,1072.8677734326388,524.2233297005159
411,6.85,0.0,0.0,0,1072.8677734326388,524.2233297005159
412,6.866666666666666,0.0,0.0,0,1072.8677734326388,524.2233297005159
413,6.883333333333334,0.0,0.0,0,1072.8677734326388,524.2233297005159
414,6.9,0.0,0.0,0,1072.8677734326388,524.2233297005159
415,6.916666666666667,0.0,0.0,0,1072.8677734326388,524.2233297005159
416,6.933333333333334,0.0,0.0,0,1072.8677734326388,524.2233297005159
417,6.95,0.0,0.0,0,1072.8677734326388,524.2233297005159
418,6.966666666666667,0.0,0.0,0,1072.8677734326388,524.2233297005159
419,6.983333333333333,0.0,0.0,0,1072.8677734326388,524.2233297005159
420,7.0,0.0,0.0,0,1072.8677734326388,524.2233297005159
421,7.016666666666667,0.0,0.0,0,1072.8677734326388,524.2233297005159
422,7.033333333333333,0.0,0.0,0,1072.8677734326388,524.2233297005159
423,7.05,0.0,0.0,0,1072.8677734326388,524.2233297005159
424,7.066666666666666,0.0,0.0,0,1072.8677734326388,524.2233297005159
425,7.083333333333333,0.0,0.0,0,1072.8677734326388,524.2233297005159
426,7.1,0.0,0.0,0,1072.8677734326388,524.2233297005159
427,7.116666666666666,0.0,0.0,0,1072.8677734326388,524.2233297005159
428,7.133333333333334,0.0,0.0,0,1072.8677734326388,524.2233297005159
429,7.15,0.0,0.0,0,1072.8677734326388,524.2233297005159
430,7.166666666666667,0.0,0.0,0,1072.8677734326388,524.2233297005159
431,7.183333333333334,0.0,0.0,0,1072.8677734326388,524.2233297005159
432,7.2,0.0,0.0,0,1072.8677734326388,524.2233297005159
433,7.216666666666667,0.0,0.0,0,1072.8677734326388,524.2233297005159
434,7.233333333333333,0.0,0.0,0,1072.8677734326388,524.2233297005159
435,7.25,0.0,0.0,0,1072.8677734326388,524.2233297005159
436,7.266666666666667,0.0,0.0,0,1072.8677734326388,524.2233297005159
437,7.283333333333333,0.0,0.0,0,1072.8677734326388,524.2233297005159
438,7.3,0.0,0.0,0,1072.8677734326388,524.2233297005159
439,7.316666666666666,0.0,0.0,0,1072.8677734326388,524.2233297005159
440,7.333333333333333,0.0,0.0,0,1072.8677734326388,524.2233297005159
441,7.35,0.0,0.0,0,1072.8677734326388,524.2233297005159
442,7.366666666666666,0.0,0.0,0,1072.8677734326388,524.2233297005159
443,7.383333333333334,0.0,0.0,0,1072.8677734326388,524.2233297005159
444,7.4,0.0,0.0,0,1072.8677734326388,524.2233297005159
445,7.416666666666667,0.0,0.0,0,1072.8677734326388,524.2233297005159
446,7.433333333333334,0.0,0.0,0,1072.8677734326388,524.2233297005159
447,7.45,0.0,0.0,6,1072.8677734326388,524.2233297005159
448,7.466666666666667,-2.2312661498708053,-0.12015503875971945,6,1070.636507282768,524.1031746617562
449,7.483333333333333,-0.28714407808911346,0.0,6,1070.3493632046789,524.1031746617562
450,7.5,0.0,0.0,6,1070.3493632046789,524.1031746617562
451,7.516666666666667,0.0,0.0,6,1070.3493632046789,524.1031746617562
452,7.533333333333333,0.0,0.0,6,1070.3493632046789,524.1031746617562
453,7.55,0.0,0.0,6,1070.3493632046789,524.1031746617562
454,7.566666666666666,-0.06292517006806975,0.0,6,1070.286438034611,524.1031746617562
455,7.583333333333333,0.0,0.0,6,1070.286438034611,524.1031746617562
456,7.6,-0.23787990648446566,0.003306878306887029,6,1070.0485581281264,524.106481540063
457,7.616666666666666,-0.17188693259680576,0.11677162992951651,6,1069.8766711955295,524.2232531699925
458,7.633333333333334,-0.2784041970087969,0.3305927491973222,6,1069.5982669985208,524.5538459191898
459,7.65,-1.0343850582528376,3.595195838433341,6,1068.563881940268,528.1490417576232
460,7.666666666666667,-0.9975359911406372,4.212747631352215,6,1067.5663459491273,532.3617893889755
461,7.683333333333334,-1.6391042204995188,7.0077086656033885,6,1065.9272417286277,539.3694980545788
462,7.7,-1.0321969696969973,10.853146853146882,6,1064.8950447589307,550.2226449077257
463,7.716666666666667,-0.5100589225588692,9.107152653547985,6,1064.384985836372,559.3297975612736
464,7.733333333333333,-0.15992907801415868,8.467338418305957,6,1064.2250567583578,567.7971359795796
465,7.75,-1.0652304157991352,8.562931638644898,6,1063.1598263425587,576.3600676182245
466,7.766666666666667,0.219858156028522,6.621468926553689,5,1063.3796844985873,582.9815365447782
467,7.783333333333333,0.2666666666666515,6.319727891156504,5,1063.646351165254,589.3012644359347
468,7.8,0.41291727140765033,3.4761904761905384,5,1064.0592684366616,592.7774549121252
469,7.816666666666666,0.5166666666668789,2.8170212765957103,5,1064.5759351033284,595.5944761887209
470,7.833333333333333,1.004780530204357,1.376442775691885,5,1065.5807156335327,596.9709189644128
471,7.85,0.5889079473984111,1.3398692810458215,5,1066.169623580931,598.3107882454586
472,7.866666666666666,1.2121212121212466,0.6601307189541785,5,1067.3817447930523,598.9709189644128
473,7.883333333333334,0.7878787878787534,1.240310077519382,5,1068.169623580931,600.2112290419323
474,7.9,2.2792792792790806,1.2836879432622936,5,1070.4489028602102,601.4949169851945
475,7.916666666666667,1.9052228271829108,1.279279279279308,5,1072.3541256873932,602.7741962644739
476,7.933333333333334,2.303030303030255,1.772727272727252,5,1074.6571559904235,604.5469235372011
477,7.95,1.6680891417736348,1.748427672955927,5,1076.325245132197,606.295351210157
478,7.966666666666667,0.9806576402321525,1.6445221445221705,5,1077.3059027724294,607.9398733546792
479,7.983333333333333,0.9393939393939945,1.9615384615384528,5,1078.2452967118234,609.9014118162177
480,8.0,1.4802259887004539,3.297222222222331,5,1079.725522700524,613.19863403844
481,8.016666666666667,1.8063237189018082,3.215094339622624,5,1081.5318464194256,616.4137283780626
482,8.033333333333333,1.9277360066834035,3.066387141858854,5,1083.4595824261091,619.4801155199215
483,8.05,1.359147025813627,1.0154612159329872,5,1084.8187294519228,620.4955767358545
484,8.066666666666666,0.0,0.0,5,1084.8187294519228,620.4955767358545
485,8.083333333333334,0.0,-0.16089002995295232,5,1084.8187294519228,620.3346867059015
486,8.1,0.0,-0.24561403508766944,5,1084.8187294519228,620.0890726708138
487,8.116666666666667,-1.6100628930819312,-1.9480874316940344,5,1083.2086665588408,618.1409852391198
488,8.133333333333333,-4.0,-4.994696042431656,5,1079.2086665588408,613.1462891966881
489,8.15,-12.0,-13.031714171015665,5,1067.2086665588408,600.1145750256725
490,8.166666666666666,-14.283687943262294,-15.780141843971592,6,1052.9249786155785,584.3344331817009
491,8.183333333333334,-16.620155038759663,-16.805555555555543,6,1036.3048235768188,567.5288776261453
492,8.2,-26.25833333333344,-28.61904761904762,6,1010.0464902434853,538.9098300070978
493,8.216666666666667,-19.501356589147292,-21.122619047619082,6,990.5451336543381,517.7872109594787
494,8.233333333333333,-20.268559294078898,-23.645833333333314,6,970.2765743602592,494.14137762614536
495,8.25,-29.099822695035414,-35.741666666666674,6,941.1767516652238,458.3997109594787
496,8.266666666666667,-16.641843971631147,-22.390070921985796,6,924.5349076935927,436.0096400374929
497,8.283333333333333,-15.416301169590724,-22.773225214198305,4,909.118606524002,413.2364148232946
498,8.3,-15.850365497075984,-24.243441452468346,4,893.268241026926,388.99297337082623
499,8.316666666666666,-9.635849056603774,-15.5,4,883.6323919703223,373.49297337082623
500,8.333333333333334,-6.7495310603552525,-12.111111111111143,4,876.882860909967,361.3818622597151
501,8.35,-4.414970760233928,-10.415582439702945,4,872.4678901497331,350.9662798200121
502,8.366666666666667,-0.9613972918028537,-4.823775632278057,4,871.5064928579302,346.14250418773406
503,8.383333333333333,0.0,-2.0,4,871.5064928579302,344.14250418773406
504,8.4,0.0,0.0,0,871.5064928579302,344.14250418773406
505,8.416666666666666,0.0,0.0,0,871.5064928579302,344.14250418773406
506,8.433333333333334,0.0,0.0,0,871.5064928579302,344.14250418773406
507,8.45,0.0,0.0,0,871.5064928579302,344.14250418773406
508,8.466666666666667,0.0,0.0,0,871.5064928579302,344.14250418773406
509,8.483333333333333,0.0,0.0,0,871.5064928579302,344.14250418773406
510,8.5,0.0,0.0,0,871.5064928579302,344.14250418773406
511,8.516666666666667,0.0,0.0,0,871.5064928579302,344.14250418773406
512,8.533333333333333,0.0,0.0,0,871.5064928579302,344.14250418773406
513,8.55,0.0,0.0,0,871.5064928579302,344.14250418773406
514,8.566666666666666,0.0,0.0,0,871.5064928579302,344.14250418773406
515,8.583333333333334,0.0,0.0,0,871.5064928579302,344.14250418773406
516,8.6,0.0,0.0,0,871.5064928579302,344.14250418773406
517,8.616666666666667,0.0,0.0,0,871.5064928579302,344.14250418773406
518,8.633333333333333,0.0,0.0,0,871.5064928579302,344.14250418773406
519,8.65,0.0,0.0,0,871.5064928579302,344.14250418773406
520,8.666666666666666,0.0,0.0,0,871.5064928579302,344.14250418773406
521,8.683333333333334,0.0,0.0,0,871.5064928579302,344.14250418773406
522,8.7,0.0,0.0,0,871.5064928579302,344.14250418773406
523,8.716666666666667,0.0,0.0,0,871.5064928579302,344.14250418773406
524,8.733333333333333,0.0,0.0,0,871.5064928579302,344.14250418773406
525,8.75,0.0,0.0,0,871.5064928579302,344.14250418773406
526,8.766666666666667,0.0,0.0,0,871.5064928579302,344.14250418773406
527,8.783333333333333,0.0,0.0,0,871.5064928579302,344.14250418773406
528,8.8,0.0,0.0,0,871.5064928579302,344.14250418773406
529,8.816666666666666,0.0,0.0,0,871.5064928579302,344.14250418773406
530,8.833333333333334,0.0,0.0,0,871.5064928579302,344.14250418773406
531,8.85,0.0,0.0,0,871.5064928579302,344.14250418773406
532,8.866666666666667,0.0,0.0,0,871.5064928579302,344.14250418773406
533,8.883333333333333,0.0,0.0,0,871.5064928579302,344.14250418773406
534,8.9,0.0,0.0,0,871.5064928579302,344.14250418773406
535,8.916666666666666,0.0,0.0,0,871.5064928579302,344.14250418773406
536,8.933333333333334,0.0,0.0,0,871.5064928579302,344.14250418773406
537,8.95,0.0,0.0,0,871.5064928579302,344.14250418773406
538,8.966666666666667,0.0,0.0,0,871.5064928579302,344.14250418773406
539,8.983333333333333,0.0,0.0,0,871.5064928579302,344.14250418773406
540,9.0,0.0,0.0,0,871.5064928579302,344.14250418773406
541,9.016666666666667,0.0,0.0,0,871.5064928579302,344.14250418773406
542,9.033333333333333,0.0,0.0,0,871.5064928579302,344.14250418773406
543,9.05,0.0,0.0,0,871.5064928579302,344.14250418773406
544,9.066666666666666,0.0,0.0,0,871.5064928579302,344.14250418773406
545,9.083333333333334,0.0,0.0,6,871.5064928579302,344.14250418773406
546,9.1,0.019484600879934533,-0.21309523809524933,6,871.5259774588101,343.9294089496388
547,9.116666666666667,0.0,0.0,6,871.5259774588101,343.9294089496388
548,9.133333333333333,0.0,0.0,6,871.5259774588101,343.9294089496388
549,9.15,0.0,0.0,6,871.5259774588101,343.9294089496388
550,9.166666666666666,0.0,0.0,6,871.5259774588101,343.9294089496388
551,9.183333333333334,0.0,0.0,6,871.5259774588101,343.9294089496388
552,9.2,0.12015503875971945,0.0,6,871.6461324975699,343.9294089496388
553,9.216666666666667,0.0,0.0,6,871.6461324975699,343.9294089496388
554,9.233333333333333,0.0,0.0,6,871.6461324975699,343.9294089496388
555,9.25,0.0,0.0,6,871.6461324975699,343.9294089496388
556,9.266666666666667,0.0,0.0,6,871.6461324975699,343.9294089496388
557,9.283333333333333,-0.04313439048712553,0.26199901039088047,6,871.6029981070827,344.19140796002966
558,9.3,-1.5348837209303383,3.3809020436926858,6,870.0681143861524,347.57231000372235
559,9.316666666666666,-0.5119371215715773,3.032278911564674,6,869.5561772645808,350.604588915287
560,9.333333333333334,0.0,6.0,6,869.5561772645808,356.604588915287
561,9.35,3.396511627906989,10.473188923708449,6,872.9526888924878,367.0777778389955
562,9.366666666666667,5.364473684210509,9.10565454239915,6,878.3171625766984,376.1834323813946
563,9.383333333333333,7.116395640263363,8.113818259265202,6,885.4335582169617,384.2972506406598
564,9.4,18.47464607464599,14.163449163449144,6,903.9082042916077,398.4606998041089
565,9.416666666666666,6.837873385093644,5.145363408521291,6,910.7460776767014,403.6060632126302
566,9.433333333333334,9.577232479382587,6.240310077519382,6,920.323310156084,409.8463732901496
567,9.45,11.27738727099188,7.478300559695896,6,931.6006974270758,417.32467384984545
568,9.466666666666667,8.30108363080069,4.599607363424781,6,939.9017810578765,421.9242812132702
569,9.483333333333333,7.543829305969268,4.18355445813242,6,947.4456103638458,426.10783567140265
570,9.5,7.266081871345023,4.475584795321566,6,954.7116922351909,430.5834204667242
571,9.516666666666667,4.60613071139386,3.178169405413996,6,959.3178229465848,433.7615898721382
572,9.533333333333333,3.301388888888823,2.292746773923284,6,962.6192118354736,436.0543366460615
573,9.55,3.533511212756423,2.6839959046365323,6,966.15272304823,438.73833255069803
574,9.566666666666666,2.4779874213836592,2.519589356798633,5,968.6307104696136,441.25792190749667
575,9.583333333333334,2.4096096096095607,2.5786163522013794,5,971.0403200792232,443.83653825969805
576,9.6,4.065497076023462,5.3178519593614055,5,975.1058171552467,449.15439021905945
577,9.616666666666667,2.0,2.0,5,977.1058171552467,451.15439021905945
578,9.633333333333333,2.3278520651402346,3.244948611615257,4,979.433669220387,454.3993388306747
579,9.65,3.598455598455587,4.118693693693672,4,983.0321248188425,458.5180325243684
580,9.666666666666666,1.1060606060605664,1.7939393939394108,4,984.138185424903,460.3119719183078
581,9.683333333333334,0.6714714714714205,1.5297105616254782,4,984.8096568963745,461.8416824799333
582,9.7,1.0458540750993848,2.8866761498339883,4,985.8555109714739,464.7283586297673
583,9.716666666666667,0.36319966583124597,0.9214046582468143,4,986.2187106373051,465.6497632880141
584,9.733333333333333,0.2863472784524106,0.9736842105263293,4,986.5050579157576,466.6234474985405
585,9.75,0.22997076023392538,0.3848484848484759,4,986.7350286759915,467.00829598338896
586,9.766666666666667,0.0,0.0,4,986.7350286759915,467.00829598338896
587,9.783333333333333,0.0,0.0,4,986.7350286759915,467.00829598338896
588,9.8,-0.2170456341509066,0.039340776182882564,4,986.5179830418406,467.04763675957184
589,9.816666666666666,-0.2235878459487708,-0.031123005253277825,4,986.2943951958919,467.01651375431857
590,9.833333333333334,-0.3542276772897708,0.01728395061735455,4,985.940167518602,467.0337977049359
591,9.85,-0.4086105879892443,-0.0342099675433758,4,985.5315569306129,466.9995877373925
592,9.866666666666667,0.0,-0.13817829457363473,4,985.5315569306129,466.86140944281885
593,9.883333333333333,0.0,0.0,4,985.5315569306129,466.86140944281885
594,9.9,0.0,-0.11871345029237546,4,985.5315569306129,466.7426959925265
595,9.916666666666666,0.0,0.0,4,985.5315569306129,466.7426959925265
596,9.933333333333334,0.6552783008997949,0.2799306259757941,4,986.1868352315126,467.0226266185023
597,9.95,1.5035714285714334,1.352104420540087,4,987.6904066600841,468.37473103904233
598,9.966666666666667,2.7664865871832376,2.322023809523813,4,990.4568932472673,470.6967548485661
599,9.983333333333333,5.435395622895726,4.095833333333331,4,995.892288870163,474.7925881818994
600,10.0,9.314814814814781,6.732017543859683,4,1005.2071036849778,481.5246057257591
601,10.016666666666667,7.286568097392319,5.6491228070175055,4,1012.4936717823701,487.17372853277664
602,10.033333333333333,7.55908137983613,6.540913145730286,4,1020.0527531622063,493.71464167850695
603,10.05,7.377192982456222,5.110291136160896,4,1027.4299461446626,498.8249328146678
604,10.066666666666666,6.0,4.0,3,1033.4299461446626,502.8249328146678
605,10.083333333333334,9.790243027531119,5.975428212716338,2,1043.2201891721938,508.80036102738416
606,10.1,3.5,2.0,2,1046.7201891721938,510.80036102738416
607,10.116666666666667,4.166185666185697,2.026455026455068,2,1050.8863748383797,512.8268160538393
608,10.133333333333333,3.329538629538604,1.44519519519514,2,1054.2159134679182,514.2720112490344
609,10.15,1.4825825825826087,0.6659159159159742,2,1055.6984960505008,514.9379271649505
610,10.166666666666666,0.049206349206372124,0.6293650793650443,2,1055.7477023997071,515.5672922443155
611,10.183333333333334,0.48103044496485836,0.20396825396827012,2,1056.2287328446719,515.7712604982837
612,10.2,0.6310959671614569,0.6687401687401291,2,1056.8598288118333,516.4400006670238
613,10.216666666666667,0.9016909180843982,0.6072161154128537,2,1057.7615197299176,517.0472167824366
614,10.233333333333333,2.4586694422760047,1.7531442449475207,2,1060.2201891721936,518.8003610273842
615,10.25,1.8771929824561084,1.5263157894736707,2,1062.0973821546497,520.3266768168578
616,10.266666666666667,0.5481224428593805,0.5086862455283665,2,1062.645504597509,520.8353630623861
617,10.283333333333333,0.19212188777396477,0.03493125232256489,2,1062.837626485283,520.8702943147086
618,10.3,0.11440491875282532,0.09793588054458269,2,1062.9520314040358,520.9682301952532
619,10.316666666666666,0.0,0.0,3,1062.9520314040358,520.9682301952532
620,10.333333333333334,0.0,0.0,3,1062.9520314040358,520.9682301952532
621,10.35,-0.539682539682417,1.5092864125122105,3,1062.4123488643534,522.4775166077654
622,10.366666666666667,-2.5196078431374644,5.430107526881784,3,1059.892741021216,527.9076241346472
623,10.383333333333333,-1.7777777777778283,3.6868686868686495,3,1058.114963243438,531.5944928215158
624,10.4,-2.9354838709678006,8.728947368421132,3,1055.1794793724703,540.323440189937
625,10.416666666666666,-5.205128205128403,17.0,3,1049.9743511673419,557.323440189937
626,10.433333333333334,-3.0,9.777777777777771,3,1046.9743511673419,567.1012179677148
627,10.45,-3.9661479661479007,13.52713178294573,3,1043.008203201194,580.6283497506605
628,10.466666666666667,-7.720720720720692,24.23255813953483,3,1035.2874824804733,604.8609078901953
629,10.483333333333333,-2.5727699530516475,9.313131313131294,3,1032.7147125274216,614.1740392033266
630,10.5,-3.6094483568075475,11.340375586854464,2,1029.1052641706142,625.514414790181
631,10.516666666666667,-2.501602564102541,14.897435897435855,2,1026.6036616065117,640.4118506876168
632,10.533333333333333,-1.8051784816491363,6.66302161890394,2,1024.7984831248625,647.0748723065208
633,10.55,-0.8999497234791534,5.542106586224293,2,1023.8985334013834,652.616978892745
634,10.566666666666666,-1.2196170054635331,3.520058983056117,2,1022.6789163959198,656.1370378758011
635,10.583333333333334,0.44775188428343426,0.5600253162062359,2,1023.1266682802033,656.6970631920074
636,10.6,0.0,0.0,2,1023.1266682802033,656.6970631920074
637,10.616666666666667,-0.0809698372886487,0.0333140394881184,2,1023.0456984429146,656.7303772314955
638,10.633333333333333,0.0809698372886487,-0.0333140394881184,2,1023.1266682802033,656.6970631920074
639,10.65,0.7718651211800989,-0.08008429926235294,2,1023.8985334013834,656.616978892745
640,10.666666666666666,0.5192307692308304,-0.07478632478631653,2,1024.4177641706142,656.5421925679586
641,10.683333333333334,1.3586956521738784,-0.31038647342995773,2,1025.7764598227882,656.2318060945287
642,10.7,0.7246376811594928,0.7826086956521863,2,1026.5010975039477,657.0144147901808
643,10.716666666666667,2.0,0.0,2,1028.5010975039477,657.0144147901808
644,10.733333333333333,1.0277777777778283,-0.08333333333331439,2,1029.5288752817255,656.9310814568476
645,10.75,1.906931251592141,-0.508652691341922,2,1031.4358065333176,656.4224287655056
646,10.766666666666667,0.8461743384698366,-0.05742736386861225,2,1032.2819808717875,656.3650014016371
647,10.783333333333333,1.45522774327128,-2.954753278122837,2,1033.7372086150588,653.4102481235143
648,10.8,-0.23004694835685768,-1.295212765957558,3,1033.507161666702,652.1150353575567
649,10.816666666666666,0.23004694835685768,-1.276595744680776,3,1033.7372086150588,650.838439612876
650,10.833333333333334,-0.4106280193238945,-0.4397163120567029,3,1033.3265805957349,650.3987233008193
651,10.85,-2.7207207207209194,-2.86473429951684,3,1030.605859875014,647.5339890013024
652,10.866666666666667,-4.279279279279081,-4.4833333333333485,3,1026.3265805957349,643.0506556679691
653,10.883333333333333,-7.518518518518476,-8.1159420289855,3,1018.8080620772164,634.9347136389836
654,10.9,-10.039304610733325,-12.0,3,1008.7687574664831,622.9347136389836
655,10.916666666666666,-16.4421768707482,-19.727891156462533,3,992.3265805957349,603.206822482521
656,10.933333333333334,-16.240310077519325,-17.352380952380997,3,976.0862705182155,585.8544415301401
657,10.95,-22.000000000000114,-25.519379844961236,3,954.0862705182154,560.3350616851789
658,10.966666666666667,-15.81232150142796,-19.279279279279308,3,938.2739490167875,541.0557824058995
659,10.983333333333333,-13.947368421052602,-18.466666666666697,3,924.3265805957349,522.5891157392329
660,11.0,-12.0,-21.0,3,912.3265805957349,501.58911573923285
661,11.016666666666667,-8.32719075965008,-13.979493100225426,3,903.9993898360848,487.6096226390074
662,11.033333333333333,-3.6868686868685927,-9.29444444444448,3,900.3125211492162,478.3151781945629
663,11.05,-2.279279279279308,-8.0,3,898.0332418699369,470.3151781945629
664,11.066666666666666,-1.031831831831937,-6.720720720720692,4,897.001410038105,463.5944574738422
665,11.083333333333334,-1.818518518518431,-3.4158249158249134,4,895.1828915195865,460.1786325580173
666,11.1,-0.6997688781784177,-2.093003061088183,4,894.483122641408,458.0856294969291
667,11.116666666666667,-0.30750880750866827,-0.9843674843674535,4,894.1756138338994,457.1012620125616
668,11.133333333333333,0.3142212769077446,-0.13834599906030576,4,894.4898351108072,456.9629160135013
669,11.15,1.955223880597032,-0.011032308904646015,4,896.4450589914043,456.95188370459664
670,11.166666666666666,1.0762700591780572,0.0965870338751813,4,897.5213290505824,457.0484707384718
671,11.183333333333334,0.0,0.0,4,897.5213290505824,457.0484707384718
672,11.2,0.2748742741242154,0.2642150456103707,4,897.7962033247065,457.3126857840822
673,11.216666666666667,0.1166551166551244,-0.042042042042027106,4,897.9128584413617,457.2706437420402
674,11.233333333333333,1.8350325059101351,0.9948286052009507,4,899.7478909472718,458.26547234724114
675,11.25,1.7864613112254801,1.9791666666666856,4,901.5343522584973,460.24463901390783
676,11.266666666666667,1.3099741977098915,2.1201550387596626,4,902.8443264562072,462.3647940526675
677,11.283333333333333,1.1143678160919421,2.1041666666666856,4,903.9586942722992,464.4689607193342
678,11.3,1.1702020202019412,2.496453900709298,3,905.1288962925012,466.9654146200435
679,11.316666666666666,0.36576289207880563,1.9766081871345023,3,905.49465918458,468.942022807178
680,11.333333333333334,-0.15607923497259435,0.6222677595628738,3,905.3385799496074,469.56429056674085
681,11.35,0.0,0.20833333333337123,4,905.3385799496074,469.7726239000742
682,11.366666666666667,0.0,2.0,4,905.3385799496074,471.7726239000742
683,11.383333333333333,-0.4645994832041538,3.536111111111154,4,904.8739804664033,475.3087350111854
684,11.4,-1.2007442849547374,9.10526315789474,4,903.6732361814486,484.4139981690801
685,11.416666666666666,-0.533333333333303,10.413333333333298,3,903.1399028481153,494.8273315024134
686,11.433333333333334,0.0,13.806524822694996,3,903.1399028481153,508.6338563251084
687,11.45,0.0,20.0,3,903.1399028481153,528.6338563251084
688,11.466666666666667,1.0,16.311111111111074,3,904.1399028481153,544.9449674362195
689,11.483333333333333,1.1851851851852189,15.688888888888926,3,905.3250880333005,560.6338563251084
690,11.5,0.6888888888889824,17.028460038986395,3,906.0139769221895,577.6623163640947
691,11.516666666666667,0.9428571428571786,13.35238095238094,3,906.9568340650467,591.0146973164757
692,11.533333333333333,1.4833333333333485,10.0,3,908.44016739838,601.0146973164757
693,11.55,1.0318318318318234,11.46031746031747,3,909.4719992302118,612.4750147767932
694,11.566666666666666,0.6157040328092762,7.066757803599955,2,910.0877032630211,619.5417725803932
695,11.583333333333334,0.1659090909091674,6.888636363636351,2,910.2536123539303,626.4304089440295
696,11.6,0.0,3.7416666666666742,2,910.2536123539303,630.1720756106962
697,11.616666666666667,0.08346624136095215,3.0727804359382844,2,910.3370785952912,633.2448560466345
698,11.633333333333333,-0.09168401229067058,2.031123005253278,2,910.2453945830006,635.2759790518878
699,11.65,-0.20168830739748955,2.864003700399735,2,910.0437062756031,638.1399827522876
700,11.666666666666666,-0.10783550212636328,1.03123439483835,2,909.9358707734767,639.1712171471258
701,11.683333333333334,-0.34551495016609124,1.9109634551494992,2,909.5903558233106,641.0821806022753
702,11.7,-0.3788595453947323,0.39153856260674047,2,909.2114962779158,641.4737191648821
703,11.716666666666667,0.07295073842794864,0.3033006244424996,2,909.2844470163437,641.7770197893246
704,11.733333333333333,0.16666666666662877,-0.11666666666667425,2,909.4511136830104,641.660353122658
705,11.75,-0.45802359004852633,0.5124442462087018,2,908.9930900929619,642.1727973688667
706,11.766666666666667,-0.09168401229067058,0.031123005253277825,2,908.9014060806712,642.2039203741199
707,11.783333333333333,-0.2488780089759075,0.14075887392903041,2,908.6525280716953,642.3446792480489
708,11.8,-0.2805827179207654,0.2083763755421728,2,908.3719453537745,642.553055623591
709,11.816666666666666,0.0,0.0,2,908.3719453537745,642.553055623591
710,11.833333333333334,0.0,0.0,2,908.3719453537745,642.553055623591
711,11.85,0.0,0.0,2,908.3719453537745,642.553055623591
712,11.866666666666667,-0.23954512105643744,0.10992907801420415,2,908.132400232718,642.6629847016052
713,11.883333333333333,1.3537350910231112,0.2500313873194955,2,909.4861353237411,642.9130160889247
714,11.9,6.430215526260838,-2.5339820046035015,2,915.9163508500019,640.3790340843211
715,11.916666666666666,13.01137102014286,-4.868096166341729,2,928.9277218701448,635.5109379179794
716,11.933333333333334,21.590643274853846,-10.258333333333326,3,950.5183651449986,625.2526045846461
717,11.95,33.0,-16.0,3,983.5183651449986,609.2526045846461
718,11.966666666666667,43.313131313131294,-22.60836170027062,3,1026.83149645813,586.6442428843754
719,11.983333333333333,38.997979797979724,-17.86160108548154,3,1065.8294762561097,568.7826417988939
720,12.0,43.002020202020276,-17.939393939393995,3,1108.83149645813,550.8432478594999
721,12.016666666666667,27.634237107921535,-10.182648401826555,3,1136.4657335660515,540.6605994576734
722,12.033333333333333,20.052631578947285,-6.967351598173423,3,1156.5183651449988,533.6932478594999
723,12.05,24.51666666666665,-8.850000000000023,3,1181.0350318116655,524.8432478594999
724,12.066666666666666,12.199645390070827,-3.6862745098039795,3,1193.2346772017363,521.1569733496959
725,12.083333333333334,13.36705405566488,-3.0427021872578734,2,1206.6017312574013,518.1142711624381
726,12.1,12.658957036177753,-2.6596568609939766,2,1219.260688293579,515.454614301444
727,12.116666666666667,5.289961086762901,-1.438973778532386,2,1224.5506493803418,514.0156405229117
728,12.133333333333333,4.247036135051076,-1.4794108863623592,2,1228.797685515393,512.5362296365493
729,12.15,2.9029842647858004,-0.6166621450533682,2,1231.7006697801787,511.91956749149585
730,12.166666666666666,0.6704000339010463,-0.5166645478430496,2,1232.3710698140799,511.4029029436528
731,12.183333333333334,0.4401113509439938,-0.041799431253593866,2,1232.8111811650238,511.3611035123992
732,12.2,0.0,0.0,2,1232.8111811650238,511.3611035123992
733,12.216666666666667,0.34581560283675117,-0.036020903322167896,2,1233.1569967678606,511.32508260907707
734,12.233333333333333,0.18241758241765638,0.027221900906113206,2,1233.3394143502783,511.3523045099832
735,12.25,0.0,0.0,1,1233.3394143502783,511.3523045099832
736,12.266666666666667,0.0,0.0,1,1233.3394143502783,511.3523045099832
737,12.283333333333333,0.0,0.0,1,1233.3394143502783,511.3523045099832
738,12.3,0.0,0.0,1,1233.3394143502783,511.3523045099832
739,12.316666666666666,0.0,0.0,1,1233.3394143502783,511.3523045099832
740,12.333333333333334,0.0,0.0,1,1233.3394143502783,511.3523045099832
741,12.35,0.0,0.0,1,1233.3394143502783,511.3523045099832
742,12.366666666666667,0.0,0.0,1,1233.3394143502783,511.3523045099832
743,12.383333333333333,0.0,0.0,1,1233.3394143502783,511.3523045099832
744,12.4,0.0,0.0,1,1233.3394143502783,511.3523045099832
745,12.416666666666666,0.0,0.0,1,1233.3394143502783,511.3523045099832
746,12.433333333333334,0.0,0.0,1,1233.3394143502783,511.3523045099832
747,12.45,0.0,0.0,1,1233.3394143502783,511.3523045099832
748,12.466666666666667,0.0,0.0,1,1233.3394143502783,511.3523045099832
749,12.483333333333333,0.0,0.0,1,1233.3394143502783,511.3523045099832
750,12.5,0.0,0.0,1,1233.3394143502783,511.3523045099832
751,12.516666666666667,0.0,0.0,1,1233.3394143502783,511.3523045099832
752,12.533333333333333,0.0,0.0,1,1233.3394143502783,511.3523045099832
753,12.55,0.0,0.0,1,1233.3394143502783,511.3523045099832
754,12.566666666666666,0.0,0.0,1,1233.3394143502783,511.3523045099832
755,12.583333333333334,0.0,0.0,1,1233.3394143502783,511.3523045099832
756,12.6,0.0,0.0,1,1233.3394143502783,511.3523045099832
757,12.616666666666667,0.0,0.0,1,1233.3394143502783,511.3523045099832
758,12.633333333333333,0.0,0.0,1,1233.3394143502783,511.3523045099832
759,12.65,0.0,0.0,1,1233.3394143502783,511.3523045099832
760,12.666666666666666,0.0,0.0,1,1233.3394143502783,511.3523045099832
761,12.683333333333334,0.0,0.0,1,1233.3394143502783,511.3523045099832
762,12.7,0.0,0.0,1,1233.3394143502783,511.3523045099832
763,12.716666666666667,0.0,0.0,1,1233.3394143502783,511.3523045099832
764,12.733333333333333,0.0,0.0,1,1233.3394143502783,511.3523045099832
765,12.75,0.0,0.0,1,1233.3394143502783,511.3523045099832
766,12.766666666666667,0.0,0.0,1,1233.3394143502783,511.3523045099832
767,12.783333333333333,0.0,0.0,1,1233.3394143502783,511.3523045099832
768,12.8,0.0,0.0,1,1233.3394143502783,511.3523045099832
769,12.816666666666666,0.0,0.0,1,1233.3394143502783,511.3523045099832
770,12.833333333333334,0.0,0.0,1,1233.3394143502783,511.3523045099832
771,12.85,0.0,0.0,1,1233.3394143502783,511.3523045099832
772,12.866666666666667,0.0,0.0,1,1233.3394143502783,511.3523045099832
773,12.883333333333333,0.0,0.0,1,1233.3394143502783,511.3523045099832
774,12.9,0.0,0.0,1,1233.3394143502783,511.3523045099832
775,12.916666666666666,0.0,0.0,0,1233.3394143502783,511.3523045099832
776,12.933333333333334,0.0,0.0,6,1233.3394143502783,511.3523045099832
777,12.95,0.0,0.0,6,1233.3394143502783,511.3523045099832
778,12.966666666666667,0.0,0.0,6,1233.3394143502783,511.3523045099832
779,12.983333333333333,0.0,0.0,6,1233.3394143502783,511.3523045099832
780,13.0,0.0,0.0,6,1233.3394143502783,511.3523045099832
781,13.016666666666667,0.0,0.0,6,1233.3394143502783,511.3523045099832
782,13.033333333333333,0.0,0.0,6,1233.3394143502783,511.3523045099832
783,13.05,0.0,0.0,6,1233.3394143502783,511.3523045099832
784,13.066666666666666,0.0,0.0,6,1233.3394143502783,511.3523045099832
785,13.083333333333334,0.01965230536660556,0.18942872117398224,6,1233.359066655645,511.5417332311572
786,13.1,1.0077306079664368,-0.051666666666619676,6,1234.3667972636113,511.4900665644906
787,13.116666666666667,9.60185185185179,-1.385149572649567,6,1243.968649115463,510.10491699184104
788,13.133333333333333,7.431730177946861,-0.9601894104012842,6,1251.40037929341,509.1447275814397
789,13.15,14.942859354143536,-1.6967592592592666,6,1266.3432386475536,507.4479683221805
790,13.166666666666666,22.759259259259295,-8.406299987695292,6,1289.102497906813,499.04166833448517
791,13.183333333333334,9.342424242424215,-4.009304895994632,6,1298.444922149237,495.0323634384905
792,13.2,13.71631205673765,-6.329787234042556,6,1312.1612342059748,488.70257620444795
793,13.216666666666667,15.186203666532833,-7.13173758865247,6,1327.3474378725077,481.5708386157955
794,13.233333333333333,9.263355599538158,-5.146619496855351,6,1336.6107934720458,476.42421911894013
795,13.25,6.670155038759731,-4.862962962962968,6,1343.2809485108055,471.56125615597716
796,13.266666666666667,8.377777777777737,-7.989774039254527,6,1351.6587262885832,463.5714821167226
797,13.283333333333333,2.241451335056013,-3.3850454227812463,6,1353.9001776236391,460.18643669394135
798,13.3,4.738000989609191,-6.109929078014176,6,1358.6381786132483,454.0765076159272
799,13.316666666666666,2.7801418439717054,-4.754385964912331,5,1361.41832045722,449.32212165101487
800,13.333333333333334,1.9583333333333712,-4.648484848484884,5,1363.3766537905535,444.67363680253
801,13.35,2.0,-5.814814814814838,5,1365.3766537905535,438.85882198771515
802,13.366666666666667,1.1449007275866734,-4.0,5,1366.5215545181402,434.85882198771515
803,13.383333333333333,0.24031007751921152,-3.251572327044016,5,1366.7618645956595,431.60724966067113
804,13.4,1.2420212765956649,-2.2377192982455654,5,1368.003885872255,429.36953036242556
805,13.416666666666666,0.9014972419228116,-2.7013396375098466,5,1368.9053831141778,426.6681907249157
806,13.433333333333334,0.8148148148147811,-1.392592592592564,5,1369.7201979289925,425.2755981323231
807,13.45,0.05263157894739834,-1.5162509448223886,5,1369.77282950794,423.75934718750074
808,13.466666666666667,0.0,-0.5578231292516875,5,1369.77282950794,423.20152405824905
809,13.483333333333333,0.0,-0.30409356725147063,5,1369.77282950794,422.8974304909976
810,13.5,0.0,0.0,5,1369.77282950794,422.8974304909976
811,13.516666666666667,0.0,0.0,5,1369.77282950794,422.8974304909976
812,13.533333333333333,0.15468409586048892,-0.6777246145666993,5,1369.9275136038004,422.2197058764309
813,13.55,0.21795384820586605,-0.2403100775193252,5,1370.1454674520064,421.9793957989116
814,13.566666666666666,0.0,0.0,5,1370.1454674520064,421.9793957989116
815,13.583333333333334,0.0,-0.20731215665423974,6,1370.1454674520064,421.77208364225737
816,13.6,0.0,0.0,6,1370.1454674520064,421.77208364225737
817,13.616666666666667,0.0,0.0,6,1370.1454674520064,421.77208364225737
818,13.633333333333333,1.7390146878824453,0.24296205630355416,6,1371.8844821398889,422.0150456985609
819,13.65,4.686180679785366,0.15861657722125244,6,1376.5706628196742,422.1736622757822
820,13.666666666666666,8.109929078014147,1.1418439716311894,6,1384.6805918976884,423.3155062474134
821,13.683333333333334,19.741666666666674,3.3581560283688106,6,1404.4222585643552,426.6736622757822
822,13.7,15.810215331610607,1.3059663437022238,6,1420.2324738959658,427.9796286194844
823,13.716666666666667,14.146845746845827,0.25925925925926663,6,1434.3793196428117,428.23888787874364
824,13.733333333333333,13.69361276169792,-0.7403100775193536,6,1448.0729324045096,427.4985778012243
825,13.75,17.377986147539445,-0.7353490108249474,6,1465.4509185520492,426.76322879039935
826,13.766666666666667,12.032341269841254,-0.5147655961609701,6,1477.4832598218904,426.2484631942384
827,13.783333333333333,13.62015503875972,-1.1201550387596626,6,1491.1034148606502,425.12830815547875
828,13.8,8.78163067552606,-0.9645994832040969,6,1499.8850455361762,424.16370867227465
829,13.816666666666666,5.852355590375055,-1.2782084409991512,6,1505.7374011265513,422.8855002312755
830,13.833333333333334,3.5814814814814895,-1.0343434343434126,6,1509.3188826080327,421.85115679693206
831,13.85,2.695585701981088,-1.5279931093884471,6,1512.0144683100139,420.3231636875436
832,13.866666666666667,2.378488372093045,-1.0132486209613774,6,1514.3929566821068,419.3099150665822
833,13.883333333333333,4.944875107665894,-1.6254952627045327,5,1519.3378317897727,417.6844198038777
834,13.9,4.97364341085256,-1.4566596194503347,5,1524.3114752006254,416.2277601844273
835,13.916666666666666,5.00741457124434,-1.586718246292719,5,1529.3188897718696,414.6410419381346
836,13.933333333333334,7.442176870748426,-2.763931104356601,5,1536.761066642618,411.87711083377803
837,13.95,2.245614035087783,-1.6825396825397263,5,1539.0066806777058,410.1945711512383
838,13.966666666666667,2.442176870748426,-1.2074074074074304,5,1541.4488575484543,408.9871637438308
839,13.983333333333333,1.7236434108526737,-0.9566221342569463,5,1543.172500959307,408.0305416095739
840,14.0,0.7543859649124443,-0.7619047619047592,5,1543.9268869242194,407.26863684766914
841,14.016666666666667,0.7727272727272521,-0.9199999999999875,5,1544.6996141969466,406.3486368476691
842,14.033333333333333,1.2000000000000455,-0.2740740740740648,5,1545.8996141969467,406.07456277359506
843,14.05,0.0,0.0,5,1545.8996141969467,406.07456277359506
844,14.066666666666666,0.7569767441860904,-0.24031007751935363,5,1546.656590941133,405.83425269607574
845,14.083333333333334,0.9666666666665833,0.0,5,1547.6232576077996,405.83425269607574
846,14.1,1.470155038759799,-0.4212962962963047,5,1549.0934126465595,405.41295639977943
847,14.116666666666667,0.0,0.0,5,1549.0934126465595,405.41295639977943
848,14.133333333333333,0.0,0.0,5,1549.0934126465595,405.41295639977943
849,14.15,0.0,0.0,5,1549.0934126465595,405.41295639977943
850,14.166666666666666,-1.7852965747703138,2.217209690893924,5,1547.3081160717893,407.63016609067336
851,14.183333333333334,-10.098399470899494,8.754490392648279,6,1537.2097166008898,416.38465648332163
852,14.2,-8.01688199827737,6.544700033704075,6,1529.1928346026125,422.9293565170257
853,14.216666666666667,-12.405442199015624,13.621511627906969,6,1516.7873924035969,436.5508681449327
854,14.233333333333333,-21.50265197878423,23.50000000000003,6,1495.2847404248128,460.0508681449327
855,14.25,-8.12015503875972,10.120155038759677,6,1487.164585386053,470.17102318369234
856,14.266666666666667,-12.638178294573777,13.741666666666674,6,1474.526407091479,483.912689850359
857,14.283333333333333,-18.120155038759606,20.12015503875969,6,1456.4062520527195,504.0328448891187
858,14.3,-6.0,7.380952380952351,6,1450.4062520527195,511.41379727007103
859,14.316666666666666,-7.0,9.660055626872037,6,1443.4062520527195,521.0738528969431
860,14.333333333333334,-5.364473684210509,10.835505915952638,6,1438.041778368509,531.9093588128958
861,14.35,-2.2583333333333826,5.1176910299003,6,1435.7834450351756,537.027049842796
862,14.366666666666667,-2.524494949494965,5.759689922480675,6,1433.2589500856807,542.7867397652767
863,14.383333333333333,-2.728947368421018,4.3523809523809405,5,1430.5300027172598,547.1391207176576
864,14.4,-1.8277608915905148,3.6476190476190595,5,1428.7022418256693,550.7867397652767
865,14.416666666666666,-1.5166666666666515,3.238095238095241,5,1427.1855751590026,554.0248350033719
866,14.433333333333334,-1.240310077519439,3.240310077519325,5,1425.9452650814833,557.2651450808912
867,14.45,-1.5193798449613496,4.0,5,1424.425885236522,561.2651450808912
868,14.466666666666667,-0.4806201550386504,2.0,5,1423.9452650814833,563.2651450808912
869,14.483333333333333,-0.7543859649123306,3.759689922480675,5,1423.190879116571,567.0248350033719
870,14.5,-1.2982456140348404,5.0,5,1421.8926335025362,572.0248350033719
871,14.516666666666667,-1.4307017543860638,2.9473684210526585,5,1420.4619317481502,574.9722034244246
872,14.533333333333333,-1.0333333333334167,2.0,5,1419.4285984148169,576.9722034244246
873,14.55,0.0,0.2792792792792511,5,1419.4285984148169,577.2514827037039
874,14.566666666666666,0.0,0.0,5,1419.4285984148169,577.2514827037039
875,14.583333333333334,0.0,0.0,5,1419.4285984148169,577.2514827037039
876,14.6,0.0,0.0,6,1419.4285984148169,577.2514827037039
877,14.616666666666667,0.0,0.0,6,1419.4285984148169,577.2514827037039
878,14.633333333333333,0.0,0.0,6,1419.4285984148169,577.2514827037039
879,14.65,0.13963963963965398,0.9833333333333201,6,1419.5682380544565,578.2348160370373
880,14.666666666666666,3.9761904761904816,4.0,6,1423.544428530647,582.2348160370373
881,14.683333333333334,2.5166666666667084,2.536111111111154,6,1426.0610951973138,584.7709271481484
882,14.7,6.0,6.0,6,1432.0610951973138,590.7709271481484
883,14.716666666666667,9.111111111111086,9.068434343434348,6,1441.1722063084248,599.8393614915827
884,14.733333333333333,6.6305555555555316,6.946611800270347,6,1447.8027618639803,606.7859732918531
885,14.75,6.223577235772325,7.139639639639626,6,1454.0263390997527,613.9256129314928
886,14.766666666666667,10.350638138138095,10.07015503875968,6,1464.3769772378907,623.9957679702525
887,14.783333333333333,4.616613323850061,3.862573099415215,6,1468.9935905617408,627.8583410696676
888,14.8,5.636783124588021,4.621157702553063,6,1474.6303736863288,632.4794987722207
889,14.816666666666666,8.0,6.0,5,1482.6303736863288,638.4794987722207
890,14.833333333333334,1.9268983268982538,1.5555555555555998,5,1484.557272013227,640.0350543277764
891,14.85,2.7214285714285325,2.720720720720749,5,1487.2787005846556,642.7557750484971
892,14.866666666666667,2.4878306878306375,3.0,5,1489.7665312724862,645.7557750484971
893,14.883333333333333,0.17222222222210348,1.0,5,1489.9387534947082,646.7557750484971
894,14.9,0.311111111111245,2.0,5,1490.2498646058193,648.7557750484971
895,14.916666666666666,0.25,2.240310077519439,5,1490.4998646058193,650.9960851260165
896,14.933333333333334,0.3131313131314073,2.0,5,1490.8129959189507,652.9960851260165
897,14.95,1.2222222222221717,1.759689922480561,5,1492.035218141173,654.7557750484971
898,14.966666666666667,0.2403100775194389,1.3131313131313505,5,1492.2755282186922,656.0689063616285
899,14.983333333333333,0.0,0.6476190476190027,5,1492.2755282186922,656.7165254092474
900,15.0,0.24453024453032413,0.5166666666665947,5,1492.5200584632225,657.2331920759141
901,15.016666666666667,0.24031007751921152,0.4761904761904816,5,1492.7603685407416,657.7093825521046
902,15.033333333333333,0.0731016731017462,0.24453024453021044,5,1492.8334702138434,657.9539127966348
903,15.05,0.0,0.2222222222221717,5,1492.8334702138434,658.1761350188569
904,15.066666666666666,0.13963963963965398,0.7821428571428726,6,1492.973109853483,658.9582778759998
905,15.083333333333334,0.5926835926836134,2.4704184704184513,6,1493.5657934461667,661.4286963464183
906,15.1,1.2793726741095952,4.137426900584813,6,1494.8451661202762,665.5661232470031
907,15.116666666666667,2.332756132756174,4.872222222222263,6,1497.1779222530324,670.4383454692254
908,15.133333333333333,4.307893607893561,9.503571428571405,6,1501.4858158609259,679.9419168977968
909,15.15,4.757037943696446,8.35217258261929,6,1506.2428538046224,688.294089480416
910,15.166666666666666,5.313131313131407,9.0,6,1511.5559851177538,697.294089480416
911,15.183333333333334,6.277817934213317,11.240205321600655,6,1517.8338030519672,708.5342948020167
912,15.2,4.451254480286707,8.0,6,1522.2850575322539,716.5342948020167
913,15.216666666666667,3.339952718676045,7.507936507936506,6,1525.6250102509298,724.0422313099532
914,15.233333333333333,3.8995201181246557,9.501010101010138,6,1529.5245303690544,733.5432414109633
915,15.25,0.5926910299003794,3.183167220376447,5,1530.1172213989548,736.7264086313398
916,15.266666666666667,0.6868686868687064,3.7588285960379153,5,1530.8040900858236,740.4852372273778
917,15.283333333333333,0.06814814814822512,2.725925925926049,5,1530.872238233972,743.2111631533038
918,15.3,0.2158536585367301,1.2361111111109722,5,1531.0880918925086,744.4472742644148
919,15.316666666666666,0.04166666666662877,1.2972222222223309,5,1531.1297585591751,745.7444964866371
920,15.333333333333334,0.04166666666662877,0.7027777777776691,5,1531.1714252258416,746.4472742644148
921,15.35,0.05263157894728465,1.4833333333333485,5,1531.224056804789,747.9306075977481
922,15.366666666666667,0.2716049382715937,1.0,5,1531.4956617430605,748.9306075977481
923,15.383333333333333,1.0,3.236111111110972,5,1532.4956617430605,752.1667187088591
924,15.4,1.0,2.240310077519325,5,1533.4956617430605,754.4070287863784
925,15.416666666666666,1.6888888888889824,2.0,5,1535.1845506319496,756.4070287863784
926,15.433333333333334,0.4888888888888232,1.2361111111109722,5,1535.6734395208384,757.6431398974894
927,15.45,0.04166666666662877,0.5166666666666515,5,1535.7151061875052,758.159806564156
928,15.466666666666667,0.0,0.4814814814814099,5,1535.7151061875052,758.6412880456375
929,15.483333333333333,0.9977851605758588,1.8073089700997116,5,1536.712891348081,760.4485970157372
930,15.5,0.0,1.25,5,1536.712891348081,761.6985970157372
931,15.516666666666667,0.0,0.75,5,1536.712891348081,762.4485970157372
932,15.533333333333333,0.2198581560284083,0.311111111111245,5,1536.9327495041093,762.7597081268484
933,15.55,0.026315789473642326,0.31082621082617834,6,1536.959065293583,763.0705343376746
934,15.566666666666666,0.2707573812580222,-0.21093380614667012,6,1537.2298226748412,762.859600531528
935,15.583333333333334,0.0,0.0,6,1537.2298226748412,762.859600531528
936,15.6,2.5600000000000023,-1.257237105628917,6,1539.7898226748412,761.6023634258991
937,15.616666666666667,3.1254129752676363,-1.2737264673311302,6,1542.9152356501088,760.3286369585679
938,15.633333333333333,3.7596899224807316,-1.125,6,1546.6749255725895,759.2036369585679
939,15.65,6.0,-2.236111111110972,5,1552.6749255725895,756.967525847457
940,15.666666666666666,6.052631578947285,-2.0,5,1558.7275571515368,754.967525847457
941,15.683333333333334,3.3183609141057104,-1.1499999999999773,5,1562.0459180656426,753.817525847457
942,15.7,6.761904761904816,-1.5407407407407163,5,1568.8078228275474,752.2767851067163
943,15.716666666666667,2.019444444444389,-0.2496453900710094,5,1570.8272672719918,752.0271397166453
944,15.733333333333333,3.6888888888889824,-0.4803118908382089,5,1574.5161561608807,751.546827825807
945,15.75,4.0,-0.5111111111110631,5,1578.5161561608807,751.0357167146959
946,15.766666666666667,1.9583333333332575,-0.2763565891472126,5,1580.474489494214,750.7593601255487
947,15.783333333333333,1.4833333333332348,-0.466666666666697,5,1581.9578228275473,750.292693458882
948,15.8,0.8148148148147811,-0.5166666666665947,5,1582.772637642362,749.7760267922154
949,15.816666666666666,0.0,0.0,5,1582.772637642362,749.7760267922154
950,15.833333333333334,0.0,0.0,5,1582.772637642362,749.7760267922154
951,15.85,0.0,0.0,5,1582.772637642362,749.7760267922154
952,15.866666666666667,0.0,0.0,5,1582.772637642362,749.7760267922154
953,15.883333333333333,0.0,0.0,5,1582.772637642362,749.7760267922154
954,15.9,0.0,0.0,5,1582.772637642362,749.7760267922154
955,15.916666666666666,0.5516666666666197,0.0,6,1583.3243043090288,749.7760267922154
956,15.933333333333334,0.42430598215582904,-0.143964562569181,6,1583.7486102911846,749.6320622296462
957,15.95,2.0,0.0,5,1585.7486102911846,749.6320622296462
958,15.966666666666667,4.279279279279308,0.05263157894739834,5,1590.027889570464,749.6846938085936
959,15.983333333333333,4.0,-0.07407407407401934,5,1594.027889570464,749.6106197345196
960,16.0,4.279279279279308,0.0,5,1598.3071688497432,749.6106197345196
961,16.016666666666666,5.009783368273929,-0.17749825296994004,5,1603.3169522180171,749.4331214815496
962,16.033333333333335,3.0333333333335304,0.0,5,1606.3502855513507,749.4331214815496
963,16.05,2.6316602316601347,-0.07407407407401934,5,1608.9819457830108,749.3590474074756
964,16.066666666666666,2.9166666666667425,-0.17749825297005373,5,1611.8986124496776,749.1815491545055
965,16.083333333333332,1.1309523809522943,-0.03211561621833425,5,1613.0295648306299,749.1494335382872
966,16.1,0.4601682335476198,-0.43137254901967026,5,1613.4897330641775,748.7180609892675
967,16.116666666666667,0.533333333333303,-0.23055555555561114,5,1614.0230663975108,748.4875054337119
968,16.133333333333333,0.5101513473607611,-0.011579099724940534,5,1614.5332177448715,748.475926333987
969,16.15,0.6009333966145505,-0.25620946052833915,4,1615.1341511414862,748.2197168734587
970,16.166666666666668,1.3765873015871648,-0.5031746031746422,4,1616.5107384430735,747.716542270284
971,16.183333333333334,0.3979729729730934,-0.7528131905490341,4,1616.9087114160466,746.963729079735
972,16.2,0.25076728365763756,-0.46196893851882237,4,1617.1594786997043,746.5017601412162
973,16.216666666666665,0.22482269503541374,-0.3513248397750317,4,1617.3843013947399,746.1504353014411
974,16.233333333333334,0.14991497656671982,-0.1374751468337081,4,1617.5342163713067,746.0129601546074
975,16.25,0.0,0.0,5,1617.5342163713067,746.0129601546074
976,16.266666666666666,0.0,-0.21795384820586605,5,1617.5342163713067,745.7950063064015
977,16.283333333333335,1.1449007275866734,-0.0269360269360277,5,1618.6791170988934,745.7680702794655
978,16.3,1.5239980207818462,-0.4833333333333485,5,1620.2031151196752,745.2847369461322
979,16.316666666666666,2.615384615384528,-0.4690476190476147,5,1622.8184997350597,744.8156893270846
980,16.333333333333332,3.759689922480675,-1.2430232558140233,5,1626.5781896575404,743.5726660712705
981,16.35,2.240310077519325,-0.533333333333303,5,1628.8184997350597,743.0393327379372
982,16.366666666666667,2.936170212766001,-0.8014184397163717,5,1631.7546699478257,742.2379142982209
983,16.383333333333333,3.0123873873874345,-0.9566221342569747,5,1634.7670573352132,741.2812921639638
984,16.4,2.0,-0.29166666666662877,5,1636.7670573352132,740.9896254972972
985,16.416666666666668,1.6888888888888687,-0.07407407407401934,5,1638.455946224102,740.9155514232232
986,16.433333333333334,0.9712820512822873,-0.4761904761904816,5,1639.4272282753843,740.4393609470327
987,16.45,0.0,0.0,5,1639.4272282753843,740.4393609470327
988,16.466666666666665,0.7638888888889142,0.0,5,1640.1911171642732,740.4393609470327
989,16.483333333333334,0.28368794326229363,-0.2198581560284083,5,1640.4748051075355,740.2195027910043
990,16.5,0.4612244897959954,0.0,5,1640.9360295973315,740.2195027910043
991,16.516666666666666,0.0,0.0,5,1640.9360295973315,740.2195027910043
992,16.533333333333335,0.0,0.0,5,1640.9360295973315,740.2195027910043
993,16.55,0.0,0.0,5,1640.9360295973315,740.2195027910043
994,16.566666666666666,0.0,0.0,6,1640.9360295973315,740.2195027910043
995,16.583333333333332,-0.7495370370370438,0.0,6,1640.1864925602945,740.2195027910043
996,16.6,-4.162303442002667,0.9420026901229335,6,1636.0241891182918,741.1615054811273
997,16.616666666666667,-9.637792894935728,1.6113378684808026,6,1626.386396223356,742.7728433496081
998,16.633333333333333,-13.755150287065021,2.185833333333335,6,1612.6312459362912,744.9586766829415
999,16.65,-20.381944444444457,3.0166666666666515,6,1592.2493014918468,747.9753433496081
1000,16.666666666666668,-18.9460034013606,3.1020270270270203,6,1573.3032980904864,751.0773703766351
1001,16.683333333333334,-8.717958748221804,1.6861512675465633,6,1564.5853393422644,752.7635216441818
1002,16.7,-12.14256756756754,0.5540540540541201,6,1552.442771774697,753.3175756982359
1003,16.716666666666665,-17.99809056192032,1.7543859649123306,5,1534.4446812127767,755.0719616631483
1004,16.733333333333334,-6.0,0.26732133115115175,5,1528.4446812127767,755.3392829942994
1005,16.75,-5.7596899224807885,0.7596899224805611,5,1522.6849912902958,756.09897291678
1006,16.766666666666666,-4.2403100775192115,0.7307692307692832,5,1518.4446812127767,756.8297421475493
1007,16.783333333333335,-1.4833333333333485,0.0,5,1516.9613478794433,756.8297421475493
1008,16.8,0.0,0.0,5,1516.9613478794433,756.8297421475493
1009,16.816666666666666,-0.4320987654321016,-0.03456790123459541,5,1516.5292491140112,756.7951742463147
1010,16.833333333333332,-1.0,0.4551378446115564,5,1515.5292491140112,757.2503120909262
1011,16.85,-2.0,0.2377192982456222,5,1513.5292491140112,757.4880313891717
1012,16.866666666666667,-4.0,1.033333333333303,5,1509.5292491140112,758.521364722505
1013,16.883333333333333,-1.0,0.0,5,1508.5292491140112,758.521364722505
1014,16.9,-0.49645390070929807,0.5215946843853771,5,1508.032795213302,759.0429594068904
1015,16.916666666666668,1.496453900709298,0.024999999999977263,5,1509.5292491140112,759.0679594068904
1016,16.933333333333334,0.2403100775193252,0.0,5,1509.7695591915306,759.0679594068904
1017,16.95,0.0,0.0,6,1509.7695591915306,759.0679594068904
1018,16.966666666666665,0.0,0.0,6,1509.7695591915306,759.0679594068904
1019,16.983333333333334,-1.501356589147349,-0.019484600879934533,6,1508.268202602383,759.0484748060105
1020,17.0,-6.626673713882951,-0.7620414673045843,6,1501.6415288885,758.2864333387059
1021,17.016666666666666,-9.90616075071398,-0.9743217054263198,6,1491.735368137786,757.3121116332796
1022,17.033333333333335,-21.879844961240394,-1.740205321600655,6,1469.8555231765456,755.571906311679
1023,17.05,-17.518181354549142,-1.4938063063063112,6,1452.3373418219965,754.0781000053727
1024,17.066666666666666,-15.504489407480946,-2.56325075075074,6,1436.8328524145154,751.5148492546219
1025,17.083333333333332,-19.647263878492822,-3.7016302016302234,6,1417.1855885360226,747.8132190529917
1026,17.1,-11.32026143790847,-2.2222222222222854,5,1405.865327098114,745.5909968307694
1027,17.116666666666667,-9.339869281045708,-2.7777777777777146,5,1396.5254578170684,742.8132190529917
1028,17.133333333333333,-8.240310077519212,-2.0,5,1388.2851477395493,740.8132190529917
1029,17.15,-3.103758169934622,-1.0,5,1385.1813895696146,739.8132190529917
1030,17.166666666666668,-1.238095238095184,-0.5390183615819524,5,1383.9432943315194,739.2742006914098
1031,17.183333333333334,-1.8305084745761633,-1.2836879432624073,5,1382.1127858569432,737.9905127481474
1032,17.2,-0.9477493124909415,-0.2741351859893939,5,1381.1650365444523,737.716377562158
1033,17.216666666666665,-0.2721088435373531,-0.1949685534591481,5,1380.892927700915,737.5214090086988
1034,17.233333333333334,-0.3365079365079282,-0.01026570048315989,5,1380.556419764407,737.5111433082157
1035,17.25,0.1944444444443434,0.0,5,1380.7508642088515,737.5111433082157
1036,17.266666666666666,0.0,-0.19670388091435598,5,1380.7508642088515,737.3144394273013
1037,17.283333333333335,0.0,0.0,5,1380.7508642088515,737.3144394273013
1038,17.3,0.0,0.0,5,1380.7508642088515,737.3144394273013
1039,17.316666666666666,0.0,0.0,5,1380.7508642088515,737.3144394273013
1040,17.333333333333332,0.0,0.0,5,1380.7508642088515,737.3144394273013
1041,17.35,-1.2666666666665378,1.818713450292421,5,1379.484197542185,739.1331528775937
1042,17.366666666666667,-2.2411714039621984,4.194968553459148,5,1377.2430261382228,743.3281214310529
1043,17.383333333333333,-3.185185185185219,6.185185185185219,5,1374.0578409530376,749.5133066162381
1044,17.4,-5.557823129251801,7.339753086419819,5,1368.5000178237858,756.8530597026579
1045,17.416666666666668,-7.782051282051384,7.031798766018028,5,1360.7179665417343,763.8848584686759
1046,17.433333333333334,-5.684979265928575,4.551058580993242,4,1355.0329872758057,768.4359170496691
1047,17.45,-6.348510638297853,4.887005649717537,4,1348.684476637508,773.3229226993867
1048,17.466666666666665,-2.9686111111111018,2.1300157232704464,4,1345.7158655263968,775.4529384226571
1049,17.483333333333334,-2.477175052410871,2.0881410256409936,4,1343.238690473986,777.5410794482981
1050,17.5,-1.9728920409771717,2.3539886039886824,4,1341.265798433009,779.8950680522868
1051,17.516666666666666,-0.7998602375961354,1.398019652305436,4,1340.465938195413,781.2930877045922
1052,17.533333333333335,-1.011345029239635,1.181871345029208,4,1339.4545931661733,782.4749590496214
1053,17.55,-1.2347605224964582,1.1074133547436418,4,1338.219832643677,783.5823724043651
1054,17.566666666666666,-0.4448742746614016,0.21794970986462658,4,1337.7749583690156,783.8003221142296
1055,17.583333333333332,-0.33801169590640257,0.34938271604937654,4,1337.436946673109,784.149704830279
1056,17.6,-0.48178797798118467,0.3278654357768005,4,1336.955158695128,784.4775702660559
1057,17.616666666666667,0.0,0.11299435028246307,4,1336.955158695128,784.5905646163383
1058,17.633333333333333,-0.14009736422758579,0.11251734562392812,4,1336.8150613309003,784.7030819619622
1059,17.65,0.0,0.0,4,1336.8150613309003,784.7030819619622
1060,17.666666666666668,0.0,0.0,4,1336.8150613309003,784.7030819619622
1061,17.683333333333334,0.0,0.0,4,1336.8150613309003,784.7030819619622
1062,17.7,0.0,0.0,4,1336.8150613309003,784.7030819619622
1063,17.716666666666665,-2.0469337911962384,-0.5039376218323923,4,1334.768127539704,784.1991443401298
1064,17.733333333333334,-7.524245223797607,-3.4665116279069252,4,1327.2438823159064,780.7326327122229
1065,17.75,-17.21985815602841,-7.372932681108864,5,1310.024024159878,773.359700031114
1066,17.766666666666666,-21.337964973223393,-8.769953051643256,5,1288.6860591866548,764.5897469794708
1067,17.783333333333335,-33.43414201838925,-13.272108843537353,5,1255.2519171682657,751.3176381359334
1068,17.8,-42.240310077519325,-14.969413598285541,5,1213.0116070907463,736.3482245376479
1069,17.816666666666666,-36.181003584229416,-13.030586401714459,5,1176.830603506517,723.3176381359334
1070,17.833333333333332,-36.294841826398624,-13.294844632768331,5,1140.5357616801184,710.0227935031651
1071,17.85,-37.93013749535487,-12.384243775548157,5,1102.6056241847637,697.6385497276169
1072,17.866666666666667,-26.834236186348903,-8.437206572769924,5,1075.7713879984149,689.201343154847
1073,17.883333333333333,-28.204225352112644,-8.483333333333348,5,1047.5671626463022,680.7180098215136
1074,17.9,-15.671171171171181,-6.0,5,1031.895991475131,674.7180098215136
1075,17.916666666666668,-12.205452205452275,-4.7083333333332575,5,1019.6905392696788,670.0096764881804
1076,17.933333333333334,-14.0,-6.288065843621439,5,1005.6905392696788,663.721610644559
1077,17.95,-9.965598845598834,-4.123023608403628,5,995.7249404240799,659.5985870361553
1078,17.966666666666665,-6.324444444444339,-3.4577777777776646,5,989.4004959796356,656.1408092583777
1079,17.983333333333334,-5.701302837179725,-3.5568603834186376,4,983.6991931424559,652.583948874959
1080,18.0,-4.285517146760867,-3.9295546932742127,4,979.413675995695,648.6543941816848
1081,18.016666666666666,-2.589985748995389,-3.3185741986730477,4,976.8236902466997,645.3358199830118
1082,18.033333333333335,-3.459278098507326,-4.029028622943429,4,973.3644121481924,641.3067913600684
1083,18.05,-2.4300292990759544,-2.3876763578994087,4,970.9343828491164,638.919115002169
1084,18.066666666666666,-1.9801667793554145,-2.0,4,968.9542160697611,636.919115002169
1085,18.083333333333332,-0.9636222910216645,-1.1586045765233166,4,967.9905937787394,635.7605104256456
1086,18.1,0.1031817725584574,-1.2350697581049417,4,968.0937755512978,634.5254406675407
1087,18.116666666666667,0.17619883040936202,-0.8920560289940909,4,968.2699743817071,633.6333846385467
1088,18.133333333333333,0.21999999999997044,-0.9090689193555477,4,968.489974381707,632.724315719191
1089,18.15,-0.010467684624927642,-0.7049055813100438,4,968.4795066970821,632.019410137881
1090,18.166666666666668,-0.007647323436799525,-0.10266763058632478,4,968.4718593736453,631.9167425072947
1091,18.183333333333334,0.0,-0.10699588477365296,4,968.4718593736453,631.8097466225211
1092,18.2,0.0,0.0,4,968.4718593736453,631.8097466225211
1093,18.216666666666665,0.0,0.0,5,968.4718593736453,631.8097466225211
1094,18.233333333333334,0.0,0.0,5,968.4718593736453,631.8097466225211
1095,18.25,-0.04123711340207592,1.0475643602259197,5,968.4306222602432,632.857310982747
1096,18.266666666666666,-2.2598300177454007,4.7777777777777715,5,966.1707922424978,637.6350887605247
1097,18.283333333333335,-6.181169120928132,8.422827110912749,5,959.9896231215696,646.0579158714374
1098,18.3,-15.333333333333428,16.98600823045274,5,944.6562897882361,663.0439241018902
1099,18.316666666666666,-13.488499452354915,12.799999999999955,5,931.1677903358811,675.8439241018901
1100,18.333333333333332,-11.887351778656125,10.852233676975857,5,919.280438557225,686.696157778866
1101,18.35,-11.161178393887838,10.248089947619519,5,908.1192601633372,696.9442477264855
1102,18.366666666666667,-10.774651608216118,10.294234198533786,5,897.3446085551211,707.2384819250193
1103,18.383333333333333,-6.995406040875366,6.0,5,890.3492025142457,713.2384819250193
1104,18.4,-6.754782274343938,5.166266569251661,5,883.5944202399018,718.404748494271
1105,18.416666666666668,-3.9701368195072178,2.1287449133262726,5,879.6242834203945,720.5334934075972
1106,18.433333333333334,-2.655424970192456,1.4499789696154721,4,876.968858450202,721.9834723772127
1107,18.45,-3.714597306768553,1.5707871826429027,4,873.2542611434335,723.5542595598556
1108,18.466666666666665,-4.509244128296331,1.895776147193942,4,868.7450170151371,725.4500357070496
1109,18.483333333333334,-6.245674632810534,2.0587706495759335,4,862.4993423823266,727.5088063566254
1110,18.5,-8.045227920227916,4.0691033388037,4,854.4541144620987,731.5779096954291
1111,18.516666666666666,-6.06758809538087,2.807013816780568,4,848.3865263667178,734.3849235122096
1112,18.533333333333335,-5.706822679029898,2.1307339449541587,4,842.679703687688,736.5156574571638
1113,18.55,-6.215735335001412,1.6071428571428328,4,836.4639683526865,738.1228003143067
1114,18.566666666666666,-3.5539616346955683,0.7852813852814506,4,832.9100067179909,738.9080816995881
1115,18.583333333333332,-2.656060606060592,0.8658162060004315,4,830.2539461119303,739.7738979055886
1116,18.6,-0.18349488600566133,0.510133289631824,4,830.0704512259247,740.2840311952205
1117,18.616666666666667,-0.04878959713965969,0.13751286175966015,4,830.0216616287851,740.4215440569801
1118,18.633333333333333,-0.08495196324143706,0.0,4,829.9367096655436,740.4215440569801
1119,18.65,-0.04166666666665719,0.016526610644291395,5,829.895042998877,740.4380706676244
1120,18.666666666666668,-0.0949579831932823,0.049999999999954525,5,829.8000850156837,740.4880706676244
1121,18.683333333333334,0.24785398030178385,0.0,5,830.0479389959855,740.4880706676244
1122,18.7,7.0291600174089695,-3.180270369017194,5,837.0770990133944,737.3078002986072
1123,18.716666666666665,30.16241651487553,-14.534141958670261,5,867.23951552827,722.7736583399369
1124,18.733333333333334,52.63528265107209,-24.97186147186153,5,919.8747981793421,697.8017968680754
1125,18.75,64.21722846441952,-34.58104858104855,5,984.0920266437615,663.2207482870268
1126,18.766666666666666,95.79487179487171,-57.98536674593015,5,1079.8868984386331,605.2353815410967
1127,18.783333333333335,64.43111690569322,-41.81481481481478,6,1144.3180153443263,563.4205667262819
1128,18.8,52.996934727731684,-40.117415287628035,6,1197.314950072058,523.3031514386539
1129,18.816666666666666,54.01022596074546,-42.20666666666668,6,1251.3251760328035,481.0964847719872
1130,18.833333333333332,32.342807924203385,-26.385925925925932,6,1283.667983957007,454.7105588460613
1131,18.85,23.759689922480675,-20.12015503875972,6,1307.4276738794877,434.5904038073016
1132,18.866666666666667,18.86317829457363,-15.39651162790696,6,1326.2908521740612,419.19389217939465
1133,18.883333333333333,9.617415287628035,-7.741666666666703,6,1335.9082674616893,411.452225512728
1134,18.9,6.2836879432623505,-4.230084116773838,6,1342.1919554049516,407.22214139595417
1135,18.916666666666668,4.245941202281699,-1.8696190004948505,6,1346.4378966072334,405.35252239545935
1136,18.933333333333334,1.7846068660022638,-0.4390280262373949,6,1348.2225034732355,404.91349436922195
1137,18.95,1.3809523809523512,-1.5013565891472922,6,1349.6034558541878,403.41213778007466
1138,18.966666666666665,1.616489361702122,-1.9791666666666856,6,1351.21994521589,401.432971113408
1139,18.983333333333334,4.198084795321506,-4.026315789473699,6,1355.4180300112116,397.4066553239343
1140,19.0,5.240740740740762,-2.973684210526301,6,1360.6587707519525,394.432971113408
1141,19.016666666666666,6.870291568164021,-2.9925137903861128,6,1367.5290623201165,391.44045732302186
1142,19.033333333333335,9.814814814814895,-5.483333333333405,5,1377.3438771349315,385.95712398968845
1143,19.05,6.0,-3.8999999999999773,5,1383.3438771349315,382.0571239896885
1144,19.066666666666666,6.0,-4.100000000000023,5,1389.3438771349315,377.95712398968845
1145,19.083333333333332,2.240310077519439,-2.0,5,1391.584187212451,375.95712398968845
1146,19.1,1.5185185185184764,-0.6060606060606233,5,1393.1027057309695,375.35106338362783
1147,19.116666666666667,1.0,-0.3939393939393767,5,1394.1027057309695,374.95712398968845
1148,19.133333333333333,1.0,-0.3369256948383281,5,1395.1027057309695,374.6201982948501
1149,19.15,1.7694235588973015,-0.2403100775193252,5,1396.8721292898667,374.3798882173308
1150,19.166666666666668,3.4761904761904816,-1.130952380952408,5,1400.348319766057,373.2489358363784
1151,19.183333333333334,1.7484276729560406,-0.5166666666665947,5,1402.0967474390131,372.7322691697118
1152,19.2,0.24031007751921152,-0.48333333333329165,5,1402.3370575165322,372.2489358363785
1153,19.216666666666665,0.05263157894739834,0.0,5,1402.3896890954798,372.2489358363785
1154,19.233333333333334,0.0,0.0,5,1402.3896890954798,372.2489358363785
1155,19.25,0.0,0.0,5,1402.3896890954798,372.2489358363785
1156,19.266666666666666,0.0,0.0,5,1402.3896890954798,372.2489358363785
1157,19.283333333333335,0.0,0.0,5,1402.3896890954798,372.2489358363785
1158,19.3,0.9977851605757451,0.046052631578959335,6,1403.3874742560556,372.29498846795747
1159,19.316666666666666,2.3056773879142725,2.945906432748558,6,1405.69315164397,375.24089490070605
1160,19.333333333333332,4.240310077519439,5.429203935599304,6,1409.9334617214895,380.6700988363053
1161,19.35,8.023809523809518,11.120155038759663,6,1417.9572712452991,391.790253875065
1162,19.366666666666667,12.554678848283572,18.935083056478362,6,1430.5119500935828,410.7253369315433
1163,19.383333333333333,8.823809523809416,14.738095238095212,6,1439.3357596173921,425.4634321696385
1164,19.4,6.500000000000114,11.781493020783103,6,1445.8357596173923,437.2449251904216
1165,19.416666666666668,8.0,12.759424201529498,6,1453.8357596173923,450.0043493919511
1166,19.433333333333334,10.0,13.241666666666646,6,1463.8357596173923,463.2460160586178
1167,19.45,7.149074074074065,8.317124735729408,6,1470.9848336914665,471.5631407943472
1168,19.466666666666665,8.0,8.672727272727343,5,1478.9848336914665,480.23586806707453
1169,19.483333333333334,4.476001979218154,4.4601682335477335,5,1483.4608356706847,484.69603630062227
1170,19.5,3.043377865743196,3.9473684210526585,5,1486.5042135364279,488.6434047216749
1171,19.516666666666666,1.720720720720692,3.720720720720635,5,1488.2249342571486,492.36412544239556
1172,19.533333333333335,0.0,2.0,5,1488.2249342571486,494.36412544239556
1173,19.55,-0.1593220338984338,1.1629001883238743,5,1488.0656122232501,495.52702563071944
1174,19.566666666666666,0.22060971157361564,0.0,5,1488.2862219348237,495.52702563071944
1175,19.583333333333332,0.23771929824556537,0.052631578947341495,5,1488.5239412330693,495.5796572096668
1176,19.6,0.9472766884530301,-0.24453024453032413,5,1489.4712179215223,495.33512696513645
1177,19.616666666666667,0.6010928961750324,-0.30980392156857306,5,1490.0723108176974,495.0253230435679
1178,19.633333333333333,0.5238095238096321,-0.8232931726907964,5,1490.596120341507,494.2020298708771
1179,19.65,0.9060975609755815,-0.3373493975902875,5,1491.5022179024827,493.8646804732868
1180,19.666666666666668,1.0333333333334167,0.0,5,1492.535551235816,493.8646804732868
1181,19.683333333333334,0.9666666666664696,0.0,5,1493.5022179024825,493.8646804732868
1182,19.7,0.29265536723164587,0.0,5,1493.7948732697141,493.8646804732868
1183,19.716666666666665,0.2403100775194389,-0.17577413479045845,5,1494.0351833472337,493.68890633849634
1184,19.733333333333334,1.0208854311383675,0.5387816060016632,6,1495.056068778372,494.22768794449803
1185,19.75,1.7375533428164545,2.688408474083701,6,1496.7936221211885,496.91609641858173
1186,19.766666666666666,1.8432941246895211,4.352172582619318,6,1498.636916245878,501.268269001201
1187,19.783333333333335,3.2416666666666174,7.664261052820422,6,1501.8785829125445,508.9325300540214
1188,19.8,3.57545188729398,10.511695906432749,6,1505.4540347998386,519.4442259604541
1189,19.816666666666666,2.0,8.0,5,1507.4540347998386,527.4442259604541
1190,19.833333333333332,2.0,9.474206349206383,5,1509.4540347998386,536.9184323096605
1191,19.85,1.3807644110275419,6.5070895522388525,4,1510.834799210866,543.4255218618994
1192,19.866666666666667,0.8460863222185253,5.604100529100464,4,1511.6808855330846,549.0296223909999
1193,19.883333333333333,1.6565656565657036,6.024571787283662,4,1513.3374511896504,555.0541941782835
1194,19.9,0.9733547106428659,3.553528528528574,4,1514.3108059002934,558.6077227068121
1195,19.916666666666668,0.23347888892556057,2.7596899224805895,4,1514.544284789219,561.3674126292926
1196,19.933333333333334,0.2583333333333826,2.4846287229702853,4,1514.8026181225525,563.8520413522629
1197,19.95,0.0,1.6381782945736347,4,1514.8026181225525,565.4902196468365
1198,19.966666666666665,0.1201550387596626,1.5650966183574724,4,1514.9227731613123,567.055316265194
1199,19.983333333333334,-0.14647082823336177,2.1224310776942446,4,1514.776302333079,569.1777473428883
1200,20.0,0.1268413720343915,1.6360682110681921,4,1514.9031437051135,570.8138155539565
1201,20.016666666666666,0.639639639639654,2.3337157181398993,4,1515.5427833447532,573.1475312720963
1202,20.033333333333335,1.3450292397659496,1.3364293085654992,4,1516.887812584519,574.4839605806618
1203,20.05,0.5084999320006887,0.767982456140345,4,1517.3963125165196,575.2519430368021
1204,20.066666666666666,0.04305460621247903,0.18196248196250053,4,1517.4393671227322,575.4339055187646
1205,20.083333333333332,0.29634551495013284,-0.16449408404730548,4,1517.7357126376824,575.2694114347173
1206,20.1,0.7878516832003015,-0.578030832896161,5,1518.5235643208825,574.6913806018212
1207,20.116666666666667,2.548172757475186,-2.1445221445221705,5,1521.0717370783577,572.546858457299
1208,20.133333333333333,2.6446821152703706,-3.047619047619037,5,1523.716419193628,569.49923940968
1209,20.15,2.9505661419495937,-5.462719298245588,5,1526.6669853355777,564.0365201114344
1210,20.166666666666668,5.762280701754321,-11.947368421052659,5,1532.4292660373321,552.0891516903816
1211,20.183333333333334,5.4833333333333485,-10.341323684607232,5,1537.9125993706655,541.7478280057744
1212,20.2,7.463074408501257,-13.72072072072072,4,1545.3756737791668,528.0271072850537
1213,20.216666666666665,12.0,-19.397972972972923,4,1557.3756737791668,508.6291343120808
1214,20.233333333333334,7.501107419712071,-9.619005362242802,4,1564.876781198879,499.01012894983796
1215,20.25,12.0,-13.952380952380963,4,1576.876781198879,485.057747997457
1216,20.266666666666666,7.585216572504578,-7.616980352445523,4,1584.4619977713835,477.4407676450115
1217,20.283333333333335,5.939534883720853,-8.892278906813772,4,1590.4015326551043,468.5484887381977
1218,20.3,3.0645507502606506,-4.421900161030578,4,1593.466083405365,464.1265885771671
1219,20.316666666666666,1.9599927525481462,-2.5618361469050797,4,1595.426076157913,461.56475243026205
1220,20.333333333333332,1.7547884505432876,-1.2845764473122756,4,1597.1808646084564,460.2801759829498
1221,20.35,0.6289207868154563,-0.32845143160932366,4,1597.8097853952718,459.9517245513405
1222,20.366666666666667,0.49574357835513183,-0.2737967914438002,4,1598.305528973627,459.67792775989665
1223,20.383333333333333,0.0,0.0,4,1598.305528973627,459.67792775989665
1224,20.4,0.0,0.0,4,1598.305528973627,459.67792775989665
1225,20.416666666666668,0.12994350282474443,-0.17263908643920445,4,1598.4354724764517,459.50528867345747
1226,20.433333333333334,0.11251734562404181,-0.05254827477051549,4,1598.5479898220756,459.45274039868696
1227,20.45,0.0,0.0,4,1598.5479898220756,459.45274039868696
1228,20.466666666666665,0.0,0.0,4,1598.5479898220756,459.45274039868696
1229,20.483333333333334,0.0792722547108724,0.27492877492881007,4,1598.6272620767863,459.72766917361577
1230,20.5,-0.909438079650954,2.8117408906882986,4,1597.7178239971354,462.5394100643041
1231,20.516666666666666,-2.9624854508015233,4.976250865388579,4,1594.7553385463339,467.5156609296927
1232,20.533333333333335,-8.325913242009051,14.209701604438465,4,1586.429425304325,481.72536253413114
1233,20.55,-8.0,15.952380952380963,3,1578.429425304325,497.6777434865121
1234,20.566666666666666,-10.245238095238165,20.047619047619037,3,1568.1841872090868,517.7253625341311
1235,20.583333333333332,-12.0,19.952380952380963,4,1556.1841872090868,537.6777434865121
1236,20.6,-15.884976525821571,27.02380952380952,4,1540.2992106832653,564.7015530103216
1237,20.616666666666667,-12.75833333333344,20.258333333333297,4,1527.5408773499319,584.959886343655
1238,20.633333333333333,-14.507595573440653,21.76547619047622,5,1513.033281776491,606.7253625341311
1239,20.65,-12.958815958816103,19.673101673101655,5,1500.074465817675,626.3984642072328
1240,20.666666666666668,-9.584646464646312,14.279279279279308,5,1490.4898193530287,640.6777434865121
1241,20.683333333333334,-10.88257575757575,15.686868686868706,5,1479.607243595453,656.3646121733808
1242,20.7,-6.4166666666667425,9.9375,5,1473.1905769287862,666.3021121733808
1243,20.716666666666665,-6.381038647342848,8.135265700483046,5,1466.8095382814433,674.4373778738639
1244,20.733333333333334,-6.549184323744953,9.236723786029984,4,1460.2603539576985,683.6741016598938
1245,20.75,-3.183907463694709,4.2789766970618075,4,1457.076446494004,687.9530783569556
1246,20.766666666666666,-2.2805958132045134,3.4317827645317607,4,1454.7958506807995,691.3848611214873
1247,20.783333333333335,-1.732943469785539,2.342351046698866,4,1453.062907211014,693.7272121681863
1248,20.8,-0.2316297991356464,0.6943131135214458,4,1452.8312774118783,694.4215252817078
1249,20.816666666666666,0.01269017232675651,0.45816246539462213,4,1452.843967584205,694.8796877471024
1250,20.833333333333332,-0.06429383347528983,0.13817829457363473,4,1452.7796737507297,695.017866041676
1251,20.85,0.0,1.008850389470922,4,1452.7796737507297,696.026716431147
1252,20.866666666666667,0.06028961292116719,1.489527090175983,4,1452.839963363651,697.516243521323
1253,20.883333333333333,-0.0410813856347545,2.9929014208439355,4,1452.7988819780162,700.5091449421669
1254,20.9,-0.10651394732735753,1.497152095995034,4,1452.6923680306888,702.006297038162
1255,20.916666666666668,-0.018705763397463215,0.9474778114818321,4,1452.6736622672913,702.9537748496438
1256,20.933333333333334,0.24074074074081864,0.545155038759674,4,1452.9144030080322,703.4989298884034
1257,20.95,0.7720149253732416,-0.1666666666666572,4,1453.6864179334054,703.3322632217368
1258,20.966666666666665,1.5337992831540532,-0.25577088716622143,4,1455.2202172165594,703.0764923345705
1259,20.983333333333334,1.067922705314004,-0.9589839488857876,4,1456.2881399218734,702.1175083856847
1260,21.0,0.0,0.0,4,1456.2881399218734,702.1175083856847
1261,21.016666666666666,-0.30631571981371053,0.0355905978299802,4,1455.9818242020597,702.1530989835146
1262,21.033333333333335,-3.8566679058649243,2.132060096406491,4,1452.1251562961947,704.2851590799211
1263,21.05,-4.850672926447601,3.0655322012112833,4,1447.274483369747,707.3506912811324
1264,21.066666666666666,-6.270956072351396,3.2929328165374727,4,1441.0035272973955,710.6436240976699
1265,21.083333333333332,-9.410628019323894,4.756976744186034,3,1431.5928992780716,715.400600841856
1266,21.1,-7.5893719806761055,4.276356589147326,3,1424.0035272973955,719.6769574310033
1267,21.116666666666667,-6.8647342995170675,3.2430232558139664,3,1417.1387929978785,722.9199806868173
1268,21.133333333333333,-7.1352657004829325,3.240310077519382,3,1410.0035272973955,726.1602907643367
1269,21.15,-3.4833333333333485,1.4106280193235534,3,1406.5201939640622,727.5709187836602
1270,21.166666666666668,-1.506003430531564,0.9525443110348988,3,1405.0141905335306,728.5234630946951
1271,21.183333333333334,-1.243023255813796,1.0,3,1403.7711672777168,729.5234630946951
1272,21.2,0.0,0.5140758873929485,3,1403.7711672777168,730.0375389820881
1273,21.216666666666665,-0.23327615780431188,0.06710853355423296,3,1403.5378911199125,730.1046475156423
1274,21.233333333333334,-0.18181818181824383,1.1626262626262474,3,1403.3560729380943,731.2672737782686
1275,21.25,-0.04678362573099548,0.2900432900431724,3,1403.3092893123633,731.5573170683118
1276,21.266666666666666,-0.3131313131314073,0.5746910094736677,3,1402.9961579992319,732.1320080777855
1277,21.283333333333335,-0.381038647342848,0.4391281233386053,3,1402.615119351889,732.5711362011241
1278,21.3,0.046568627451051725,0.3508771929824661,3,1402.66168797934,732.9220133941066
1279,21.316666666666666,-0.19856393261534322,0.16832366749520133,3,1402.4631240467247,733.0903370616018
1280,21.333333333333332,0.0,0.0,3,1402.4631240467247,733.0903370616018
1281,21.35,0.0,0.15133232780289063,4,1402.4631240467247,733.2416693894047
1282,21.366666666666667,-0.545299407415996,1.925836140480726,4,1401.9178246393087,735.1675055298854
1283,21.383333333333333,-2.9794162129461483,4.181296632385596,4,1398.9384084263625,739.348802162271
1284,21.4,-5.0278267861847326,6.00634133786258,4,1393.9105816401777,745.3551435001336
1285,21.416666666666668,-11.60834360147851,10.331761527413732,4,1382.3022380386992,755.6869050275474
1286,21.433333333333334,-13.55412193440361,11.29334515250008,4,1368.7481161042956,766.9802501800475
1287,21.45,-14.377145279081901,11.489517113312445,4,1354.3709708252136,778.46976729336
1288,21.466666666666665,-22.87376108502872,18.942673585371892,4,1331.4972097401849,797.4124408787318
1289,21.483333333333334,-15.509263014920407,12.169481081568392,4,1315.9879467252645,809.5819219603002
1290,21.5,-16.052631578947285,12.194968553459034,3,1299.9353151463172,821.7768905137592
1291,21.516666666666666,-17.496855345911854,15.610062893081817,3,1282.4384598004053,837.386953406841
1292,21.533333333333335,-10.0,10.15330188679252,3,1272.4384598004053,847.5402552936335
1293,21.55,-8.689814814814781,8.85648148148141,3,1263.7486449855905,856.396736775115
1294,21.566666666666666,-8.55555555555543,9.14351851851859,3,1255.1930894300351,865.5402552936335
1295,21.583333333333332,-5.2972222222224445,6.041666666666629,3,1249.8958672078127,871.5819219603002
1296,21.6,-3.7166400850610444,4.0,3,1246.1792271227516,875.5819219603002
1297,21.616666666666667,-4.628310973512271,4.724802201582349,2,1241.5509161492394,880.3067241618826
1298,21.633333333333333,-3.1708605664487095,3.0773420479303013,2,1238.3800555827906,883.3840662098129
1299,21.65,-2.6306762644999253,1.8320379202731942,2,1235.7493793182907,885.216104130086
1300,21.666666666666668,-4.2426116460521826,2.663070395589841,2,1231.5067676722385,887.8791745256758
1301,21.683333333333334,-3.1447426199785014,1.7162905830358568,2,1228.36202505226,889.5954651087117
1302,21.7,-3.122887515174739,2.271264615679513,2,1225.2391375370853,891.8667297243912
1303,21.716666666666665,-2.7026004728132875,2.109929078014204,2,1222.5365370642721,893.9766588024054
1304,21.733333333333334,-1.0159159159159117,0.5670270270269953,2,1221.5206211483562,894.5436858294324
1305,21.75,-0.04166666666662877,0.09194444444443661,2,1221.4789544816895,894.6356302738768
1306,21.766666666666666,0.00462962962956226,0.2939814814815236,2,1221.483584111319,894.9296117553583
1307,21.783333333333335,-0.3530338849487862,0.3285306583177885,2,1221.1305502263704,895.2581424136761
1308,21.8,-2.2495687176536876,0.718516388729256,2,1218.8809815087166,895.9766588024054
1309,21.816666666666666,-1.465653495440847,0.34802431610933127,2,1217.4153280132757,896.3246831185147
1310,21.833333333333332,-0.264902060114764,0.28901272092770114,2,1217.150425953161,896.6136958394425
1311,21.85,-0.02174940898339628,0.11473601260831856,2,1217.1286765441776,896.7284318520508
1312,21.866666666666667,0.04168475900996782,0.22434505717183129,3,1217.1703613031875,896.9527769092226
1313,21.883333333333333,0.0,0.0,3,1217.1703613031875,896.9527769092226
1314,21.9,0.0,0.057841573631094434,3,1217.1703613031875,897.0106184828537
1315,21.916666666666668,-1.9121703630144111,-0.9583333333333712,3,1215.258190940173,896.0522851495203
1316,21.933333333333334,-10.0,-2.0,3,1205.258190940173,894.0522851495203
1317,21.95,-16.283730158730123,-2.803571428571445,3,1188.974460781443,891.2487137209489
1318,21.966666666666665,-22.19269102990029,-2.9977851605758588,3,1166.7817697515427,888.250928560373
1319,21.983333333333334,-33.51937984496135,-2.480620155038764,3,1133.2623899065813,885.7703084053343
1320,22.0,-46.240310077519325,-2.759689922480561,3,1087.022079829062,883.0106184828537
1321,22.016666666666666,-33.0,-1.6888888888889824,3,1054.022079829062,881.3217295939647
1322,22.033333333333335,-46.0,-1.3111111111110176,3,1008.022079829062,880.0106184828537
1323,22.05,-28.72072072072092,0.27927927927919427,3,979.3013591083411,880.2898977621329
1324,22.066666666666666,-24.96816816816795,0.6666666666666288,3,954.3331909401732,880.9565644287995
1325,22.083333333333332,-20.31111111111113,0.31111111111101764,3,934.022079829062,881.2676755399106
1326,22.1,-18.85296574770257,0.9775062656642035,2,915.1691140813595,882.2451818055747
1327,22.116666666666667,-7.757037943696503,0.11186250509996398,2,907.412076137663,882.3570443106746
1328,22.133333333333333,-5.639639639639654,0.13963963963959714,2,901.7724364980234,882.4966839503143
1329,22.15,-1.86182170542628,0.12015503875971945,2,899.910614792597,882.616838989074
1330,22.166666666666668,-0.5075825825825859,-0.24140731640733293,2,899.4030322100144,882.3754316726668
1331,22.183333333333334,-0.2312661498708053,0.32605708245239384,2,899.1717660601437,882.7014887551192
1332,22.2,-0.13817829457366315,0.12015503875971945,2,899.03358776557,882.8216437938788
1333,22.216666666666665,-1.398232323232321,0.044444444444479814,2,897.6353554423376,882.8660882383233
1334,22.233333333333334,-2.7206273258905185,0.13742690058484186,2,894.9147281164471,883.0035151389081
1335,22.25,-3.759844054580867,0.21442495126700578,2,891.1548840618663,883.2179400901751
1336,22.266666666666666,-2.5931216931216454,1.124338624338634,2,888.5617623687447,884.3422787145138
1337,22.283333333333335,-3.028174603174648,0.6349206349206611,2,885.53358776557,884.9771993494344
1338,22.3,-1.6020270270270203,0.860360360360346,2,883.931560738543,885.8375597097947
1339,22.316666666666666,-1.1396396396395971,0.639639639639654,2,882.7919210989035,886.4771993494344
1340,22.333333333333332,-1.2583333333333826,0.25833333333332575,2,881.53358776557,886.7355326827677
1341,22.35,0.0,0.0,2,881.53358776557,886.7355326827677
1342,22.366666666666667,0.13817829457366315,0.12015503875960576,2,881.6717660601437,886.8556877215274
1343,22.383333333333333,0.12015503875971945,0.12151162790706849,2,881.7919210989035,886.9771993494344
1344,22.4,0.0,0.0,2,881.7919210989035,886.9771993494344
1345,22.416666666666668,0.6201550387596058,-0.6201550387597194,2,882.412076137663,886.3570443106746
1346,22.433333333333334,0.13817829457372,-3.3798449612402806,2,882.5502544322367,882.9771993494344
1347,22.45,-0.7583333333333258,-8.258333333333383,2,881.7919210989033,874.718866016101
1348,22.466666666666665,-1.3603603603604029,-7.381306306306271,2,880.4315607385429,867.3375597097947
1349,22.483333333333334,-3.3612770665403104,-26.334044570886647,2,877.0702836720026,841.0035151389081
1350,22.5,-2.2783625730992867,-18.5263157894737,3,874.7919210989032,822.4771993494344
1351,22.516666666666666,-4.0,-25.0,3,870.7919210989032,797.4771993494344
1352,22.533333333333335,-2.0,-19.48333333333335,3,868.7919210989032,777.993866016101
1353,22.55,-2.279279279279308,-16.237387387387457,3,866.5126418196239,761.7564786287136
1354,22.566666666666666,-3.2040540540540405,-16.279279279279194,4,863.3085877655699,745.4771993494344
1355,22.583333333333332,-0.5011209756972903,-10.94829633689585,3,862.8074667898726,734.5289030125385
1356,22.6,-1.3107344632768445,-8.610169491525426,3,861.4967323265957,725.9187335210131
1357,22.616666666666667,0.3086529884033098,-5.0,3,861.8053853149991,720.9187335210131
1358,22.633333333333333,0.8187134502923072,-8.047176350662653,3,862.6240987652914,712.8715571703505
1359,22.65,1.015417331206777,-3.0,3,863.6395160964981,709.8715571703505
1360,22.666666666666668,0.9845826687932231,-1.4530032623297302,3,864.6240987652914,708.4185539080207
1361,22.683333333333334,2.115571414411761,-3.135494102487769,3,866.7396701797031,705.283059805533
1362,22.7,1.0657151352959318,-0.7360076213808497,3,867.8053853149991,704.5470521841521
1363,22.716666666666665,1.5248933143669774,-0.30409356725135694,3,869.330278629366,704.2429586169008
1364,22.733333333333334,2.0,0.0,3,871.330278629366,704.2429586169008
1365,22.75,2.225988700564926,-0.22598870056503984,3,873.556267329931,704.0169699163357
1366,22.766666666666666,3.6158192090395005,-1.1525423728813848,3,877.1720865389705,702.8644275434543
1367,22.783333333333335,1.55213148433495,-0.3790446841294397,3,878.7242180233054,702.4853828593249
1368,22.8,0.7777777777777146,-0.24242424242413563,3,879.5019958010831,702.2429586169008
1369,22.816666666666666,0.22598870056492615,-0.3131313131312936,3,879.727984501648,701.9298273037695
1370,22.833333333333332,0.0,0.0,3,879.727984501648,701.9298273037695
1371,22.85,0.0,0.0,3,879.727984501648,701.9298273037695
1372,22.866666666666667,0.0,0.0,3,879.727984501648,701.9298273037695
1373,22.883333333333333,0.0,0.0,4,879.727984501648,701.9298273037695
1374,22.9,-0.02234432234432404,-0.31197232273217423,4,879.7056401793037,701.6178549810372
1375,22.916666666666668,-0.02638888888889568,-1.6626202473660214,4,879.6792512904149,699.9552347336712
1376,22.933333333333334,0.020833333333342807,-4.940697327161445,4,879.7000846237482,695.0145374065098
1377,22.95,3.1452241715399225,-13.879230905546763,4,882.8453087952881,681.135306500963
1378,22.966666666666665,2.7807229426222193,-7.388757907064473,5,885.6260317379104,673.7465485938985
1379,22.983333333333334,3.0898458266880198,-10.376363364709391,5,888.7158775645984,663.3701852291891
1380,23.0,4.35448827901655,-19.437392795883284,5,893.0703658436149,643.9327924333058
1381,23.016666666666666,1.5415370792729277,-6.282369203123949,6,894.6119029228878,637.6504232301819
1382,23.033333333333335,0.5963139543158036,-8.30914995657264,6,895.2082168772035,629.3412732736092
1383,23.05,1.5011703224137136,-12.432325115177548,6,896.7093871996173,616.9089481584317
1384,23.066666666666666,-0.004891684136964614,-4.206739906364476,6,896.7044955154803,612.7022082520673
1385,23.083333333333332,1.2430232558140233,-5.628635346756141,5,897.9475187712943,607.0735729053112
1386,23.1,1.503546099290702,-7.503546099290702,5,899.451064870585,599.5700268060205
1387,23.116666666666667,0.4806201550386504,-2.4806201550386504,5,899.9316850256237,597.0894066509818
1388,23.133333333333333,-0.03467297084318943,-2.2443760874967893,5,899.8970120547805,594.845030563485
1389,23.15,0.04166666666662877,-2.5652180811399603,5,899.9386787214471,592.279812482345
1390,23.166666666666668,0.04166666666662877,-1.0,5,899.9803453881137,591.279812482345
1391,23.183333333333334,0.0,-0.6899224806202255,5,899.9803453881137,590.5898900017248
1392,23.2,1.2456140350875557,-2.3100775193797745,5,901.2259594232013,588.279812482345
1393,23.216666666666665,0.7168458781361551,-0.6308243727598892,5,901.9428053013374,587.6489881095852
1394,23.233333333333334,1.635214046957401,-2.480200945626507,5,903.5780193482949,585.1687871639587
1395,23.25,1.4833333333333485,-2.5557967867997604,5,905.0613526816283,582.6129903771589
1396,23.266666666666666,0.2763565891473263,-0.5565891472868998,5,905.3377092707756,582.056401229872
1397,23.283333333333335,0.08880308880316079,-1.2788584937520682,5,905.4265123595787,580.7775427361199
1398,23.3,0.0,-1.8518518518519613,5,905.4265123595787,578.925690884268
1399,23.316666666666666,0.0,-0.9507920458374883,5,905.4265123595787,577.9748988384305
1400,23.333333333333332,0.23738738738745724,-0.7291105341367938,5,905.6638997469662,577.2457883042937
1401,23.35,-0.2900896792826302,-1.2366013071895736,6,905.3738100676835,576.009186997104
1402,23.366666666666667,0.18730963956076607,-1.410813530175858,6,905.5611197072443,574.5983734669283
1403,23.383333333333333,0.776742600134412,-1.7977021040975387,6,906.3378623073787,572.8006713628307
1404,23.4,2.358156028368853,-3.136821705426314,6,908.6960183357476,569.6638496574044
1405,23.416666666666668,7.95555555555552,-10.01487184693832,6,916.6515738913031,559.648977810466
1406,23.433333333333334,10.0,-10.711244504849219,6,926.6515738913031,548.9377333056168
1407,23.45,16.258333333333326,-16.09668367807899,6,942.9099072246364,532.8410496275378
1408,23.466666666666665,23.018343343343304,-20.88038038038036,6,965.9282505679797,511.96066924715745
1409,23.483333333333334,20.377248677248758,-17.338970197329388,6,986.3054992452285,494.62169904982807
1410,23.5,17.982979407979485,-14.80124777183596,6,1004.2884786532079,479.8204512779921
1411,23.516666666666666,21.999999999999943,-17.267676767676733,6,1026.288478653208,462.5527745103154
1412,23.533333333333335,14.518128011732585,-10.879844961240337,6,1040.8066066649405,451.67292954907504
1413,23.55,11.094371988267483,-7.296205296205358,6,1051.900978653208,444.3767242528697
1414,23.566666666666666,11.442038629538615,-6.769498261301521,6,1063.3430172827466,437.60722599156816
1415,23.583333333333332,7.214340776182837,-3.032748538011674,6,1070.5573580589294,434.5744774535565
1416,23.6,4.704804804804894,-2.0,6,1075.2621628637344,432.5744774535565
1417,23.616666666666667,3.6878787878787307,-1.6919191919191974,6,1078.950041651613,430.8825582616373
1418,23.633333333333333,3.3131313131314073,-0.7207207207208057,5,1082.2631729647444,430.1618375409165
1419,23.65,2.7207207207209194,-1.688888888888755,5,1084.9838936854653,428.47294865202775
1420,23.666666666666668,3.688888888889096,-2.4096096096095607,5,1088.6727825743544,426.0633390424182
1421,23.683333333333334,3.2792792792790806,-3.0570570570570226,5,1091.9520618536335,423.00628198536117
1422,23.7,2.0338520338520993,-2.5585585585585022,5,1093.9859138874856,420.44772342680267
1423,23.716666666666665,2.720720720720692,-2.7207207207208057,5,1096.7066346082063,417.72700270608186
1424,23.733333333333334,1.0123873873874345,-1.5709459459459367,5,1097.7190219955937,416.1560567601359
1425,23.75,1.5913978494625098,-1.2365591397849585,5,1099.3104198450562,414.91949762035097
1426,23.766666666666666,1.31313131313118,-2.1650793650793503,5,1100.6235511581874,412.7544182552716
1427,23.783333333333335,0.720720720720692,-1.726797385620955,5,1101.344271878908,411.02762086965066
1428,23.8,1.2298850574712787,-1.3398692810457078,5,1102.5741569363795,409.68775158860495
1429,23.816666666666666,0.03385203385209934,-1.4938271604938222,5,1102.6080089702316,408.19392442811113
1430,23.833333333333332,0.23738738738757093,-0.311111111111245,5,1102.8453963576192,407.8828133169999
1431,23.85,0.0,-0.21794871794867277,5,1102.8453963576192,407.6648645990512
1432,23.866666666666667,0.0,0.0,5,1102.8453963576192,407.6648645990512
1433,23.883333333333333,-0.7740112994350739,0.0,5,1102.0713850581842,407.6648645990512
1434,23.9,-2.9681681681679493,-0.720720720720692,5,1099.1032168900163,406.9441438783305
1435,23.916666666666668,-6.68686868686882,-1.4666666666665833,5,1092.4163482031474,405.47747721166394
1436,23.933333333333334,-12.31313131313118,-1.5903903903903256,5,1080.1032168900163,403.8870868212736
1437,23.95,-21.0,-4.0,5,1059.1032168900163,399.8870868212736
1438,23.966666666666665,-21.77777777777783,-5.222222222222172,5,1037.3254391122384,394.66486459905144
1439,23.983333333333334,-25.09547083740631,-7.541218637992756,5,1012.2299682748321,387.1236459610587
1440,24.0,-18.31313131313118,-7.0,5,993.9168369617009,380.1236459610587
1441,24.016666666666666,-17.0,-6.0,5,976.9168369617009,374.1236459610587
1442,24.033333333333335,-14.0,-6.0,5,962.9168369617009,368.1236459610587
1443,24.05,-17.0,-8.0,5,945.9168369617009,360.1236459610587
1444,24.066666666666666,-11.709351692484233,-3.8978007267163264,4,934.2074852692167,356.2258452343424
1445,24.083333333333332,-12.549416055024665,-4.943375472332718,4,921.658069214192,351.28246976200967
1446,24.1,-5.4559386973179755,-2.398850574712583,4,916.202130516874,348.8836191872971
1447,24.116666666666667,-4.170411985018745,-2.8277153558052532,4,912.0317185318553,346.05590383149183
1448,24.133333333333333,-2.548226007812815,-1.899883210502992,4,909.4834925240425,344.15602062098884
1449,24.15,-3.0140772086336654,-2.125,4,906.4694153154088,342.03102062098884
1450,24.166666666666668,-2.144927536231876,-1.416694416694412,4,904.3244877791769,340.61432620429446
1451,24.183333333333334,-1.419354838709694,-0.4534699048325308,4,902.9051329404672,340.1608562994619
1452,24.2,-1.153499951704788,-0.28920250896052835,4,901.7516329887624,339.87165379050134
1453,24.216666666666665,0.0,0.0,4,901.7516329887624,339.87165379050134
1454,24.233333333333334,0.0,0.0,4,901.7516329887624,339.87165379050134
1455,24.25,-0.02272727272728048,-0.03125,4,901.7289057160351,339.84040379050134
1456,24.266666666666666,0.25176767676768463,0.0872724089635426,4,901.9806733928028,339.9276761994649
1457,24.283333333333335,0.09781144781146622,0.08104575163397953,4,902.0784848406142,340.0087219510989
1458,24.3,0.1847253596779268,-0.07240143369176621,4,902.2632102002922,339.9363205174071
1459,24.316666666666666,0.22831541218636175,0.20295698924729777,4,902.4915256124785,340.1392775066544
1460,24.333333333333332,0.8690346083787972,0.722222222222257,4,903.3605602208573,340.86149972887665
1461,24.35,-0.0425531914893611,0.06382978723405586,4,903.318007029368,340.9253295161107
1462,24.366666666666667,0.01982591876208062,0.20470809792840328,5,903.3378329481301,341.1300376140391
1463,24.383333333333333,0.0,0.0,5,903.3378329481301,341.1300376140391
1464,24.4,0.0,0.0,5,903.3378329481301,341.1300376140391
1465,24.416666666666668,0.0,-2.0,5,903.3378329481301,339.1300376140391
1466,24.433333333333334,-0.021728395061700212,-4.248127340823942,5,903.3161045530684,334.88191027321517
1467,24.45,-0.19555555555552928,-7.5563218390805105,5,903.1205489975129,327.32558843413466
1468,24.466666666666665,0.4888888888889369,-11.222222222222172,5,903.6094378864018,316.1033662119125
1469,24.483333333333334,0.6868686868685927,-15.508490121712441,5,904.2963065732704,300.59487609020005
1470,24.5,0.2716049382715937,-11.911111111111154,5,904.567911511542,288.6837649790889
1471,24.516666666666666,0.31111111111101764,-10.765432098765473,5,904.879022622653,277.9183328803234
1472,24.533333333333335,-0.10169491525422814,-9.061227197346568,5,904.7773277073987,268.85710568297685
1473,24.55,0.0,-10.0,5,904.7773277073987,258.85710568297685
1474,24.566666666666666,-0.09642512077289211,-6.458547175252761,4,904.6809025866258,252.3985585077241
1475,24.583333333333332,0.9936752136752034,-6.878119658119658,4,905.674577800301,245.52043884960443
1476,24.6,0.9233670033670194,-3.971756661145008,4,906.597944803668,241.54868218845942
1477,24.616666666666667,1.4982433025911064,-3.897928052576958,4,908.0961881062592,237.65075413588247
1478,24.633333333333333,0.9366879270930326,-3.584412895593033,4,909.0328760333523,234.06634124028943
1479,24.65,1.4737945492662732,-3.5195051268132715,4,910.5066705826185,230.54683611347616
1480,24.666666666666668,0.9138554639507959,-2.612480573091375,4,911.4205260465693,227.9343555403848
1481,24.683333333333334,1.3798091942421564,-1.9104873744048945,4,912.8003352408115,226.02386816597988
1482,24.7,0.7192604741574087,-0.7856169079107076,4,913.5195957149689,225.23825125806917
1483,24.716666666666665,0.11111111111108585,0.0,4,913.63070682608,225.23825125806917
1484,24.733333333333334,0.0,0.0,4,913.63070682608,225.23825125806917
1485,24.75,0.0,-0.0515463917525949,4,913.63070682608,225.18670486631657
1486,24.766666666666666,-0.005067860737966612,-0.07407407407404776,4,913.625638965342,225.11263079224253
1487,24.783333333333335,0.3055896230505084,-0.48948605552374147,4,913.9312285883925,224.62314473671879
1488,24.8,0.0,-0.2802798070225947,4,913.9312285883925,224.3428649296962
1489,24.816666666666666,0.08854563946101734,-0.3824719364080522,4,914.0197742278535,223.96039299328814
1490,24.833333333333332,-0.11203758851172552,-0.5346875299653249,4,913.9077366393418,223.4257054633228
1491,24.85,-0.45158543176901844,-1.121052631578948,4,913.4561512075728,222.30465283174385
1492,24.866666666666667,0.20459395912462242,-0.6548019533369143,5,913.6607451666974,221.64985087840694
1493,24.883333333333333,-0.15185575459554457,-0.6743927760876431,5,913.5088894121019,220.9754581023193
1494,24.9,0.0,0.0,5,913.5088894121019,220.9754581023193
1495,24.916666666666668,0.14143606438778988,0.0,5,913.6503254764897,220.9754581023193
1496,24.933333333333334,3.4273883466429993,1.25,5,917.0777138231326,222.2254581023193
1497,24.95,7.902270011947394,4.574757562599473,5,924.97998383508,226.80021566491877
1498,24.966666666666665,12.439351851851939,6.222222222222172,5,937.419335686932,233.02243788714094
1499,24.983333333333334,17.404441214470268,8.342272814972034,4,954.8237769014022,241.36471070211297
1500,25.0,9.710423017739458,4.952626299105162,4,964.5341999191417,246.31733700121814
1501,25.016666666666666,10.169817140339262,4.33846153846153,4,974.704017059481,250.65579853967967
1502,25.033333333333335,6.365080948339454,3.267322594663298,4,981.0690980078205,253.92312113434298
1503,25.05,6.0462087767273545,3.7832039089349223,4,987.1153067845478,257.7063250432779
1504,25.066666666666666,2.533103233455904,1.6981398540871169,4,989.6484100180037,259.404464897365
1505,25.083333333333332,0.7922234392113978,0.39179970825911425,4,990.4406334572151,259.7962646056241
1506,25.1,0.05952380952379599,0.0595238095238102,4,990.5001572667388,259.8557884151479
1507,25.116666666666667,0.0,-0.07914008977084563,4,990.5001572667388,259.7766483253771
1508,25.133333333333333,0.023809523809518396,-0.12698412698411232,4,990.5239667905483,259.649664198393
1509,25.15,0.0,0.0,4,990.5239667905483,259.649664198393
1510,25.166666666666668,0.0,0.0,4,990.5239667905483,259.649664198393
1511,25.183333333333334,0.0,-0.02626386337348663,4,990.5239667905483,259.6234003350195
1512,25.2,0.21538040503554612,-0.7874741194627859,4,990.7393471955838,258.8359262155567
1513,25.216666666666665,0.20109007458401607,-0.7301006303185034,4,990.9404372701679,258.1058255852382
1514,25.233333333333334,0.6088741691151256,-0.6564447024948237,4,991.549311439283,257.4493808827434
1515,25.25,-0.16242795645698038,-0.1585467275861845,4,991.386883482826,257.2908341551572
1516,25.266666666666666,-0.12631693440428649,-0.606971153846132,4,991.2605665484217,256.68386300131107
1517,25.283333333333335,0.4067306659794383,0.009714069955009563,4,991.6672972144012,256.6935770712661
1518,25.3,0.12474675014129843,0.15646571760015604,4,991.7920439645425,256.85004278886623
1519,25.316666666666666,2.2174110159711518,2.300612493013631,4,994.0094549805136,259.15065528187984
1520,25.333333333333332,4.649415682088062,4.220605237672331,4,998.6588706626017,263.37126051955215
1521,25.35,9.001970556683062,6.744087120615802,4,1007.6608412192847,270.11534764016795
1522,25.366666666666667,27.032936855356922,18.77152107152108,4,1034.6937780746416,288.88686871168903
1523,25.383333333333333,28.398989898989896,18.00183033340926,4,1063.0927679736315,306.8886990450983
1524,25.4,33.72034135349355,20.55692856306146,4,1096.813109327125,327.4456276081597
1525,25.416666666666668,35.74808201058204,22.606273920175,4,1132.561191337707,350.0519015283347
1526,25.433333333333334,38.89662544338984,27.10576414595451,4,1171.4578167810969,377.1576656742892
1527,25.45,26.93157968481529,23.104481925178618,4,1198.3893964659121,400.2621475994678
1528,25.466666666666665,30.812675374939488,26.60229196903728,4,1229.2020718408517,426.8644395685051
1529,25.483333333333334,20.466811804547717,18.14325646401116,4,1249.6688836453993,445.00769603251626
1530,25.5,17.024962731067376,13.744367378394315,4,1266.6938463764668,458.7520634109106
1531,25.516666666666666,17.020833333333258,14.358365633074953,4,1283.7146797098,473.1104290439855
1532,25.533333333333335,10.01688199827737,7.8798449612402806,4,1293.7315617080774,480.9902740052258
1533,25.55,7.744907407407425,5.979166666666686,4,1301.4764691154849,486.96944067189247
1534,25.566666666666666,5.0,4.261524822694923,3,1306.4764691154849,491.2309654945874
1535,25.583333333333332,3.0,3.149659863945544,3,1309.4764691154849,494.38062535853294
1536,25.6,0.0,0.8503401360544558,3,1309.4764691154849,495.2309654945874
1537,25.616666666666667,0.6462585034013273,0.4421768707481988,3,1310.122727618886,495.6731423653356
1538,25.633333333333333,0.7906273620558295,1.2837490551776227,3,1310.913354980942,496.9568914205132
1539,25.65,0.7217915590008488,0.5143841515935037,3,1311.6351465399428,497.4712755721067
1540,25.666666666666668,2.200354609929036,1.519379844961236,3,1313.8355011498718,498.99065541706796
1541,25.683333333333334,1.48561584840661,1.7236434108527874,3,1315.3211169982783,500.71429882792074
1542,25.7,1.2836879432622936,3.5398317664522665,3,1316.6048049415406,504.254130594373
1543,25.716666666666665,2.6686930091186696,4.240310077519325,3,1319.2734979506592,508.49444067189233
1544,25.733333333333334,0.2879291251384757,2.6601307189541785,4,1319.5614270757978,511.1545713908465
1545,25.75,1.6319418535561567,2.238095238095241,4,1321.193368929354,513.3926666289417
1546,25.766666666666666,0.8430036802128598,1.2413900913900733,4,1322.0363726095668,514.6340567203317
1547,25.783333333333335,0.8334675450255986,0.6136363636363598,4,1322.8698401545923,515.2476930839681
1548,25.8,0.0,0.0,4,1322.8698401545923,515.2476930839681
1549,25.816666666666666,0.0,0.0,4,1322.8698401545923,515.2476930839681
1550,25.833333333333332,0.0,0.01688199827734138,4,1322.8698401545923,515.2645750822454
1551,25.85,0.11741528762803455,-0.027107959022885098,4,1322.9872554422204,515.2374671232226
1552,25.866666666666667,2.0,1.2449777337951247,4,1324.9872554422204,516.4824448570178
1553,25.883333333333333,4.3518518518519045,3.173540784723386,4,1329.3391072940724,519.6559856417412
1554,25.9,9.769915883226133,5.759689922480561,5,1339.1090231772985,525.4156755642217
1555,25.916666666666668,8.716312056737593,4.0,5,1347.8253352340362,529.4156755642217
1556,25.933333333333334,8.261999010390923,3.890070921985796,6,1356.087334244427,533.3057464862075
1557,25.95,11.279452324665044,5.996701564786633,6,1367.366786569092,539.3024480509941
1558,25.966666666666665,7.463937621832372,3.627652464494574,6,1374.8307241909245,542.9301005154887
1559,25.983333333333334,5.656267725467956,3.4753796594569337,6,1380.4869919163925,546.4054801749456
1560,26.0,6.756613756613774,3.180526438388057,5,1387.2436056730062,549.5860066133337
1561,26.016666666666666,3.9043771043770903,1.7820512820512704,5,1391.1479827773833,551.3680578953849
1562,26.033333333333335,3.5193798449613496,1.0540701128936405,5,1394.6673626223446,552.4221280082786
1563,26.05,3.9883541295307623,1.238095238095184,5,1398.6557167518754,553.6602232463738
1564,26.066666666666666,2.8802507836990117,0.34963427377223866,5,1401.5359675355744,554.009857520146
1565,26.083333333333332,2.004597701149578,0.24031007751938205,5,1403.540565236724,554.2501675976655
1566,26.1,1.5435897435897914,0.16374269005845576,5,1405.0841549803138,554.413910287724
1567,26.116666666666667,1.240310077519439,0.1926910299002884,5,1406.324465057833,554.6066013176243
1568,26.133333333333333,2.6502311248073056,0.9869626497534227,5,1408.9746961826404,555.5935639673777
1569,26.15,3.696969696969745,0.7163120567375643,5,1412.6716658796101,556.3098760241153
1570,26.166666666666668,1.560283687943297,0.38973139062343876,5,1414.2319495675533,556.6996074147387
1571,26.183333333333334,0.2198581560284083,0.2403100775194389,5,1414.4518077235816,556.9399174922581
1572,26.2,0.0,0.0,5,1414.4518077235816,556.9399174922581
1573,26.216666666666665,0.0,0.0,6,1414.4518077235816,556.9399174922581
1574,26.233333333333334,0.0,0.0,6,1414.4518077235816,556.9399174922581
1575,26.25,0.0,0.0,6,1414.4518077235816,556.9399174922581
1576,26.266666666666666,1.9761904761904816,-2.324833401332768,6,1416.427998199772,554.6150840909254
1577,26.283333333333335,3.36826241134753,-3.621511627906955,6,1419.7962606111196,550.9935724630184
1578,26.3,5.4833333333333485,-6.546249076127097,6,1425.279593944453,544.4473233868913
1579,26.316666666666666,7.0,-8.100000000000023,5,1432.279593944453,536.3473233868913
1580,26.333333333333332,11.571732026143764,-12.377192982456165,4,1443.8513259705967,523.9701304044352
1581,26.35,9.951311158741532,-9.88114035087716,4,1453.802637129338,514.0889900535581
1582,26.366666666666667,8.165955429113296,-7.762446657183489,4,1461.9685925584513,506.3265433963746
1583,26.383333333333333,9.006831188593765,-8.363012339144575,2,1470.9754237470452,497.96353105723
1584,26.4,5.733374133006919,-4.6175030599754905,2,1476.708797880052,493.3460279972545
1585,26.416666666666668,4.0,-4.0,2,1480.708797880052,489.3460279972545
1586,26.433333333333334,3.6201550387597194,-2.3798449612402806,2,1484.3289529188119,486.96618303601423
1587,26.45,1.0,-1.5,2,1485.3289529188119,485.46618303601423
1588,26.466666666666665,0.9736842105263008,-0.3771929824561653,2,1486.302637129338,485.08899005355806
1589,26.483333333333334,0.2855750487329374,-0.25984405458092397,2,1486.588212178071,484.82914599897714
1590,26.5,0.5268602949453793,-0.45921422942700474,2,1487.1150724730164,484.36993176955013
1591,26.516666666666666,-0.02778622087129179,-0.403748733535906,2,1487.087286252145,483.96618303601423
1592,26.533333333333335,0.11885964912278268,-0.02631578947369917,2,1487.206145901268,483.93986724654053
1593,26.55,0.0,0.0,2,1487.206145901268,483.93986724654053
1594,26.566666666666666,0.0,0.0,2,1487.206145901268,483.93986724654053
1595,26.583333333333332,0.0,0.0,2,1487.206145901268,483.93986724654053
1596,26.6,0.0,0.0,2,1487.206145901268,483.93986724654053
1597,26.616666666666667,0.5015107212475414,-0.23294346978559588,2,1487.7076566225155,483.70692377675493
1598,26.633333333333333,2.6371956793053073,-2.139807344126325,3,1490.3448523018208,481.5671164326286
1599,26.65,4.994696042431656,-3.8123215014279594,3,1495.3395483442523,477.75479493120065
1600,26.666666666666668,8.133839326448538,-5.629318568288284,2,1503.473387670701,472.12547636291237
1601,26.683333333333334,13.777777777777715,-9.95555555555552,2,1517.2511654484788,462.16992080735685
1602,26.7,12.986772486772566,-8.256084656084624,2,1530.2379379352515,453.9138361512722
1603,26.716666666666665,12.445895475307168,-8.071378100789957,2,1542.6838334105587,445.84245805048226
1604,26.733333333333334,14.388451029252053,-9.919503358176655,2,1557.0722844398108,435.9229546923056
1605,26.75,11.261999010390923,-6.7518926274121895,2,1568.3342834502018,429.1710620648934
1606,26.766666666666666,8.786151267546586,-5.998538654934009,2,1577.1204347177484,423.1725234099594
1607,26.783333333333335,10.711749249249294,-6.618806306306283,2,1587.8321839669977,416.5537171036531
1608,26.8,6.742304804804803,-4.381193693693717,2,1594.5744887718024,412.1725234099594
1609,26.816666666666666,4.639639639639654,-3.139639639639597,2,1599.214128411442,409.0328837703198
1610,26.833333333333332,4.2222222222222285,-2.048888888888939,2,1603.4363506336642,406.9839948814309
1611,26.85,2.5185185185184764,-2.1392592592592337,1,1605.9548691521827,404.84473562217164
1612,26.866666666666667,2.948148148147993,-0.2740740740740648,1,1608.9030173003307,404.5706615480976
1613,26.883333333333333,4.53333333333353,-1.0,1,1613.4363506336642,403.5706615480976
1614,26.9,3.236111111111086,-0.9583333333333712,1,1616.6724617447753,402.6123282147642
1615,26.916666666666668,4.230555555555384,-0.04166666666662877,1,1620.9030173003307,402.5706615480976
1616,26.933333333333334,4.8054421768708835,-1.5578231292518012,1,1625.7084594772016,401.0128384188458
1617,26.95,2.26122448979595,-0.4421768707481988,1,1627.9696839669975,400.5706615480976
1618,26.966666666666665,0.6518518518516885,-0.4814814814815236,1,1628.6215358188492,400.08918006661605
1619,26.983333333333334,0.03467297084330312,-0.2348305752560691,1,1628.6562087896925,399.85434949136
1620,27.0,0.22231871471990416,-0.01157909972505422,1,1628.8785275044124,399.84277039163493
1621,27.016666666666666,-0.22422815279946917,-0.7849293563579067,1,1628.654299351613,399.057841035277
1622,27.033333333333335,0.0,0.0,1,1628.654299351613,399.057841035277
1623,27.05,0.26923076923071676,-0.26923076923071676,1,1628.9235301208437,398.7886102660463
1624,27.066666666666666,-0.02051282051297676,-0.2179487179487296,1,1628.9030173003307,398.5706615480976
1625,27.083333333333332,-1.2150943396225102,-0.1949685534591481,1,1627.6879229607082,398.3756929946384
1626,27.1,-11.25157232704396,-3.805031446540852,1,1616.4363506336642,394.5706615480976
1627,27.116666666666667,-18.0,-4.0,2,1598.4363506336642,390.5706615480976
1628,27.133333333333333,-28.379844961240337,-6.1201550387597194,2,1570.056505672424,384.45050650933786
1629,27.15,-35.463589382194016,-9.768733850129195,2,1534.59291629023,374.68177265920866
1630,27.166666666666668,-37.2962052962053,-8.471471471471489,2,1497.2967109940248,366.2103011877372
1631,27.183333333333334,-31.101101101101108,-6.776676676676686,2,1466.1956098929236,359.4336245110605
1632,27.2,-32.140211640211646,-6.886772486772429,2,1434.055398252712,352.54685202428806
1633,27.216666666666665,-32.9789938556068,-7.18049155145934,2,1401.076404397105,345.3663604728287
1634,27.233333333333334,-22.898387096774172,-4.037365591397844,2,1378.1780173003308,341.32899488143084
1635,27.25,-22.0,-3.033333333333303,1,1356.1780173003308,338.29566154809754
1636,27.266666666666666,-13.0,-1.4833333333332916,1,1343.1780173003308,336.81232821476425
1637,27.283333333333335,-9.0,-1.4833333333334053,1,1334.1780173003308,335.32899488143084
1638,27.3,-4.0,-0.5166666666665947,1,1330.1780173003308,334.81232821476425
1639,27.316666666666666,-1.3851851851852643,-0.4074074074074474,1,1328.7928321151455,334.4049208073568
1640,27.333333333333332,-0.6148148148147357,-1.075925925925958,1,1328.1780173003308,333.32899488143084
1641,27.35,-0.7163120567375927,-0.2968085106382432,1,1327.4617052435933,333.0321863707926
1642,27.366666666666667,0.0,0.0,1,1327.4617052435933,333.0321863707926
1643,27.383333333333333,-0.2836879432624073,0.193475177304947,1,1327.1780173003308,333.22566154809755
1644,27.4,-0.2836879432624073,-0.6331914893617068,1,1326.8943293570683,332.59247005873584
1645,27.416666666666668,0.2836879432624073,-1.7801418439715917,1,1327.1780173003308,330.81232821476425
1646,27.433333333333334,0.0,-2.0,1,1327.1780173003308,328.81232821476425
1647,27.45,0.0,-2.0,1,1327.1780173003308,326.81232821476425
1648,27.466666666666665,0.2836879432624073,-1.7801418439716485,1,1327.4617052435933,325.0321863707926
1649,27.483333333333334,1.444203213200126,-0.6620350267766639,1,1328.9059084567934,324.37015134401594
1650,27.5,2.272108843537467,-1.5578231292516875,1,1331.1780173003308,322.81232821476425
1651,27.516666666666666,0.5185185185184764,-0.27407407407412165,1,1331.6965358188493,322.5382541406901
1652,27.533333333333335,0.2411714039620847,0.03376399655468276,1,1331.9377072228112,322.5720181372448
1653,27.55,0.47642118863052474,0.19864341085275328,1,1332.4141284114417,322.77066154809756
1654,27.566666666666666,0.48020094562650684,-0.1781914893617227,1,1332.8943293570683,322.59247005873584
1655,27.583333333333332,-32.73179792588206,-55.82640587804053,2,1300.1625314311862,266.7660641806953
1656,27.6,12.01548586914447,3.0462640340689404,2,1312.1780173003306,269.81232821476425
1657,27.616666666666667,19.0,3.741666666666646,2,1331.1780173003306,273.55399488143087
1658,27.633333333333333,38.12015503875966,7.138178294573635,2,1369.2981723390903,280.69217317600453
1659,27.65,36.036410617805984,6.009043927648577,2,1405.3345829568964,286.7012171036531
1660,27.666666666666668,35.55878522062733,4.733918128654977,2,1440.8933681775238,291.4351352323081
1661,27.683333333333334,35.784649122807025,4.5327485380117025,2,1476.6780173003308,295.96788377031976
1662,27.7,38.6396396396396,5.484084084084088,2,1515.3176569399704,301.45196785440385
1663,27.716666666666665,23.360360360360403,3.8603603603603744,2,1538.6780173003308,305.3123282147642
1664,27.733333333333334,25.758333333333326,5.0,2,1564.436350633664,310.3123282147642
1665,27.75,11.887499999999989,2.801388888888823,2,1576.323850633664,313.113717103653
1666,27.766666666666666,10.429054054054063,2.4290540540540633,1,1586.752904687718,315.5427711577071
1667,27.783333333333335,7.50150150150148,2.5924105924106016,1,1594.2544061892195,318.1351817501177
1668,27.8,2.2539682539681962,1.334487734487709,1,1596.5083744431877,319.4696694846054
1669,27.816666666666666,0.0071428571428668874,0.3523809523809973,1,1596.5155173003304,319.8220504369864
1670,27.833333333333332,0.2035353535353579,0.7777777777777715,1,1596.7190526538657,320.59982821476416
1671,27.85,-0.2035353535353579,1.2222222222222285,1,1596.5155173003304,321.8220504369864
1672,27.866666666666667,0.23738738738745724,0.2792792792792511,1,1596.752904687718,322.10132971626564
1673,27.883333333333333,0.5924105924106016,0.9429429429429206,1,1597.3453152801285,323.04427265920856
1674,27.9,0.6868686868687064,1.466666666666697,1,1598.0321839669973,324.51093932587526
1675,27.916666666666668,0.0,0.6222222222222058,1,1598.0321839669973,325.13316154809746
1676,27.933333333333334,1.0,1.6888888888889255,1,1599.0321839669973,326.8220504369864
1677,27.95,1.476190476190368,1.3523809523809405,1,1600.5083744431877,328.1744313893673
1678,27.966666666666665,2.8761904761905726,1.1238095238095411,1,1603.3845649193781,329.29824091317687
1679,27.983333333333334,3.6476190476190595,1.5238095238095184,1,1607.0321839669973,330.8220504369864
1680,28.0,1.0,-0.3111111111111313,1,1608.0321839669973,330.51093932587526
1681,28.016666666666666,0.0,0.3111111111111313,1,1608.0321839669973,330.8220504369864
1682,28.033333333333335,0.0,0.0,2,1608.0321839669973,330.8220504369864
1683,28.05,-0.13024986709194764,0.2339181286549774,2,1607.9019340999052,331.05596856564136
1684,28.066666666666666,0.4736842105263577,4.877192982456165,2,1608.3756183104315,335.93316154809753
1685,28.083333333333332,1.4977956680083366,5.7504312823461134,2,1609.8734139784399,341.6835928304437
1686,28.1,1.3625646923520094,6.389208357293512,2,1611.2359786707918,348.0728011877372
1687,28.116666666666667,5.670419132683207,17.346733525978777,2,1616.906397803475,365.41953471371596
1688,28.133333333333333,5.469220506956447,13.013626834381597,2,1622.3756183104315,378.4331615480976
1689,28.15,6.8581560283687395,13.045626477541333,2,1629.2337743388002,391.4787880256389
1690,28.166666666666668,8.250818330605625,15.69796326604839,2,1637.4845926694059,407.1767512916873
1691,28.183333333333334,5.127520238864804,9.819635546526229,2,1642.6121129082708,416.99638683821354
1692,28.2,6.498097544102166,11.668165571313352,1,1649.110210452373,428.6645524095269
1693,28.216666666666665,4.025583626479147,6.579042745975926,1,1653.135794078852,435.2435951555028
1694,28.233333333333334,3.522438972391001,4.968979852894108,1,1656.658233051243,440.2125750083969
1695,28.25,0.4519774011298523,2.451977401129966,1,1657.110210452373,442.6645524095269
1696,28.266666666666666,1.5688830943067842,1.9791395045632498,1,1658.6790935466797,444.64369191409014
1697,28.283333333333335,0.4311169056932158,0.02086049543675017,1,1659.110210452373,444.6645524095269
1698,28.3,0.21116976938037624,0.05816430489949198,1,1659.3213802217533,444.7227167144264
1699,28.316666666666666,1.5628415300548113,-0.28415300546441813,1,1660.8842217518081,444.43856370896196
1700,28.333333333333332,1.7740112994349602,-0.22598870056503984,1,1662.658233051243,444.2125750083969
1701,28.35,3.1977401129943246,-0.06779661016946648,1,1665.8559731642374,444.14477839822746
1702,28.366666666666667,1.5923511516730287,0.027118644067854802,1,1667.4483243159104,444.1718970422953
1703,28.383333333333333,1.599640125956057,0.6760233918128051,1,1669.0479644418665,444.8479204341081
1704,28.4,1.8362573099416295,1.5906432748538464,1,1670.8842217518081,446.43856370896196
1705,28.416666666666668,0.38418079096027213,0.46327683615811566,1,1671.2684025427684,446.9018405451201
1706,28.433333333333334,1.45207651898113,1.127366438695617,1,1672.7204790617495,448.0292069838157
1707,28.45,0.43887496519073466,0.03898635477582957,1,1673.1593540269403,448.0681933385915
1708,28.466666666666665,0.15497525174941984,0.37037037037043774,1,1673.3143292786897,448.43856370896196
1709,28.483333333333334,0.19489247311844338,0.0625,2,1673.5092217518081,448.50106370896196
1710,28.5,-1.5332602339180994,-0.937682748538009,2,1671.97596151789,447.56338096042396
1711,28.516666666666666,-9.134078475759338,-7.846255423504999,2,1662.8418830421306,439.71712553691896
1712,28.533333333333335,-12.80254332989648,-9.29769234546086,2,1650.039339712234,430.4194331914581
1713,28.55,-33.04209369186526,-21.359732792152897,2,1616.997246020369,409.0597003993052
1714,28.566666666666666,-33.016573651276985,-19.87383730762724,2,1583.980672369092,389.18586309167796
1715,28.583333333333332,-48.57927225471076,-30.13417803768681,2,1535.4014001143812,359.05168505399115
1716,28.6,-38.32483340133274,-23.702026383788905,2,1497.0765667130486,335.34965867020225
1717,28.616666666666667,-34.655523255814046,-22.236111111111143,2,1462.4210434572346,313.1135475590911
1718,28.633333333333333,-38.489797895902484,-24.024686231081546,2,1423.9312455613322,289.08886132800956
1719,28.65,-27.35467884828347,-17.240559246954604,2,1396.5765667130486,271.84830208105495
1720,28.666666666666668,-15.138178294573777,-9.120155038759663,2,1381.438388418475,262.7281470422953
1721,28.683333333333334,-29.74166666666656,-18.5,2,1351.6967217518084,244.2281470422953
1722,28.7,-12.258333333333383,-7.5,2,1339.438388418475,236.7281470422953
1723,28.716666666666665,-7.741666666666617,-4.774999999999977,2,1331.6967217518084,231.9531470422953
1724,28.733333333333334,-9.39722222222224,-7.9833333333333485,2,1322.2994995295862,223.96981370896196
1725,28.75,-4.078968253968242,-3.619047619047592,2,1318.220531275618,220.35076608991437
1726,28.766666666666666,-2.4974937343358192,-4.0037593984963,2,1315.723037541282,216.34700669141807
1727,28.783333333333335,-1.84343434343441,-3.643274853801188,2,1313.8796031978477,212.70373183761689
1728,28.8,-0.5156375787955199,-2.583124477861304,2,1313.3639656190521,210.12060735975558
1729,28.816666666666666,-0.6672438672437693,-1.6507936507936165,2,1312.6967217518084,208.46981370896196
1730,28.833333333333332,0.0,-1.8444444444444912,2,1312.6967217518084,206.62536926451747
1731,28.85,-0.7207207207209194,-3.0318318318318234,1,1311.9760010310874,203.59353743268565
1732,28.866666666666667,-0.5585585585583885,-2.5585585585585022,1,1311.417442472529,201.03497887412715
1733,28.883333333333333,-2.237387387387571,-5.720720720720692,1,1309.1800550851415,195.31425815340646
1734,28.9,-1.5359649122804058,-3.245614035087783,1,1307.644090172861,192.06864411831867
1735,28.916666666666668,-1.3559705715904329,-3.990945104697289,1,1306.2881196012706,188.07769901362138
1736,28.933333333333334,-0.8706771287415904,-3.042720139494236,1,1305.417442472529,185.03497887412715
1737,28.95,0.0,-2.0,1,1305.417442472529,183.03497887412715
1738,28.966666666666665,0.27927927927930796,-0.720720720720692,1,1305.6967217518084,182.31425815340646
1739,28.983333333333334,0.6888888888888687,-2.0,1,1306.3856106406972,180.31425815340646
1740,29.0,-0.37575757575768876,-0.22222222222228538,1,1306.0098530649395,180.09203593118417
1741,29.016666666666666,0.6868686868688201,-1.466666666666697,1,1306.6967217518084,178.62536926451747
1742,29.033333333333335,0.720720720720692,-1.5903903903903256,1,1307.417442472529,177.03497887412715
1743,29.05,1.0336652441915248,-1.7733522996680904,1,1308.4511077167206,175.26162657445906
1744,29.066666666666666,0.24561403508778312,-0.9473684210526017,1,1308.6967217518084,174.31425815340646
1745,29.083333333333332,0.2222222222221717,-0.6868686868687064,1,1308.9189439740305,173.62738946653775
1746,29.1,0.0,0.0,1,1308.9189439740305,173.62738946653775
1747,29.116666666666667,0.0,0.0,1,1308.9189439740305,173.62738946653775
1748,29.133333333333333,0.0,0.0,2,1308.9189439740305,173.62738946653775
1749,29.15,0.0,0.0,2,1308.9189439740305,173.62738946653775
1750,29.166666666666668,-1.4909560723513664,-1.5183873619919837,2,1307.4279879016792,172.10900210454577
1751,29.183333333333334,-4.5,-3.875,2,1302.9279879016792,168.23400210454577
1752,29.2,-10.155555555555566,-9.383333333333326,2,1292.7724323461237,158.85066877121244
1753,29.216666666666665,-11.129166666666663,-8.892676767676818,2,1281.643265679457,149.95799200353562
1754,29.233333333333334,-11.94861111111112,-10.107323232323182,2,1269.6946545683459,139.85066877121244
1755,29.25,-15.793311956023842,-12.74736601007794,2,1253.901342612322,127.1033027611345
1756,29.266666666666666,-11.550122387410568,-9.363745101033203,2,1242.3512202249115,117.7395576601013
1757,29.283333333333335,-8.841360978203056,-8.68421052631578,2,1233.5098592467084,109.05534713378552
1758,29.3,-9.956085181507206,-9.457718194858273,2,1223.5537740652012,99.59762893892724
1759,29.316666666666666,-6.477561027608999,-5.031020147105892,1,1217.0762130375922,94.56660879182135
1760,29.333333333333332,-3.3061750421250053,-3.1190405392010803,1,1213.7700379954672,91.44756825262027
1761,29.35,-4.467836257309955,-4.65497076023388,1,1209.3022017381572,86.79259749238639
1762,29.366666666666667,-0.6111111111111995,-1.9333333333333371,1,1208.691090627046,84.85926415905305
1763,29.383333333333333,-0.6566484517303479,-1.6185792349726853,1,1208.0344421753157,83.24068492408037
1764,29.4,0.023978468314112433,-0.6470924068183876,1,1208.0584206436297,82.59359251726198
1765,29.416666666666668,-0.23644489417313252,-0.5467577367400054,1,1207.8219757494567,82.04683478052198
1766,29.433333333333334,-0.7457627118644723,-1.4802259887006244,1,1207.0762130375922,80.56660879182135
1767,29.45,-3.336852829489658,-3.489858293970485,1,1203.7393602081024,77.07675049785087
1768,29.466666666666665,-2.1433731592109098,-1.2559044178938734,1,1201.5959870488914,75.820846079957
1769,29.483333333333334,-1.2937853107343926,-1.0282485875706016,1,1200.302201738157,74.79259749238639
1770,29.5,-1.0666666666667197,-1.3888888888889142,1,1199.2355350714902,73.40370860349748
1771,29.516666666666666,-0.37049180327869635,-0.8952641165756177,1,1198.8650432682116,72.50844448692186
1772,29.533333333333335,-0.9173388845520094,-1.4407147194032177,1,1197.9477043836596,71.06772976751864
1773,29.55,-0.6455026455025745,-1.0797299762816692,1,1197.302201738157,69.98799979123697
1774,29.566666666666666,-0.27513227513236416,-0.8250319284802572,1,1197.0270694630246,69.16296786275672
1775,29.583333333333332,-0.6311177248676358,-0.27662037037032405,1,1196.395951738157,68.88634749238639
1776,29.6,0.0,0.0,1,1196.395951738157,68.88634749238639
1777,29.616666666666667,-0.2631489071038686,0.12482923497265119,1,1196.1328028310531,69.01117672735904
1778,29.633333333333333,1.606557377049171,2.065573770491824,1,1197.7393602081024,71.07675049785087
1779,29.65,7.3112692030106246,6.910815547994616,1,1205.050629411113,77.98756604584548
1780,29.666666666666668,16.477561027609,11.031020147105835,1,1221.528190438722,89.01858619295132
1781,29.683333333333334,36.02558362647903,20.579042745975926,1,1257.5537740652012,109.59762893892724
1782,29.7,34.03211561621845,16.4148267094875,1,1291.5858896814198,126.01245564841474
1783,29.716666666666665,36.71631205673759,17.78014184397165,1,1328.3022017381572,143.7925974923864
1784,29.733333333333334,43.75968992248056,20.240310077519325,1,1372.0618916606377,164.03290756990572
1785,29.75,36.48062015503865,19.519379844961236,1,1408.5425118156763,183.55228741486695
1786,29.766666666666666,41.75968992248079,21.72364341085273,1,1450.3022017381572,205.27593082571968
1787,29.783333333333335,24.0,14.0,1,1474.3022017381572,219.27593082571968
1788,29.8,22.0,14.516666666666708,2,1496.3022017381572,233.7925974923864
1789,29.816666666666666,19.355817610062843,15.125786163522008,2,1515.65801934822,248.9183836559084
1790,29.833333333333332,15.850849056603806,14.374213836477992,2,1531.5088684048237,263.2925974923864
1791,29.85,9.29333333333335,10.23333333333332,2,1540.802201738157,273.5259308257197
1792,29.866666666666667,7.192307692307679,11.76666666666668,2,1547.9945094304646,285.29259749238634
1793,29.883333333333333,3.939429896344734,7.358156028368782,2,1551.9339393268094,292.65075352075513
1794,29.9,4.034672970843189,6.802206461780941,1,1555.9686122976527,299.4529599825361
1795,29.916666666666668,2.688731284475921,6.985027580772254,1,1558.6573435821288,306.4379875633083
1796,29.933333333333334,1.496453900709298,3.0297872340425442,1,1560.153797482838,309.46777479735084
1797,29.95,0.0,2.466666666666697,1,1560.153797482838,311.93444146401754
1798,29.966666666666665,1.4833333333332348,2.0,1,1561.637130816171,313.93444146401754
1799,29.983333333333334,0.0,2.0,1,1561.637130816171,315.93444146401754
1800,30.0,-0.09871794871787642,3.0,1,1561.5384128674532,318.93444146401754
1801,30.016666666666666,-0.6118881118881063,3.303030303030255,1,1560.926524755565,322.2374717670478
1802,30.033333333333335,1.0074145712443396,2.9806576402321525,1,1561.9339393268092,325.21812940727995
1803,30.05,0.2198581560284083,2.7163120567375927,1,1562.1537974828375,327.93444146401754
1804,30.066666666666666,2.0416666666666288,2.236111111111086,1,1564.195464149504,330.1705525751286
1805,30.083333333333332,0.17819148936166584,0.48020094562650684,1,1564.3736556388658,330.65075352075513
1806,30.1,0.0,0.0,1,1564.3736556388658,330.65075352075513
1807,30.116666666666667,0.0,0.0,1,1564.3736556388658,330.65075352075513
1808,30.133333333333333,0.0,0.0,2,1564.3736556388658,330.65075352075513
1809,30.15,0.0,0.0,2,1564.3736556388658,330.65075352075513
1810,30.166666666666668,0.0,0.0,2,1564.3736556388658,330.65075352075513
1811,30.183333333333334,-0.22862277170793277,0.7814836112708576,2,1564.1450328671579,331.432237132026
1812,30.2,-1.4833333333332348,6.0,2,1562.6616995338245,337.432237132026
1813,30.216666666666665,-0.23750000000001137,10.118055555555543,2,1562.4241995338245,347.55029268758153
1814,30.233333333333334,-0.02083333333337123,15.122254521963782,2,1562.4033662004913,362.6725472095453
1815,30.25,-2.2416666666666174,27.451997614788354,2,1560.1616995338247,390.12454482433367
1816,30.266666666666666,-2.737289562289561,23.996244496244458,4,1557.4244099715352,414.1207893205781
1817,30.283333333333335,-6.590965601606285,27.34285372372254,4,1550.8334443699289,441.4636430443007
1818,30.3,-11.805031446540852,33.28368794326241,5,1539.028412923388,474.7473309875631
1819,30.316666666666666,-12.041922773837655,24.124822695035448,6,1526.9864901495503,498.87215368259854
1820,30.333333333333332,-10.384765277850306,21.252955082742318,6,1516.6017248716998,520.1251087653409
1821,30.35,-10.311902736137085,24.1298627925747,6,1506.2898221355626,544.2549715579156
1822,30.366666666666667,-5.643290079766416,13.268649225170918,6,1500.6465320557963,557.5236207830865
1823,30.383333333333333,-3.4102084922449194,9.43690633038463,6,1497.2363235635514,566.9605271134711
1824,30.4,-2.7483098591550856,8.308800556168933,6,1494.4880137043963,575.26932766964
1825,30.416666666666668,-0.45955205317977743,2.891593352883717,6,1494.0284616512165,578.1609210225238
1826,30.433333333333334,-0.5967171717170459,1.667891817460827,6,1493.4317444794995,579.8288128399846
1827,30.45,0.2677595628417748,0.2134387351778173,5,1493.6995040423412,580.0422515751625
1828,30.466666666666665,0.09090909090900823,0.3285024154588996,5,1493.7904131332502,580.3707539906213
1829,30.483333333333334,0.9666666666664696,0.0,5,1494.7570797999167,580.3707539906213
1830,30.5,2.007409465592218,0.6379310344827331,5,1496.764489265509,581.0086850251041
1831,30.516666666666666,1.7613375130615623,1.8014629049111477,5,1498.5258267785705,582.8101479300153
1832,30.533333333333335,1.3630620587141493,3.4833333333333485,5,1499.8888888372846,586.2934812633487
1833,30.55,1.4750898818692804,4.0013696284882485,5,1501.363978719154,590.2948508918369
1834,30.566666666666666,0.45684485006518116,3.77401129943496,5,1501.820823569219,594.0688621912718
1835,30.583333333333332,0.8990112994351875,3.2850241545893937,5,1502.7198348686543,597.3538863458612
1836,30.6,0.3945106536655203,2.5166666666667084,5,1503.1143455223198,599.8705530125278
1837,30.616666666666667,-0.0921200449367916,1.3147167388862044,5,1503.022225477383,601.185269751414
1838,30.633333333333333,-0.07407407407413302,1.382268982954031,5,1502.9481514033089,602.5675387343681
1839,30.65,-0.15136876006454258,1.1202185792350292,5,1502.7967826432443,603.6877573136031
1840,30.666666666666668,-0.08514803033995122,0.8647342995169538,5,1502.7116346129044,604.5524916131201
1841,30.683333333333334,-0.18767849857204055,1.0053039575683442,5,1502.5239561143323,605.5577955706884
1842,30.7,0.17325873046502238,0.4751066856330226,5,1502.6972148447974,606.0329022563214
1843,30.716666666666665,0.2742298540099455,0.1302977683452582,5,1502.9714446988073,606.1632000246667
1844,30.733333333333334,0.0,0.0,5,1502.9714446988073,606.1632000246667
1845,30.75,0.2923737476996848,0.332038437947233,5,1503.263818446507,606.495238462614
1846,30.766666666666666,0.08036739380020208,0.15445847684654268,6,1503.344185840307,606.6496969394606
1847,30.783333333333335,0.3321684587812115,0.07717803030303116,6,1503.6763542990884,606.7268749697636
1848,30.8,0.16592648172184,0.7864583333333428,6,1503.8422807808101,607.5133333030969
1849,30.816666666666666,-0.28319247278648163,1.8531369234653994,6,1503.5590883080235,609.3664702265623
1850,30.833333333333332,-1.9986221663640436,5.271164021164054,6,1501.5604661416596,614.6376342477264
1851,30.85,-5.602401129943587,6.696506110971768,6,1495.958065011716,621.3341403586982
1852,30.866666666666667,-10.864554629653185,11.001776107251487,6,1485.0935103820627,632.3359164659496
1853,30.883333333333333,-17.4609705231245,15.24216937093118,6,1467.6325398589383,647.5780858368807
1854,30.9,-22.48333333333335,22.68269762299616,5,1445.149206525605,670.2607834598768
1855,30.916666666666668,-20.756976744185977,21.228148148148136,5,1424.392229781419,691.488931608025
1856,30.933333333333334,-28.0,29.5866666666667,5,1396.392229781419,721.0755982746917
1857,30.95,-24.710388437217716,20.79710144927526,5,1371.6818413442013,741.872699723967
1858,30.966666666666665,-21.14634634634649,19.20289855072474,5,1350.5354949978548,761.0755982746917
1859,30.983333333333334,-9.70877854598757,9.0,5,1340.8267164518672,770.0755982746917
1860,31.0,-18.25507567368038,19.889996308600985,4,1322.571640778187,789.9655945832927
1861,31.016666666666666,-4.019484600879991,6.259794678399345,4,1318.552156177307,796.225389261692
1862,31.033333333333335,-1.3631782945735722,2.7589110849980614,4,1317.1889778827335,798.9843003466901
1863,31.05,-0.12015503875960576,2.2583333333333258,4,1317.068822843974,801.2426336800235
1864,31.066666666666666,0.0,0.4833333333333485,4,1317.068822843974,801.7259670133568
1865,31.083333333333332,-0.14647082823330493,0.26098531211749787,4,1316.9223520157407,801.9869523254742
1866,31.1,0.26411960132878676,0.637990324648797,4,1317.1864716170694,802.6249426501231
1867,31.116666666666667,0.4169312169311752,0.242962056303611,4,1317.6034028340005,802.8679047064268
1868,31.133333333333333,1.5009259259259125,0.37513227513233005,4,1319.1043287599264,803.243036981559
1869,31.15,1.8798449612402806,0.6188596491227827,4,1320.9841737211666,803.8618966306818
1870,31.166666666666668,0.5166666666666515,0.4986434108527078,4,1321.5008403878333,804.3605400415345
1871,31.183333333333334,1.4833333333333485,1.0,4,1322.9841737211666,805.3605400415345
1872,31.2,0.5964912280701355,1.2105263157894797,4,1323.5806649492367,806.571066357324
1873,31.216666666666665,1.3037814129919525,0.7894736842105203,4,1324.8844463622286,807.3605400415345
1874,31.233333333333334,0.5166666666667084,1.2301587301587347,4,1325.4011130288952,808.5906987716933
1875,31.25,0.5,0.41645299145295667,4,1325.9011130288952,809.0071517631462
1876,31.266666666666666,0.46388888888884594,-0.03796461935996831,4,1326.365001917784,808.9691871437863
1877,31.283333333333335,0.11904761904759198,-0.018480018480005356,4,1326.4840495368317,808.9507071253063
1878,31.3,-0.1201550387596626,-0.23598515458979819,4,1326.363894498072,808.7147219707165
1879,31.316666666666666,0.14647082823330493,-1.6228070175438631,4,1326.5103653263054,807.0919149531726
1880,31.333333333333332,-0.6919172932331321,-2.8798449612402806,4,1325.8184480330724,804.2120699919324
1881,31.35,-3.3607142857141525,-8.997348021215828,4,1322.4577337473584,795.2147219707165
1882,31.366666666666667,-3.7416666666666742,-9.023809523809518,4,1318.7160670806916,786.190912446907
1883,31.383333333333333,-4.639285714285791,-12.771211272863042,4,1314.0767813664058,773.4197011740439
1884,31.4,-3.0081560283687736,-9.343693693693666,4,1311.068625338037,764.0760074803502
1885,31.416666666666668,-4.350711237553412,-24.2563063063063,4,1306.7179141004835,739.8197011740439
1886,31.433333333333334,-1.6175759520751853,-12.653615746683755,4,1305.1003381484084,727.1660854273601
1887,31.45,-0.8857555148900929,-6.686284091564318,4,1304.2145826335181,720.4798013357959
1888,31.466666666666665,-1.3836986082225735,-13.473684210526272,4,1302.8308840252955,707.0061171252696
1889,31.483333333333334,-1.9473684210527153,-6.0,3,1300.8835156042428,701.0061171252696
1890,31.5,-1.0,-4.0,3,1299.8835156042428,697.0061171252696
1891,31.516666666666666,-1.0,-2.6476190476190595,3,1298.8835156042428,694.3584980776506
1892,31.533333333333335,-1.057142857142935,-2.5926910299003794,3,1297.8263727470999,691.7658070477502
1893,31.55,-1.0,-3.7070583435332196,3,1296.8263727470999,688.0587487042169
1894,31.566666666666666,-0.8145363408521007,-2.56929824561405,3,1296.0118364062478,685.4894504586028
1895,31.583333333333332,-0.44961240310090034,-2.372093023255786,3,1295.5622240031469,683.117357435347
1896,31.6,-1.3100775193797745,-3.40448140448143,4,1294.252146483767,679.7128760308656
1897,31.616666666666667,-1.1959064327485294,-1.5464028661396583,4,1293.0562400510184,678.1664731647259
1898,31.633333333333333,-0.9035087719298645,-0.9161904761904793,4,1292.1527312790886,677.2502826885354
1899,31.65,-0.009090909090900823,-0.2318979266347867,4,1292.1436403699977,677.0183847619006
1900,31.666666666666668,0.0,-0.12309299895503045,4,1292.1436403699977,676.8952917629456
1901,31.683333333333334,0.0,-0.20818410177460578,4,1292.1436403699977,676.687107661171
1902,31.7,0.14889162561570402,-0.1546377973803601,4,1292.2925319956134,676.5324698637907
1903,31.716666666666665,0.036410617806041046,-0.36494670542640506,4,1292.3289426134195,676.1675231583642
1904,31.733333333333334,0.2403100775193252,-0.5455857019810253,4,1292.5692526909388,675.6219374563832
1905,31.75,0.08538510101010388,0.0,4,1292.654637791949,675.6219374563832
1906,31.766666666666666,-1.738576238576286,0.25385891025425167,4,1290.9160615533726,675.8757963666375
1907,31.783333333333335,-7.146272679280912,2.096345514950201,4,1283.7697888740918,677.9721418815877
1908,31.8,-16.79938672438675,6.7436936936937,4,1266.970402149705,684.7158355752814
1909,31.816666666666666,-20.0338520338521,8.94294294294292,3,1246.936550115853,693.6587785182244
1910,31.833333333333332,-36.68686868686882,14.51958935679869,3,1210.249681428984,708.178367875023
1911,31.85,-30.31313131313118,11.777777777777828,3,1179.936550115853,719.9561456528008
1912,31.866666666666667,-28.0,10.0,3,1151.936550115853,729.9561456528008
1913,31.883333333333333,-37.0,12.0,3,1114.936550115853,741.9561456528008
1914,31.9,-21.0,6.0,3,1093.936550115853,747.9561456528008
1915,31.916666666666668,-19.2222222222224,5.488888888888937,3,1074.7143278936305,753.4450345416898
1916,31.933333333333334,-19.591397849462282,5.236559139785072,3,1055.1229300441682,758.6815936814749
1917,31.95,-9.313131313131294,2.48888888888888,3,1045.809798731037,761.1704825703637
1918,31.966666666666665,-10.0,0.2933333333334076,3,1035.809798731037,761.4638159036971
1919,31.983333333333334,-5.0,-1.0,3,1030.809798731037,760.4638159036971
1920,32.0,-4.156565656565704,-1.6444444444444457,2,1026.6532330744712,758.8193714592526
1921,32.016666666666666,-3.8434343434342964,-0.3555555555555543,2,1022.809798731037,758.463815903697
1922,32.03333333333333,-6.411111111111211,-0.25555555555553156,2,1016.3986876199258,758.2082603481415
1923,32.05,-4.108641975308615,-0.1913580246913682,2,1012.2900456446172,758.0169023234502
1924,32.06666666666667,-3.304056437389761,-0.070546737213391,2,1008.9859892072275,757.9463555862368
1925,32.083333333333336,-3.6761904761904134,-0.2380952380952408,2,1005.3097987310371,757.7082603481415
1926,32.1,-1.5,-0.24444444444446844,2,1003.8097987310371,757.463815903697
1927,32.11666666666667,-1.8086419753086602,0.10864197530864317,2,1002.0011567557284,757.5724578790056
1928,32.13333333333333,-2.309637594583876,0.09565909996015876,2,999.6915191611445,757.6681169789657
1929,32.15,-1.2928315412186748,0.5401433691756665,2,998.3986876199258,758.2082603481414
1930,32.166666666666664,-1.2246913580246428,0.19135802469133978,2,997.1739962619012,758.3996183728327
1931,32.18333333333333,-0.3641975308641463,0.06419753086419178,2,996.8097987310371,758.463815903697
1932,32.2,-0.6466666666667038,0.3911111111111154,2,996.1631320643703,758.854927014808
1933,32.21666666666667,-0.3533333333332962,0.35333333333335304,2,995.8097987310371,759.2082603481414
1934,32.233333333333334,0.0,0.0,2,995.8097987310371,759.2082603481414
1935,32.25,0.0,0.5111111111110631,3,995.8097987310371,759.7193714592524
1936,32.266666666666666,0.0,0.27160493827153687,3,995.8097987310371,759.990976397524
1937,32.28333333333333,0.0,1.7333333333332916,3,995.8097987310371,761.7243097308574
1938,32.3,0.38271604938279324,6.728395061728463,3,996.1925147804199,768.4527047925858
1939,32.31666666666667,-0.3131313131314073,6.686868686868706,3,995.8793834672884,775.1395734794545
1940,32.333333333333336,0.0,4.0,3,995.8793834672884,779.1395734794545
1941,32.35,0.0,7.0,3,995.8793834672884,786.1395734794545
1942,32.36666666666667,-0.31111111111101764,9.0,3,995.5682723561774,795.1395734794545
1943,32.38333333333333,-0.18024691358027667,2.652076318742928,2,995.3880254425972,797.7916497981975
1944,32.4,0.18024691358027667,3.347923681257072,2,995.5682723561774,801.1395734794545
1945,32.416666666666664,1.1530864197530946,4.291358024691277,2,996.7213587759305,805.4309315041457
1946,32.43333333333333,0.5358024691357741,1.7086419753087227,2,997.2571612450663,807.1395734794545
1947,32.45,0.3111111111111313,2.0,2,997.5682723561774,809.1395734794545
1948,32.46666666666667,0.3444444444444912,2.655555555555509,2,997.9127168006219,811.79512903501
1949,32.483333333333334,0.13580246913579685,0.535802469135831,2,998.0485192697577,812.3309315041458
1950,32.5,-0.13580246913579685,2.80864197530866,2,997.9127168006219,815.1395734794545
1951,32.516666666666666,0.1565656565656468,1.8888888888888573,2,998.0692824571875,817.0284623683433
1952,32.53333333333333,0.0,2.0,2,998.0692824571875,819.0284623683433
1953,32.55,0.0,2.2222222222222285,2,998.0692824571875,821.2506845905655
1954,32.56666666666667,-0.1565656565656468,1.8888888888889142,2,997.9127168006219,823.1395734794544
1955,32.583333333333336,0.1565656565656468,0.11111111111108585,2,998.0692824571875,823.2506845905655
1956,32.6,0.1297406497405973,1.3818618618618075,2,998.199023106928,824.6325464524273
1957,32.61666666666667,0.0,0.0,2,998.199023106928,824.6325464524273
1958,32.63333333333333,0.0365508365508731,0.12226512226516206,2,998.2355739434789,824.7548115746924
1959,32.65,-0.1662914862914704,0.2736507936508019,2,998.0692824571875,825.0284623683433
1960,32.666666666666664,0.0,0.0,2,998.0692824571875,825.0284623683433
1961,32.68333333333333,0.8481962481961887,0.76825396825393,2,998.9174787053837,825.7967163365972
1962,32.7,0.9952380952381645,0.8428571428572127,2,999.9127168006219,826.6395734794544
1963,32.71666666666667,2.2916666666666288,2.2916666666666288,1,1002.2043834672885,828.931240146121
1964,32.733333333333334,5.708333333333371,3.7083333333333712,1,1007.9127168006219,832.6395734794544
1965,32.75,2.488888888888823,1.0,1,1010.4016056895107,833.6395734794544
1966,32.766666666666666,3.511111111111177,1.3111111111110176,1,1013.9127168006219,834.9506845905654
1967,32.78333333333333,4.0,2.0,1,1017.9127168006219,836.9506845905654
1968,32.8,1.3131313131312936,1.466666666666697,1,1019.2258481137532,838.4173512572321
1969,32.81666666666667,2.1979797979797695,1.2222222222222854,1,1021.4238279117329,839.6395734794544
1970,32.833333333333336,1.8020202020202305,0.7777777777777146,1,1023.2258481137532,840.4173512572321
1971,32.85,0.6868686868687064,0.22222222222228538,1,1023.9127168006219,840.6395734794544
1972,32.86666666666667,2.6868686868685927,-0.22222222222228538,1,1026.5995854874905,840.4173512572321
1973,32.88333333333333,0.3131313131314073,-0.2666666666666515,1,1026.9127168006219,840.1506845905654
1974,32.9,0.0,0.0,1,1026.9127168006219,840.1506845905654
1975,32.916666666666664,0.3131313131312936,0.2666666666666515,1,1027.2258481137533,840.4173512572321
1976,32.93333333333333,0.0,0.0,1,1027.2258481137533,840.4173512572321
1977,32.95,0.6868686868687064,-0.08888888888895963,1,1027.912716800622,840.3284623683431
1978,32.96666666666667,0.0,0.0,1,1027.912716800622,840.3284623683431
1979,32.983333333333334,2.2222222222221717,-0.3757575757574614,1,1030.1349390228443,839.9527047925857
1980,33.0,3.090909090909122,-1.090909090909122,1,1033.2258481137533,838.8617957016766
1981,33.016666666666666,7.072833599149362,-1.8362573099415158,1,1040.2986817129026,837.025538391735
1982,33.03333333333333,0.0,0.0,0,1040.2986817129026,837.025538391735
1983,33.05,0.0,0.0,0,1040.2986817129026,837.025538391735
1984,33.06666666666667,0.0,0.0,0,1040.2986817129026,837.025538391735
1985,33.083333333333336,0.0,0.0,0,1040.2986817129026,837.025538391735
1986,33.1,0.0,0.0,0,1040.2986817129026,837.025538391735
1987,33.11666666666667,0.0,0.0,0,1040.2986817129026,837.025538391735
1988,33.13333333333333,0.0,0.0,0,1040.2986817129026,837.025538391735
1989,33.15,0.0,0.0,0,1040.2986817129026,837.025538391735
1990,33.166666666666664,0.0,0.0,0,1040.2986817129026,837.025538391735
1991,33.18333333333333,0.0,0.0,0,1040.2986817129026,837.025538391735
1992,33.2,0.0,0.0,0,1040.2986817129026,837.025538391735
1993,33.21666666666667,0.0,0.0,0,1040.2986817129026,837.025538391735
1994,33.233333333333334,0.0,0.0,0,1040.2986817129026,837.025538391735
1995,33.25,0.0,0.0,0,1040.2986817129026,837.025538391735
1996,33.266666666666666,0.0,0.0,0,1040.2986817129026,837.025538391735
1997,33.28333333333333,0.0,0.0,0,1040.2986817129026,837.025538391735
1998,33.3,0.0,0.0,1,1040.2986817129026,837.025538391735
1999,33.31666666666667,-0.222222222222058,-1.6868686868685927,1,1040.0764594906805,835.3386697048664
2000,33.333333333333336,-0.23655913978507215,-5.4086021505377175,1,1039.8399003508953,829.9300675543287
2001,33.35,-1.7634408602149279,-10.591397849462282,1,1038.0764594906805,819.3386697048664
2002,33.36666666666667,-2.0,-13.0,1,1036.0764594906805,806.3386697048664
2003,33.38333333333333,-4.947368421052602,-27.75438596491233,1,1031.129091069628,778.5842837399541
2004,33.4,-6.052631578947398,-38.24561403508767,1,1025.0764594906805,740.3386697048664
2005,33.416666666666664,-4.523809523809632,-21.352380952381054,2,1020.5526499668708,718.9862887524854
2006,33.43333333333333,-4.269890002784734,-48.194876079086555,5,1016.2827599640862,670.7914126733988
2007,33.45,-7.080163721673216,-41.8429951690822,5,1009.2025962424129,628.9484175043166
2008,33.46666666666667,-7.185638546701966,-39.13997071332659,6,1002.016957695711,589.80844679099
2009,33.483333333333334,-9.687630607798752,-37.03636817410404,6,992.3293270879122,552.772078616886
2010,33.5,-12.389637783740739,-37.11996494504231,6,979.9396893041715,515.6521136718437
2011,33.516666666666666,-8.863120111432636,-20.702669619413314,6,971.0765691927388,494.9494440524304
2012,33.53333333333333,-12.035467551861018,-19.083871321914813,6,959.0411016408777,475.8655727305156
2013,33.55,-6.1201550387597194,-8.206228956228983,6,952.920946602118,467.65934377428664
2014,33.56666666666667,-3.325306331701711,-4.144726826043325,6,949.5956402704162,463.5146169482433
2015,33.583333333333336,-2.101767676767679,-2.56613756613757,6,947.4938725936486,460.94847938210575
2016,33.6,-0.7142406844535003,-2.09273331081846,6,946.7796319091951,458.8557460712873
2017,33.61666666666667,-1.418266735858765,-4.768559294078813,6,945.3613651733364,454.08718677720844
2018,33.63333333333333,-2.2583333333333826,-10.52678571428578,6,943.103031840003,443.56040106292267
2019,33.65,-2.1458333333333144,-11.506155303030312,6,940.9571985066698,432.05424575989235
2020,33.666666666666664,-3.2583333333333258,-14.379844961240337,6,937.6988651733365,417.674400798652
2021,33.68333333333333,-3.903654485049799,-21.619047619047535,6,933.7952106882867,396.0553531796045
2022,33.7,-3.856035437430876,-14.64968623108166,6,929.9391752508559,381.4056669485228
2023,33.71666666666667,-3.067539804827959,-13.811248073959973,6,926.871635446028,367.59441887456285
2024,33.733333333333334,-3.7668506109577606,-15.01529320085723,6,923.1047848350702,352.5791256737056
2025,33.75,-2.6491461683591524,-10.122807017543835,6,920.455638666711,342.4563186561618
2026,33.766666666666666,-2.5828639699607265,-9.14782741738071,6,917.8727746967503,333.3084912387811
2027,33.78333333333333,-2.2456140350876694,-9.285714285714334,5,915.6271606616626,324.02277695306674
2028,33.8,-1.2259887005650398,-5.033665244191525,5,914.4011719610976,318.9891117088752
2029,33.81666666666667,-0.23607276194252336,-4.036882288782579,4,914.1650991991551,314.95222942009264
2030,33.833333333333336,-0.29740371600837534,-4.855668663066467,4,913.8676954831467,310.09656075702617
2031,33.85,-0.13963963963959714,-3.187491368886697,4,913.728055843507,306.90906938813947
2032,33.86666666666667,-0.49409691950017987,-3.202156892917799,4,913.2339589240069,303.7069124952217
2033,33.88333333333333,-0.028166662027899747,-3.268640350877206,4,913.205792261979,300.43827214434447
2034,33.9,-0.46024590163932544,-1.5298081268745705,4,912.7455463603396,298.9084640174699
2035,33.916666666666664,-0.24166666666667425,-0.1561771561771934,4,912.503879693673,298.7522868612927
2036,33.93333333333333,0.0,0.0,4,912.503879693673,298.7522868612927
2037,33.95,-0.16518883415435326,0.0,4,912.3386908595186,298.7522868612927
2038,33.96666666666667,-0.11440047606413373,-0.29166826109053545,4,912.2242903834544,298.46061860020217
2039,33.983333333333334,-0.7962529274004737,-1.2132167963807206,4,911.428037456054,297.24740180382145
2040,34.0,-0.5064586754242448,-0.9593355745259942,4,910.9215787806297,296.28806622929545
2041,34.016666666666666,-1.0164502164501528,-1.7749895266023827,4,909.9051285641796,294.51307670269307
2042,34.03333333333333,-1.3179905365952322,-2.373762542367274,4,908.5871380275844,292.1393141603258
2043,34.05,-0.23817485196798316,-0.2883141762451942,4,908.3489631756164,291.8509999840806
2044,34.06666666666667,-0.7739463601532179,-0.7687338501291379,4,907.5750168154632,291.08226613395146
2045,34.083333333333336,-0.630049261083748,-0.3794417767740583,4,906.9449675543794,290.7028243571774
2046,34.1,0.0,0.0,4,906.9449675543794,290.7028243571774
2047,34.11666666666667,0.0,0.0,5,906.9449675543794,290.7028243571774
2048,34.13333333333333,0.0,0.0,5,906.9449675543794,290.7028243571774
2049,34.15,0.0,0.0,5,906.9449675543794,290.7028243571774
2050,34.166666666666664,0.03385203385209934,-0.22645502645502802,5,906.9788195882315,290.4763693307224
2051,34.18333333333333,2.932482721956376,-1.5353535353534653,5,909.9113023101879,288.9410157953689
2052,34.2,7.163742690058484,-3.5519125683060793,5,917.0750450002464,285.38910322706283
2053,34.21666666666667,14.466666666666583,-6.0,5,931.541711666913,279.38910322706283
2054,34.233333333333334,20.020512820512863,-9.782051282051327,5,951.5622244874259,269.6070519450115
2055,34.25,27.979487179487137,-12.720720720720806,5,979.541711666913,256.8863312242907
2056,34.266666666666666,30.533333333333417,-13.586666666666702,5,1010.0750450002464,243.299664557624
2057,34.28333333333333,21.219858156028295,-8.0,5,1031.2949031562748,235.299664557624
2058,34.3,18.460141843971655,-5.9163120567375245,5,1049.7550450002464,229.38335250088647
2059,34.31666666666667,9.660000000000025,-3.738095238095184,4,1059.4150450002464,225.6452572627913
2060,34.333333333333336,16.956538170823876,-6.758125472411194,4,1076.3715831710704,218.8871317903801
2061,34.35,5.937078850452622,-2.4351767420916133,4,1082.308662021523,216.45195504828848
2062,34.36666666666667,3.268465045592791,-0.9244174265450624,4,1085.577127067116,215.52753762174342
2063,34.38333333333333,0.4794971583889094,-0.1999629355077559,4,1086.056624225505,215.32757468623566
2064,34.4,-0.06302631578950013,-0.41246273106739295,4,1085.9935979097154,214.91511195516827
2065,34.416666666666664,-0.4620994832040992,-1.4348628691983265,4,1085.5314984265112,213.48024908596994
2066,34.43333333333333,-0.21189480484150636,-0.7750730282375571,4,1085.3196036216698,212.7051760577324
2067,34.45,0.3689042168573735,-1.55447474336367,4,1085.6885078385271,211.15070131436872
2068,34.46666666666667,0.52808735787454,-1.95326722135232,4,1086.2165951964016,209.1974340930164
2069,34.483333333333334,0.12268518518521887,-1.622271473601245,4,1086.3392803815868,207.57516261941515
2070,34.5,0.26155943177224117,-1.0810810810810665,4,1086.600839813359,206.4940815383341
2071,34.516666666666666,-0.6687830687830001,-1.3718877607766444,4,1085.9320567445761,205.12219377755744
2072,34.53333333333333,-0.4720887486398624,-0.7410211866922225,4,1085.4599679959363,204.38117259086522
2073,34.55,-0.18893810754275364,-0.5402200120554141,4,1085.2710298883935,203.8409525788098
2074,34.56666666666667,-0.5466931216931243,-0.5228835978835775,4,1084.7243367667004,203.31806898092623
2075,34.583333333333336,-0.2616161905838794,-0.14993160817144258,4,1084.4627205761165,203.16813737275479
2076,34.6,-0.1437580180270288,-0.2300190064827632,4,1084.3189625580894,202.93811836627202
2077,34.61666666666667,0.0,0.0,4,1084.3189625580894,202.93811836627202
2078,34.63333333333333,0.0,0.0,5,1084.3189625580894,202.93811836627202
2079,34.65,1.031798766018028,2.237719298245622,5,1085.3507613241075,205.17583766451764
2080,34.666666666666664,1.753623188405868,4.0,5,1087.1043845125132,209.17583766451764
2081,34.68333333333333,3.0,6.516666666666708,5,1090.1043845125132,215.69250433118435
2082,34.7,6.4760019792182675,9.483333333333292,5,1096.5803864917316,225.17583766451764
2083,34.71666666666667,5.7574074074073,6.516666666666708,5,1102.337793899139,231.69250433118435
2084,34.733333333333334,5.545502645502722,5.259259259259295,4,1107.8832965446416,236.95176359044365
2085,34.75,5.357714857714825,4.137037037037032,4,1113.2410114023564,241.08880062748068
2086,34.766666666666666,2.5026455026456347,3.4284391534391148,4,1115.7436569050021,244.5172397809198
2087,34.78333333333333,1.742808025416707,1.727283183804957,4,1117.4864649304188,246.24452296472475
2088,34.8,1.1376089363956225,1.259794678399345,4,1118.6240738668143,247.5043176431241
2089,34.81666666666667,0.4299663299662768,0.24684343434341827,4,1119.0540401967805,247.75116107746751
2090,34.833333333333336,0.5408625730993606,0.5447820941242583,4,1119.5949027698798,248.29594317159177
2091,34.85,1.8515146878825135,0.7603274173806085,4,1121.4464174577624,249.05627058897238
2092,34.86666666666667,2.0230263157894797,1.2396725826193915,4,1123.469443773552,250.29594317159177
2093,34.88333333333333,2.8277673350041255,1.0024875621890317,4,1126.2972111085562,251.2984307337808
2094,34.9,3.2603274173806653,1.4999999999999432,4,1129.557538525937,252.79843073378075
2095,34.916666666666664,3.9736842105263577,1.2951034302173525,4,1133.5312227364634,254.0935341639981
2096,34.93333333333333,2.0,0.0,4,1135.5312227364634,254.0935341639981
2097,34.95,1.0365079365079737,0.0,4,1136.5677306729713,254.0935341639981
2098,34.96666666666667,0.11904761904759198,-0.023809523809518396,4,1136.686778292019,254.06972464018858
2099,34.983333333333334,0.24704491725773892,-0.19193966002478646,4,1136.9338232092766,253.8777849801638
2100,35.0,0.0,0.0,5,1136.9338232092766,253.8777849801638
2101,35.016666666666666,-0.7272727272727479,-0.2616233254531153,5,1136.2065504820039,253.61616165471068
2102,35.03333333333333,-2.0,0.0,5,1134.2065504820039,253.61616165471068
2103,35.05,-8.240310077519439,3.079999999999984,5,1125.9662404044843,256.69616165471064
2104,35.06666666666667,-10.240310077519212,4.0,5,1115.7259303269652,260.69616165471064
2105,35.083333333333336,-13.95440729483289,6.267477203647331,5,1101.7715230321323,266.96363885835797
2106,35.1,-21.5679012345679,11.190476190476204,5,1080.2036217975644,278.15411504883417
2107,35.11666666666667,-14.047619047619037,8.248717948717967,5,1066.1560027499454,286.40283299755214
2108,35.13333333333333,-13.759689922480788,8.27635658914727,5,1052.3963128274645,294.6791895866994
2109,35.15,-15.96296296296299,8.712747631352329,4,1036.4333498645015,303.39193721805174
2110,35.166666666666664,-9.146966115051214,6.049251379038594,4,1027.2863837494501,309.44118859709033
2111,35.18333333333333,-5.890070921985853,4.564822695035502,4,1021.3963128274643,314.00601129212583
2112,35.2,-4.499999999999943,4.097484276729574,5,1016.8963128274643,318.1034955688554
2113,35.21666666666667,-1.6666666666666856,1.7672347289430945,5,1015.2296461607975,319.8707302977985
2114,35.233333333333334,-0.4814814814816373,1.0,5,1014.7481646793159,320.8707302977985
2115,35.25,-0.31455782312923475,1.3916981132075534,5,1014.4336068561867,322.26242841100606
2116,35.266666666666666,-1.0433778657429684,0.8415110725141233,5,1013.3902289904437,323.1039394835202
2117,35.28333333333333,-0.26732133115115175,1.1829787234042328,5,1013.1229076592925,324.28691820692444
2118,35.3,-0.23611111111119953,0.8170212765957672,5,1012.8867965481813,325.1039394835202
2119,35.31666666666667,-0.23508771929826366,0.2692307692307736,5,1012.6517088288831,325.373170252751
2120,35.333333333333336,0.0,0.0,5,1012.6517088288831,325.373170252751
2121,35.35,0.0,0.0,5,1012.6517088288831,325.373170252751
2122,35.36666666666667,-0.3276353276352211,0.26634003606545775,5,1012.3240735012479,325.63951028881644
2123,35.38333333333333,0.0,0.07407407407407618,5,1012.3240735012479,325.7135843628905
2124,35.4,0.0,0.0,5,1012.3240735012479,325.7135843628905
2125,35.416666666666664,0.0,0.0,6,1012.3240735012479,325.7135843628905
2126,35.43333333333333,0.5076402933545694,0.15156993728419366,6,1012.8317137946025,325.8651543001747
2127,35.45,2.966666666666697,0.4251700680272279,6,1015.7983804612692,326.29032436820194
2128,35.46666666666667,5.169934640522854,0.0,6,1020.9683151017921,326.29032436820194
2129,35.483333333333334,24.7789115646259,0.5,6,1045.747226666418,326.79032436820194
2130,35.5,25.206666666666592,-1.131737588652527,6,1070.9538933330846,325.6585867795494
2131,35.516666666666666,31.90251572327054,-1.6257861635219797,6,1102.856409056355,324.03280061602743
2132,35.53333333333333,26.70125754910748,-1.957331838200659,6,1129.5576666054626,322.07546877782676
2133,35.55,23.908514827119518,-1.440691522086837,6,1153.466181432582,320.6347772557399
2134,35.56666666666667,27.70991032071737,-1.5259700779537013,6,1181.1760917532995,319.10880717778616
2135,35.583333333333336,17.20675634594926,-0.20577595379234026,6,1198.3828480992488,318.9030312239938
2136,35.6,11.955586942874959,0.14396456256923784,6,1210.3384350421238,319.04699578656306
2137,35.61666666666667,14.183368024581341,0.052380952380985946,5,1224.5218030667052,319.09937673894404
2138,35.63333333333333,6.074074074074019,-0.07868155236576513,5,1230.595877140779,319.0206951865783
2139,35.65,3.4647397296936333,0.016435541859266323,5,1234.0606168704726,319.03713072843755
2140,35.666666666666664,1.5239980207817325,0.38973139062343876,5,1235.5846148912542,319.42686211906096
2141,35.68333333333333,1.1812865497076928,0.7163120567375927,5,1236.765901440962,320.14317417579855
2142,35.7,1.4540588760035007,0.47104018912523316,5,1238.2199603169654,320.6142143649238
2143,35.71666666666667,3.2040540540540405,0.2840103159253431,5,1241.4240143710194,320.8982246808491
2144,35.733333333333334,2.8187134502925346,0.21836477987415037,5,1244.242727821312,321.1165894607233
2145,35.75,1.7999999999999545,-0.062246010506498806,5,1246.042727821312,321.0543434502168
2146,35.766666666666666,0.0473684210526244,0.21836477987415037,5,1246.0900962423646,321.2727082300909
2147,35.78333333333333,0.0,0.0,5,1246.0900962423646,321.2727082300909
2148,35.8,0.0,0.0,5,1246.0900962423646,321.2727082300909
2149,35.81666666666667,0.0,0.0,5,1246.0900962423646,321.2727082300909
2150,35.833333333333336,0.0,0.0,5,1246.0900962423646,321.2727082300909
2151,35.85,0.0,0.0,6,1246.0900962423646,321.2727082300909
2152,35.86666666666667,0.4267120894479035,-0.27075646401112863,6,1246.5168083318124,321.0019517660798
2153,35.88333333333333,1.516526374859552,-0.5168985747485522,6,1248.033334706672,320.48505319133125
2154,35.9,9.687199761367367,-4.9500709219858265,6,1257.7205344680392,315.5349822693454
2155,35.916666666666664,7.620155038759663,-3.733847028919854,6,1265.3406895067988,311.80113524042554
2156,35.93333333333333,6.81702127659571,-3.7801418439716485,5,1272.1577107833946,308.0209933964539
2157,35.95,16.0,-8.219858156028295,5,1288.1577107833946,299.8011352404256
2158,35.96666666666667,15.07407407407402,-7.53333333333336,5,1303.2317848574685,292.26780190709223
2159,35.983333333333334,9.92592592592598,-4.46666666666664,5,1313.1577107833946,287.8011352404256
2160,36.0,9.684081954294754,-5.353033884948758,4,1322.8417927376893,282.44810135547687
2161,36.016666666666666,5.1078711280839,-2.4136023322070344,4,1327.9496638657731,280.03449902326986
2162,36.03333333333333,2.9959592990368833,-2.082535506036095,4,1330.94562316481,277.95196351723376
2163,36.05,2.2482258574363527,-1.2897861976809963,4,1333.1938490222465,276.66217731955277
2164,36.06666666666667,0.9124512670564968,-0.27667667667665796,4,1334.106300289303,276.3855006428761
2165,36.083333333333336,0.7868175166047422,0.028057732984962058,4,1334.8931178059077,276.41355837586104
2166,36.1,0.9706668632365449,-0.6140159767610953,4,1335.8637846691443,275.79954239909995
2167,36.11666666666667,1.2914462684298655,-1.0026519787841721,4,1337.155230937574,274.7968904203158
2168,36.13333333333333,0.8392068466289402,-0.5835372889343944,4,1337.994437784203,274.2133531313814
2169,36.15,1.8794142980189577,-1.9831180017226586,4,1339.873852082222,272.2302351296587
2170,36.166666666666664,1.8780700818223295,-0.4771742251593878,4,1341.7519221640441,271.7530609044993
2171,36.18333333333333,1.9473684210526017,-1.2719083247333458,4,1343.6992905850966,270.481152579766
2172,36.2,1.7184952809952847,-0.7379827379827759,4,1345.417785866092,269.74316984178324
2173,36.21666666666667,0.2733782414633197,-0.13963963963959714,4,1345.6911641075553,269.60353020214365
2174,36.233333333333334,0.3597759211025391,-0.11154897074800374,4,1346.0509400286578,269.49198123139564
2175,36.25,0.9025353731236692,-0.5328696126568673,4,1346.9534754017814,268.9591116187388
2176,36.266666666666666,0.47831196581194035,0.02435897435898937,4,1347.4317873675932,268.98347059309776
2177,36.28333333333333,0.0,0.0,5,1347.4317873675932,268.98347059309776
2178,36.3,0.0,0.0,5,1347.4317873675932,268.98347059309776
2179,36.31666666666667,0.2222222222221717,0.28368794326246416,5,1347.6540095898154,269.2671585363602
2180,36.333333333333336,6.0416666666667425,-1.624242424242425,5,1353.695676256482,267.6429161121178
2181,36.35,9.238095238095184,-5.047619047619037,5,1362.9337714945773,262.59529706449877
2182,36.36666666666667,15.720720720720806,-9.177631578947341,5,1378.654492215298,253.41766548555142
2183,36.38333333333333,32.24031007751944,-17.240310077519325,5,1410.8948022928175,236.1773554080321
2184,36.4,28.987612612612565,-14.892655367231612,5,1439.88241490543,221.2847000408005
2185,36.416666666666664,18.291666666666742,-8.875074537865316,5,1458.1740815720968,212.40962550293517
2186,36.43333333333333,46.68686868686859,-21.240310077519325,5,1504.8609502589654,191.16931542541585
2187,36.45,23.002020202020162,-9.777777777777771,5,1527.8629704609857,181.39153764763807
2188,36.46666666666667,24.311111111111245,-9.759689922480618,5,1552.1740815720968,171.63184772515746
2189,36.483333333333334,14.932482721956376,-4.0,5,1567.1065642940532,167.63184772515746
2190,36.5,12.203535353535358,-2.8096784940862847,5,1579.3100996475887,164.82216923107117
2191,36.516666666666666,13.130952380952294,-2.0,5,1592.441052028541,162.82216923107117
2192,36.53333333333333,7.03333333333353,-0.22222222222222854,5,1599.4743853618745,162.59994700884894
2193,36.55,5.4833333333333485,-0.2716049382715937,5,1604.9577186952079,162.32834207057735
2194,36.56666666666667,2.245614035087783,0.052631578947341495,5,1607.2033327302956,162.3809736495247
2195,36.583333333333336,5.523809523809518,0.0,5,1612.7271422541053,162.3809736495247
2196,36.6,3.4761904761904816,0.4888888888888232,5,1616.2033327302956,162.8698625384135
2197,36.61666666666667,4.0,1.0488888888889107,5,1620.2033327302956,163.91875142730242
2198,36.63333333333333,6.4805153991200655,1.3885248635111083,4,1626.6838481294158,165.30727629081355
2199,36.65,6.139639639639597,1.0569018716352474,4,1632.8234877690554,166.3641781624488
2200,36.666666666666664,4.010046591442119,1.0475098930706253,4,1636.8335343604977,167.41168805551945
2201,36.68333333333333,9.375992063491992,1.5245779451799137,4,1646.2095264239897,168.93626600069936
2202,36.7,3.6020270270270203,0.8770774022996903,4,1649.8115534510166,169.81334340299907
2203,36.71666666666667,1.738095238095184,0.3101785996522892,4,1651.5496486891118,170.12352200265136
2204,36.733333333333334,0.3680451127819424,0.20438729533640299,4,1651.9176938018936,170.32790929798776
2205,36.75,0.5076086956523227,0.2844202898550634,4,1652.425302497546,170.61232958784282
2206,36.766666666666666,0.7458402619189997,0.3813063063063282,4,1653.171142759465,170.99363589414915
2207,36.78333333333333,0.9549790356394965,0.020207314232465023,4,1654.1261217951046,171.01384320838162
2208,36.8,0.6550109166694256,0.2128868683336691,4,1654.781132711774,171.22673007671528
2209,36.81666666666667,0.12280701754389156,-0.02368421052634062,4,1654.903939729318,171.20304586618894
2210,36.833333333333336,0.0,0.0,4,1654.903939729318,171.20304586618894
2211,36.85,0.0,0.0,4,1654.903939729318,171.20304586618894
2212,36.86666666666667,0.0,0.0,4,1654.903939729318,171.20304586618894
2213,36.88333333333333,0.0,0.0,4,1654.903939729318,171.20304586618894
2214,36.9,0.23884873245333438,1.4255898213683622,4,1655.1427884617713,172.6286356875573
2215,36.916666666666664,0.18253968253975472,3.7583333333332973,4,1655.325328144311,176.3869690208906
2216,36.93333333333333,-0.026315789473642326,7.244318645450875,4,1655.2990123548375,183.63128766634148
2217,36.95,-1.4736842105263577,13.379844961240309,4,1653.8253281443112,197.0111326275818
2218,36.96666666666667,-1.351316432711826,12.603229021833641,4,1652.4740117115994,209.61436164941543
2219,36.983333333333334,-1.2792792792792511,14.587796534398436,4,1651.19473243232,224.20215818381388
2220,37.0,-1.351316432711826,18.843434343434325,4,1649.8434159996082,243.0455925272482
2221,37.016666666666666,0.0,14.361821705426365,4,1649.8434159996082,257.40741423267457
2222,37.03333333333333,0.0,12.829797979798002,4,1649.8434159996082,270.23721221247257
2223,37.05,-0.15656565656570365,14.35277777777776,4,1649.6868503430424,284.58998999025033
2224,37.06666666666667,-0.3694444444444116,9.388888888888914,4,1649.3174058985978,293.97887887913924
2225,37.083333333333336,-0.27927927927930796,7.2040540540540405,3,1649.0381266193185,301.1829329331933
2226,37.1,-0.5166666666666515,6.558558558558559,3,1648.5214599526519,307.74149149175184
2227,37.11666666666667,0.0,3.441441441441441,3,1648.5214599526519,311.1829329331933
2228,37.13333333333333,-0.2403100775193252,2.0,3,1648.2811498751325,313.1829329331933
2229,37.15,-0.4096096096096744,1.4176245210728098,3,1647.871540265523,314.6005574542661
2230,37.166666666666664,-0.31111111111101764,0.3111111111110745,3,1647.5604291544118,314.91166856537717
2231,37.18333333333333,-0.2271062271061055,0.3663003663003792,3,1647.3333229273057,315.27796893167755
2232,37.2,-0.3697478991598473,1.240310077519439,3,1646.963575028146,316.518279009197
2233,37.21666666666667,-1.19819819819827,1.5347593582887384,3,1645.7653768299476,318.0530383674857
2234,37.233333333333334,-0.9473684210526017,3.5372829417773346,3,1644.818008408895,321.59032130926306
2235,37.25,-0.7207207207208057,3.720720720720692,3,1644.0972876881742,325.31104202998375
2236,37.266666666666666,-0.5166666666668789,2.5166666666666515,3,1643.5806210215073,327.8277086966504
2237,37.28333333333333,0.18452380952385283,1.050008946144203,3,1643.7651448310312,328.8777176427946
2238,37.3,0.0,0.4828419123771823,3,1643.7651448310312,329.3605595551718
2239,37.31666666666667,0.0,0.1510029299075768,3,1643.7651448310312,329.51156248507937
2240,37.333333333333336,0.0,0.0,4,1643.7651448310312,329.51156248507937
2241,37.35,-0.08707772265529456,-0.020316560359077585,4,1643.678067108376,329.49124592472026
2242,37.36666666666667,-4.476190476190482,-1.8106697224344543,4,1639.2018766321853,327.6805762022858
2243,37.38333333333333,-7.903654485049856,-2.989807852965754,4,1631.2982221471354,324.69076834932
2244,37.4,-11.381306306306328,-3.553528528528517,4,1619.916915840829,321.1372398207915
2245,37.416666666666664,-11.25401115401121,-3.5299122258685998,4,1608.662904686818,317.6073275949229
2246,37.43333333333333,-33.39933166248949,-9.607351712614857,4,1575.2635730243285,307.99997588230804
2247,37.45,-20.851065162907275,-5.231613006631534,4,1554.412507861421,302.76836287567653
2248,37.46666666666667,-20.741666666666617,-5.8768115942029056,4,1533.6708411947545,296.89155128147365
2249,37.483333333333334,-13.413333333333412,-3.8529411764706083,3,1520.2575078614211,293.03861010500304
2250,37.5,-9.366808510638293,-3.3521870286576245,3,1510.8906993507828,289.6864230763454
2251,37.516666666666666,-6.476190476190368,-4.336507936507928,3,1504.4145088745925,285.3499151398375
2252,37.53333333333333,-1.3808857808860466,-2.0,3,1503.0336230937064,283.3499151398375
2253,37.55,-1.3022164276401327,-1.8670143415906182,3,1501.7314066660663,281.4829007982469
2254,37.56666666666667,-0.5585585585585022,-1.979139504563193,3,1501.172848107508,279.5037612936837
2255,37.583333333333336,-1.7801418439717054,-0.7948717948717672,3,1499.3927062635362,278.7088894988119
2256,37.6,-1.0,-0.7114427860696537,3,1498.3927062635362,277.99744671274226
2257,37.61666666666667,-1.0,-0.2885572139303463,3,1497.3927062635362,277.7088894988119
2258,37.63333333333333,-0.5166666666667652,-0.06060606060606233,3,1496.8760395968693,277.64828343820585
2259,37.65,0.0,0.0,3,1496.8760395968693,277.64828343820585
2260,37.666666666666664,-0.4833333333332348,0.0,3,1496.3927062635362,277.64828343820585
2261,37.68333333333333,0.0,0.0,3,1496.3927062635362,277.64828343820585
2262,37.7,0.0,0.0,3,1496.3927062635362,277.64828343820585
2263,37.71666666666667,0.0,0.0,3,1496.3927062635362,277.64828343820585
2264,37.733333333333334,0.0,0.0,3,1496.3927062635362,277.64828343820585
2265,37.75,1.5166666666666515,4.0,3,1497.9093729302028,281.64828343820585
2266,37.766666666666666,2.6153846153846416,4.199004975124353,3,1500.5247575455874,285.8472884133302
2267,37.78333333333333,8.247492695253868,11.52586274974334,3,1508.7722502408412,297.37315116307354
2268,37.8,12.037962962962979,13.0,3,1520.8102132038043,310.37315116307354
2269,37.81666666666667,20.0,21.330225330225346,3,1540.8102132038043,331.7033764932989
2270,37.833333333333336,8.725925925926049,8.279279279279308,4,1549.5361391297304,339.9826557725782
2271,37.85,14.479780175432268,12.439595722204388,4,1564.0159193051627,352.4222514947826
2272,37.86666666666667,25.949413889964205,21.034140414422126,4,1589.965333195127,373.45639190920474
2273,37.88333333333333,9.5379445623513,7.0824811885008785,4,1599.5032777574784,380.5388730977056
2274,37.9,13.924110875297401,8.835037622998243,5,1613.4273886327758,389.37391072070386
2275,37.916666666666664,17.518811499131743,10.57618002667698,5,1630.9462001319075,399.95009074738084
2276,37.93333333333333,4.392963488530427,3.2056704825553766,4,1635.3391636204378,403.1557612299362
2277,37.95,5.99450853523706,4.997814001775765,4,1641.3336721556748,408.153575231712
2278,37.96666666666667,6.073073139963412,7.211928970802148,4,1647.4067452956383,415.36550420251416
2279,37.983333333333334,0.9427550966917124,2.4508929278933493,4,1648.34950039233,417.8163971304075
2280,38.0,0.29111900313046135,2.9774537970943555,4,1648.6406193954604,420.79385092750186
2281,38.016666666666666,-0.3165538219998325,3.6088522044150295,4,1648.3240655734605,424.4027031319169
2282,38.03333333333333,-0.40481113624059617,0.8116665644716932,4,1647.91925443722,425.2143696963886
2283,38.05,-1.025580544117247,0.5986340055607826,4,1646.8936738931027,425.81300370194936
2284,38.06666666666667,-3.5460866177372736,1.7406911097143904,4,1643.3475872753654,427.5536948116637
2285,38.083333333333336,-1.7341080184743305,0.5742074263136914,4,1641.613479256891,428.1279022379774
2286,38.1,-2.9239659095267143,0.767272607555384,4,1638.6895133473643,428.8951748455328
2287,38.11666666666667,-3.2330715715686438,2.0470685147661953,4,1635.4564417757956,430.94224336029896
2288,38.13333333333333,-0.456298708202894,0.7353706405872913,4,1635.0001430675927,431.67761400088625
2289,38.15,-0.26542907145540084,0.8645144992320581,4,1634.7347139961373,432.54212850011834
2290,38.166666666666664,1.1786091026091299,0.12662251655629575,4,1635.9133230987463,432.6687510166746
2291,38.18333333333333,0.15925092950715225,0.1790394451204378,4,1636.0725740282535,432.84779046179506
2292,38.2,0.2582325873465834,0.5158364586289679,5,1636.3308066156,433.36362692042405
2293,38.21666666666667,-0.007684354654202252,0.7214285714285325,5,1636.3231222609459,434.0850554918526
2294,38.233333333333334,-1.0,6.516666666666708,5,1635.3231222609459,440.6017221585193
2295,38.25,-1.8994671120656221,4.896794871794839,5,1633.4236551488802,445.49851703031413
2296,38.266666666666666,-4.483053748716202,10.475106685633023,5,1628.940601400164,455.97362371594716
2297,38.28333333333333,-6.250819845551632,13.005303957568287,5,1622.6897815546124,468.97892767351544
2298,38.3,-19.55269458159478,23.869224107828785,6,1603.1370869730176,492.8481517813442
2299,38.31666666666667,-9.804148436590594,10.260885040885029,6,1593.332938536427,503.1090368222292
2300,38.333333333333336,-15.630053986952817,15.264334841296147,6,1577.7028845494742,518.3733716635254
2301,38.35,-21.95364026483776,20.445128210272202,6,1555.7492442846365,538.8184998737976
2302,38.36666666666667,-12.968434423857957,12.413856392890182,6,1542.7808098607784,551.2323562666877
2303,38.38333333333333,-11.189953678001075,12.263617027948868,6,1531.5908561827773,563.4959732946365
2304,38.4,-12.246068097679313,14.53919306518381,6,1519.3447880850981,578.0351663598203
2305,38.416666666666664,-5.346484840460562,5.559909969548528,5,1513.9983032446376,583.5950763293688
2306,38.43333333333333,-5.67183017785419,5.958405048766508,5,1508.3264730667834,589.5534813781353
2307,38.45,-6.459682539682717,7.609158186864022,5,1501.8667905271006,597.1626395649994
2308,38.46666666666667,-2.784678362573004,2.897777777777776,5,1499.0821121645276,600.0604173427771
2309,38.483333333333334,-2.1391654812707657,2.8398300849576117,5,1496.9429466832569,602.9002474277347
2310,38.5,-2.4236458680902615,3.5996131528046362,5,1494.5193008151666,606.4998605805393
2311,38.516666666666666,-0.5378787878787534,0.948717948717956,5,1493.9814220272879,607.4485785292572
2312,38.53333333333333,-1.0,1.606837606837587,5,1492.9814220272879,609.0554161360949
2313,38.55,-0.7098571926158002,2.0601706722396784,5,1492.271564834672,611.1155868083346
2314,38.56666666666667,0.5104166666667425,1.6354166666667425,5,1492.7819815013388,612.7510034750013
2315,38.583333333333336,1.2083333333332575,0.47766323024052326,5,1493.990314834672,613.2286667052418
2316,38.6,4.0930140314342225,0.12742327334029824,5,1498.0833288661063,613.3560899785821
2317,38.61666666666667,2.2758402029169247,-0.3428144830160704,5,1500.3591690690232,613.013275495566
2318,38.63333333333333,2.1091142490372476,-0.5138774009742519,5,1502.4682833180605,612.4993980945917
2319,38.65,1.5669515669517295,-0.8294754890498552,5,1504.0352348850122,611.6699226055418
2320,38.666666666666664,0.0,0.0,5,1504.0352348850122,611.6699226055418
2321,38.68333333333333,0.0,0.0,5,1504.0352348850122,611.6699226055418
2322,38.7,0.0,0.0,6,1504.0352348850122,611.6699226055418
2323,38.71666666666667,0.0,0.0,6,1504.0352348850122,611.6699226055418
2324,38.733333333333334,0.0,0.0,6,1504.0352348850122,611.6699226055418
2325,38.75,-2.0,-0.055976430976443226,6,1502.0352348850122,611.6139461745654
2326,38.766666666666666,-20.533444639983145,-0.7755443891461766,6,1481.501790245029,610.8384017854193
2327,38.78333333333333,-16.230158730158678,-0.27394220846230155,6,1465.2716315148705,610.564459576957
2328,38.8,-33.7855704443939,-0.4482246952835567,6,1431.4860610704766,610.1162348816734
2329,38.81666666666667,-63.5,-7.515193639644906,6,1367.9860610704766,602.6010412420285
2330,38.833333333333336,-35.11391319265749,0.2784575454208209,6,1332.872147877819,602.8794987874493
2331,38.85,-42.36219761881125,-3.398235296876237,6,1290.5099502590078,599.481263490573
2332,38.86666666666667,-63.895902769349505,-6.149686231081574,6,1226.6140474896583,593.3315772594915
2333,38.88333333333333,-25.655753968253975,-1.540992063492041,6,1200.9582935214044,591.7905851959995
2334,38.9,-33.52631578947364,-2.553023255813997,6,1167.4319777319306,589.2375619401855
2335,38.916666666666664,-39.469748534694645,-3.861821705426337,6,1127.962229197236,585.3757402347592
2336,38.93333333333333,-13.530251465305355,-1.002651978784229,6,1114.4319777319306,584.373088255975
2337,38.95,-14.139639639639654,-1.7640148454102302,6,1100.292338092291,582.6090734105647
2338,38.96666666666667,-16.10866701637815,-3.5127192982456563,6,1084.1836710759128,579.0963541123191
2339,38.983333333333334,-4.356041265955582,-1.3644736842104805,6,1079.8276298099572,577.7318804281086
2340,39.0,-3.6047837617296636,-2.2139942880457397,6,1076.2228460482274,575.517886140063
2341,39.016666666666666,-3.5193798449613496,-4.0,5,1072.703466203266,571.517886140063
2342,39.03333333333333,-1.0404761904762836,-1.6476190476190027,5,1071.6629900127898,569.870267092444
2343,39.05,-1.0053039575682305,-2.0,5,1070.6576860552216,567.870267092444
2344,39.06666666666667,-1.2403100775193252,-2.1876784985719837,5,1069.4173759777022,565.682588593872
2345,39.083333333333336,-0.4806201550386504,-2.480620155038764,5,1068.9367558226636,563.2019684388332
2346,39.1,0.18333333333339397,-1.0,5,1069.120089155997,562.2019684388332
2347,39.11666666666667,-0.7543859649124443,-3.0526315789473415,5,1068.3657031910845,559.1493368598858
2348,39.13333333333333,-0.2403100775193252,-0.7596899224805611,5,1068.1253931135652,558.3896469374052
2349,39.15,-0.2763565891473263,-1.4833333333333485,5,1067.849036524418,556.9063136040719
2350,39.166666666666664,-0.7214285714283051,-1.961030798240074,5,1067.1276079529896,554.9452828058318
2351,39.18333333333333,-0.5215946843854908,-0.2879291251384757,5,1066.606013268604,554.6573536806933
2352,39.2,-0.2403100775193252,0.0,5,1066.3657031910848,554.6573536806933
2353,39.21666666666667,-0.4806201550386504,-0.7289473684211316,5,1065.8850830360461,553.9284063122722
2354,39.233333333333334,-0.09523809523807358,-0.2403100775193252,5,1065.789844940808,553.6880962347528
2355,39.25,0.0,-0.24031007751938205,5,1065.789844940808,553.4477861572334
2356,39.266666666666666,-0.4806201550386504,-0.48062015503870725,5,1065.3092247857694,552.9671660021947
2357,39.28333333333333,0.0,-0.24031007751938205,5,1065.3092247857694,552.7268559246754
2358,39.3,-0.2763565891475537,-1.692768506632376,5,1065.0328681966218,551.0340874180431
2359,39.31666666666667,-1.0,-0.7578431372550085,5,1064.0328681966218,550.2762442807881
2360,39.333333333333336,-0.9428571428570649,-1.835714285714289,5,1063.0900110537648,548.4405299950738
2361,39.35,-3.3683397683398653,-3.4073089700996775,5,1059.721671285425,545.0332210249742
2362,39.36666666666667,-13.002214839424141,-12.192691029900288,5,1046.7194564460008,532.8405299950739
2363,39.38333333333333,-8.27927927927908,-6.222222222222285,6,1038.4401771667217,526.6183077728516
2364,39.4,-16.639285714285847,-9.795727655781533,6,1021.8008914524358,516.8225801170701
2365,39.416666666666664,-32.15491113632072,-15.729438457175277,6,989.6459803161151,501.0931416598948
2366,39.43333333333333,-13.483333333333121,-5.4711051238419515,6,976.162646982782,495.62203653605286
2367,39.45,-20.636821705426428,-8.5,6,955.5258252773556,487.12203653605286
2368,39.46666666666667,-20.0,-7.618693693693686,6,935.5258252773556,479.5033428423592
2369,39.483333333333334,-21.811574074074088,-7.404166666666669,6,913.7142512032815,472.0991761756925
2370,39.5,-23.550376475376368,-6.741666666666646,6,890.1638747279051,465.3575095090258
2371,39.516666666666666,-15.066025641025703,-4.0079365079365346,6,875.0978490868794,461.3495730010893
2372,39.53333333333333,-13.686868686868593,-3.240310077519325,5,861.4109804000108,458.10926292357
2373,39.55,-3.4833333333333485,-1.3801537386442533,5,857.9276470666774,456.72910918492573
2374,39.56666666666667,-4.981762917933111,-2.814814814814838,5,852.9458841487443,453.9142943701109
2375,39.583333333333336,-1.4579533941235923,-0.7619047619047592,5,851.4879307546207,453.15238960820614
2376,39.6,-1.0333333333334167,-0.24031007751938205,5,850.4545974212873,452.91207953068675
2377,39.61666666666667,-0.9523809523809632,-1.0,5,849.5022164689063,451.91207953068675
2378,39.63333333333333,-2.047619047619037,-0.7619047619047592,5,847.4545974212873,451.150174768782
2379,39.65,-0.7959459459459595,-0.44217687074831247,5,846.6586514753413,450.7079978980337
2380,39.666666666666664,-1.4804106432014805,-1.0706436420722412,5,845.1782408321399,449.63735425596144
2381,39.68333333333333,-1.4833333333333485,-0.5166666666666515,5,843.6949074988065,449.1206875892948
2382,39.7,-0.7027777777776691,-0.24031007751938205,5,842.9921297210288,448.8803775117754
2383,39.71666666666667,0.0,0.0,5,842.9921297210288,448.8803775117754
2384,39.733333333333334,0.0,0.0,5,842.9921297210288,448.8803775117754
2385,39.75,0.0,0.0,5,842.9921297210288,448.8803775117754
2386,39.766666666666666,0.0,0.0,5,842.9921297210288,448.8803775117754
2387,39.78333333333333,0.0,0.0,5,842.9921297210288,448.8803775117754
2388,39.8,0.0,0.0,6,842.9921297210288,448.8803775117754
2389,39.81666666666667,0.12015503875971945,0.09748427672957405,6,843.1122847597885,448.977861788505
2390,39.833333333333336,2.0,2.0,6,845.1122847597885,450.977861788505
2391,39.85,6.843859649122749,4.586184210526341,6,851.9561444089113,455.56404599903135
2392,39.86666666666667,29.741666666666617,13.697499999999991,6,881.6978110755779,469.26154599903134
2393,39.88333333333333,16.0,6.0,6,897.6978110755779,475.26154599903134
2394,39.9,14.877192982456108,10.511819613135401,6,912.575004058034,485.77336561216674
2395,39.916666666666664,15.252436647173454,3.37485653669863,6,927.8274407052074,489.1482221488654
2396,39.93333333333333,22.238848732453448,5.016478696741871,6,950.0662894376609,494.1647008456073
2397,39.95,25.50135658914735,6.270029239766075,6,975.5676460268082,500.43473008537336
2398,39.96666666666667,28.73938415159347,8.127993109388456,6,1004.3070301784016,508.5627231947618
2399,39.983333333333334,10.002602602602565,2.976044763070462,6,1014.3096327810042,511.5387679578323
2400,40.0,13.0037593984963,3.7333741330069046,6,1027.3133921795006,515.2721420908392
2401,40.016666666666666,10.756976744186204,4.287929125138362,5,1038.0703689236868,519.5600712159776
2402,40.03333333333333,7.712070874861752,4.521594684385434,5,1045.7824397985487,524.0816659003631
2403,40.05,2.0,2.0,5,1047.7824397985487,526.0816659003631
2404,40.06666666666667,2.0337639965548533,2.759689922480561,5,1049.8162037951035,528.8413558228436
2405,40.083333333333336,1.4833333333331211,3.002214839424198,5,1051.2995371284367,531.8435706622679
2406,40.1,0.07682926829261305,1.2380952380952408,5,1051.3763663967293,533.0816659003631
2407,40.11666666666667,-0.5166666666667652,2.1926910299003453,5,1050.8596997300624,535.2743569302634
2408,40.13333333333333,-1.0,1.3100775193798313,5,1049.8596997300624,536.5844344496431
2409,40.15,-0.7543859649124443,0.998015873015845,5,1049.10531376515,537.582450322659
2410,40.166666666666664,-1.7236434108524463,1.759689922480618,5,1047.3816703542975,539.3421402451397
2411,40.18333333333333,-2.0,1.7002506265663442,5,1045.3816703542975,541.0423908717061
2412,40.2,-1.5193798449613496,0.4806201550387641,5,1043.8622905093362,541.5230110267448
2413,40.21666666666667,-2.240310077519325,0.7596899224806748,5,1041.6219804318168,542.2827009492255
2414,40.233333333333334,-4.754385964912444,0.9473684210526585,5,1036.8675944669044,543.2300693702782
2415,40.25,-0.9666666666664696,-0.052631578947341495,5,1035.900927800238,543.1774377913309
2416,40.266666666666666,-1.0333333333335304,0.24031007751938205,5,1034.8675944669044,543.4177478688503
2417,40.28333333333333,-0.35344458707731974,0.2403100775193252,5,1034.514149879827,543.6580579463696
2418,40.3,-0.04761904761903679,0.2377192982456222,5,1034.466530832208,543.8957772446151
2419,40.31666666666667,0.0,0.0,5,1034.466530832208,543.8957772446151
2420,40.333333333333336,0.0,0.0,5,1034.466530832208,543.8957772446151
2421,40.35,0.0,0.5,6,1034.466530832208,544.3957772446151
2422,40.36666666666667,0.026315789473642326,0.0,6,1034.4928466216816,544.3957772446151
2423,40.38333333333333,2.2128868683336123,1.2667715801130441,6,1036.705733490015,545.6625488247282
2424,40.4,6.998892580287986,2.9324765401877357,6,1043.704626070303,548.595025364916
2425,40.416666666666664,9.25568135454921,2.6491228070175907,6,1052.960307424852,551.2441481719336
2426,40.43333333333333,9.277067183462634,1.7679824561403166,6,1062.2373746083147,553.0121306280739
2427,40.45,10.0,1.759689922480561,5,1072.2373746083147,554.7718205505545
2428,40.46666666666667,10.514075887392892,2.0,5,1082.7514504957076,556.7718205505545
2429,40.483333333333334,5.245614035087783,2.300813008130092,5,1087.9970645307953,559.0726335586846
2430,40.5,4.240310077519325,2.0594211232508997,5,1092.2373746083147,561.1320546819355
2431,40.516666666666666,3.6596899224805384,3.2040540540540405,5,1095.8970645307952,564.3361087359896
2432,40.53333333333333,4.052631578947285,2.237719298245622,5,1099.9496961097425,566.5738280342352
2433,40.55,0.2649572649570473,0.2763565891473263,5,1100.2146533746995,566.8501846233826
2434,40.56666666666667,1.0,0.2740740740740648,5,1101.2146533746995,567.1242586974566
2435,40.583333333333336,0.0,0.0,5,1101.2146533746995,567.1242586974566
2436,40.6,0.0,0.0,5,1101.2146533746995,567.1242586974566
2437,40.61666666666667,0.725490196078681,0.2403100775193252,5,1101.9401435707782,567.364568774976
2438,40.63333333333333,0.0,0.2377192982456222,5,1101.9401435707782,567.6022880732216
2439,40.65,0.0,0.0,5,1101.9401435707782,567.6022880732216
2440,40.666666666666664,0.0,0.0,5,1101.9401435707782,567.6022880732216
2441,40.68333333333333,0.0,0.0,5,1101.9401435707782,567.6022880732216
2442,40.7,0.0,0.2403100775194389,5,1101.9401435707782,567.8425981507411
2443,40.71666666666667,0.0,0.8198653198653005,6,1101.9401435707782,568.6624634706063
2444,40.733333333333334,-0.49864341085276465,2.3618233618233546,6,1101.4415001599255,571.0242868324297
2445,40.75,-2.358156028368853,6.0,6,1099.0833441315567,577.0242868324297
2446,40.766666666666666,-3.744924326319733,7.2266703580656895,6,1095.338419805237,584.2509571904953
2447,40.78333333333333,-6.169108669108709,10.906878306878326,6,1089.1693111361283,595.1578354973736
2448,40.8,-6.06975222519884,9.76974487500803,6,1083.0995589109293,604.9275803723817
2449,40.81666666666667,-6.32824485456058,9.654553049289888,6,1076.7713140563687,614.5821334216716
2450,40.833333333333336,-7.364473684210452,9.81207423067886,6,1069.4068403721583,624.3942076523505
2451,40.85,-4.396511627907103,5.766521111074354,6,1065.0103287442512,630.1607287634248
2452,40.86666666666667,-5.352777777777646,7.207908027644834,6,1059.6575509664735,637.3686367910697
2453,40.88333333333333,-3.196238738641796,4.47103174603177,6,1056.4613122278317,641.8396685371015
2454,40.9,-3.6868686868685927,4.0,5,1052.7744435409631,645.8396685371015
2455,40.916666666666664,-2.8868421052629856,1.720720720720692,5,1049.8876014357002,647.5603892578222
2456,40.93333333333333,-3.5015015015014797,1.4761904761905384,5,1046.3860999341987,649.0365797340128
2457,40.95,-4.8888888888888005,2.0210393407761558,4,1041.49721104531,651.0576190747889
2458,40.96666666666667,-2.6355263157896616,2.2320175438596834,4,1038.8616847295202,653.2896366186486
2459,40.983333333333334,-2.139639639639654,2.0,4,1036.7220450898806,655.2896366186486
2460,41.0,-2.5209459459458685,2.0,4,1034.2010991439347,657.2896366186486
2461,41.016666666666666,-1.9734022556391437,1.5445302445302218,4,1032.2276968882957,658.8341668631788
2462,41.03333333333333,-2.40773809523796,1.2047190047190384,4,1029.8199587930576,660.0388858678978
2463,41.05,-2.0,1.8434343434342964,4,1027.8199587930576,661.8823202113321
2464,41.06666666666667,-0.47398989898977106,0.2676767676768179,4,1027.345968894068,662.1499969790088
2465,41.083333333333336,-0.11111111111119953,0.3618217054263084,4,1027.2348577829566,662.5118186844352
2466,41.1,-0.1201550387596626,0.37984496124028055,4,1027.114702744197,662.8916636456754
2467,41.11666666666667,0.0,0.0,5,1027.114702744197,662.8916636456754
2468,41.13333333333333,0.0,0.0,5,1027.114702744197,662.8916636456754
2469,41.15,0.0,0.0,5,1027.114702744197,662.8916636456754
2470,41.166666666666664,-1.0,1.2222222222222285,5,1026.114702744197,664.1138858678976
2471,41.18333333333333,-4.997979797979724,1.4833333333332916,5,1021.1167229462174,665.5972192012309
2472,41.2,-8.516666666666879,2.7569767441860336,5,1012.6000562795505,668.3541959454169
2473,41.21666666666667,-13.720720720720692,3.4833333333333485,5,998.8793355588298,671.8375292787503
2474,41.233333333333334,-15.052631578947285,3.762280701754321,5,983.8267039798825,675.5998099805046
2475,41.25,-17.052631578947285,4.222222222222172,5,966.7740724009352,679.8220322027267
2476,41.266666666666666,-22.0,4.279279279279308,5,944.7740724009352,684.101311482006
2477,41.28333333333333,-16.0,3.3111111111110745,5,928.7740724009352,687.4124225931171
2478,41.3,-16.311111111111245,3.2745519713262183,5,912.462961289824,690.6869745644433
2479,41.31666666666667,-10.086111111111052,1.393892845505718,4,902.3768501787129,692.080867409949
2480,41.333333333333336,-8.274249249249294,0.5365079365079453,4,894.1026009294635,692.6173753464569
2481,41.35,-5.684084084084191,0.8613704613705124,4,888.4185168453794,693.4787458078274
2482,41.36666666666667,-4.66825396825385,0.585101010100999,4,883.7502628771256,694.0638468179284
2483,41.38333333333333,-1.8603603603604029,0.5535285285284886,4,881.8899025167652,694.6173753464568
2484,41.4,0.0,0.15555555555553724,4,881.8899025167652,694.7729309020124
2485,41.416666666666664,-0.13963963963959714,0.15656565656570365,4,881.7502628771256,694.9294965585781
2486,41.43333333333333,0.0,0.0,4,881.7502628771256,694.9294965585781
2487,41.45,-2.0,0.0,4,879.7502628771256,694.9294965585781
2488,41.46666666666667,-1.8888888888888573,0.13333333333332575,4,877.8613739882367,695.0628298919114
2489,41.483333333333334,0.0,0.0,4,877.8613739882367,695.0628298919114
2490,41.5,0.0,0.15555555555553724,4,877.8613739882367,695.218385447467
2491,41.516666666666666,0.0,0.0,4,877.8613739882367,695.218385447467
2492,41.53333333333333,0.0,0.0,4,877.8613739882367,695.218385447467
2493,41.55,-0.02631578947369917,0.12280701754383472,4,877.8350581987629,695.3411924650109
2494,41.56666666666667,0.0,0.0,4,877.8350581987629,695.3411924650109
2495,41.583333333333336,-0.8625730994151013,0.5327485380116741,4,876.9724850993478,695.8739410030225
2496,41.6,-2.411111111111211,1.5888888888889596,4,874.5613739882365,697.4628298919115
2497,41.61666666666667,-4.667243867243883,2.47976190476183,4,869.8941301209926,699.9425917966734
2498,41.63333333333333,-7.176190476190413,2.238095238095241,4,862.7179396448022,702.1806870347687
2499,41.65,-4.675438596491233,1.606349206349222,4,858.0425010483109,703.7870362411179
2500,41.666666666666664,-3.688888888888755,2.0,3,854.3536121594221,705.7870362411179
2501,41.68333333333333,-1.3111111111110176,1.0,3,853.0425010483111,706.7870362411179
2502,41.7,0.0,0.0,3,853.0425010483111,706.7870362411179
2503,41.71666666666667,0.0,-0.5166666666667084,3,853.0425010483111,706.2703695744513
2504,41.733333333333334,-0.8327561327561739,-0.5851010101009706,4,852.2097449155549,705.6852685643503
2505,41.75,-1.8434343434342964,0.11111111111111427,4,850.3663105721206,705.7963796754614
2506,41.766666666666666,-3.3238095238095298,0.7380952380952408,4,847.0425010483111,706.5344749135566
2507,41.78333333333333,-3.758730158730202,0.8809523809523512,4,843.2837708895809,707.4154272945088
2508,41.8,-2.595949332791463,1.1433990381358399,4,840.6878215567895,708.5588263326447
2509,41.81666666666667,-2.7638691322902105,0.7638691322902389,4,837.9239524244992,709.3226954649349
2510,41.833333333333336,-1.2624466571834887,0.8340445708866753,4,836.6615057673157,710.1567400358216
2511,41.85,-0.9724462365591648,0.5908941199263893,4,835.6890595307566,710.747634155748
2512,41.86666666666667,-1.184119420006482,0.17930107526882466,4,834.5049401107501,710.9269352310168
2513,41.88333333333333,-2.0,0.0,4,832.5049401107501,710.9269352310168
2514,41.9,-0.5903479236812359,0.22980480480478604,4,831.9145921870688,711.1567400358216
2515,41.916666666666664,0.0,0.0,4,831.9145921870688,711.1567400358216
2516,41.93333333333333,0.0,0.0,4,831.9145921870688,711.1567400358216
2517,41.95,0.0,0.0,5,831.9145921870688,711.1567400358216
2518,41.96666666666667,0.0,0.0,5,831.9145921870688,711.1567400358216
2519,41.983333333333334,0.0,0.0,5,831.9145921870688,711.1567400358216
2520,42.0,0.6868686868685927,-0.2222222222221717,5,832.6014608739374,710.9345178135994
2521,42.016666666666666,3.0,-0.05263157894739834,5,835.6014608739374,710.881886234652
2522,42.03333333333333,5.161793372319721,-0.7017543859649891,5,840.7632542462571,710.1801318486871
2523,42.05,10.0,-1.280107526881693,5,850.7632542462571,708.9000243218054
2524,42.06666666666667,9.484084084084031,-2.1111111111111143,4,860.2473383303411,706.7889132106943
2525,42.083333333333336,9.2962052962053,-2.718516388729171,4,869.5435436265464,704.0703968219651
2526,42.1,6.742080790467924,-2.451254480286707,4,876.2856244170143,701.6191423416784
2527,42.11666666666667,5.184397163120536,-2.184397163120593,4,881.4700215801349,699.4347451785578
2528,42.13333333333333,2.7048048048047235,-1.4320921985815573,4,884.1748263849397,698.0026529799762
2529,42.15,1.032235814150738,-0.40731640731641505,4,885.2070621990904,697.5953365726598
2530,42.166666666666664,0.4073164073164435,-0.40076440076433073,4,885.6143786064068,697.1945721718955
2531,42.18333333333333,0.48253968253959556,-0.5205920205920336,4,886.0969182889464,696.6739801513035
2532,42.2,0.26190476190481604,-1.0,4,886.3588230508512,695.6739801513035
2533,42.21666666666667,0.0,-1.0,4,886.3588230508512,694.6739801513035
2534,42.233333333333334,-0.25467040518987005,-0.35628055950161297,4,886.1041526456613,694.3176995918018
2535,42.25,-0.31423015328294923,-0.640053763440875,4,885.7899224923783,693.6776458283609
2536,42.266666666666666,-0.11111111111114269,-0.232037943696497,4,885.6788113812672,693.4456078846645
2537,42.28333333333333,-0.02631578947369917,-0.027562446167053167,4,885.6524955917935,693.4180454384974
2538,42.3,-0.29576719576715504,-0.11111111111111427,4,885.3567283960263,693.3069343273863
2539,42.31666666666667,0.0,0.0,4,885.3567283960263,693.3069343273863
2540,42.333333333333336,0.0,0.0,4,885.3567283960263,693.3069343273863
2541,42.35,0.131703131703091,0.12226512226510522,4,885.4884315277293,693.4291994496514
2542,42.36666666666667,0.0,0.0,5,885.4884315277293,693.4291994496514
2543,42.38333333333333,0.0,2.6868686868686495,5,885.4884315277293,696.11606813652
2544,42.4,0.283687943262521,7.3131313131313505,5,885.7721194709918,703.4291994496514
2545,42.416666666666664,2.0,10.70555555555552,5,887.7721194709918,714.1347550052069
2546,42.43333333333333,2.439716312056703,12.0,5,890.2118357830485,726.1347550052069
2547,42.45,2.2222222222221717,16.0,5,892.4340580052707,742.1347550052069
2548,42.46666666666667,1.466666666666697,11.313131313131294,5,893.9007246719374,753.4478863183382
2549,42.483333333333334,0.9841269841269877,10.291666666666629,5,894.8848516560644,763.7395529850048
2550,42.5,0.4250000000000682,12.041666666666629,5,895.3098516560644,775.7812196516714
2551,42.516666666666666,-0.4205808080808424,7.2724999999999795,4,894.8892708479837,783.0537196516714
2552,42.53333333333333,-0.45959595959595845,5.388888888888857,4,894.4296748883877,788.4426085405603
2553,42.55,-0.2219227155272847,3.49095607235148,4,894.2077521728604,791.9335646129118
2554,42.56666666666667,-0.21274763135232888,1.8428079242032709,4,893.995004541508,793.7763725371151
2555,42.583333333333336,0.0,0.15824915824907748,4,893.995004541508,793.9346216953642
2556,42.6,-0.3101479915433174,0.2559575078955163,4,893.6848565499647,794.1905792032596
2557,42.61666666666667,-1.4232323232323552,0.7530864197530605,4,892.2616242267324,794.9436656230127
2558,42.63333333333333,-1.73737373737373,0.6481481481482092,4,890.5242504893586,795.591813771161
2559,42.65,-2.414702581369113,2.1257861635219797,4,888.1095479079895,797.717599934683
2560,42.666666666666664,-1.2202912942734088,1.26441102756894,4,886.889256613716,798.9820109622519
2561,42.68333333333333,-1.9514991181657706,1.9366471734892912,4,884.9377574955503,800.9186581357412
2562,42.7,-2.902847386393546,2.646966115051157,4,882.0349101091567,803.5656242507923
2563,42.71666666666667,-1.5587501018993635,1.910904255319167,4,880.4761600072574,805.4765285061114
2564,42.733333333333334,-1.137566137566182,1.3227513227512873,4,879.3385938696912,806.7992798288627
2565,42.75,0.0,0.0,4,879.3385938696912,806.7992798288627
2566,42.766666666666666,0.0,0.020833333333314386,4,879.3385938696912,806.8201131621961
2567,42.78333333333333,0.7529550827422327,-0.10992907801420415,4,880.0915489524334,806.710184084182
2568,42.8,2.097484276729517,-0.12133707185665799,4,882.189033229163,806.5888470123252
2569,42.81666666666667,3.3951527284861527,-0.4962475339833645,4,885.5841859576492,806.0925994783419
2570,42.833333333333336,7.701583985436798,-0.6167888683970091,4,893.285769943086,805.4758106099448
2571,42.85,9.30864197530866,-0.13580246913579685,4,902.5944119183947,805.340008140809
2572,42.86666666666667,11.138178294573777,-0.5007575757575182,4,913.7325902129685,804.8392505650515
2573,42.88333333333333,10.356890904509896,-1.32741244646013,4,924.0894811174784,803.5118381185914
2574,42.9,12.688735573031465,-2.1111111111111427,4,936.7782166905099,801.4007270074803
2575,42.916666666666664,6.574528561218244,-1.2877708042165636,4,943.3527452517282,800.1129562032638
2576,42.93333333333333,4.688888888888869,-0.4678362573099548,3,948.041634140617,799.6451199459539
2577,42.95,1.761904761904816,0.0,3,949.8035389025218,799.6451199459539
2578,42.96666666666667,1.688888888889096,0.04761904761903679,3,951.4924277914109,799.6927389935729
2579,42.983333333333334,1.6888888888888687,-0.2403100775194389,3,953.1813166802998,799.4524289160535
2580,43.0,0.3111111111111313,0.0,3,953.4924277914109,799.4524289160535
2581,43.016666666666666,1.0,-0.2740740740741785,3,954.4924277914109,799.1783548419793
2582,43.03333333333333,1.7195767195768212,0.21728395061734318,3,956.2120045109878,799.3956387925966
2583,43.05,3.264450239026587,-0.9523809523809632,3,959.4764547500143,798.4432578402157
2584,43.06666666666667,2.503546099290702,-0.49645390070929807,3,961.980000849305,797.9468039395064
2585,43.083333333333336,2.734549138804482,-0.4093567251461536,3,964.7145499881095,797.5374472143602
2586,43.1,3.4093567251461536,-0.3216931216932153,3,968.1239067132557,797.215754092667
2587,43.11666666666667,3.0430242272348096,-0.533333333333303,3,971.1669309404905,796.6824207593337
2588,43.13333333333333,3.3131313131314073,-0.36507936507939576,3,974.4800622536219,796.3173413942543
2589,43.15,0.0,-0.6349206349206042,3,974.4800622536219,795.6824207593337
2590,43.166666666666664,0.4761904761903679,-0.35238095238105416,3,974.9562527298123,795.3300398069526
2591,43.18333333333333,0.0,0.0,3,974.9562527298123,795.3300398069526
2592,43.2,-1.0,0.0,3,973.9562527298123,795.3300398069526
2593,43.21666666666667,-3.0,-0.761904761904816,3,970.9562527298123,794.5681350450478
2594,43.233333333333334,-11.047619047619037,-1.238095238095184,3,959.9086336821932,793.3300398069526
2595,43.25,-13.0,-0.07407407407401934,3,946.9086336821932,793.2559657328786
2596,43.266666666666666,-28.21985815602841,0.0,3,918.6887755261648,793.2559657328786
2597,43.28333333333333,-21.78014184397159,0.7096774193548754,3,896.9086336821932,793.9656431522335
2598,43.3,-24.64625850340144,0.7822222222222308,3,872.2623751787918,794.7478653744557
2599,43.31666666666667,-27.820408163265256,3.0,3,844.4419670155265,797.7478653744557
2600,43.333333333333336,-17.76666666666665,0.5,2,826.6753003488599,798.2478653744557
2601,43.35,-13.881944444444514,-0.020833333333314386,2,812.7933559044154,798.2270320411224
2602,43.36666666666667,-10.20533575065241,-0.4688984084200456,2,802.588020153763,797.7581336327023
2603,43.38333333333333,-2.8201272123104673,0.02676877879036965,2,799.7678929414525,797.7849024114927
2604,43.4,-0.20558694287512935,0.0759573132454534,2,799.5623059985774,797.8608597247381
2605,43.416666666666664,0.0,0.0,2,799.5623059985774,797.8608597247381
2606,43.43333333333333,0.11299435028246307,-0.11299435028251992,2,799.6753003488598,797.7478653744556
2607,43.45,0.0,0.0,2,799.6753003488598,797.7478653744556
2608,43.46666666666667,0.0,0.0,2,799.6753003488598,797.7478653744556
2609,43.483333333333334,-0.11299435028246307,0.11299435028251992,2,799.5623059985774,797.8608597247381
2610,43.5,0.0,0.0,2,799.5623059985774,797.8608597247381
2611,43.516666666666666,-0.19003595274779173,0.00821777092960474,2,799.3722700458295,797.8690774956677
2612,43.53333333333333,-0.23400673400669803,-0.21380471380467725,2,799.1382633118228,797.655272781863
2613,43.55,-0.34439785697657044,-0.31714418821343315,2,798.7938654548462,797.3381285936496
2614,43.56666666666667,-1.4110920526014752,-1.5060034305317913,3,797.3827734022448,795.8321251631178
2615,43.583333333333336,-0.5889079473985248,-0.5578231292515738,3,796.7938654548462,795.2743020338662
2616,43.6,0.1949685534591481,-1.2179487179487296,3,796.9888340083054,794.0563533159175
2617,43.61666666666667,5.805031446540852,-3.7820512820512704,3,802.7938654548462,790.2743020338662
2618,43.63333333333333,8.0,-3.206666666666706,4,810.7938654548462,787.0676353671995
2619,43.65,31.293333333333294,-12.0,4,842.0871987881795,775.0676353671995
2620,43.666666666666664,24.84370370370368,-13.141843971631147,4,866.9309024918832,761.9257913955684
2621,43.68333333333333,31.029629629629596,-18.59259259259261,4,897.9605321215129,743.3331988029757
2622,43.7,36.13817829457366,-20.649643432252105,4,934.0987104160865,722.6835553707236
2623,43.71666666666667,26.24007936507934,-15.002464008859477,4,960.3387897811658,707.6810913618642
2624,43.733333333333334,21.621511627906955,-13.258333333333326,4,981.9603014090728,694.4227580285309
2625,43.75,23.597932816537366,-14.484011627907023,4,1005.5582342256102,679.9387464006238
2626,43.766666666666666,14.516666666666822,-8.240310077519382,4,1020.0749008922771,671.6984363231045
2627,43.78333333333333,12.104482642399716,-5.879844961240394,4,1032.1793835346768,665.818591361864
2628,43.8,11.002214839424141,-6.728947368421075,3,1043.181598374101,659.0896439934429
2629,43.81666666666667,4.464035087719253,-4.754385964912217,3,1047.6456334618201,654.3352580285307
2630,43.833333333333336,3.126138484509113,-3.7327360955580957,4,1050.7717719463292,650.6025219329726
2631,43.85,1.9897740392545984,-4.238000989609134,4,1052.7615459855838,646.3645209433635
2632,43.86666666666667,0.3604651162789878,-2.680160601268369,4,1053.1220111018629,643.684360342095
2633,43.88333333333333,0.0,-2.0,4,1053.1220111018629,641.684360342095
2634,43.9,-0.033880218754120506,-2.0,4,1053.0881308831088,639.684360342095
2635,43.916666666666664,0.08996449456969913,-0.6835034013604684,4,1053.1780953776783,639.0008569407346
2636,43.93333333333333,-0.2109751328675884,-0.7591374269005655,4,1052.9671202448108,638.241719513834
2637,43.95,0.1403508771929296,-0.7427466311924036,4,1053.1074711220037,637.4989728826416
2638,43.96666666666667,-0.1381956401976936,-0.6499762695775644,4,1052.969275481806,636.8489966130641
2639,43.983333333333334,0.1201550387596626,-0.24031007751938205,4,1053.0894305205657,636.6086865355446
2640,44.0,0.0,0.0,4,1053.0894305205657,636.6086865355446
2641,44.016666666666666,-0.03112300525322098,0.09168401229061374,5,1053.0583075153124,636.7003705478353
2642,44.03333333333333,0.11138958507376628,2.0,5,1053.1696971003862,638.7003705478353
2643,44.05,0.7289473684209042,4.020451921491031,5,1053.898644468807,642.7208224693263
2644,44.06666666666667,3.043377865743196,6.4601682335477335,5,1056.9420223345503,649.180990702874
2645,44.083333333333336,8.681729112833807,13.794196813092128,4,1065.6237514473842,662.9751875159661
2646,44.1,8.089095744680776,10.535846986273782,4,1073.712847192065,673.5110345022399
2647,44.11666666666667,7.656737588652504,10.591489361702145,4,1081.3695847807176,684.102523863942
2648,44.13333333333333,6.640740740740739,8.303703703703718,4,1088.0103255214583,692.4062275676457
2649,44.15,4.512384660363011,7.729424264464683,4,1092.5227101818214,700.1356518321104
2650,44.166666666666664,4.660125588697156,8.784929356357907,3,1097.1828357705185,708.9205811884683
2651,44.18333333333333,3.008039982616083,5.543859649122851,3,1100.1908757531346,714.4644408375912
2652,44.2,2.556062581486458,3.774011299435074,3,1102.746938334621,718.2384521370262
2653,44.21666666666667,1.6937491977922718,2.9228597099216813,3,1104.4406875324134,721.1613118469479
2654,44.233333333333334,0.6801346801346426,1.6725146198831453,3,1105.120822212548,722.833826466831
2655,44.25,0.18336802458134116,1.2242424242424477,3,1105.3041902371294,724.0580688910735
2656,44.266666666666666,0.4938271604939928,1.8888888888888005,3,1105.7980173976234,725.9469577799623
2657,44.28333333333333,0.7820512820512704,1.3801537386442533,3,1106.5800686796747,727.3271115186066
2658,44.3,0.6060606060605096,1.4603729603728652,3,1107.1861292857352,728.7874844789794
2659,44.31666666666667,0.9305977710232582,0.9755244755244803,3,1108.1167270567585,729.7630089545039
2660,44.333333333333336,1.7326786688488482,1.0657392253136777,3,1109.8494057256073,730.8287481798176
2661,44.35,2.3308809658553855,0.49645390070929807,3,1112.1802866914627,731.3252020805269
2662,44.36666666666667,3.769444444444389,-0.1585445094217448,3,1115.949731135907,731.1666575711051
2663,44.38333333333333,7.00631313131305,-1.128005198180631,4,1122.95604426722,730.0386523729245
2664,44.4,10.777996083723451,-2.6244198354104924,4,1133.7340403509434,727.414232537514
2665,44.416666666666664,16.488649360453394,-5.434841202887071,4,1150.2226897113967,721.9793913346268
2666,44.43333333333333,28.851978873049404,-12.205823326956136,4,1179.074668584446,709.7735680076707
2667,44.45,30.503408443167416,-14.010225960745458,4,1209.5780770276135,695.7633420469253
2668,44.46666666666667,47.103142452279656,-20.97248478786372,4,1256.6812194798931,674.7908572590616
2669,44.483333333333334,29.97759383348665,-13.252961722068903,4,1286.6588133133798,661.5378955369927
2670,44.5,43.67993494264681,-18.659964047252117,4,1330.3387482560265,642.8779314897406
2671,44.516666666666666,31.465025121047404,-12.96011985526917,4,1361.8037733770739,629.9178116344715
2672,44.53333333333333,35.080223880597146,-13.681799336650045,4,1396.8839972576711,616.2360122978214
2673,44.55,21.024784668389202,-7.069444444444457,4,1417.9087819260603,609.1665678533769
2674,44.56666666666667,19.567078189300446,-6.6440329218107195,4,1437.4758601153608,602.5225349315663
2675,44.583333333333336,9.74404249210454,-2.0337352856732878,4,1447.2199026074654,600.488799645893
2676,44.6,7.037556567272304,-1.6273074661963847,4,1454.2574591747377,598.8614921796966
2677,44.61666666666667,6.903081232492923,0.03781512605041826,3,1461.1605404072307,598.899307305747
2678,44.63333333333333,2.8779806175343765,-0.08530147263127219,3,1464.038521024765,598.8140058331157
2679,44.65,0.5823754789271334,0.19923371647507793,3,1464.6208965036922,599.0132395495908
2680,44.666666666666664,0.7970181575878996,0.753623188405868,3,1465.41791466128,599.7668627379967
2681,44.68333333333333,0.9347826086957411,1.0652173913043725,3,1466.3526972699758,600.8320801293011
2682,44.7,1.7670682730922636,1.8572646449885042,3,1468.119765543068,602.6893447742896
2683,44.71666666666667,2.4658634538152455,2.3212851405622814,3,1470.5856289968833,605.0106299148518
2684,44.733333333333334,4.223997112043662,2.610893010243217,3,1474.809626108927,607.6215229250951
2685,44.75,5.191011235955102,2.614232209737793,3,1480.000637344882,610.2357551348329
2686,44.766666666666666,4.352059925093727,1.759689922480561,3,1484.3526972699758,611.9954450573134
2687,44.78333333333333,6.0,1.0,3,1490.3526972699758,612.9954450573134
2688,44.8,1.7629629629627743,0.41481481481480387,3,1492.1156602329386,613.4102598721282
2689,44.81666666666667,0.7596899224806748,-0.1986775067750841,3,1492.8753501554193,613.2115823653531
2690,44.833333333333336,0.3347203550777067,0.16851851851856736,3,1493.210070510497,613.3801008838717
2691,44.85,0.4856678486999044,0.14479905437360685,3,1493.6957383591969,613.5248999382453
2692,44.86666666666667,0.16904291876858224,-0.21985815602829462,4,1493.8647812779654,613.305041782217
2693,44.88333333333333,-0.11520467836248827,0.0,4,1493.749576599603,613.305041782217
2694,44.9,-3.1588597728965624,-0.8107186495790586,4,1490.5907168267063,612.494323132638
2695,44.916666666666664,-8.34835672194879,-1.2957777269376152,4,1482.2423601047576,611.1985454057003
2696,44.93333333333333,-18.349206349206383,-1.5656084656084772,4,1463.8931537555513,609.6329369400919
2697,44.95,-32.52357408673208,-2.7808189872143316,4,1431.3695796688194,606.8521179528775
2698,44.96666666666667,-29.28320239431332,0.0,5,1402.086377274506,606.8521179528775
2699,44.983333333333334,-28.431693038891808,-1.6857358140613314,5,1373.6546842356142,605.1663821388162
2700,45.0,-34.564824846514966,-2.0173347778982134,5,1339.0898593890993,603.149047360918
2701,45.016666666666666,-19.14232627276101,-1.5436640654031635,5,1319.9475331163383,601.6053832955148
2702,45.03333333333333,-15.739130434782737,-2.202898550724626,5,1304.2084026815555,599.4024847447902
2703,45.05,-13.072099170540469,-3.243277732203069,5,1291.136303511015,596.1592070125871
2704,45.06666666666667,-5.766723842195688,-1.956546598056093,5,1285.3695796688194,594.202660414531
2705,45.083333333333336,-2.736420811892458,-1.6535162950257245,5,1282.633158856927,592.5491441195053
2706,45.1,-3.7077467632922207,-3.125621865884682,4,1278.9254120936348,589.4235222536206
2707,45.11666666666667,-2.3581634324079914,-1.3077682568799673,4,1276.5672486612268,588.1157539967406
2708,45.13333333333333,-4.033235232289371,-2.0608105194503565,4,1272.5340134289374,586.0549434772903
2709,45.15,-7.651644824258369,-2.5302482726447693,4,1264.882368604679,583.5246952046455
2710,45.166666666666664,-5.96275947593881,-2.2362633720304075,4,1258.9196091287401,581.2884318326151
2711,45.18333333333333,-4.757977643539675,-1.9657568299898571,4,1254.1616314852004,579.3226750026251
2712,45.2,-3.1691547831252365,-1.2227549294179312,4,1250.9924767020752,578.0999200732072
2713,45.21666666666667,-0.07260923548324172,-0.34780517602115424,4,1250.919867466592,577.752114897186
2714,45.233333333333334,-0.20908366148853474,-1.2232938196137297,4,1250.7107838051033,576.5288210775723
2715,45.25,-0.1456221219220879,-1.4184387046054212,4,1250.5651616831813,575.1103823729668
2716,45.266666666666666,-0.34268791772922214,-1.0141721902734275,4,1250.222473765452,574.0962101826933
2717,45.28333333333333,-1.5391126764009186,-1.2290116662997548,4,1248.683361089051,572.8671985163935
2718,45.3,-0.9565840938721522,-1.2754629629629761,4,1247.7267769951789,571.5917355534306
2719,45.31666666666667,-0.9608443713823362,-1.2221215780998307,5,1246.7659326237965,570.3696139753307
2720,45.333333333333336,-1.5185185185184764,-1.9520202020202078,5,1245.247414105278,568.4175937733105
2721,45.35,-1.3232323232325598,-0.5252525252524265,5,1243.9241817820455,567.8923412480581
2722,45.36666666666667,-2.0,0.0,5,1241.9241817820455,567.8923412480581
2723,45.38333333333333,-7.098296396803789,5.194968553459148,5,1234.8258853852417,573.0873098015172
2724,45.4,-8.57501017501022,10.535411179397215,5,1226.2508752102315,583.6227209809144
2725,45.416666666666664,-12.78146222460066,20.22177466678346,4,1213.4694129856307,603.8444956476978
2726,45.43333333333333,-14.739381129576032,26.059930164175427,4,1198.7300318560547,629.9044258118732
2727,45.45,-27.38188334962524,41.12218963831867,3,1171.3481485064294,671.0266154501919
2728,45.46666666666667,-24.386755419013525,35.51656920077971,3,1146.961393087416,706.5431846509716
2729,45.483333333333334,-30.4041585445093,42.977257959714166,3,1116.5572345429066,749.5204426106858
2730,45.5,-24.288557213930517,31.965432098765405,3,1092.268677328976,781.4858747094512
2731,45.516666666666666,-21.474395448079804,25.44164691006793,2,1070.7942818808963,806.9275216195191
2732,45.53333333333333,-21.94984697616269,26.04926218084111,2,1048.8444349047336,832.9767838003602
2733,45.55,-11.34938941655355,15.096984773104197,2,1037.49504548818,848.0737685734643
2734,45.56666666666667,-8.26525704809302,10.61210613598675,2,1029.229788440087,858.6858747094511
2735,45.583333333333336,0.0,0.0,0,1029.229788440087,858.6858747094511
2736,45.6,0.0,0.0,0,1029.229788440087,858.6858747094511
2737,45.61666666666667,0.0,0.0,0,1029.229788440087,858.6858747094511
2738,45.63333333333333,0.0,0.0,0,1029.229788440087,858.6858747094511
2739,45.65,0.0,0.0,0,1029.229788440087,858.6858747094511
2740,45.666666666666664,0.0,0.0,0,1029.229788440087,858.6858747094511
2741,45.68333333333333,0.0,0.0,0,1029.229788440087,858.6858747094511
2742,45.7,0.0,0.0,0,1029.229788440087,858.6858747094511
2743,45.71666666666667,0.0,0.0,0,1029.229788440087,858.6858747094511
2744,45.733333333333334,0.0,0.0,0,1029.229788440087,858.6858747094511
2745,45.75,0.0,0.0,0,1029.229788440087,858.6858747094511
2746,45.766666666666666,0.0,0.0,0,1029.229788440087,858.6858747094511
2747,45.78333333333333,0.0,0.0,0,1029.229788440087,858.6858747094511
2748,45.8,0.0,0.0,0,1029.229788440087,858.6858747094511
2749,45.81666666666667,0.0,0.0,0,1029.229788440087,858.6858747094511
2750,45.833333333333336,0.0,0.0,0,1029.229788440087,858.6858747094511
2751,45.85,0.0,0.0,0,1029.229788440087,858.6858747094511
2752,45.86666666666667,0.0,0.0,0,1029.229788440087,858.6858747094511
2753,45.88333333333333,0.0,0.0,0,1029.229788440087,858.6858747094511
2754,45.9,0.0,0.0,0,1029.229788440087,858.6858747094511
2755,45.916666666666664,0.0,0.0,0,1029.229788440087,858.6858747094511
2756,45.93333333333333,0.0,0.0,0,1029.229788440087,858.6858747094511
2757,45.95,0.0,0.0,0,1029.229788440087,858.6858747094511
2758,45.96666666666667,0.0,0.0,0,1029.229788440087,858.6858747094511
2759,45.983333333333334,0.0,0.0,0,1029.229788440087,858.6858747094511
2760,46.0,0.0,0.0,1,1029.229788440087,858.6858747094511
2761,46.016666666666666,-8.947368421052715,-29.892095830975336,1,1020.2824200190344,828.7937788784758
2762,46.03333333333333,55.11695906432749,-1.7017543859648754,2,1075.399379083362,827.092024492511
2763,46.05,-11.072106366545313,-42.228710140130204,2,1064.3272727168167,784.8633143523807
2764,46.06666666666667,-15.766466763341214,-57.32964877641143,2,1048.5608059534754,727.5336655759693
2765,46.083333333333336,-12.46016823354762,-42.96907854050721,3,1036.1006377199278,684.5645870354621
2766,46.1,-12.0,-42.0,3,1024.1006377199278,642.5645870354621
2767,46.11666666666667,-12.501356589147349,-47.49864341085265,4,1011.5992811307805,595.0659436246094
2768,46.13333333333333,-9.742962056303554,-31.146470828233305,4,1001.8563190744769,563.9194727963761
2769,46.15,-12.746597270465145,-30.870455188692688,5,989.1097218040118,533.0490176076835
2770,46.166666666666664,-8.76923076923066,-19.279536719295663,6,980.340491034781,513.7694808883878
2771,46.18333333333333,-5.724740649740625,-13.658119658119688,6,974.6157503850404,500.1113612302681
2772,46.2,-5.822255522255489,-11.58344579397209,6,968.7934948627849,488.527915436296
2773,46.21666666666667,-3.1201550387596626,-5.194063926940714,6,965.6733398240252,483.33385150935527
2774,46.233333333333334,-1.7775436131599918,-3.9473684210526017,5,963.8957962108652,479.38648308830267
2775,46.25,-0.07624831309038882,-2.311111111111245,5,963.8195478977748,477.0753719771914
2776,46.266666666666666,0.0,-3.3777777777777374,5,963.8195478977748,473.6975941994137
2777,46.28333333333333,0.24453024453032413,-1.9268983268982538,5,964.0640781423051,471.77069587251543
2778,46.3,0.4761904761905953,-3.041269841269923,5,964.5402686184957,468.7294260312455
2779,46.31666666666667,0.0,-3.3111111111110176,5,964.5402686184957,465.4183149201345
2780,46.333333333333336,1.31313131313118,-3.3838383838384516,5,965.8533999316269,462.03447653629604
2781,46.35,2.7742287742287317,-4.475106685633023,5,968.6276287058556,457.559369850663
2782,46.36666666666667,2.9473684210526017,-2.5567251461989144,5,971.5749971269082,455.0026447044641
2783,46.38333333333333,3.2792792792790806,-3.0,5,974.8542764061873,452.0026447044641
2784,46.4,2.0,-3.0,5,976.8542764061873,449.0026447044641
2785,46.416666666666664,1.0,-1.031831831831937,5,977.8542764061873,447.97081287263217
2786,46.43333333333333,0.28985507246375164,-0.688888888888755,5,978.144131478651,447.2819239837434
2787,46.45,1.0,-0.720720720720692,5,979.144131478651,446.5612032630227
2788,46.46666666666667,0.2621870882740609,-0.3131313131314073,5,979.4063185669252,446.2480719498913
2789,46.483333333333334,0.3131313131311799,-0.6439393939393767,5,979.7194498800563,445.60413255595194
2790,46.5,0.06060606060606233,0.0,5,979.7800559406624,445.60413255595194
2791,46.516666666666666,0.0,0.0,5,979.7800559406624,445.60413255595194
2792,46.53333333333333,0.0,0.0,6,979.7800559406624,445.60413255595194
2793,46.55,0.0,0.0,6,979.7800559406624,445.60413255595194
2794,46.56666666666667,-0.865483785220647,-0.2507507507507398,6,978.9145721554416,445.3533818052012
2795,46.583333333333336,-4.703794703794699,-1.60100391924135,6,974.2107774516469,443.75237788595985
2796,46.6,-9.2962052962053,-2.7597946783992597,6,964.9145721554416,440.9925832075606
2797,46.61666666666667,-17.75555555555559,-6.0,6,947.1590165998861,434.9925832075606
2798,46.63333333333333,-14.0,-4.5,6,933.1590165998861,430.4925832075606
2799,46.65,-13.741666666666674,-4.5,6,919.4173499332194,425.9925832075606
2800,46.666666666666664,-16.389285714285734,-6.343434343434296,6,903.0280642189337,419.6491488641263
2801,46.68333333333333,-8.0,-3.759689922480675,5,895.0280642189337,415.8894589416456
2802,46.7,-6.311111111111245,-2.7569767441859767,5,888.7169531078224,413.13248219745964
2803,46.71666666666667,-6.165079365079237,-4.4833333333333485,5,882.5518737427432,408.6491488641263
2804,46.733333333333334,-3.897435897435912,-2.238095238095184,5,878.6544378453073,406.4110536260311
2805,46.75,-2.2716049382715937,-1.2785714285714675,5,876.3828329070357,405.13248219745964
2806,46.766666666666666,-2.7111111111111086,-2.0,5,873.6717217959246,403.13248219745964
2807,46.78333333333333,-2.0,-1.311111111111245,5,871.6717217959246,401.8213710863484
2808,46.8,-0.29166666666674246,-0.5254901960785219,5,871.3800551292578,401.29588089026987
2809,46.81666666666667,-0.04705882352942581,-0.311111111111245,5,871.3329963057283,400.9847697791586
2810,46.833333333333336,-0.22222222222228538,-0.2666666666666515,5,871.110774083506,400.718103112492
2811,46.85,-0.4647342995169197,-0.18104602317316676,5,870.6460397839892,400.5370570893188
2812,46.86666666666667,-0.26564795768439353,-0.04761904761903679,5,870.3803918263047,400.48943804169977
2813,46.88333333333333,-0.01944444444450255,0.0,5,870.3609473818602,400.48943804169977
2814,46.9,0.18452380952373915,0.0,5,870.545471191384,400.48943804169977
2815,46.916666666666664,0.25270205643232657,-0.0731016731017462,5,870.7981732478163,400.416336368598
2816,46.93333333333333,0.6177739236563013,0.24301854449117855,6,871.4159471714726,400.6593549130892
2817,46.95,2.0,-1.2882184510091292,6,873.4159471714726,399.3711364620801
2818,46.96666666666667,2.094185094185036,-2.843434343434353,6,875.5101322656576,396.5277021186457
2819,46.983333333333334,3.0621212121212125,-5.7676767676767895,6,878.5722534777788,390.76002535096893
2820,47.0,7.0972222222222285,-13.233333333333348,6,885.6694757000009,377.5266920176356
2821,47.016666666666666,6.377192982456108,-11.423538011695882,6,892.046668682457,366.1031540059397
2822,47.03333333333333,8.503759398496243,-15.211779448621542,6,900.5504280809532,350.89137455731816
2823,47.05,10.377380952380975,-18.26190476190476,6,910.9278090333341,332.6294697954134
2824,47.06666666666667,7.241666666666674,-13.586111111111165,6,918.1694757000008,319.04335868430223
2825,47.083333333333336,4.9840840840840315,-11.426544401544334,6,923.1535597840848,307.6168142827579
2826,47.1,3.6888888888889824,-12.0,5,926.8424486729738,295.6168142827579
2827,47.11666666666667,1.3131313131314073,-6.4833333333333485,5,928.1555799861052,289.13348094942455
2828,47.13333333333333,0.2933333333332939,-4.686868686868706,5,928.4489133194385,284.44661226255585
2829,47.15,-0.5166666666666515,-4.017777777777837,5,927.9322466527718,280.428834484778
2830,47.166666666666664,-0.7125999841609882,-2.2373873873874572,5,927.2196466686108,278.19144709739055
2831,47.18333333333333,-1.0,-1.2525701583773525,5,926.2196466686108,276.9388769390132
2832,47.2,-0.17222222222210348,-1.0,5,926.0474244463887,275.9388769390132
2833,47.21666666666667,-0.3757575757574614,-0.8124253285543546,5,925.6716668706313,275.12645161045884
2834,47.233333333333334,-0.09090909090906507,-0.5047043010752077,5,925.5807577797223,274.62174730938364
2835,47.25,-0.7777777777778283,-0.3131313131314073,5,924.8029800019444,274.30861599625223
2836,47.266666666666666,0.0,0.0,5,924.8029800019444,274.30861599625223
2837,47.28333333333333,0.0,0.0,5,924.8029800019444,274.30861599625223
2838,47.3,-0.5616197183098279,-0.1877934272300763,5,924.2413602836345,274.12082256902215
2839,47.31666666666667,-0.311111111111245,0.0,5,923.9302491725233,274.12082256902215
2840,47.333333333333336,-0.6868686868687064,-0.11281614094912129,5,923.2433804856546,274.00800642807303
2841,47.35,-1.0561238988348691,-0.07111111111112223,5,922.1872565868198,273.9368953169619
2842,47.36666666666667,-1.6455026455026314,-0.9951690821255852,6,920.5417539413172,272.9417262348363
2843,47.38333333333333,-0.08742983434055418,-0.6445953593662352,6,920.4543241069766,272.2971308754701
2844,47.4,-0.44596774193547617,-1.4934952711437859,6,920.0083563650412,270.8036356043263
2845,47.416666666666664,0.0,0.0,6,920.0083563650412,270.8036356043263
2846,47.43333333333333,-0.48611111111108585,-2.9064856711915468,6,919.5222452539301,267.89714993313476
2847,47.45,-1.8888888888888573,-7.2716160657811315,6,917.6333563650412,260.6255338673536
2848,47.46666666666667,-1.6682539682539073,-4.091886608015557,6,915.9651023967873,256.53364725933807
2849,47.483333333333334,-1.98913580246915,-5.5761199294532275,6,913.9759665943182,250.95752732988484
2850,47.5,-2.4355820105819816,-11.294131794131829,6,911.5403845837361,239.663395535753
2851,47.516666666666666,-1.2456140350877831,-4.686868686868593,5,910.2947705486483,234.97652684888442
2852,47.53333333333333,-0.9451388888888914,-9.173849064536512,5,909.3496316597594,225.8026777843479
2853,47.55,-0.27927927927919427,-4.869841269841231,5,909.0703523804802,220.93283651450668
2854,47.56666666666667,-0.4649452269170524,-2.7207207207208057,5,908.6054071535632,218.21211579378587
2855,47.583333333333336,-1.9090277777777942,-5.0,5,906.6963793757855,213.21211579378587
2856,47.6,-2.3761574074073906,-2.0,5,904.3202219683781,211.21211579378587
2857,47.61666666666667,-1.0,-1.0,5,903.3202219683781,210.21211579378587
2858,47.63333333333333,-1.3347681822257869,-1.0920993632857972,5,901.9854537861522,209.12001643050007
2859,47.65,-0.5258323765786486,-0.8358208955223745,5,901.4596214095736,208.2841955349777
2860,47.666666666666664,0.0,0.0,5,901.4596214095736,208.2841955349777
2861,47.68333333333333,-0.26775956284154745,-0.35238095238105416,5,901.1918618467321,207.93181458259664
2862,47.7,-0.9375,-0.6031310211945993,5,900.2543618467321,207.32868356140204
2863,47.71666666666667,-0.4490945674044724,0.11359867330020279,5,899.8052672793276,207.44228223470225
2864,47.733333333333334,-0.688888888888755,0.0,5,899.1163783904389,207.44228223470225
2865,47.75,0.0,0.0,5,899.1163783904389,207.44228223470225
2866,47.766666666666666,0.0,0.0,5,899.1163783904389,207.44228223470225
2867,47.78333333333333,0.0,0.0,5,899.1163783904389,207.44228223470225
2868,47.8,0.0,0.10170356960500726,6,899.1163783904389,207.54398580430725
2869,47.81666666666667,0.4639587627382298,0.45929091697701097,6,899.5803371531771,208.00327672128427
2870,47.833333333333336,1.0105716353973833,0.5084500122819691,6,900.5909087885744,208.51172673356623
2871,47.85,5.515449445640087,0.9265563215110433,6,906.1063582342146,209.43828305507728
2872,47.86666666666667,11.233030377466605,0.777098163538767,6,917.3393886116812,210.21538121861605
2873,47.88333333333333,23.737544940934782,-1.718546365914733,6,941.076933552616,208.4968348527013
2874,47.9,8.76142376142377,-0.9042049568365655,6,949.8383573140397,207.59262989586475
2875,47.916666666666664,21.77011494252872,-5.0508898508899165,5,971.6084722565685,202.54174004497483
2876,47.93333333333333,8.229885057471279,-2.0344827586206975,5,979.8383573140397,200.50725728635413
2877,47.95,3.5384615384614335,-0.07692307692309441,5,983.3768188525012,200.43033420943104
2878,47.96666666666667,4.409356725146154,-0.04153846153849372,5,987.7861755776473,200.38879574789254
2879,47.983333333333334,1.2073193737031147,-0.2311111111110904,5,988.9934949513504,200.15768463678145
2880,48.0,0.7926806262968853,0.18779342722996262,5,989.7861755776473,200.34547806401142
2881,48.016666666666666,1.3040935672515275,-0.4040096434462157,5,991.0902691448989,199.9414684205652
2882,48.03333333333333,1.3925925925926776,-1.0,5,992.4828617374916,198.9414684205652
2883,48.05,0.8264014871553798,-0.41333333333341216,5,993.309263224647,198.5281350872318
2884,48.06666666666667,1.084857403125227,-0.9766659659449033,5,994.3941206277723,197.55146912128689
2885,48.083333333333336,3.5892255892256344,-0.9659863945577172,5,997.9833462169979,196.58548272672917
2886,48.1,2.089668615984408,-0.5945419103314862,5,1000.0730148329824,195.99094081639768
2887,48.11666666666667,4.148148148148152,-0.40740740740739056,5,1004.2211629811305,195.5835334089903
2888,48.13333333333333,0.5519480519481021,-0.08838576753015559,5,1004.7731110330786,195.49514764146014
2889,48.15,0.24080526519551881,0.0,5,1005.0139162982741,195.49514764146014
2890,48.166666666666664,0.8995888234744314,-0.21836477987426406,5,1005.9135051217486,195.27678286158587
2891,48.18333333333333,1.9259259259259238,-0.18518518518521887,5,1007.8394310476745,195.09159767640065
2892,48.2,3.466666666666697,-0.8532763532763283,5,1011.3060977143411,194.23832132312432
2893,48.21666666666667,3.4731934731934757,-1.149659863945658,5,1014.7792911875347,193.08866145917867
2894,48.233333333333334,3.8161981773840807,-0.5889079473985248,5,1018.5954893649188,192.49975351178014
2895,48.25,9.015461215932874,0.15330188679251933,5,1027.6109505808517,192.65305539857266
2896,48.266666666666666,20.964002267573733,-0.19347517730500385,5,1048.5749528484255,192.45958022126766
2897,48.28333333333333,8.514533085961716,0.19347517730500385,5,1057.089485934387,192.65305539857266
2898,48.3,12.11131725417431,-0.8361162646876892,5,1069.2008031885614,191.81693913388497
2899,48.31666666666667,14.079465803989848,-1.7518036056029587,4,1083.2802689925513,190.065135528282
2900,48.333333333333336,3.4398807301942895,-0.22245614781263612,4,1086.7201497227456,189.84267938046938
2901,48.35,2.846668977408058,0.577108954556877,4,1089.5668187001538,190.41978833502625
2902,48.36666666666667,0.26083142639205903,0.41483918128659525,4,1089.827650126546,190.83462751631285
2903,48.38333333333333,0.041666666666685614,0.4107323232323097,4,1089.8693167932126,191.24535983954516
2904,48.4,1.0991493886230614,0.05915160397329089,4,1090.9684661818358,191.30451144351844
2905,48.416666666666664,1.6418439716312037,0.14549460233531875,4,1092.610310153467,191.45000604585374
2906,48.43333333333333,1.7507784613048045,0.25156205404130105,4,1094.361088614772,191.70156809989504
2907,48.45,3.883361921097787,0.05462962962957363,4,1098.2444505358696,191.75619772952462
2908,48.46666666666667,4.920914445442719,-0.1862926048971758,4,1103.1653649813125,191.56990512462744
2909,48.483333333333334,5.7236697614056595,-0.1287094547964216,4,1108.8890347427182,191.44119566983102
2910,48.5,3.6571920757967007,0.2603724300640238,4,1112.546226818515,191.70156809989504
2911,48.516666666666666,4.600580270793017,0.29809048640072433,4,1117.146807089308,191.99965858629577
2912,48.53333333333333,1.4711399711399906,0.3120934620935145,4,1118.617947060448,192.31175204838928
2913,48.55,0.39225589225594604,0.3726569965012061,4,1119.0102029527038,192.6844090448905
2914,48.56666666666667,0.0,0.0,4,1119.0102029527038,192.6844090448905
2915,48.583333333333336,0.0,0.0,4,1119.0102029527038,192.6844090448905
2916,48.6,0.0,0.0,4,1119.0102029527038,192.6844090448905
2917,48.61666666666667,0.0,0.0,5,1119.0102029527038,192.6844090448905
2918,48.63333333333333,0.0,0.0,5,1119.0102029527038,192.6844090448905
2919,48.65,1.325354609929036,-0.5121751025992012,5,1120.3355575626329,192.17223394229129
2920,48.666666666666664,6.283687943262407,-2.7638888888888573,5,1126.6192455058954,189.40834505340243
2921,48.68333333333333,30.0,-13.0,5,1156.6192455058954,176.40834505340243
2922,48.7,35.0,-13.759689922480675,5,1191.6192455058954,162.64865513092175
2923,48.71666666666667,25.18518518518522,-8.908747044917277,5,1216.8044306910806,153.73990808600448
2924,48.733333333333334,68.51666666666665,-18.282828282828262,5,1285.3210973577472,135.4570798031762
2925,48.75,44.0,-10.0,5,1329.3210973577472,125.45707980317621
2926,48.766666666666666,25.720720720720692,-5.0,5,1355.041818078468,120.45707980317621
2927,48.78333333333333,49.515838419064266,-7.0,5,1404.5576564975322,113.45707980317621
2928,48.8,23.655731729542595,-1.6249158249157745,4,1428.2133882270748,111.83216397826044
2929,48.81666666666667,12.41854990583795,-0.4529466573491874,4,1440.6319381329126,111.37921732091125
2930,48.833333333333336,21.498677248677325,-0.39999999999997726,4,1462.13061538159,110.97921732091127
2931,48.85,5.189646831156324,0.25157232704404464,3,1467.3202622127462,111.23078964795532
2932,48.86666666666667,1.4301994301994227,0.13846153846154152,3,1468.7504616429455,111.36925118641686
2933,48.88333333333333,0.25,-0.07407407407407618,3,1469.0004616429455,111.29517711234278
2934,48.9,-0.25,0.07407407407407618,3,1468.7504616429455,111.36925118641686
2935,48.916666666666664,-0.9587813620073575,0.06666666666666288,3,1467.7916802809382,111.43591785308352
2936,48.93333333333333,-0.6560962274465965,0.3163289075238822,3,1467.1355840534916,111.7522467606074
2937,48.95,0.0,0.5464980719218033,3,1467.1355840534916,112.29874483252921
2938,48.96666666666667,-0.31649831649826865,0.18002244668912226,3,1466.8190857369932,112.47876727921833
2939,48.983333333333334,0.0,0.0,3,1466.8190857369932,112.47876727921833
2940,49.0,-0.18468092988791796,0.07810486668648764,3,1466.6344048071053,112.55687214590482
2941,49.016666666666666,0.0,0.0,3,1466.6344048071053,112.55687214590482
2942,49.03333333333333,0.0,0.0,3,1466.6344048071053,112.55687214590482
2943,49.05,0.0,0.0,3,1466.6344048071053,112.55687214590482
2944,49.06666666666667,0.0,0.0,3,1466.6344048071053,112.55687214590482
2945,49.083333333333336,0.0,-0.07810486668648764,3,1466.6344048071053,112.47876727921833
2946,49.1,0.0,0.0,3,1466.6344048071053,112.47876727921833
2947,49.11666666666667,0.0,0.0,3,1466.6344048071053,112.47876727921833
2948,49.13333333333333,0.0,0.0,3,1466.6344048071053,112.47876727921833
2949,49.15,0.0,0.0,3,1466.6344048071053,112.47876727921833
2950,49.166666666666664,1.6137303556658935,1.2948717948717956,3,1468.2481351627712,113.77363907409013
2951,49.18333333333333,3.5762925598990023,2.625472887767984,3,1471.8244277226702,116.39911196185811
2952,49.2,4.706666666666592,4.459259259259284,3,1476.5310943893369,120.8583712211174
2953,49.21666666666667,3.296296296296191,2.4519774011299376,3,1479.827390685633,123.31034862224733
2954,49.233333333333334,4.431116905693216,4.0,3,1484.2585075913262,127.31034862224733
2955,49.25,1.5897435897434207,1.5897435897435912,3,1485.8482511810696,128.9000922119909
2956,49.266666666666666,0.04138551506980548,0.6144849302743864,3,1485.8896366961394,129.5145771422653
2957,49.28333333333333,0.0,0.0,3,1485.8896366961394,129.5145771422653
2958,49.3,0.0,0.1935483870967687,3,1485.8896366961394,129.70812552936206
2959,49.31666666666667,0.0,0.0,3,1485.8896366961394,129.70812552936206
2960,49.333333333333336,0.0,1.0,3,1485.8896366961394,130.70812552936206
2961,49.35,0.0,0.0,3,1485.8896366961394,130.70812552936206
2962,49.36666666666667,0.0,0.22598870056492615,3,1485.8896366961394,130.934114229927
2963,49.38333333333333,0.0,0.204118826316801,3,1485.8896366961394,131.1382330562438
2964,49.4,0.0,0.0,3,1485.8896366961394,131.1382330562438
2965,49.416666666666664,0.0,0.0,3,1485.8896366961394,131.1382330562438
2966,49.43333333333333,0.0,0.0,3,1485.8896366961394,131.1382330562438
2967,49.45,-1.4988790243028234,-1.7283950617284063,3,1484.3907576718366,129.40983799451539
2968,49.46666666666667,-4.049143574567324,-5.236111111111114,3,1480.3416140972693,124.17372688340427
2969,49.483333333333334,-3.073717948718013,-3.0331196581196593,3,1477.2678961485512,121.14060722528461
2970,49.5,-4.0,-4.0,3,1473.2678961485512,117.14060722528461
2971,49.516666666666666,-7.706666666666592,-6.0,3,1465.5612294818848,111.14060722528461
2972,49.53333333333333,-2.7527472527472128,-1.0,3,1462.8084822291376,110.14060722528461
2973,49.55,-3.0,-1.4402744148507054,3,1459.8084822291376,108.7003328104339
2974,49.56666666666667,-1.071604938271662,-0.19346405228759522,3,1458.7368772908658,108.50686875814631
2975,49.583333333333336,0.0,0.0,3,1458.7368772908658,108.50686875814631
2976,49.6,0.6888888888889824,-0.09744503862151532,3,1459.4257661797546,108.4094237195248
2977,49.61666666666667,0.22598870056481246,0.009148084619795327,3,1459.6517548803195,108.41857180414459
2978,49.63333333333333,0.0,0.0,3,1459.6517548803195,108.41857180414459
2979,49.65,0.05816430489949198,0.0,3,1459.709919185219,108.41857180414459
2980,49.666666666666664,0.0,0.0,3,1459.709919185219,108.41857180414459
2981,49.68333333333333,0.18764186633052304,-0.2500210172341042,3,1459.8975610515495,108.16855078691049
2982,49.7,0.0,0.0,3,1459.8975610515495,108.16855078691049
2983,49.71666666666667,0.3956747213946983,0.0,3,1460.2932357729442,108.16855078691049
2984,49.733333333333334,1.0,0.4153150171025004,3,1461.2932357729442,108.58386580401299
2985,49.75,0.6111111111108585,0.06666666666666288,3,1461.904346884055,108.65053247067965
2986,49.766666666666666,0.8148148148147811,0.0,3,1462.7191616988698,108.65053247067965
2987,49.78333333333333,1.0204678362572395,0.0,3,1463.739629535127,108.65053247067965
2988,49.8,2.0,-0.2933333333334076,3,1465.739629535127,108.35719913734624
2989,49.81666666666667,4.58243727598574,-0.017777777777723713,3,1470.3220668111128,108.33942135956852
2990,49.833333333333336,5.185185185185219,0.06666666666666288,3,1475.507251996298,108.40608802623518
2991,49.85,12.240310077519212,2.2263565891472865,3,1487.7475620738173,110.63244461538247
2992,49.86666666666667,10.842165242165265,3.4918824045633983,3,1498.5897273159826,114.12432701994587
2993,49.88333333333333,13.855618330194602,4.98453878406707,3,1512.4453456461772,119.10886580401294
2994,49.9,19.95833333333337,6.230555555555554,3,1532.4036789795105,125.33942135956849
2995,49.916666666666664,11.759689922480561,3.0891523935002567,3,1544.163368901991,128.42857375306875
2996,49.93333333333333,13.509540846750156,3.0606060606060623,3,1557.672909748741,131.4891798136748
2997,49.95,8.730769230769283,1.1153846153846132,3,1566.4036789795102,132.60456442905942
2998,49.96666666666667,6.0,0.46666666666664014,3,1572.4036789795102,133.07123109572606
2999,49.983333333333334,9.958333333333371,1.7694444444444457,3,1582.3620123128435,134.8406755401705
3000,50.0,4.261524822694923,0.4802009456264784,3,1586.6235371355383,135.320876485797
3001,50.016666666666666,2.020451921490917,0.878139269406347,3,1588.643989057029,136.19901575520333
3002,50.03333333333333,3.0,1.240310077519382,3,1591.643989057029,137.43932583272272
3003,50.05,1.563899868247745,1.0,3,1593.2078889252768,138.43932583272272
3004,50.06666666666667,4.325219732718665,1.1535707567370679,2,1597.5331086579954,139.59289658945977
3005,50.083333333333336,6.606173862346111,1.3501488232225682,2,1604.1392825203416,140.94304541268235
3006,50.1,3.156675579567718,0.09115142425456213,2,1607.2959580999093,141.03419683693693
3007,50.11666666666667,4.233162709425471,0.46532223250078175,2,1611.5291208093347,141.49951906943772
3008,50.13333333333333,6.024444444444555,0.6044444444444679,2,1617.5535652537792,142.1039635138822
3009,50.15,0.9139562289561809,0.32515151515151786,2,1618.4675214827353,142.4291150290337
3010,50.166666666666664,0.6877104377104502,-0.2165404040404013,2,1619.1552319204457,142.2125746249933
3011,50.18333333333333,2.321270082013257,0.4483555218514539,2,1621.4765020024588,142.66093014684475
3012,50.2,1.737879102135878,0.5605314245354691,2,1623.2143811045946,143.22146157138022
3013,50.21666666666667,2.857631139546072,0.28356395377673493,2,1626.0720122441408,143.50502552515695
3014,50.233333333333334,4.661681834114745,1.0246384718170134,2,1630.7336940782554,144.52966399697397
3015,50.25,1.6576489533011909,0.07874396135265727,2,1632.3913430315565,144.6084079583266
3016,50.266666666666666,2.1255707762556995,0.8863013698629914,2,1634.5169138078122,145.4947093281896
3017,50.28333333333333,1.4744292237443233,0.6536986301370149,2,1635.9913430315564,146.14840795832663
3018,50.3,0.1301587301586551,0.32507936507934687,2,1636.121501761715,146.47348732340598
3019,50.31666666666667,0.0,0.0,2,1636.121501761715,146.47348732340598
3020,50.333333333333336,0.011507936507939576,0.13492063492064688,2,1636.133009698223,146.6084079583266
3021,50.35,-0.05128205128210084,0.17521367521365505,2,1636.081727646941,146.78362163354026
3022,50.36666666666667,0.0,0.0,2,1636.081727646941,146.78362163354026
3023,50.38333333333333,0.0,0.0,2,1636.081727646941,146.78362163354026
3024,50.4,0.0,0.0,2,1636.081727646941,146.78362163354026
3025,50.416666666666664,0.0,0.0,2,1636.081727646941,146.78362163354026
3026,50.43333333333333,-0.3526068376068565,0.09589743589742739,2,1635.7291208093343,146.8795190694377
3027,50.45,-4.9688888888887845,4.957777777777807,2,1630.7602319204454,151.8372968472155
3028,50.46666666666667,-6.609318394024342,9.229561157796425,2,1624.1509135264212,161.0668580050119
3029,50.483333333333334,-5.3862136873528925,9.447653239699648,2,1618.7646998390683,170.51451124471157
3030,50.5,-8.258333333333326,19.0,2,1610.506366505735,189.51451124471157
3031,50.516666666666666,-12.35669014084499,39.40639671361504,2,1598.1496763648902,228.9209079583266
3032,50.53333333333333,-4.023763311576829,18.557819477842656,2,1594.1259130533133,247.47872743616927
3033,50.55,-10.234570021756497,45.656293425383126,2,1583.8913430315567,293.1350208615524
3034,50.56666666666667,-6.384941520467919,26.064030371628007,2,1577.5064015110888,319.1990512331804
3035,50.583333333333336,-4.115058479532081,16.90935672514621,2,1573.3913430315567,336.1084079583266
3036,50.6,-5.8713276836159025,20.612994350282463,2,1567.520015347941,356.7214023086091
3037,50.61666666666667,-10.002886152862118,29.140045482002648,3,1557.5171291950787,385.8614477906117
3038,50.63333333333333,-3.7182389937106564,10.16507936507935,3,1553.798890201368,396.02652715569104
3039,50.65,-4.229239766081946,13.523809523809575,3,1549.5696504352861,409.5503366795006
3040,50.666666666666664,-3.7912730544308033,16.372694556905117,5,1545.7783773808553,425.92303123640573
3041,50.68333333333333,-1.4209572540239606,5.77059333581073,5,1544.3574201268314,431.69362457221644
3042,50.7,-0.3956747213946983,7.9373175992894005,5,1543.9617454054367,439.6309421715058
3043,50.71666666666667,0.07048684802884964,1.9213184476342349,5,1544.0322322534655,441.55226061914004
3044,50.733333333333334,0.8887565349743909,1.0206489675516366,5,1544.92098878844,442.5729095866917
3045,50.75,5.186001678347111,0.3799324125104988,4,1550.106990466787,442.9528419992022
3046,50.766666666666666,2.0102564102563747,0.1089743589743648,4,1552.1172468770433,443.06181635817654
3047,50.78333333333333,2.3875822251424097,0.5472299673907628,4,1554.5048291021858,443.6090463255673
3048,50.8,1.7747654772865644,1.418957771353405,4,1556.2795945794724,445.0280040969207
3049,50.81666666666667,3.314615900531294,4.163005260040308,4,1559.5942104800038,449.191009356961
3050,50.833333333333336,3.971963691443534,2.2101241611108975,4,1563.5661741714473,451.4011335180719
3051,50.85,1.7715641422250883,1.1852459250684149,4,1565.3377383136724,452.58637944314034
3052,50.86666666666667,3.034313648520765,1.1949883449883316,4,1568.3720519621932,453.7813677881287
3053,50.88333333333333,1.2220867585840551,0.7083547848078524,4,1569.5941387207772,454.48972257293656
3054,50.9,1.5514619883040268,1.0713450292397653,4,1571.1456007090812,455.5610676021763
3055,50.916666666666664,1.7702795698924092,1.4879250052499913,4,1572.9158802789736,457.04899260742627
3056,50.93333333333333,0.238689389328556,0.49654530959344356,4,1573.1545696683022,457.5455379170197
3057,50.95,-0.178812210309502,0.6417630350983927,4,1572.9757574579926,458.1873009521181
3058,50.96666666666667,0.22109100050272446,0.2622217458840055,4,1573.1968484584954,458.4495226980021
3059,50.983333333333334,1.0231613561968516,-0.02604026942958626,4,1574.2200098146923,458.4234824285725
3060,51.0,2.0985322937252704,0.026263863373472418,4,1576.3185421084177,458.449746291946
3061,51.016666666666666,1.180015255529952,0.15449646971386244,4,1577.4985573639476,458.60424276165986
3062,51.03333333333333,0.6063200558509152,-0.047836234420913115,4,1578.1048774197984,458.55640652723895
3063,51.05,0.0,0.0,5,1578.1048774197984,458.55640652723895
3064,51.06666666666667,0.0,0.0,5,1578.1048774197984,458.55640652723895
3065,51.083333333333336,-0.533333333333303,0.05521420037550229,5,1577.571544086465,458.6116207276144
3066,51.1,-3.1564264815949628,0.38888888888880047,5,1574.4151176048701,459.0005096165032
3067,51.11666666666667,-7.816425120772919,0.9855072463768124,5,1566.5986924840972,459.98601686288004
3068,51.13333333333333,-15.38296003513392,-0.11994525320395155,5,1551.2157324489633,459.86607160967606
3069,51.15,-33.2323232323231,0.28368794326243574,5,1517.9834092166402,460.14975955293846
3070,51.166666666666664,-35.181818181818244,0.0,5,1482.801591034822,460.14975955293846
3071,51.18333333333333,-52.25157232704396,-1.4666666666666686,5,1430.550018707778,458.68309288627177
3072,51.2,-39.444334105704684,-3.5333333333333314,5,1391.1056846020733,455.14975955293846
3073,51.21666666666667,-28.078104866686544,-3.0,5,1363.0275797353868,452.14975955293846
3074,51.233333333333334,-37.42095725402396,-6.0,5,1325.6066224813628,446.14975955293846
3075,51.25,-23.585173290512557,-4.5166666666666515,5,1302.0214491908503,441.6330928862718
3076,51.266666666666666,-16.219858156028295,-4.249645390070924,5,1285.801591034822,437.3834474962009
3077,51.28333333333333,-17.798464580010602,-5.11212121212121,4,1268.0031264548113,432.2713262840797
3078,51.3,-6.865061704506502,-2.828089074892148,4,1261.1380647503047,429.44323720918754
3079,51.31666666666667,-2.740740740740762,-1.2967675959273066,4,1258.3973240095638,428.14646961326025
3080,51.333333333333336,0.12334188480610919,-0.5912568306010684,4,1258.5206658943698,427.55521278265917
3081,51.35,0.5413170607678239,0.0,4,1259.0619829551376,427.55521278265917
3082,51.36666666666667,0.0,0.0,4,1259.0619829551376,427.55521278265917
3083,51.38333333333333,0.0,-0.5147609353675335,4,1259.0619829551376,427.04045184729165
3084,51.4,-0.26354885959403873,-0.25580408559130774,4,1258.7984340955436,426.78464776170034
3085,51.416666666666664,-0.42383915629534386,-0.6596881091617774,4,1258.3745949392483,426.12495965253856
3086,51.43333333333333,-0.15360623781668892,-1.0635198135198038,4,1258.2209887014315,425.06143983901876
3087,51.45,-0.03703703703706651,0.0,4,1258.1839516643945,425.06143983901876
3088,51.46666666666667,-0.807692307692264,-0.10700721960428439,4,1257.3762593567021,424.9544326194145
3089,51.483333333333334,-2.0238095238095184,0.685364927470232,4,1255.3524498328925,425.6397975468847
3090,51.5,-1.5415602836878861,0.8895863395862591,4,1253.8108895492046,426.529383886471
3091,51.516666666666666,-2.2842682140556008,0.3397163120567228,4,1251.526621335149,426.86910019852775
3092,51.53333333333333,-4.023809523809518,0.14184397163121787,4,1247.5028118113396,427.01094417015895
3093,51.55,-3.1941162429884002,0.30170791720944123,4,1244.3086955683511,427.3126520873684
3094,51.56666666666667,-2.890070921985739,0.6236041586445964,4,1241.4186246463655,427.936256246013
3095,51.583333333333336,-1.6191732096010583,0.9366126217648798,4,1239.7994514367645,428.87286886777787
3096,51.6,-0.11406985725250252,0.628071911594958,4,1239.685381579512,429.50094077937285
3097,51.61666666666667,-0.02619047619043613,-0.03905243334324382,4,1239.6591911033215,429.4618883460296
3098,51.63333333333333,0.0,0.0,4,1239.6591911033215,429.4618883460296
3099,51.65,-0.10297200641264226,0.0,4,1239.556219096909,429.4618883460296
3100,51.666666666666664,0.0,0.0,4,1239.556219096909,429.4618883460296
3101,51.68333333333333,-0.5340740740741694,-0.6140438334120404,4,1239.0221450228348,428.84784451261754
3102,51.7,-0.6077698975570911,-0.4926553672316487,4,1238.4143751252777,428.3551891453859
3103,51.71666666666667,-0.23040963791038394,0.017336485421594716,4,1238.1839654873675,428.3725256308075
3104,51.733333333333334,-0.524691358024711,0.04897959183674061,4,1237.6592741293427,428.4215052226442
3105,51.75,-0.11072261072263245,-0.12121212121212466,4,1237.5485515186201,428.3002931014321
3106,51.766666666666666,-0.1945901287903098,0.03703703703703809,4,1237.3539613898297,428.33733013846916
3107,51.78333333333333,-0.5545808966861614,-0.15150097465885892,4,1236.7993804931434,428.1858291638103
3108,51.8,-0.32947368421059764,-0.16038416075647888,4,1236.4699068089328,428.02544500305385
3109,51.81666666666667,-1.0059928795230917,-0.589847947560699,5,1235.4639139294097,427.43559705549313
3110,51.833333333333336,0.0,0.0,5,1235.4639139294097,427.43559705549313
3111,51.85,-0.41328175370745157,-0.5528691166989574,5,1235.0506321757023,426.8827279387942
3112,51.86666666666667,-0.4204160619254935,-0.2515723270440162,5,1234.630216113777,426.63115561175016
3113,51.88333333333333,-0.9168794326240004,-0.5333333333333599,5,1233.713336681153,426.0978222784168
3114,51.9,-1.454058876003728,-1.82771867612297,5,1232.2592778051492,424.27010360229383
3115,51.916666666666664,-4.1496598639454305,-3.283687943262464,5,1228.1096179412039,420.98641565903137
3116,51.93333333333333,-6.241171403962198,-2.5143841515935037,5,1221.8684465372417,418.47203150743786
3117,51.95,-11.128005198180745,-2.4802009456264784,5,1210.740441339061,415.9918305618114
3118,51.96666666666667,-24.482734614313472,-3.0365740740740534,4,1186.2577067247475,412.95525648773736
3119,51.983333333333334,-26.06459948320412,-2.834969853574549,4,1160.1931072415434,410.1202866341628
3120,52.0,-26.153513766824062,-2.8655592469545326,4,1134.0395934747194,407.2547273872083
3121,52.016666666666666,-34.991873522458604,-4.407268170426107,4,1099.0477199522606,402.84745921678217
3122,52.03333333333333,-28.118055555555543,-3.715350877192975,4,1070.929664396705,399.1321083395892
3123,52.05,-23.830065359477146,-3.928267973856208,4,1047.0995990372278,395.20384036573296
3124,52.06666666666667,-26.436601307189562,-5.830065359477118,4,1020.6629977300382,389.37377500625587
3125,52.083333333333336,-28.62033898305083,-7.387005649717523,4,992.0426587469874,381.98676935653833
3126,52.1,-17.166649321042826,-5.031123005253249,4,974.8760094259446,376.95564635128505
3127,52.11666666666667,-16.0,-6.0,3,958.8760094259446,370.95564635128505
3128,52.13333333333333,-9.776588363564315,-5.4744771533353,3,949.0994210623803,365.4811691979497
3129,52.15,-6.9917427205562035,-4.2174706649283,3,942.1076783418241,361.2636985330214
3130,52.166666666666664,-6.252136752136835,-4.3072763028515055,3,935.8555415896873,356.9564222301699
3131,52.18333333333333,-3.1629001883238743,-1.8406779661017083,3,932.6926414013634,355.1157442640682
3132,52.2,-0.17302325581397326,-0.7056814095648747,3,932.5196181455494,354.41006285450334
3133,52.21666666666667,2.193475177305004,0.2836879432623789,3,934.7130933228544,354.6937507977657
3134,52.233333333333334,1.7740112994350739,0.2366416458159506,3,936.4871046222895,354.93039244358164
3135,52.25,0.7289473684209042,-0.05263157894736992,3,937.2160519907104,354.8777608646343
3136,52.266666666666666,0.9742441209407389,-0.3639143730886758,3,938.1902961116512,354.5138464915456
3137,52.28333333333333,0.5847650820128365,-0.763931104356601,3,938.775061193664,353.74991538718905
3138,52.3,1.0182370820667757,-1.0399529273315693,3,939.7932982757308,352.7099624598575
3139,52.31666666666667,0.3462783171520982,-0.7055016181229803,3,940.1395765928828,352.0044608417345
3140,52.333333333333336,0.4213836477987343,-0.943396226415075,3,940.5609602406815,351.0610646153194
3141,52.35,1.1738544474393393,-1.181603773584925,3,941.7348146881209,349.8794608417345
3142,52.36666666666667,0.2430457331447542,-1.1555280528053231,3,941.9778604212656,348.7239327889292
3143,52.38333333333333,-0.10900040475746664,-1.769982304834258,2,941.8688600165082,346.9539504840949
3144,52.4,0.1886764574690858,-1.3427087515054126,2,942.0575364739773,345.61124173258946
3145,52.416666666666664,-0.32164245067886554,-0.5124701876608384,2,941.7358940232984,345.09877154492864
3146,52.43333333333333,-0.6771755162241675,-0.23457472959682946,2,941.0587185070742,344.8641968153318
3147,52.45,-0.6516594516594978,-0.19855699855700948,2,940.4070590554147,344.6656398167748
3148,52.46666666666667,-1.545310245310219,-0.9287157287157157,2,938.8617488101045,343.7369240880591
3149,52.483333333333334,-2.4122982158028776,-0.9770886434438069,2,936.4494505943017,342.7598354446153
3150,52.5,-2.2135549100502203,-1.1899329235777714,2,934.2358956842514,341.56990252103753
3151,52.516666666666666,-1.96550038410507,-1.4489838675885096,2,932.2703953001463,340.12091865344905
3152,52.53333333333333,-0.33183183183183473,-0.376876876876878,2,931.9385634683144,339.7440417765722
3153,52.55,-0.05603543743080763,-0.35127353266888406,2,931.8825280308836,339.39276824390333
3154,52.56666666666667,-0.19005847953218336,-0.37719298245613686,3,931.6924695513515,339.0155752614472
3155,52.583333333333336,0.03924963924964686,0.18285714285718768,3,931.7317191906011,339.1984324043044
3156,52.6,0.0,0.0,3,931.7317191906011,339.1984324043044
3157,52.61666666666667,0.0,0.0,3,931.7317191906011,339.1984324043044
3158,52.63333333333333,0.0728212356119684,2.0,3,931.8045404262131,341.1984324043044
3159,52.65,-1.3523809523808268,4.117826917826903,3,930.4521594738322,345.3162593221313
3160,52.666666666666664,-1.5166666666667652,7.662110386248344,4,928.9354928071655,352.97836970837966
3161,52.68333333333333,-1.2346234687749416,17.10014882961056,4,927.7008693383905,370.07851853799025
3162,52.7,-0.8472420457924272,17.362460376323014,4,926.853627292598,387.4409789143133
3163,52.71666666666667,-1.3557203389830192,23.04088050314465,4,925.497906953615,410.48185941745794
3164,52.733333333333334,0.3921682847896477,26.533333333333303,5,925.8900752384047,437.01519275079124
3165,52.75,-1.4027777777778283,28.829797979798002,6,924.4872974606269,465.84499073058925
3166,52.766666666666666,-2.7228884590587086,42.067827208252766,5,921.7644090015682,507.912817938842
3167,52.78333333333333,-1.3478458049886513,22.99797979797978,6,920.4165631965795,530.9107977368218
3168,52.8,-3.231266149870862,36.38090711031887,6,917.1852970467087,567.2917048471406
3169,52.81666666666667,-2.6667068231021744,18.435844935844898,6,914.5185902236065,585.7275497829855
3170,52.833333333333336,-4.480515399120009,20.86961961961964,6,910.0380748244864,606.5971694026052
3171,52.85,-2.275000000000034,10.565350233954888,6,907.7630748244865,617.1625196365601
3172,52.86666666666667,-1.5065602836879748,8.331560283687935,6,906.2565145407984,625.494079920248
3173,52.88333333333333,0.10638297872344538,9.0,6,906.3628975195219,634.494079920248
3174,52.9,0.4129204892966385,6.468008062274123,6,906.7758180088185,640.9620879825222
3175,52.916666666666664,-0.009441524895336784,8.885618004215985,6,906.7663764839232,649.8477059867382
3176,52.93333333333333,0.6541666666666401,15.364636935391673,6,907.4205431505898,665.2123429221299
3177,52.95,-1.0566666666667288,12.731215975307919,6,906.363876483923,677.9435588974378
3178,52.96666666666667,-1.919999999999959,12.402898550724615,5,904.4438764839231,690.3464574481625
3179,52.983333333333334,-2.0389692017599828,13.996031746031804,5,902.4049072821631,704.3424891941943
3180,53.0,-0.3034738485557682,8.75697674418609,5,902.1014334336073,713.0994659383804
3181,53.016666666666666,-0.03385203385209934,5.5015015015015365,5,902.0675813997552,718.600967439882
3182,53.03333333333333,3.341833636915453,3.4515873015872103,5,905.4094150366707,722.0525547414692
3183,53.05,2.0,0.281976744185954,5,907.4094150366707,722.3345314856551
3184,53.06666666666667,1.6959064327485294,-0.996023391812912,5,909.1053214694192,721.3385080938422
3185,53.083333333333336,4.052521240207398,-2.6794142980188553,5,913.1578427096266,718.6590937958233
3186,53.1,3.7596899224807885,-1.8131782945736177,5,916.9175326321074,716.8459155012497
3187,53.11666666666667,3.6666666666667425,-2.0,5,920.5841992987741,714.8459155012497
3188,53.13333333333333,2.572559981364975,-1.7543859649123306,5,923.1567592801391,713.0915295363374
3189,53.15,1.9473684210526017,-1.0179018976011776,5,925.1041277011917,712.0736276387362
3190,53.166666666666664,0.5197740112994325,-0.23738738738734355,5,925.6239017124911,711.8362402513488
3191,53.18333333333333,0.0,0.0,5,925.6239017124911,711.8362402513488
3192,53.2,0.0,0.0,5,925.6239017124911,711.8362402513488
3193,53.21666666666667,0.0,0.0,5,925.6239017124911,711.8362402513488
3194,53.233333333333334,0.0,-1.0,5,925.6239017124911,710.8362402513488
3195,53.25,0.04761904761903679,-0.761904761904816,5,925.6715207601102,710.074335489444
3196,53.266666666666666,-0.511949685534546,-0.5587301587302136,5,925.1595710745756,709.5156053307138
3197,53.28333333333333,-0.2411714039620847,-0.4412698412697864,5,924.9183996706136,709.074335489444
3198,53.3,-0.18867924528302638,0.22222222222222854,5,924.7297204253305,709.2965577116663
3199,53.31666666666667,0.0,0.0,5,924.7297204253305,709.2965577116663
3200,53.333333333333336,0.0,0.0,5,924.7297204253305,709.2965577116663
3201,53.35,0.0,0.0,6,924.7297204253305,709.2965577116663
3202,53.36666666666667,0.004574042309911874,0.08889013620716923,6,924.7342944676404,709.3854478478735
3203,53.38333333333333,0.0,0.0,6,924.7342944676404,709.3854478478735
3204,53.4,-0.26573084712617856,-1.7799643054036949,6,924.4685636205143,707.6054835424698
3205,53.416666666666664,-2.0,-6.044407027569434,6,922.4685636205143,701.5610765149004
3206,53.43333333333333,-1.5126010939965795,-9.261570593149571,6,920.9559625265176,692.2995059217508
3207,53.45,-1.661476147614735,-20.195122739018103,6,919.2944863789029,672.1043831827327
3208,53.46666666666667,-0.26376705653024146,-18.547414938862232,6,919.0307193223726,653.5569682438704
3209,53.483333333333334,0.20100250626569505,-19.5343768565931,6,919.2317218286383,634.0225913872773
3210,53.5,0.05603543743080763,-27.88341638981177,6,919.2877572660691,606.1391749974655
3211,53.516666666666666,-0.12015503875960576,-18.010225960745487,6,919.1676022273095,588.12894903672
3212,53.53333333333333,0.4886718057770736,-17.213330438558387,6,919.6562740330867,570.9156185981616
3213,53.55,2.9874055177626815,-19.312370708517363,6,922.6436795508494,551.6032478896442
3214,53.56666666666667,2.4050925925926094,-10.727355072463723,6,925.048772143442,540.8758928171804
3215,53.583333333333336,2.373543620346709,-10.33565769853368,6,927.4223157637887,530.5402351186467
3216,53.6,3.240459304289061,-8.820895522388014,5,930.6627750680777,521.7193395962587
3217,53.61666666666667,2.897692410297509,-10.0,5,933.5604674783752,511.7193395962587
3218,53.63333333333333,1.759689922480561,-6.240310077519382,5,935.3201574008558,505.4790295187393
3219,53.65,1.713130011454723,-6.28951890034358,5,937.0332874123105,499.18951061839573
3220,53.666666666666664,1.20925925925917,-3.5185185185185333,5,938.2425466715697,495.6709920998772
3221,53.68333333333333,1.7801418439715917,-1.7551573685771018,5,940.0226885155413,493.9158347313001
3222,53.7,1.7916666666667425,-0.3029787234042942,5,941.814355182208,493.6128560078958
3223,53.71666666666667,2.0,0.016995826341371867,5,943.814355182208,493.6298518342372
3224,53.733333333333334,1.5384615384615472,-0.05263157894736992,5,945.3528167206696,493.57722025528983
3225,53.75,3.080808080808083,1.7720488466757445,5,948.4336248014777,495.34926910196555
3226,53.766666666666666,3.3807303807303697,1.520146520146568,5,951.814355182208,496.8694156221121
3227,53.78333333333333,2.2051282051282897,1.5535292131036726,5,954.0194833873363,498.4229448352158
3228,53.8,3.557823129251801,3.5307496736069197,5,957.5773065165881,501.9536945088227
3229,53.81666666666667,1.5278592375367452,2.6776758409786225,5,959.1051657541249,504.63137034980133
3230,53.833333333333336,1.0,2.4964539007091844,5,960.1051657541249,507.1278242505105
3231,53.85,0.06666666666671972,2.4802259887005675,5,960.1718324207916,509.6080502392111
3232,53.86666666666667,0.2496453900710094,1.3382021955812888,5,960.4214778108626,510.94625243479237
3233,53.88333333333333,-0.2496453900710094,0.5537940379402926,5,960.1718324207916,511.50004647273266
3234,53.9,0.0,0.12617878575326813,5,960.1718324207916,511.62622525848593
3235,53.916666666666664,0.0,0.09225865209475614,5,960.1718324207916,511.7184839105807
3236,53.93333333333333,0.0,0.0,5,960.1718324207916,511.7184839105807
3237,53.95,0.0,0.0,5,960.1718324207916,511.7184839105807
3238,53.96666666666667,0.0,0.0,5,960.1718324207916,511.7184839105807
3239,53.983333333333334,0.0,0.0,6,960.1718324207916,511.7184839105807
3240,54.0,0.0,0.0,6,960.1718324207916,511.7184839105807
3241,54.016666666666666,0.0,0.0,6,960.1718324207916,511.7184839105807
3242,54.03333333333333,-0.24749521558027254,1.0557452062714674,6,959.9243372052113,512.7742291168522
3243,54.05,-1.0020966641372127,6.175353722990636,6,958.9222405410741,518.9495828398428
3244,54.06666666666667,1.646226727622178,12.758548664944001,6,960.5684672686963,531.7081315047868
3245,54.083333333333336,8.317120197988913,25.9592964529011,6,968.8855874666851,557.6674279576879
3246,54.1,10.89263677447991,25.243023255813966,6,979.778224241165,582.9104512135018
3247,54.11666666666667,13.872247203966367,24.51666666666671,5,993.6504714451314,607.4271178801685
3248,54.13333333333333,18.111317254174423,35.15581312592144,5,1011.7617886993058,642.5829310060899
3249,54.15,10.357808857808891,23.72072072072075,5,1022.1195975571147,666.3036517268106
3250,54.166666666666664,9.069800569800464,19.290788013318434,5,1031.1893981269152,685.594439740129
3251,54.18333333333333,11.814814814814895,23.451846212409578,5,1043.0042129417302,709.0462859525386
3252,54.2,7.0,12.562222650974263,5,1050.0042129417302,721.6085086035129
3253,54.21666666666667,6.311111111111245,11.437777349025737,5,1056.3153240528413,733.0462859525386
3254,54.233333333333334,6.0,12.43971631205676,5,1062.3153240528413,745.4860022645953
3255,54.25,2.4806201550386504,8.234113712374551,5,1064.79594420788,753.7201159769699
3256,54.266666666666666,2.717226435536304,8.940411700975119,5,1067.5131706434163,762.660527677945
3257,54.28333333333333,3.4833333333333485,10.375586854460039,5,1070.9965039767496,773.036114532405
3258,54.3,2.0,6.4833333333333485,5,1072.9965039767496,779.5194478657384
3259,54.31666666666667,1.3412798640465269,5.8491034344540935,4,1074.3377838407962,785.3685513001924
3260,54.333333333333336,-0.09601903659398658,6.141005553188904,4,1074.2417648042021,791.5095568533814
3261,54.35,-0.3337965720336058,3.76958093483762,4,1073.9079682321685,795.279137788219
3262,54.36666666666667,-0.24031007751938205,3.2416666666666742,4,1073.6676581546492,798.5208044548857
3263,54.38333333333333,-1.3049657341871352,4.54241340462238,4,1072.362692420462,803.0632178595081
3264,54.4,-0.07487922705314531,3.0170810592277917,4,1072.287813193409,806.0802989187359
3265,54.416666666666664,-0.18668929110106092,3.245370370370324,4,1072.1011239023078,809.3256692891063
3266,54.43333333333333,0.05000000000001137,2.0500000000000114,4,1072.1511239023077,811.3756692891063
3267,54.45,-0.14517543859648185,1.923930178519356,4,1072.0059484637113,813.2995994676257
3268,54.46666666666667,-0.5416666666666572,0.7178079242033277,4,1071.4642817970446,814.017407391829
3269,54.483333333333334,0.26290357677137877,0.3367403857628801,4,1071.727185373816,814.3541477775918
3270,54.5,0.0,0.0,4,1071.727185373816,814.3541477775918
3271,54.516666666666666,0.0,0.0,4,1071.727185373816,814.3541477775918
3272,54.53333333333333,0.0,0.0,4,1071.727185373816,814.3541477775918
3273,54.55,0.0,0.0,4,1071.727185373816,814.3541477775918
3274,54.56666666666667,0.21953509453507536,0.09757834757834871,4,1071.946720468351,814.4517261251701
3275,54.583333333333336,0.41782721716933224,0.06462462462462781,4,1072.3645476855204,814.5163507497948
3276,54.6,0.0,0.0,4,1072.3645476855204,814.5163507497948
3277,54.61666666666667,0.5070449172576446,-0.13455370263886834,4,1072.871592602778,814.3817970471559
3278,54.63333333333333,1.1559050668136877,-0.07445731538780365,4,1074.0274976695916,814.3073397317681
3279,54.65,2.172267215421158,-1.7764227642276182,4,1076.1997648850129,812.5309169675405
3280,54.666666666666664,8.057665364764006,-4.6804044594153424,4,1084.257430249777,807.8505125081251
3281,54.68333333333333,10.392334635235983,-7.5431727763569825,4,1094.649764885013,800.3073397317681
3282,54.7,12.831949934123855,-9.241666666666674,4,1107.4817148191369,791.0656730651015
3283,54.71666666666667,14.86819811013359,-10.988644509612243,4,1122.3499129292704,780.0770285554893
3284,54.733333333333334,12.773973607038101,-8.748729227761487,4,1135.1238865363084,771.3282993277278
3285,54.75,9.524033437826574,-7.305877742946677,4,1144.647919974135,764.0224215847811
3286,54.766666666666666,12.5698780672152,-9.637426900584757,4,1157.2177980413503,754.3849946841964
3287,54.78333333333333,5.551470890340681,-5.090585069230457,4,1162.769268931691,749.294409614966
3288,54.8,5.651444184230968,-4.329039812646442,3,1168.420713115922,744.9653698023195
3289,54.81666666666667,7.258747962803227,-3.8092225098264407,3,1175.6794610787251,741.1561472924931
3290,54.833333333333336,4.304093567251471,-2.4093567251461536,3,1179.9835546459767,738.7467905673469
3291,54.85,4.0,-2.0,3,1183.9835546459767,736.7467905673469
3292,54.86666666666667,2.997979797979724,-1.7777777777777715,3,1186.9815344439564,734.9690127895692
3293,54.88333333333333,2.393539548633612,-1.04348919054803,3,1189.37507399259,733.9255235990212
3294,54.9,2.338171262699575,-0.412917271407764,3,1191.7132452552896,733.5126063276134
3295,54.916666666666664,4.0,0.0,3,1195.7132452552896,733.5126063276134
3296,54.93333333333333,4.251572327044073,-0.8050314465408519,3,1199.9648175823336,732.7075748810726
3297,54.95,4.0,0.0,3,1203.9648175823336,732.7075748810726
3298,54.96666666666667,2.304093567251357,-0.4093567251462673,3,1206.268911149585,732.2982181559263
3299,54.983333333333334,0.6426881983525163,0.03696003696001071,3,1206.9115993479375,732.3351781928864
3300,55.0,0.0,0.0,3,1206.9115993479375,732.3351781928864
3301,55.016666666666666,0.0,0.0,3,1206.9115993479375,732.3351781928864
3302,55.03333333333333,-0.21795384820597974,0.0677604375083547,3,1206.6936454997315,732.4029386303947
3303,55.05,-0.23956249166326415,0.010670935040707263,3,1206.4540830080682,732.4136095654354
3304,55.06666666666667,-0.2666666666666515,0.2666666666667652,3,1206.1874163414016,732.6802762321022
3305,55.083333333333336,-0.2523809523810314,0.9428571428571217,3,1205.9350353890204,733.6231333749593
3306,55.1,0.23136123136123388,1.9473684210526585,3,1206.1663966203816,735.570501796012
3307,55.11666666666667,3.5407407407407163,3.185185185185219,3,1209.7071373611225,738.7556869811972
3308,55.13333333333333,9.92592592592598,4.401481481481369,3,1219.6330632870486,743.1571684626786
3309,55.15,22.643328548913615,6.823156028368857,4,1242.2763918359622,749.9803244910474
3310,55.166666666666664,15.916532267051764,4.731638418079058,4,1258.1929241030139,754.7119629091264
3311,55.18333333333333,24.37151162790707,5.973039944494019,4,1282.5644357309209,760.6850028536205
3312,55.2,16.741666666666674,3.9083159877093863,4,1299.3061023975874,764.5933188413298
3313,55.21666666666667,15.258333333333326,4.091684012290614,4,1314.5644357309206,768.6850028536205
3314,55.233333333333334,14.049074074074042,4.185392559412719,4,1328.6135098049947,772.8703954130333
3315,55.25,14.963154135417312,4.342665173572186,4,1343.576663940412,777.2130605866055
3316,55.266666666666666,8.52159468438549,3.712070874861638,3,1352.0982586247974,780.9251314614671
3317,55.28333333333333,6.0,2.287929125138362,3,1358.0982586247974,783.2130605866055
3318,55.3,2.749226006191975,2.0,3,1360.8474846309894,785.2130605866055
3319,55.31666666666667,2.5166666666666515,1.645224171539894,3,1363.364151297656,786.8582847581454
3320,55.333333333333336,4.814814814814895,1.51851851851859,3,1368.1789661124708,788.376803276664
3321,55.35,3.238095238095184,0.0,3,1371.417061350566,788.376803276664
3322,55.36666666666667,2.2763565891473263,0.2403100775194389,3,1373.6934179397133,788.6171133541834
3323,55.38333333333333,2.9666666666664696,0.9031339031339485,3,1376.6600846063798,789.5202472573174
3324,55.4,1.238095238095184,0.5642857142856883,3,1377.898179844475,790.084532971603
3325,55.416666666666664,1.4367575122291782,0.676450034940558,3,1379.3349373567041,790.7609830065436
3326,55.43333333333333,0.6510721247564106,0.9278752436647437,3,1379.9860094814605,791.6888582502083
3327,55.45,0.16374269005848419,0.4870129870130313,3,1380.1497521715191,792.1758712372214
3328,55.46666666666667,0.0,0.0,3,1380.1497521715191,792.1758712372214
3329,55.483333333333334,0.7638888888888005,0.0,3,1380.9136410604078,792.1758712372214
3330,55.5,0.2403100775194389,0.2403100775194389,3,1381.1539511379274,792.4161813147408
3331,55.516666666666666,0.0,0.0,3,1381.1539511379274,792.4161813147408
3332,55.53333333333333,0.0,0.0,3,1381.1539511379274,792.4161813147408
3333,55.55,-0.05263157894728465,0.5080330004342386,3,1381.10131955898,792.924214315175
3334,55.56666666666667,-1.1854636591478993,0.7067669172932938,3,1379.9158558998322,793.6309812324683
3335,55.583333333333336,-4.850000000000023,-0.10000000000002274,3,1375.065855899832,793.5309812324683
3336,55.6,-7.149999999999977,-1.7236434108526737,3,1367.915855899832,791.8073378216156
3337,55.61666666666667,-14.850000000000023,-4.100000000000023,3,1353.065855899832,787.7073378216156
3338,55.63333333333333,-29.52168893287154,-8.269915883226133,4,1323.5441669669606,779.4374219383894
3339,55.65,-22.861821705426223,-5.980515399120009,4,1300.6823452615345,773.4569065392694
3340,55.666666666666664,-22.0,-6.0,4,1278.6823452615345,767.4569065392694
3341,55.68333333333333,-21.358156028368796,-5.869619000494822,4,1257.3241892331657,761.5872875387746
3342,55.7,-19.513385011776847,-5.77209668327302,4,1237.810804221389,755.8151908555016
3343,55.71666666666667,-12.684615384615427,-4.558558558558616,3,1225.1261888367735,751.2566322969429
3344,55.733333333333334,-10.533333333333303,-4.720720720720635,3,1214.5928555034402,746.5359115762224
3345,55.75,-4.0,-2.0,3,1210.5928555034402,744.5359115762224
3346,55.766666666666666,-0.9473684210526017,-1.0,3,1209.6454870823877,743.5359115762224
3347,55.78333333333333,-1.0553697510219422,-0.543292456335962,3,1208.5901173313657,742.9926191198864
3348,55.8,-0.07407407407401934,-0.3862696443341065,3,1208.5160432572916,742.6063494755523
3349,55.81666666666667,0.0,0.0,3,1208.5160432572916,742.6063494755523
3350,55.833333333333336,0.07754969045288362,-0.22598870056503984,3,1208.5935929477446,742.3803607749873
3351,55.85,-0.7070707070706703,-0.5656565656565817,3,1207.886522240674,741.8147042093307
3352,55.86666666666667,-1.3660413660413724,-0.8350168350168587,3,1206.5204808746325,740.9796873743138
3353,55.88333333333333,-1.82250174703006,-1.380153738644367,3,1204.6979791276026,739.5995336356694
3354,55.9,-1.6937491977922718,-0.6520039100684016,3,1203.0042299298102,738.947529725601
3355,55.916666666666664,-0.7204301075268518,-0.8781694495979764,3,1202.2837998222833,738.0693602760031
3356,55.93333333333333,-1.460372960372979,-1.3939393939393767,3,1200.8234268619103,736.6754208820637
3357,55.95,-1.8500388500388567,-1.4881118881119164,3,1198.9733880118715,735.1873089939518
3358,55.96666666666667,-2.466666666666697,-1.5959595959595845,3,1196.5067213452048,733.5913493979922
3359,55.983333333333334,-2.9426900584795703,-0.802810715854207,3,1193.5640312867254,732.788538682138
3360,56.0,-2.417518016947838,-0.9824561403509051,3,1191.1465132697776,731.8060825417871
3361,56.016666666666666,-0.4618779653536649,0.013682003751569027,3,1190.6846353044239,731.8197645455386
3362,56.03333333333333,0.0,0.0,3,1190.6846353044239,731.8197645455386
3363,56.05,0.5166666666666515,1.1334237901402275,3,1191.2013019710905,732.9531883356789
3364,56.06666666666667,1.9945697577276178,1.0606060606060055,3,1193.195871728818,734.0137943962849
3365,56.083333333333336,7.695906432748643,4.409356725146267,3,1200.8917781615667,738.4231511214311
3366,56.1,10.25157232704396,4.720720720720635,3,1211.1433504886106,743.1438718421518
3367,56.11666666666667,9.522438972391,3.5015015015015365,3,1220.6657894610016,746.6453733436533
3368,56.13333333333333,8.22598870056504,2.0233918128654977,3,1228.8917781615667,748.6687651565188
3369,56.15,3.4353715830795295,0.6219132059539731,4,1232.3271497446462,749.2906783624728
3370,56.166666666666664,0.34156287182599954,0.17624486748783852,4,1232.6687126164722,749.4669232299607
3371,56.18333333333333,-0.12482269503544785,-0.10992907801414731,4,1232.5438899214369,749.3569941519465
3372,56.2,-1.2150943396227376,0.1949685534590344,3,1231.3287955818141,749.5519627054056
3373,56.21666666666667,0.0,0.0,3,1231.3287955818141,749.5519627054056
3374,56.233333333333334,6.18979518184662,3.456728059397676,4,1237.5185907636608,753.0086907648033
3375,56.25,11.0,5.916666666666686,4,1248.5185907636608,758.92535743147
3376,56.266666666666666,16.374822695035505,6.9153439153439535,4,1264.8934134586962,765.8407013468141
3377,56.28333333333333,23.73946233467501,6.9530771372876075,4,1288.632875793371,772.7937784841017
3378,56.3,18.75939640778836,3.9093567251462673,4,1307.3922722011594,776.703135209248
3379,56.31666666666667,16.742807924203305,3.3794142980189577,4,1324.1350801253627,780.082549507267
3380,56.333333333333336,17.120155038759663,4.49432170542633,4,1341.2552351641225,784.5768712126933
3381,56.35,10.240310077519325,3.9583333333333712,3,1351.4955452416418,788.5352045460266
3382,56.36666666666667,7.251572327043959,3.759689922480675,3,1358.7471175686858,792.2948944685073
3383,56.38333333333333,6.047415836889513,3.8050314465409656,3,1364.7945334055753,796.0999259150483
3384,56.4,3.0,2.0,3,1367.7945334055753,798.0999259150483
3385,56.416666666666664,1.72364341085256,1.1851851851852189,3,1369.518176816428,799.2851111002335
3386,56.43333333333333,1.2403100775193252,1.2814814814813644,3,1370.7584868939473,800.5665925817149
3387,56.45,0.5215946843854908,-0.1926910299002884,3,1371.2800815783328,800.3739015518146
3388,56.46666666666667,1.238095238095184,0.263532763532794,3,1372.518176816428,800.6374343153474
3389,56.483333333333334,1.7596899224806748,0.23483057525618278,3,1374.2778667389086,800.8722648906036
3390,56.5,0.2763565891472126,-0.2403100775193252,3,1374.5542233280557,800.6319548130842
3391,56.516666666666666,0.0,0.0,3,1374.5542233280557,800.6319548130842
3392,56.53333333333333,0.0,0.0,3,1374.5542233280557,800.6319548130842
3393,56.55,0.0,0.0,3,1374.5542233280557,800.6319548130842
3394,56.56666666666667,0.0,-0.5166666666666515,3,1374.5542233280557,800.1152881464176
3395,56.583333333333336,-0.219858156028522,-1.1449007275866734,3,1374.3343651720272,798.9703874188309
3396,56.6,0.219858156028522,-0.7596899224805611,3,1374.5542233280557,798.2106974963503
3397,56.61666666666667,0.0,-0.3956747213946983,3,1374.5542233280557,797.8150227749557
3398,56.63333333333333,-0.06224601050655565,-0.18336802458122747,3,1374.4919773175493,797.6316547503744
3399,56.65,0.0,0.0,4,1374.4919773175493,797.6316547503744
3400,56.666666666666664,0.0,0.0,4,1374.4919773175493,797.6316547503744
3401,56.68333333333333,0.0,0.0,4,1374.4919773175493,797.6316547503744
3402,56.7,-0.3784883720929315,0.0,4,1374.1134889454563,797.6316547503744
3403,56.71666666666667,-3.501356589147406,-1.787252368647728,4,1370.6121323563088,795.8444023817267
3404,56.733333333333334,-8.987257435273762,-3.7844796574960924,4,1361.6248749210351,792.0599227242305
3405,56.75,-14.29572080404489,-5.343303220738392,4,1347.3291541169901,786.7166195034922
3406,56.766666666666666,-31.874213836477963,-9.660849056603752,4,1315.4549402805121,777.0557704468885
3407,56.78333333333333,-29.944397463002133,-7.478017462763205,4,1285.51054281751,769.5777529841253
3408,56.8,-26.89263677447974,-6.9090854346573,4,1258.6179060430302,762.668667549468
3409,56.81666666666667,-29.638498594941893,-6.797884805237629,4,1228.9794074480883,755.8707827442304
3410,56.833333333333336,-16.024889602569374,-4.414826709487443,3,1212.954517845519,751.4559560347429
3411,56.85,-18.15330188679218,-6.512316561844955,3,1194.8012159587267,744.943639472898
3412,56.86666666666667,-8.25157232704396,-3.1949685534590344,3,1186.5496436316828,741.748670919439
3413,56.88333333333333,-3.978028090668886,-2.741204283131651,3,1182.571615541014,739.0074666363073
3414,56.9,-0.6840069361078349,-1.338164251207786,3,1181.887608604906,737.6693023850995
3415,56.916666666666664,-0.21795384820597974,-0.5968660968661652,3,1181.6696547567,737.0724362882333
3416,56.93333333333333,0.3653457653457508,-0.7017973856208073,3,1182.0350005220457,736.3706389026125
3417,56.95,-0.2510683760683605,-0.10891523935003988,3,1181.7839321459774,736.2617236632625
3418,56.96666666666667,0.0,0.0,3,1181.7839321459774,736.2617236632625
3419,56.983333333333334,0.0,0.0,3,1181.7839321459774,736.2617236632625
3420,57.0,-0.07868155236587882,-0.1394842484860419,3,1181.7052505936115,736.1222394147765
3421,57.016666666666666,0.38971642943829465,0.030894847180775287,3,1182.0949670230498,736.1531342619572
3422,57.03333333333333,0.22859216255460524,-0.4402515723269289,3,1182.3235591856044,735.7128826896303
3423,57.05,1.2142857142856656,-0.5476190476191505,3,1183.53784489989,735.1652636420112
3424,57.06666666666667,0.39907255864682156,-0.25697865353038196,3,1183.9369174585368,734.9082849884808
3425,57.083333333333336,0.0,-0.19540229885046756,3,1183.9369174585368,734.7128826896303
3426,57.1,0.0,0.0,3,1183.9369174585368,734.7128826896303
3427,57.11666666666667,0.0,0.0,3,1183.9369174585368,734.7128826896303
3428,57.13333333333333,0.0,0.0,3,1183.9369174585368,734.7128826896303
3429,57.15,0.0,0.0,4,1183.9369174585368,734.7128826896303
3430,57.166666666666664,-1.728248587570647,-1.115493214435162,4,1182.208668870966,733.5973894751951
3431,57.18333333333333,-6.075957313245453,-5.527746390458162,4,1176.1327115577205,728.069643084737
3432,57.2,-9.692307692307736,-7.956330576048856,4,1166.440403865413,720.1133125086881
3433,57.21666666666667,-14.272236722484479,-13.369307832422578,5,1152.1681671429285,706.7440046762655
3434,57.233333333333334,-30.066666666666663,-24.816427511133156,5,1122.101500476262,681.9275771651323
3435,57.25,-28.707127882599536,-23.491611269389068,5,1093.3943725936624,658.4359658957433
3436,57.266666666666666,-30.20128433435866,-24.997785160575745,5,1063.1930882593037,633.4381807351675
3437,57.28333333333333,-35.08972732248591,-33.23691945914169,6,1028.1033609368178,600.2012612760259
3438,57.3,-25.384770965468647,-25.599934837373155,6,1002.7185899713492,574.6013264386527
3439,57.31666666666667,-27.216949507647257,-28.787284009231655,6,975.501640463702,545.8140424294211
3440,57.333333333333336,-17.366682816537406,-18.24164439520615,6,958.1349576471646,527.572398034215
3441,57.35,-16.91794768069036,-14.200364029909451,5,941.2170099664743,513.3720340043055
3442,57.36666666666667,-12.271536446293737,-10.923814952028124,5,928.9454735201805,502.4482190522774
3443,57.38333333333333,-8.741136329921375,-8.814814814814781,5,920.2043371902591,493.6334042374626
3444,57.4,-2.5763239875389274,-3.4515599343185386,5,917.6280132027202,490.1818443031441
3445,57.416666666666664,-0.054215918045770195,-1.5528750286031823,5,917.5737972846745,488.6289692745409
3446,57.43333333333333,0.6399999999999864,-0.4425833333332889,5,918.2137972846745,488.1863859412076
3447,57.45,0.9943654229368803,0.00705645161292523,5,919.2081627076113,488.19344239282054
3448,57.46666666666667,0.9114631238289803,-0.0425341853913892,5,920.1196258314403,488.15090820742915
3449,57.483333333333334,2.1741816793363,-0.4438940624793304,5,922.2938075107766,487.7070141449498
3450,57.5,2.6539769754055555,-0.2403100775194389,5,924.9477844861822,487.4667040674304
3451,57.516666666666666,6.787472497249723,-0.7596899224805611,5,931.7352569834319,486.7070141449498
3452,57.53333333333333,3.2528052805280367,-0.8148148148147811,5,934.9880622639599,485.89219933013504
3453,57.55,2.348201136124487,-0.8508844979433547,5,937.3362634000844,485.0413148321917
3454,57.56666666666667,2.0,0.0,5,939.3362634000844,485.0413148321917
3455,57.583333333333336,2.8170294005345795,0.21113944302783239,5,942.1532928006189,485.2524542752195
3456,57.6,4.121637426900577,1.4982685648326424,5,946.2749302275195,486.75072284005216
3457,57.61666666666667,3.8289141414141454,0.4469696969696315,5,950.1038443689336,487.1976925370218
3458,57.63333333333333,3.4121863799283005,-0.05263157894739834,5,953.5160307488618,487.1450609580744
3459,57.65,2.391549987718008,-0.10638297872333169,5,955.9075807365798,487.03867797935106
3460,57.666666666666664,1.0,-0.13724788160880053,5,956.9075807365798,486.90143009774226
3461,57.68333333333333,1.0,0.0,5,957.9075807365798,486.90143009774226
3462,57.7,0.2179487179487296,-0.020512820512863073,5,958.1255294545285,486.8809172772294
3463,57.71666666666667,0.32463768115940184,0.35437710437713577,5,958.4501671356879,487.23529438160654
3464,57.733333333333334,0.8381578947368098,0.0,5,959.2883250304247,487.23529438160654
3465,57.75,0.0,0.0,6,959.2883250304247,487.23529438160654
3466,57.766666666666666,-0.04444444444445139,0.0,6,959.2438805859803,487.23529438160654
3467,57.78333333333333,0.3598491455634161,-0.9111111111111256,6,959.6037297315437,486.3241832704954
3468,57.8,1.3412434741337051,-3.3210334638906147,6,960.9449732056773,483.00314980660477
3469,57.81666666666667,2.333180388479974,-6.767084670827529,6,963.2781535941573,476.23606513577727
3470,57.833333333333336,4.87954545454545,-13.080808080808026,6,968.1576990487027,463.15525705496924
3471,57.85,9.249999999999943,-21.724183006535952,6,977.4076990487026,441.4310740484333
3472,57.86666666666667,10.942307729623195,-23.095739829826073,6,988.3500067783258,418.3353342186072
3473,57.88333333333333,16.62935571331687,-34.00267379679144,6,1004.9793624916426,384.3326604218158
3474,57.9,9.125177304964495,-26.0,6,1014.1045397966071,358.3326604218158
3475,57.916666666666664,11.138178294573663,-34.39527329749106,6,1025.242718091181,323.9373871243247
3476,57.93333333333333,5.976981808097179,-23.495606717828963,6,1031.219699899278,300.4417804064957
3477,57.95,4.668168168168108,-20.148131050001325,6,1035.887868067446,280.29364935649437
3478,57.96666666666667,5.1269697882164,-20.720720720720692,5,1041.0148378556626,259.5729286357737
3479,57.983333333333334,2.2792792792791943,-12.0,5,1043.2941171349416,247.57292863577368
3480,58.0,0.6021505376343157,-8.0,5,1043.896267672576,239.57292863577368
3481,58.016666666666666,-0.7722585330428444,-8.27344468651657,4,1043.1240091395332,231.2994839492571
3482,58.03333333333333,-2.5274746042995275,-3.612662414363342,3,1040.5965345352338,227.68682153489377
3483,58.05,-3.335952505674925,-2.527064780862588,3,1037.260582029559,225.15975675403118
3484,58.06666666666667,-5.311510911211087,-2.240310077519325,3,1031.9490711183478,222.91944667651185
3485,58.083333333333336,-4.091954022988489,-1.4176245210728098,3,1027.8571170953592,221.50182215543904
3486,58.1,-1.6900793650793844,-0.7214285714285325,3,1026.1670377302798,220.7803935840105
3487,58.11666666666667,-1.9047619047619264,-1.8626185353414257,3,1024.262275825518,218.91777504866909
3488,58.13333333333333,-1.1780929866037013,-2.221276595744655,3,1023.0841828389142,216.69649845292443
3489,58.15,-2.5925925925924957,-1.9333333333333371,3,1020.4915902463217,214.7631651195911
3490,58.166666666666664,-3.8250591016548583,-2.0,3,1016.6665311446668,212.7631651195911
3491,58.18333333333333,-5.063829787234056,-2.117247682465063,3,1011.6027013574328,210.64591743712603
3492,58.2,-2.7041198501873396,-1.4833333333334053,3,1008.8985815072455,209.16258410379263
3493,58.21666666666667,-2.2276983316308474,-1.0827374872318956,3,1006.6708831756146,208.07984661656073
3494,58.233333333333334,-0.6551372801372963,-0.7823895323895442,3,1006.0157458954773,207.29745708417119
3495,58.25,0.020451921490916902,-0.3074756172101445,3,1006.0361978169682,206.98998146696104
3496,58.266666666666666,-1.6085768676681624,-0.9447927199190929,4,1004.4276209493,206.04518874704195
3497,58.28333333333333,-1.5678350431525985,-0.7991993257479919,4,1002.8597859061474,205.24598942129396
3498,58.3,-0.8284723882381684,-0.23311861893350283,4,1002.0313135179092,205.01287080236045
3499,58.31666666666667,-1.2385137218624607,0.031221091581869587,4,1000.7927997960468,205.04409189394232
3500,58.333333333333336,0.0,0.0,4,1000.7927997960468,205.04409189394232
3501,58.35,-0.18798531101955973,0.03101812577060059,4,1000.6048144850272,205.07511001971292
3502,58.36666666666667,0.1418563986952961,0.39493757958803144,4,1000.7466708837225,205.47004759930095
3503,58.38333333333333,0.10024547106615955,0.2683441741192212,4,1000.8469163547886,205.73839177342018
3504,58.4,0.20298350607592397,0.047181684884890274,5,1001.0498998608646,205.78557345830507
3505,58.416666666666664,1.4804106432013668,0.15072463768115085,5,1002.5303105040659,205.93629809598622
3506,58.43333333333333,2.7282196969696884,0.8198447550717276,4,1005.2585302010357,206.75614285105794
3507,58.45,3.1239303885291747,0.22653801748307956,4,1008.3824605895649,206.98268086854102
3508,58.46666666666667,4.4613826842256685,-0.1201550387596626,4,1012.8438432737905,206.86252582978136
3509,58.483333333333334,6.140529125826788,0.0,4,1018.9843723996173,206.86252582978136
3510,58.5,5.082668439716315,-0.009086879432601336,4,1024.0670408393337,206.85343895034876
3511,58.516666666666666,4.138232686691708,-0.14170469331281765,4,1028.2052735260254,206.71173425703594
3512,58.53333333333333,1.891658013153375,-0.30828381857793374,4,1030.0969315391787,206.403450438458
3513,58.55,-0.02272727272728048,-0.14417907965878385,4,1030.0742042664515,206.25927135879923
3514,58.56666666666667,0.14488111965175676,-0.03489108409320352,4,1030.2190853861032,206.22438027470602
3515,58.583333333333336,1.4469696969696884,0.045454545454532536,4,1031.666055083073,206.26983482016055
3516,58.6,2.0595238095238244,-0.7911572286572124,4,1033.7255788925968,205.47867759150336
3517,58.61666666666667,2.248709122203053,-0.872382386689651,4,1035.9742880147999,204.6062952048137
3518,58.63333333333333,2.368694012258345,-0.8280528052805209,4,1038.3429820270583,203.77824239953318
3519,58.65,0.9761904761904816,-0.4747748966126011,4,1039.3191725032489,203.30346750292057
3520,58.666666666666664,1.1604361370716276,-0.36635949720061944,4,1040.4796086403205,202.93710800571995
3521,58.68333333333333,0.9773660331151746,-0.20916777926122165,4,1041.4569746734358,202.7279402264587
3522,58.7,1.1408163265306257,-0.7668759811616752,4,1042.5977909999665,201.96106424529705
3523,58.71666666666667,0.3912424740010749,-0.4941306755260513,4,1042.9890334739675,201.46693356977102
3524,58.733333333333334,1.1057377815157565,-0.23465131714782217,4,1044.0947712554832,201.23228225262318
3525,58.75,0.13817829457372,0.0,4,1044.232949550057,201.23228225262318
3526,58.766666666666666,0.8734042553190875,0.23325064924476635,4,1045.1063538053759,201.46553290186796
3527,58.78333333333333,1.9933112118817746,1.4919773670445124,4,1047.0996650172576,202.95751026891247
3528,58.8,2.729847494553354,1.3974803447949,4,1049.829512511811,204.35499061370737
3529,58.81666666666667,4.891829738235032,2.274442906959223,4,1054.7213422500458,206.6294335206666
3530,58.833333333333336,4.120469449168013,1.9558574002645344,4,1058.8418116992138,208.58529092093113
3531,58.85,4.790526174039968,2.765653495440745,4,1063.6323378732538,211.35094441637187
3532,58.86666666666667,9.516856319557775,5.099874437114067,4,1073.1491941928116,216.45081885348594
3533,58.88333333333333,12.291967886815087,6.481405142689908,4,1085.4411620796268,222.93222399617585
3534,58.9,15.301666206388632,8.421246432845436,4,1100.7428282860155,231.35347042902129
3535,58.916666666666664,17.284080981138942,9.035206288161021,4,1118.0269092671545,240.3886767171823
3536,58.93333333333333,18.69038891782887,11.989793944735709,4,1136.7172981849833,252.37847066191802
3537,58.95,12.519557597088124,8.932941862402174,4,1149.2368557820714,261.3114125243202
3538,58.96666666666667,13.355973528387267,8.90491118077324,5,1162.5928293104587,270.21632370509343
3539,58.983333333333334,14.89898989898984,11.503546099290816,5,1177.4918192094485,281.71986980438425
3540,59.0,11.825208607817387,8.308080808080831,4,1189.3170278172659,290.0279506124651
3541,59.016666666666666,8.627280064568197,5.969696969696969,4,1197.944307881834,295.997647582162
3542,59.03333333333333,8.012205011759022,5.792302040693897,4,1205.956512893593,301.78994962285594
3543,59.05,3.4892787524366327,3.828135152696575,4,1209.4457916460296,305.6180847755525
3544,59.06666666666667,1.5907506600191823,2.3149907030503982,4,1211.036542306049,307.9330754786029
3545,59.083333333333336,1.0640068886337701,3.009899527186718,4,1212.1005491946826,310.94297500578966
3546,59.1,0.41059078190176024,0.7645887769068054,4,1212.5111399765842,311.70756378269647
3547,59.11666666666667,0.8321376036196284,0.6887746445416951,4,1213.343277580204,312.39633842723816
3548,59.13333333333333,0.8372712393988877,0.24316696375524316,4,1214.1805488196028,312.6395053909934
3549,59.15,0.4601145217309863,0.19646265527707385,4,1214.6406633413337,312.83596804627047
3550,59.166666666666664,0.3068942372434549,-0.2839204743634838,4,1214.9475575785773,312.552047571907
3551,59.18333333333333,1.1689799214830146,-1.3933495929741468,4,1216.1165375000603,311.1586979789329
3552,59.2,1.0168118045476149,-1.710064404934684,4,1217.133349304608,309.4486335739982
3553,59.21666666666667,1.0,-1.7055460263007376,4,1218.133349304608,307.7430875476975
3554,59.233333333333334,0.7239167995746811,-0.6103468899521829,4,1218.8572661041826,307.13274065774533
3555,59.25,0.19864341085258275,-1.2867971091133654,5,1219.0559095150352,305.84594354863196
3556,59.266666666666666,0.0,0.0,5,1219.0559095150352,305.84594354863196
3557,59.28333333333333,-0.2403100775193252,1.181286549707579,5,1218.8155994375159,307.02723009833954
3558,59.3,-3.484848484848385,4.398009950248735,5,1215.3307509526676,311.4252400485883
3559,59.31666666666667,-8.55566589429543,9.135265700483046,5,1206.775085058372,320.56050574907135
3560,59.333333333333336,-8.910192147034195,7.979548078509026,5,1197.8648929113378,328.5400538275804
3561,59.35,-29.252723311546788,25.547619047619094,5,1168.612169599791,354.0876728751995
3562,59.36666666666667,-18.026737967914414,14.696318507412911,5,1150.5854316318766,368.7839913826124
3563,59.38333333333333,-37.76723759332464,31.84065181339679,5,1112.818194038552,400.6246431960092
3564,59.4,-22.473429951690775,18.24031007751944,5,1090.3447640868612,418.8649532735286
3565,59.416666666666664,-12.080288494250567,10.995002271694716,5,1078.2644755926108,429.85995554522333
3566,59.43333333333333,-15.769953051643142,14.597267404033857,5,1062.4945225409676,444.4572229492572
3567,59.45,-15.07894736842104,16.11207087486156,5,1047.4155751725466,460.56929382411874
3568,59.46666666666667,-6.4368270425243,6.603800863533962,6,1040.9787481300223,467.1730946876527
3569,59.483333333333334,-3.251141552511399,5.634703196347061,5,1037.7276065775109,472.80779788399974
3570,59.5,-1.9744163735209668,2.828571428571422,5,1035.75319020399,475.63636931257116
3571,59.516666666666666,-0.658888888888896,0.9689798528941083,5,1035.0943013151011,476.60534916546527
3572,59.53333333333333,-1.9875075075075301,1.2259887005650398,5,1033.1067938075935,477.8313378660303
3573,59.55,-1.0347932342916124,0.18663579651422424,5,1032.072000573302,478.01797366254453
3574,59.56666666666667,-0.6668584028377609,0.19077749017355927,5,1031.4051421704642,478.2087511527181
3575,59.583333333333336,-1.7916666666666288,0.9626497533474208,5,1029.6134755037974,479.1714009060655
3576,59.6,-2.0833333333333144,0.5350877192983035,5,1027.5301421704642,479.7064886253638
3577,59.61666666666667,-2.0,0.870370370370324,5,1025.5301421704642,480.57685899573414
3578,59.63333333333333,-4.771294177472669,1.3982665529980238,5,1020.7588479929915,481.9751255487322
3579,59.65,-7.133001422475104,2.6493987049029215,5,1013.6258465705164,484.6245242536351
3580,59.666666666666664,-2.7982456140350678,2.2191417723331597,5,1010.8276009564813,486.8436660259683
3581,59.68333333333333,-0.5410092395167112,1.4301350390902883,5,1010.2865917169646,488.2738010650586
3582,59.7,-0.6618713450292262,0.5555555555555429,5,1009.6247203719354,488.82935662061413
3583,59.71666666666667,-0.7941970310391184,0.7444253859347896,5,1008.8305233408962,489.5737820065489
3584,59.733333333333334,-0.412418906394862,0.3141546800084143,5,1008.4181044345014,489.88793668655734
3585,59.75,0.0,0.0,5,1008.4181044345014,489.88793668655734
3586,59.766666666666666,0.0,0.04541623283256513,6,1008.4181044345014,489.9333529193899
3587,59.78333333333333,-0.028571428571410706,0.06495983935741378,6,1008.3895330059299,489.9983127587473
3588,59.8,4.285083877475131,1.1560559474287118,6,1012.6746168834051,491.154368706176
3589,59.81666666666667,8.548402081010778,0.7754352806414886,6,1021.2230189644158,491.9298039868175
3590,59.833333333333336,19.32826458565586,1.027929901423846,6,1040.5512835500717,492.95773388824136
3591,59.85,35.45449261523456,2.070422039033332,6,1076.0057761653063,495.0281559272747
3592,59.86666666666667,55.36074502961384,-0.7046783625730768,6,1131.36652119492,494.32347756470165
3593,59.88333333333333,50.77554555560636,-1.1127699530516395,6,1182.1420667505265,493.21070761165004
3594,59.9,48.256199585592924,-0.6514893617021187,6,1230.3982663361194,492.5592182499479
3595,59.916666666666664,50.81460744058734,-2.424040941328201,6,1281.2128737767066,490.1351773086197
3596,59.93333333333333,79.24617394550205,-3.622807017543863,6,1360.4590477222087,486.51237029107585
3597,59.95,29.35087719298241,-0.7556813545491536,6,1389.809924915191,485.7566889365267
3598,59.96666666666667,51.62129629629624,-1.3539190353143482,6,1441.4312212114874,484.40276990121237
3599,59.983333333333334,23.80756335282649,-0.04324180639972042,6,1465.2387845643138,484.3595280948126
3600,60.0,10.452280701754376,0.0,6,1475.691065266068,484.3595280948126
3601,60.016666666666666,13.328372376244715,-0.07012227538540117,6,1489.0194376423128,484.2894058194272
3602,60.03333333333333,2.755802707930343,-0.30808080808081684,6,1491.7752403502432,483.98132501134637
3603,60.05,0.732954545454561,-0.24760101010099334,6,1492.5081948956977,483.7337240012454
3604,60.06666666666667,1.861780929866086,-0.6677698975571218,6,1494.3699758255639,483.0659541036882
3605,60.083333333333336,2.005411255411218,-0.5250000000000625,6,1496.375387080975,482.54095410368814
3606,60.1,2.540404040403928,-0.11111111111111427,6,1498.915791121379,482.42984299257705
3607,60.11666666666667,9.081941867656155,-0.3353603603604256,6,1507.9977329890353,482.0944826322166
3608,60.13333333333333,7.8694789013938475,0.12226512226510522,6,1515.8672118904292,482.21674775448173
3609,60.15,6.144651300236376,0.322423705136444,6,1522.0118631906655,482.53917145961816
3610,60.166666666666664,7.824489795918453,0.0,5,1529.836352986584,482.53917145961816
3611,60.18333333333333,9.0,0.7083333333333144,5,1538.836352986584,483.2475047929515
3612,60.2,2.1533018867921783,0.27092198581556204,5,1540.9896548733761,483.51842677876704
3613,60.21666666666667,1.4444444444445708,0.720720720720692,5,1542.4340993178207,484.23914749948773
3614,60.233333333333334,0.7566137566136604,-0.22645502645508486,5,1543.1907130744344,484.01269247303264
3615,60.25,0.9671798543979548,0.17222222222221717,5,1544.1578929288323,484.18491469525486
3616,60.266666666666666,1.4964539007091844,0.0,5,1545.6543468295415,484.18491469525486
3617,60.28333333333333,2.229472025216637,0.0,5,1547.8838188547581,484.18491469525486
3618,60.3,1.4534821903241664,0.16586921850080216,5,1549.3373010450823,484.35078391375566
3619,60.31666666666667,2.7163120567377064,0.052631578947341495,5,1552.05361310182,484.403415492703
3620,60.333333333333336,1.5087719298246611,-0.10526315789468299,5,1553.5623850316447,484.2981523348083
3621,60.35,0.31836091410559675,0.02206461780929203,5,1553.8807459457503,484.3202169526176
3622,60.36666666666667,1.2792792792791943,-0.22222222222222854,5,1555.1600252250296,484.0979947303954
3623,60.38333333333333,1.0080399826163102,0.22222222222222854,5,1556.168065207646,484.3202169526176
3624,60.4,0.41291727140765033,-0.25157232704407306,5,1556.5809824790535,484.06864462557354
3625,60.416666666666664,0.5673758865245873,0.0,5,1557.1483583655781,484.06864462557354
3626,60.43333333333333,0.20118685772195022,0.06136922854250315,5,1557.3495452233,484.13001385411604
3627,60.45,0.0,0.0,6,1557.3495452233,484.13001385411604
3628,60.46666666666667,0.0,0.0,6,1557.3495452233,484.13001385411604
3629,60.483333333333334,0.0,0.0,6,1557.3495452233,484.13001385411604
3630,60.5,1.3861219909391025,1.3688063063062827,6,1558.7356672142391,485.4988201604223
3631,60.516666666666666,3.4083734897688487,1.9474815724815784,6,1562.144040704008,487.4463017329039
3632,60.53333333333333,6.831774376417229,3.8023989898989896,6,1568.975815080425,491.24870072280294
3633,60.55,6.339682539682485,4.0,6,1575.3154976201076,495.24870072280294
3634,60.56666666666667,6.536550836550873,4.122265122265105,6,1581.8520484566584,499.37096584506804
3635,60.583333333333336,4.09602293166364,3.1452707644020137,6,1585.948071388322,502.51623660947007
3636,60.6,9.260269360269376,6.716451335055979,6,1595.2083407485914,509.23268794452605
3637,60.61666666666667,5.1360544217686765,3.4627551020408305,6,1600.34439517036,512.6954430465669
3638,60.63333333333333,3.3398692810458215,2.5166666666665947,5,1603.6842644514059,515.2121097132335
3639,60.65,6.0,4.518518518518476,5,1609.6842644514059,519.730628231752
3640,60.666666666666664,2.6273620559334177,1.658823529411734,5,1612.3116265073393,521.3894517611637
3641,60.68333333333333,1.0,1.0522506875090585,5,1613.3116265073393,522.4417024486728
3642,60.7,1.8148148148150085,1.5297973503207913,5,1615.1264413221543,523.9714997989936
3643,60.71666666666667,0.6476190476191732,0.40123713243781367,5,1615.7740603697735,524.3727369314314
3644,60.733333333333334,1.574504737295456,0.6183534249136073,5,1617.348565107069,524.991090356345
3645,60.75,3.098502758077302,0.7207207207207489,5,1620.4470678651462,525.7118110770657
3646,60.766666666666666,2.1851851851849915,0.4814814814815236,5,1622.6322530503312,526.1932925585472
3647,60.78333333333333,1.9928571428572468,0.2380952380952408,5,1624.6251101931884,526.4313877966424
3648,60.8,2.274074074073951,0.5185185185185048,5,1626.8991842672624,526.9499063151609
3649,60.81666666666667,0.29166666666674246,-0.019444444444445708,5,1627.1908509339291,526.9304618707165
3650,60.833333333333336,0.1781296387925977,0.0,5,1627.3689805727217,526.9304618707165
3651,60.85,0.0,0.0,5,1627.3689805727217,526.9304618707165
3652,60.86666666666667,-0.2046153846154084,0.0,6,1627.1643651881063,526.9304618707165
3653,60.88333333333333,-0.46361111111104947,0.21996859349798115,6,1626.7007540769953,527.1504304642144
3654,60.9,-0.9975968152258474,0.42676085176086076,6,1625.7031572617693,527.5771913159753
3655,60.916666666666664,-3.0,1.3234984984985374,6,1622.7031572617693,528.9006898144738
3656,60.93333333333333,-10.240310077519325,6.139639639639597,6,1612.46284718425,535.0403294541134
3657,60.95,-4.240310077519268,3.5349999999999966,6,1608.2225371067307,538.5753294541133
3658,60.96666666666667,-9.490865173473821,6.682243335224058,6,1598.7316719332568,545.2575727893374
3659,60.983333333333334,-17.290414066931362,12.981976744186056,6,1581.4412578663255,558.2395495335234
3660,61.0,-9.375460574797444,6.758333333333354,6,1572.065797291528,564.9978828668567
3661,61.016666666666666,-12.042592592592541,9.143429143429188,6,1560.0232046989354,574.1413120102859
3662,61.03333333333333,-7.94027520895861,5.404596585913055,6,1552.0829294899768,579.545908596199
3663,61.05,-7.9791395045633635,5.489848652639353,5,1544.1037899854134,585.0357572488383
3664,61.06666666666667,-7.950856425432676,4.419513944937648,5,1536.1529335599807,589.455271193776
3665,61.083333333333336,-5.4833333333333485,2.2635882635883036,5,1530.6696002266474,591.7188594573643
3666,61.1,-2.5166666666666515,1.090909090909122,5,1528.1529335599807,592.8097685482734
3667,61.11666666666667,-2.759689922480675,1.0,5,1525.3932436375,593.8097685482734
3668,61.13333333333333,-0.2403100775193252,0.2751322751323073,5,1525.1529335599807,594.0849008234056
3669,61.15,0.0,0.966666666666697,5,1525.1529335599807,595.0515674900723
3670,61.166666666666664,0.026315789473642326,1.1521929824561425,4,1525.1792493494545,596.2037604725285
3671,61.18333333333333,0.3053402239447678,1.7242555678601548,4,1525.4845895733993,597.9280160403887
3672,61.2,0.7272284996861345,1.4363264427218212,4,1526.2118180730854,599.3643424831105
3673,61.21666666666667,2.4004369818322857,4.026353228749741,4,1528.6122550549176,603.3906957118602
3674,61.233333333333334,2.5651459312915676,2.3044848126815225,4,1531.1774009862092,605.6951805245417
3675,61.25,1.030566534914442,1.3364075537989208,4,1532.2079675211237,607.0315880783406
3676,61.266666666666666,4.423185842975954,3.4869285430332297,4,1536.6311533640996,610.5185166213739
3677,61.28333333333333,0.2714382940107498,0.7135868477453187,4,1536.9025916581104,611.2321034691192
3678,61.3,-0.18687343358385533,0.5140194235589206,4,1536.7157182245264,611.7461228926782
3679,61.31666666666667,-0.044047619047546505,1.7861693861693482,4,1536.671670605479,613.5322922788475
3680,61.333333333333336,0.11547619047610169,1.510436606404312,4,1536.787146795955,615.0427288852518
3681,61.35,-0.0642726828209561,0.7865848454950992,4,1536.7228741131341,615.8293137307469
3682,61.36666666666667,-0.03921809904170459,1.5364676788589975,4,1536.6836560140923,617.3657814096059
3683,61.38333333333333,0.08761528326738244,0.23757552018420824,4,1536.7712712973598,617.6033569297902
3684,61.4,0.0,0.023809523809518396,4,1536.7712712973598,617.6271664535997
3685,61.416666666666664,-0.11726190476178999,0.36715243568690425,4,1536.654009392598,617.9943188892865
3686,61.43333333333333,0.18847117794462065,0.2997493734336558,3,1536.8424805705426,618.2940682627202
3687,61.45,0.12226512226493469,0.052631578947341495,3,1536.9647456928076,618.3466998416675
3688,61.46666666666667,-0.9666666666664696,2.0,3,1535.998079026141,620.3466998416675
3689,61.483333333333334,0.0,1.0,3,1535.998079026141,621.3466998416675
3690,61.5,0.0,0.0,3,1535.998079026141,621.3466998416675
3691,61.516666666666666,0.05356125356138364,0.3846967846967573,3,1536.0516402797025,621.7313966263642
3692,61.53333333333333,0.0,0.0,3,1536.0516402797025,621.7313966263642
3693,61.55,0.0,0.0,3,1536.0516402797025,621.7313966263642
3694,61.56666666666667,0.0,0.0,3,1536.0516402797025,621.7313966263642
3695,61.583333333333336,0.0,0.0,3,1536.0516402797025,621.7313966263642
3696,61.6,-0.29974937343354213,-0.23057644110281217,3,1535.751890906269,621.5008201852614
3697,61.61666666666667,-6.240310077519325,1.240310077519439,3,1529.5115808287496,622.7411302627809
3698,61.63333333333333,-2.523809523809632,0.6476190476189458,3,1526.98777130494,623.3887493103998
3699,61.65,-15.773352299668204,2.9663347558084183,3,1511.2144190052718,626.3550840662083
3700,61.666666666666664,-30.0,4.0,3,1481.2144190052718,630.3550840662083
3701,61.68333333333333,-18.279279279279194,3.279279279279308,3,1462.9351397259925,633.6343633454876
3702,61.7,-22.276356589147326,4.0,3,1440.6587831368452,637.6343633454876
3703,61.71666666666667,-15.408510638297912,3.6099290780141757,2,1425.2502724985472,641.2442924235017
3704,61.733333333333334,-13.35121158392434,3.0258032452181283,2,1411.8990609146229,644.2700956687199
3705,61.75,-7.388888888888857,1.585101010100999,2,1404.510172025734,645.8551966788209
3706,61.766666666666666,-12.899539166826457,3.5287353843204983,2,1391.6106328589076,649.3839320631414
3707,61.78333333333333,-2.2185163887290855,1.2504312823461987,2,1389.3921164701785,650.6343633454876
3708,61.8,-1.0,0.8076923076923208,2,1388.3921164701785,651.44205565318
3709,61.81666666666667,0.0,0.0,2,1388.3921164701785,651.44205565318
3710,61.833333333333336,0.0,0.0,2,1388.3921164701785,651.44205565318
3711,61.85,0.2482269503545922,-0.055919258046969844,2,1388.640343420533,651.386136395133
3712,61.86666666666667,0.3426651735721862,0.026315789473670748,2,1388.9830085941053,651.4124521846067
3713,61.88333333333333,0.37939731444771496,0.21970682888937176,2,1389.362405908553,651.632159013496
3714,61.9,2.5297105616255067,-0.7561290013417477,2,1391.8921164701785,650.8760300121543
3715,61.916666666666664,2.5211640211639974,-0.05489417989420531,2,1394.4132804913424,650.8211358322601
3716,61.93333333333333,2.598991017595665,-1.066617448012778,2,1397.012271508938,649.7545183842474
3717,61.95,1.7340116279069662,-0.2659883720930054,2,1398.746283136845,649.4885300121543
3718,61.96666666666667,0.0,0.0,2,1398.746283136845,649.4885300121543
3719,61.983333333333334,0.14583333333337123,-0.009722222222222854,2,1398.8921164701783,649.4788077899321
3720,62.0,0.2333333333332348,0.0,2,1399.1254498035114,649.4788077899321
3721,62.016666666666666,0.7675925925926208,-0.48148148148149517,2,1399.893042396104,648.9973263084506
3722,62.03333333333333,0.6090031520882917,-0.7631402679275254,2,1400.5020455481922,648.2341860405231
3723,62.05,1.860360360360346,-1.8813063063062998,3,1402.3624059085525,646.3528797342168
3724,62.06666666666667,0.23575688364417147,-0.3948737469864909,3,1402.5981627921967,645.9580059872303
3725,62.083333333333336,0.0,0.0,3,1402.5981627921967,645.9580059872303
3726,62.1,-0.03497942386843533,3.0,3,1402.5631833683283,648.9580059872303
3727,62.11666666666667,0.23738738738745724,5.720720720720692,3,1402.8005707557159,654.678726707951
3728,62.13333333333333,0.0,10.780141843971649,3,1402.8005707557159,665.4588685519227
3729,62.15,0.5585585585585022,14.0,3,1403.3591293142745,679.4588685519227
3730,62.166666666666664,1.7207207207208057,15.759689922480561,3,1405.0798500349952,695.2185584744033
3731,62.18333333333333,0.4760019792181538,9.516666666666708,3,1405.5558520142133,704.73522514107
3732,62.2,0.44925137903862833,26.249330181245057,2,1406.0051033932518,730.9845553223151
3733,62.21666666666667,-1.605817035604332,17.6395587076438,2,1404.3992863576475,748.624114029959
3734,62.233333333333334,-1.4031807436062422,10.2222222222222,2,1402.9961056140412,758.8463362521811
3735,62.25,-2.43446404996547,22.55787137550061,2,1400.5616415640757,781.4042076276817
3736,62.266666666666666,-0.9710884353741562,10.31632653061223,2,1399.5905531287015,791.720534158294
3737,62.28333333333333,0.2403100775193252,10.240310077519325,1,1399.8308632062208,801.9608442358133
3738,62.3,-0.2403100775193252,5.759689922480675,1,1399.5905531287015,807.720534158294
3739,62.31666666666667,2.0,2.0,1,1401.5905531287015,809.720534158294
3740,62.333333333333336,1.2692307692307168,1.1153846153846416,1,1402.8597838979322,810.8359187736786
3741,62.35,5.004843304843234,0.4031339031338348,1,1407.8646272027754,811.2390526768124
3742,62.36666666666667,4.0,0.0,1,1411.8646272027754,811.2390526768124
3743,62.38333333333333,1.7259259259260489,-0.5185185185184764,1,1413.5905531287015,810.720534158294
3744,62.4,3.4539007092198517,-0.36879432624118635,1,1417.0444538379213,810.3517398320528
3745,62.416666666666664,1.2624113475176273,-0.41134751773051903,1,1418.306865185439,809.9403923143223
3746,62.43333333333333,1.5239980207818462,0.02045192149103059,1,1419.8308632062208,809.9608442358133
3747,62.45,3.759689922480675,-0.2403100775193252,1,1423.5905531287015,809.720534158294
3748,62.46666666666667,1.9523809523809632,-0.761904761904816,1,1425.5429340810824,808.9586293963891
3749,62.483333333333334,0.287929125138362,-0.9977851605758588,1,1425.8308632062208,807.9608442358133
3750,62.5,0.4760019792181538,-0.02045192149103059,1,1426.306865185439,807.9403923143223
3751,62.516666666666666,0.0,0.0,1,1426.306865185439,807.9403923143223
3752,62.53333333333333,0.0,0.0,1,1426.306865185439,807.9403923143223
3753,62.55,2.5673758865248146,0.0,1,1428.8742410719638,807.9403923143223
3754,62.56666666666667,1.19779353821923,0.054215918045770195,1,1430.072034610183,807.994608232368
3755,62.583333333333336,0.80220646178077,-0.054215918045770195,1,1430.8742410719638,807.9403923143223
3756,62.6,0.0,0.0,1,1430.8742410719638,807.9403923143223
3757,62.61666666666667,0.0,0.0,1,1430.8742410719638,807.9403923143223
3758,62.63333333333333,0.0,0.0,2,1430.8742410719638,807.9403923143223
3759,62.65,0.14098837209303383,-0.27567829457359494,2,1431.0152294440568,807.6647140197487
3760,62.666666666666664,-2.681714259051887,-0.8503406121687362,2,1428.333515185005,806.81437340758
3761,62.68333333333333,-9.235129712579237,-2.7456995769566106,2,1419.0983854724257,804.0686738306233
3762,62.7,-11.745833333333337,-2.618055555555486,2,1407.3525521390923,801.4506182750679
3763,62.71666666666667,-44.78236068451082,-4.99436887523774,2,1362.5701914545814,796.4562493998301
3764,62.733333333333334,-12.8306336657717,-1.6343034411464714,2,1349.7395577888096,794.8219459586836
3765,62.75,-48.88700564971748,-3.1296610169491146,2,1300.852552139092,791.6922849417344
3766,62.766666666666666,-58.0,-5.5,2,1242.852552139092,786.1922849417344
3767,62.78333333333333,-41.76409017713377,-4.903099838969467,2,1201.0884619619583,781.289185102765
3768,62.8,-29.434914797990643,-4.166551902324102,2,1171.6535471639677,777.122633200441
3769,62.81666666666667,-16.180839986115984,-3.5518598866134425,2,1155.4727071778516,773.5707733138275
3770,62.833333333333336,-22.097572456177062,-8.251626510231233,2,1133.3751347216746,765.3191468035964
3771,62.85,-8.861481481481519,-5.883703703703645,1,1124.513653240193,759.4354430998927
3772,62.86666666666667,-4.384015594541836,-3.9249512670564854,1,1120.1296376456512,755.5104918328362
3773,62.88333333333333,-4.861169590643328,-6.511345029239806,2,1115.2684680550078,748.9991468035964
3774,62.9,-2.155763888888856,-2.8224305555555134,2,1113.1127041661189,746.176716248041
3775,62.916666666666664,-1.4944649857448553,-1.9614009166865003,2,1111.618239180374,744.2153153313545
3776,62.93333333333333,-3.776649879120015,-2.943722957187447,2,1107.841589301254,741.2715923741671
3777,62.95,-2.8081623801544993,-1.5732761781629847,2,1105.0334269210996,739.698316196004
3778,62.96666666666667,-0.19003595274784857,-0.00821777092960474,2,1104.8433909683517,739.6900984250744
3779,62.983333333333334,-1.3614157425486724,0.6080256347874524,2,1103.4819752258031,740.298124059862
3780,63.0,-0.9822706678346549,-0.28448952177762976,2,1102.4997045579685,740.0136345380843
3781,63.016666666666666,-1.2442259209500435,0.9632635882635441,2,1101.2554786370183,740.9768981263478
3782,63.03333333333333,-3.167227154515274,0.703143215855107,2,1098.088251482503,741.6800413422029
3783,63.05,-1.3149321752468097,1.0074353354768277,2,1096.773319307256,742.6874766776798
3784,63.06666666666667,-0.6196925220896503,0.5738129830596108,2,1096.1536267851664,743.2612896607394
3785,63.083333333333336,-1.4940476190476772,0.4623015873016243,2,1094.6595791661186,743.723591248041
3786,63.1,-1.0625,0.33749999999997726,2,1093.5970791661186,744.061091248041
3787,63.11666666666667,-1.4844696969697395,0.1837121212120678,2,1092.112609469149,744.2448033692531
3788,63.13333333333333,-1.111038961038929,0.7406926406926573,2,1091.00157050811,744.9854960099458
3789,63.15,-0.9335702893598352,0.2658145363408835,2,1090.0680002187503,745.2513105462867
3790,63.166666666666664,-0.08561990873806735,-0.01324625646560662,2,1089.982380310012,745.2380642898211
3791,63.18333333333333,-0.41088195197431787,-0.8243720316790473,2,1089.5714983580378,744.413692258142
3792,63.2,-1.601679078924775,-4.864324173942748,2,1087.9698192791132,739.5493680841992
3793,63.21666666666667,-5.011094813849041,-15.800135810517133,2,1082.9587244652641,723.7492322736821
3794,63.233333333333334,-7.102175602175663,-22.146853146853175,2,1075.8565488630884,701.602379126829
3795,63.25,-7.781707642462408,-28.120129597865457,2,1068.074841220626,673.4822495289635
3796,63.266666666666666,-11.229207632738536,-39.61256984554831,3,1056.8456335878875,633.8696796834151
3797,63.28333333333333,-4.943833943833965,-31.081111111111113,5,1051.9017996440534,602.788568572304
3798,63.3,-12.240310077519325,-35.084171805690744,5,1039.661489566534,567.7043967666133
3799,63.31666666666667,-19.72072072072092,-51.70317862165962,5,1019.9407688458132,516.0012181449537
3800,63.333333333333336,-6.968168168167949,-17.279279279279194,5,1012.9726006776452,498.7219388656745
3801,63.35,-9.311111111111131,-24.48333333333335,6,1003.6614895665341,474.2386055323411
3802,63.36666666666667,-9.115023474178429,-30.69590643274853,6,994.5464660923557,443.5426990995926
3803,63.38333333333333,-3.3191314553990594,-11.004584137239931,6,991.2273346369566,432.53811496235267
3804,63.4,-3.0674876293297757,-12.204678362573077,6,988.1598470076268,420.3334365997796
3805,63.416666666666664,-2.615023474178429,-10.258333333333326,6,985.5448235334484,410.07510326644626
3806,63.43333333333333,-2.884976525821571,-9.101154618473856,6,982.6598470076268,400.9739486479724
3807,63.45,-1.6776515151515525,-5.6599137441833705,6,980.9821954924753,395.31403490378904
3808,63.46666666666667,-3.2613827504633264,-6.718954248366003,6,977.720812742012,388.59508065542303
3809,63.483333333333334,-1.4349539349538531,-1.7245696400625548,6,976.285858807058,386.8705110153605
3810,63.5,-3.5071217494089524,-3.4499213114169436,6,972.7787370576491,383.4205897039435
3811,63.516666666666666,-9.156690140845086,-7.702521670606757,6,963.622046916804,375.71806803333675
3812,63.53333333333333,-4.066568565622589,-3.718118686868678,6,959.5554783511815,371.99994934646804
3813,63.55,-6.211998773143392,-5.185885255192176,6,953.3434795780381,366.8140640912759
3814,63.56666666666667,-11.002996392099362,-7.185185185185219,5,942.3404831859388,359.6288789060907
3815,63.583333333333336,-3.4040084388184937,-2.6100628930817606,5,938.9364747471202,357.0188160130089
3816,63.6,-3.3507445589920053,-4.0,5,935.5857301881282,353.0188160130089
3817,63.61666666666667,-2.7497385327955044,-6.0,5,932.8359916553327,347.0188160130089
3818,63.63333333333333,-1.2150943396227376,-1.9424360853281541,5,931.62089731571,345.07637992768076
3819,63.65,-0.4939965694682087,-2.588907947398525,5,931.1269007462417,342.48747198028224
3820,63.666666666666664,-1.495637860082354,-2.266191325014802,5,929.6312628861594,340.22128065526744
3821,63.68333333333333,0.0,-0.2470218756768645,5,929.6312628861594,339.97425877959057
3822,63.7,0.0,0.0,5,929.6312628861594,339.97425877959057
3823,63.71666666666667,0.0,0.0,5,929.6312628861594,339.97425877959057
3824,63.733333333333334,0.0,0.0,5,929.6312628861594,339.97425877959057
3825,63.75,0.0,0.0,5,929.6312628861594,339.97425877959057
3826,63.766666666666666,0.6888888888889824,-1.529898690387995,5,930.3201517750484,338.4443600892026
3827,63.78333333333333,0.20854954287125338,-0.6543118359278424,5,930.5287013179197,337.79004825327473
3828,63.8,0.6639676113360338,-0.7111111111111086,5,931.1926689292558,337.0789371421636
3829,63.81666666666667,-0.10256410256408799,-1.1851851851852189,5,931.0901048266917,335.8937519569784
3830,63.833333333333336,-0.09523809523807358,0.0,5,930.9948667314536,335.8937519569784
3831,63.85,0.0,-0.15227021040993804,5,930.9948667314536,335.74148174656847
3832,63.86666666666667,0.0,0.0,6,930.9948667314536,335.74148174656847
3833,63.88333333333333,-0.11435897435896436,0.0,6,930.8805077570946,335.74148174656847
3834,63.9,-0.703255464865336,-1.3190027363941113,6,930.1772522922292,334.42247901017436
3835,63.916666666666664,-1.9280243266933326,-3.509450088695303,6,928.249227965536,330.91302892147905
3836,63.93333333333333,-3.976085339468483,-8.215899119181984,6,924.2731426260675,322.69712980229707
3837,63.95,-4.099032687585009,-9.838238148562937,6,920.1741099384825,312.85889165373413
3838,63.96666666666667,-3.1293939726728865,-12.096775727477791,6,917.0447159658096,300.76211592625634
3839,63.983333333333334,-2.763320337881737,-14.018082102816493,6,914.2813956279279,286.74403382343985
3840,64.0,-1.817777777777792,-15.902515723270426,6,912.4636178501501,270.8415181001694
3841,64.01666666666667,-0.8338654147104592,-10.616334283000924,6,911.6297524354396,260.2251838171685
3842,64.03333333333333,-1.747443565502607,-8.81046135270094,6,909.882308869937,251.41472246446756
3843,64.05,-2.9542074363992583,-9.753590325018877,5,906.9281014335377,241.66113213944868
3844,64.06666666666666,-1.697619047619014,-5.221776350989785,5,905.2304823859187,236.4393557884589
3845,64.08333333333333,-2.574561403508767,-5.549917782475916,5,902.65592098241,230.88943800598298
3846,64.1,0.0,0.0,5,902.65592098241,230.88943800598298
3847,64.11666666666666,-0.8374104274771526,-2.1861471861471387,5,901.8185105549328,228.70329081983584
3848,64.13333333333334,0.1516339869281751,-1.2885824866957591,5,901.9701445418609,227.41470833314008
3849,64.15,-0.3826733460559808,-0.7985448473282304,5,901.5874711958049,226.61616348581185
3850,64.16666666666667,-0.44871794871801285,-0.978203568531967,5,901.1387532470869,225.6379599172799
3851,64.18333333333334,-1.4234234234234577,-0.8694785244867944,5,899.7153298236635,224.7684813927931
3852,64.2,-0.5309851535733543,-0.9902166317260708,5,899.1843446700901,223.77826476106702
3853,64.21666666666667,-0.5933465271887712,-0.5007422068283631,5,898.5909981429013,223.27752255423866
3854,64.23333333333333,-0.5982905982905891,-0.38297872340422145,5,897.9927075446108,222.89454383083444
3855,64.25,-1.466666666666697,-1.018557669720451,5,896.5260408779441,221.87598616111399
3856,64.26666666666667,-0.49572649572650107,-1.307692307692264,5,896.0303143822175,220.56829385342172
3857,64.28333333333333,-0.533333333333303,-1.692307692307736,5,895.4969810488842,218.87598616111399
3858,64.3,-1.0952380952380736,-2.091800303765524,5,894.4017429536461,216.78418585734846
3859,64.31666666666666,-0.9047619047619264,-1.4670773969965012,5,893.4969810488842,215.31710846035196
3860,64.33333333333333,-1.1399176954732297,-1.3938448938449142,5,892.3570633534109,213.92326356650705
3861,64.35,-0.5075757575757791,-0.48717948717944637,5,891.8494875958352,213.4360840793276
3862,64.36666666666666,0.0,0.0,5,891.8494875958352,213.4360840793276
3863,64.38333333333334,0.0,0.08333333333325754,5,891.8494875958352,213.51941741266086
3864,64.4,0.0,0.4048742138364787,5,891.8494875958352,213.92429162649734
3865,64.41666666666667,0.17218966857188178,1.0384254661811383,6,892.021677264407,214.96271709267847
3866,64.43333333333334,1.5269726919107995,2.132160647086806,6,893.5486499563178,217.09487773976528
3867,64.45,2.8526018099547628,0.862126245847179,6,896.4012517662726,217.95700398561246
3868,64.46666666666667,11.46930118664703,1.4071937321937185,6,907.8705529529196,219.36419771780618
3869,64.48333333333333,33.764635464936674,-0.08537037037035589,6,941.6351884178563,219.27882734743582
3870,64.5,43.098645798645805,-3.2323232323232673,6,984.7338342165021,216.04650411511255
3871,64.51666666666667,47.73707779978963,-6.6740044512925465,6,1032.4709120162918,209.37249966382
3872,64.53333333333333,80.98720818676048,-17.812099282676257,6,1113.4581202030522,191.56040038114375
3873,64.55,30.359119496855385,-5.0516666666666765,6,1143.8172396999075,186.50873371447707
3874,64.56666666666666,46.14861111111105,-6.927499999999981,6,1189.9658508110185,179.5812337144771
3875,64.58333333333333,56.0,-7.525000000000091,5,1245.9658508110185,172.056233714477
3876,64.6,18.39312865497078,-1.0166666666666515,6,1264.3589794659893,171.03956704781035
3877,64.61666666666666,19.277817934213203,-1.3939854481164105,6,1283.6367974002023,169.64558159969394
3878,64.63333333333334,15.395414389019095,-1.3083404423673528,6,1299.0322117892215,168.3372411573266
3879,64.65,7.4833333333333485,-0.5166666666667084,5,1306.5155451225548,167.82057449065988
3880,64.66666666666667,2.7959459459459595,0.4833333333333485,5,1309.3114910685008,168.30390782399323
3881,64.68333333333334,1.2040540540540405,0.07810486668648764,5,1310.5155451225548,168.38201269067972
3882,64.7,0.6316602316602484,0.24453024453032413,5,1311.1472053542152,168.62654293521004
3883,64.71666666666667,1.2403100775193252,-0.2106782106782248,5,1312.3875154317345,168.41586472453181
3884,64.73333333333333,1.4861111111110858,-0.6027777777777601,5,1313.8736265428456,167.81308694675405
3885,64.75,2.9014972419228116,-0.3897313906234672,5,1316.7751237847683,167.4233555561306
3886,64.76666666666667,3.2792792792791943,-0.1650793650792366,5,1320.0544030640476,167.25827619105135
3887,64.78333333333333,2.5166666666666515,-0.16709732988800852,5,1322.5710697307143,167.09117886116334
3888,64.8,2.0,-0.019444444444388864,5,1324.5710697307143,167.07173441671895
3889,64.81666666666666,1.644047619047683,0.5166666666665947,5,1326.2151173497618,167.58840108338555
3890,64.83333333333333,1.595841455490472,0.5238095238096321,5,1327.8109588052523,168.11221060719518
3891,64.85,0.0,0.0,5,1327.8109588052523,168.11221060719518
3892,64.86666666666666,0.24031007751921152,0.41291727140782086,5,1328.0512688827716,168.525127878603
3893,64.88333333333334,0.7163120567375927,0.2403100775194389,5,1328.7675809395091,168.76543795612244
3894,64.9,0.0,0.12552645095018988,5,1328.7675809395091,168.89096440707263
3895,64.91666666666667,0.3030303030302548,0.0,5,1329.0706112425394,168.89096440707263
3896,64.93333333333334,0.0,0.0,5,1329.0706112425394,168.89096440707263
3897,64.95,0.0,0.0,5,1329.0706112425394,168.89096440707263
3898,64.96666666666667,0.22598870056492615,2.0,5,1329.2965999431044,170.89096440707263
3899,64.98333333333333,0.3365079365079282,1.6970882225119794,5,1329.6331078796125,172.5880526295846
3900,65.0,0.0,0.2539682539681962,5,1329.6331078796125,172.8420208835528
3901,65.01666666666667,0.0,0.23771929824567906,6,1329.6331078796125,173.07974018179848
3902,65.03333333333333,0.1381782945736063,0.1127136752137119,6,1329.7712861741861,173.1924538570122
3903,65.05,0.0,0.0,6,1329.7712861741861,173.1924538570122
3904,65.06666666666666,-1.2920612920611916,-0.41313813813818,6,1328.479224882125,172.77931571887402
3905,65.08333333333333,-5.647258544913029,-1.9630909901873395,6,1322.831966337212,170.81622472868668
3906,65.1,-9.434742045792461,-2.1526906491818636,6,1313.3972242914194,168.6635340795048
3907,65.11666666666666,-9.111431841878584,-1.648454059468989,6,1304.2857924495408,167.01508002003584
3908,65.13333333333334,-16.008373489768758,-2.6026581605528634,6,1288.2774189597721,164.41242185948298
3909,65.15,-12.48479532163742,-1.6623389073777446,6,1275.7926236381347,162.75008295210523
3910,65.16666666666667,-11.506738544474445,-2.075692963752658,6,1264.2858850936602,160.67438998835257
3911,65.18333333333334,-14.218579234972822,-1.4833333333334053,5,1250.0673058586874,159.19105665501917
3912,65.2,-8.482570190314618,-0.7569767441860336,5,1241.5847356683728,158.43407991083313
3913,65.21666666666667,-5.29885057471256,-0.5001509661835826,5,1236.2858850936602,157.93392894464955
3914,65.23333333333333,-1.9662360034452604,0.0,5,1234.319649090215,157.93392894464955
3915,65.25,-0.033763996554739606,-0.5444184231069187,5,1234.2858850936605,157.38951052154263
3916,65.26666666666667,-0.4806201550387641,-0.24366471734896322,5,1233.8052649386218,157.14584580419367
3917,65.28333333333333,-1.415103415103431,-0.13900913900914702,5,1232.3901615235184,157.00683666518452
3918,65.3,-2.0,0.0,5,1230.3901615235184,157.00683666518452
3919,65.31666666666666,-1.8480853735089795,0.18518518518516203,5,1228.5420761500095,157.19202185036968
3920,65.33333333333333,-2.0,0.0,5,1226.5420761500095,157.19202185036968
3921,65.35,-2.5166666666666515,0.13526570048307462,5,1224.0254094833429,157.32728755085276
3922,65.36666666666666,-2.437693209679196,0.28512241054613696,5,1221.5877162736638,157.6124099613989
3923,65.38333333333334,-3.4566596194503063,0.5999121651295525,5,1218.1310566542134,158.21232212652845
3924,65.4,-2.761904761904816,1.0476190476190368,5,1215.3691518923085,159.25994117414749
3925,65.41666666666667,-2.0,0.6837606837606245,5,1213.3691518923085,159.9437018579081
3926,65.43333333333334,-1.51851851851859,0.3162393162393755,5,1211.85063337379,160.25994117414749
3927,65.45,0.02206461780929203,-0.0018939393939376714,5,1211.8726979915994,160.25804723475355
3928,65.46666666666667,0.009148084619766905,0.19897084048028546,6,1211.881846076219,160.45701807523383
3929,65.48333333333333,0.4083980100604663,0.41167013577501166,6,1212.2902440862795,160.86868821100884
3930,65.5,2.106866034037239,0.6931743913730486,6,1214.3971101203167,161.5618626023819
3931,65.51666666666667,5.3940997550269,1.5633207447160515,6,1219.7912098753436,163.12518334709796
3932,65.53333333333333,14.766850610957931,2.7858085342004415,6,1234.5580604863017,165.9109918812984
3933,65.55,36.06050479734671,5.002110454780052,6,1270.6185652836484,170.91310233607845
3934,65.56666666666666,31.30749746707187,2.6551516503122343,6,1301.9260627507203,173.5682539863907
3935,65.58333333333333,33.06448371198468,1.6032003084634852,6,1334.990546462705,175.1714542948542
3936,65.6,40.65944025639277,3.7542483660130586,6,1375.6499867190978,178.92570266086724
3937,65.61666666666666,29.0773420479303,5.426749249249227,6,1404.7273287670282,184.35245191011649
3938,65.63333333333334,30.59259259259261,7.782788828153997,6,1435.3199213596208,192.13524073827048
3939,65.65,17.963458249780786,6.349112100720248,6,1453.2833796094017,198.48435283899073
3940,65.66666666666667,12.360895779500424,5.667202085806679,6,1465.644275388902,204.1515549247974
3941,65.68333333333334,10.0,7.411347517730519,5,1475.644275388902,211.56290244252793
3942,65.7,4.311111111111018,4.719471947194677,5,1479.955386500013,216.2823743897226
3943,65.71666666666667,2.0,4.0,5,1481.955386500013,220.2823743897226
3944,65.73333333333333,1.5111111111111768,3.5166666666666515,5,1483.4664976111242,223.79904105638926
3945,65.75,0.3196548821545093,1.6680891417732937,5,1483.7861524932787,225.46713019816255
3946,65.76666666666667,0.9547245504693365,0.8720538720538684,5,1484.740877043748,226.33918407021642
3947,65.78333333333333,0.9587301587300772,0.47619047619053845,5,1485.699607202478,226.81537454640696
3948,65.8,0.6888888888889824,0.2403100775193252,5,1486.388496091367,227.05568462392628
3949,65.81666666666666,1.3827160493826796,0.1926910299002884,5,1487.7712121407496,227.24837565382657
3950,65.83333333333333,3.5035460992908156,0.4926346801346426,5,1491.2747582400405,227.7410103339612
3951,65.85,3.4833333333333485,0.2560355326312447,5,1494.7580915733738,227.99704586659246
3952,65.86666666666666,3.72364341085256,-0.1642857142856542,5,1498.4817349842265,227.8327601523068
3953,65.88333333333334,1.688888888888755,-0.3152454780362177,5,1500.1706238731153,227.5175146742706
3954,65.9,0.0,0.0,5,1500.1706238731153,227.5175146742706
3955,65.91666666666667,0.0,0.0,5,1500.1706238731153,227.5175146742706
3956,65.93333333333334,0.0,0.0,5,1500.1706238731153,227.5175146742706
3957,65.95,0.0,0.0,5,1500.1706238731153,227.5175146742706
3958,65.96666666666667,0.4964539007091844,-0.4964539007091844,5,1500.6670777738245,227.0210607735614
3959,65.98333333333333,2.0,-2.240310077519325,5,1502.6670777738245,224.78075069604208
3960,66.0,2.9459459459459367,-3.279279279279365,5,1505.6130237197704,221.5014714167627
3961,66.01666666666667,14.774774774774755,-11.780141843971649,5,1520.3877984945452,209.72132957279106
3962,66.03333333333333,14.51958935679852,-11.763440860215042,5,1534.9073878513436,197.95788871257602
3963,66.05,10.27635658914744,-7.759689922480618,5,1545.183744440491,190.1981987900954
3964,66.06666666666666,27.48333333333335,-18.714285714285666,5,1572.6670777738243,171.48391307580974
3965,66.08333333333333,14.240310077519212,-10.0,5,1586.9073878513436,161.48391307580974
3966,66.1,15.71802325581416,-11.441441441441441,5,1602.6254111071578,150.0424716343683
3967,66.11666666666666,7.633827683615721,-6.366300040642145,4,1610.2592387907735,143.67617159372617
3968,66.13333333333334,5.379640674267478,-6.007676940601556,4,1615.6388794650409,137.6684946531246
3969,66.15,2.0,-4.837896566710128,3,1617.6388794650409,132.83059808641448
3970,66.16666666666667,0.02045192149103059,-2.6888888888889255,3,1617.659331386532,130.14170919752556
3971,66.18333333333334,0.2198581560284083,-1.283687943262379,3,1617.8791895425602,128.85802125426318
3972,66.2,0.0,-1.0,3,1617.8791895425602,127.85802125426318
3973,66.21666666666667,-0.2198581560284083,-0.28368794326243574,3,1617.659331386532,127.57433331100074
3974,66.23333333333333,0.2198581560284083,-0.7163120567375643,3,1617.8791895425602,126.85802125426318
3975,66.25,0.0,-0.7163120567376211,3,1617.8791895425602,126.14170919752556
3976,66.26666666666667,0.0071428571428668874,-0.3523809523809973,3,1617.886332399703,125.78932824514456
3977,66.28333333333333,0.4371584699454161,-0.3365079365079282,3,1618.3234908696484,125.45282030863663
3978,66.3,0.41333333333329847,-1.3888888888889142,3,1618.7368242029816,124.06393141974772
3979,66.31666666666666,0.10333333333335304,-1.0,3,1618.840157536315,123.06393141974772
3980,66.33333333333333,1.2430232558139096,-1.7248677248676927,3,1620.083180792129,121.33906369488002
3981,66.35,0.4761904761904816,-0.9566221342569747,3,1620.5593712683194,120.38244156062305
3982,66.36666666666666,1.0,-0.7801418439716201,3,1621.5593712683194,119.60229971665143
3983,66.38333333333334,0.5035460992909293,-0.31721194879088443,3,1622.0629173676102,119.28508776786055
3984,66.4,0.19318181818175617,-0.06060606060606233,3,1622.256099185792,119.22448170725448
3985,66.41666666666667,0.04166666666662877,-0.23611111111111427,3,1622.2977658524587,118.98837059614337
3986,66.43333333333334,-0.020833333333314386,-0.26111111111111995,4,1622.2769325191255,118.72725948503225
3987,66.45,0.025116353715247897,-0.03703703703703809,4,1622.3020488728407,118.69022244799521
3988,66.46666666666667,0.0,0.0,4,1622.3020488728407,118.69022244799521
3989,66.48333333333333,1.248148148148232,6.778703703703684,4,1623.550197020989,125.4689261516989
3990,66.5,1.8895419309372414,10.403359666071538,4,1625.439738951926,135.87228581777043
3991,66.51666666666667,1.6043771043771358,8.084175084175087,5,1627.0441160563032,143.95646090194552
3992,66.53333333333333,5.185185185185219,27.521855486173024,5,1632.2293012414884,171.47831638811854
3993,66.55,4.0,20.0,5,1636.2293012414884,191.47831638811854
3994,66.56666666666666,3.5193798449613496,12.615384615384642,5,1639.7486810864498,204.09370100350318
3995,66.58333333333333,5.9218951333134555,30.240310077519382,5,1645.6705762197632,234.33401108102257
3996,66.6,3.389458689458479,16.138262322472826,5,1649.0600349092217,250.4722734034954
3997,66.61666666666666,2.442237982663528,9.293932230102484,5,1651.5022728918852,259.7662056335979
3998,66.63333333333334,4.679582712369665,19.56028368794324,5,1656.181855604255,279.32648932154115
3999,66.65,1.5315870570107109,8.886842105263156,3,1657.7134426612656,288.2133314268043
4000,66.66666666666667,0.22598870056503984,4.774011299435074,3,1657.9394313618307,292.9873427262394
4001,66.68333333333334,0.2515723270439594,7.758828596037915,4,1658.1910036888746,300.7461713222773
4002,66.7,-0.19774557165851547,2.535194714440024,4,1657.993258117216,303.2813660367173
4003,66.71666666666667,-0.40980012894920037,1.089393939393915,4,1657.583457988267,304.37075997611123
4004,66.73333333333333,-0.09929078014181414,0.9207071762053829,4,1657.4841672081252,305.2914671523166
4005,66.75,-0.2329537243321056,0.9197321260139404,4,1657.251213483793,306.2111992783306
4006,66.76666666666667,-1.197921829054735,1.3281606204777177,4,1656.0532916547381,307.5393598988083
4007,66.78333333333333,-1.704829707907379,0.8541666666666856,4,1654.3484619468309,308.393526565475
4008,66.8,-0.5266483516481912,0.5560354374307508,4,1653.8218135951827,308.94956200290574
4009,66.81666666666666,-0.6742012222632638,0.40927782419012715,4,1653.1476123729194,309.35883982709584
4010,66.83333333333333,-0.5269734620238751,0.10131820229995014,4,1652.6206389108957,309.46015802939576
4011,66.85,-0.4822609980863035,0.06066176976776205,4,1652.1383779128093,309.5208197991635
4012,66.86666666666666,-0.22705713430241303,-0.004368773477068544,4,1651.911320778507,309.5164510256865
4013,66.88333333333334,-0.7835516251800527,-0.05060499471298385,4,1651.1277691533269,309.46584603097347
4014,66.9,-0.5562223523288594,0.04330129630264423,4,1650.571546800998,309.5091473272761
4015,66.91666666666667,-0.4098191085199687,-0.05846750051708227,4,1650.161727692478,309.450679826759
4016,66.93333333333334,-0.4977956680083935,0.012373557701636173,4,1649.6639320244697,309.46305338446064
4017,66.95,-0.11869369369372862,0.03853564547208066,5,1649.5452383307759,309.5015890299327
4018,66.96666666666667,-1.9835644581405631,2.8320493066256063,5,1647.5616738726353,312.3336383365583
4019,66.98333333333333,-2.033763996554626,2.4833333333334053,5,1645.5279098760807,314.8169716698917
4020,67.0,-4.493996569468436,5.489848652639353,5,1641.0339133066122,320.30682032253105
4021,67.01666666666667,-9.983564458140563,16.049983113812914,5,1631.0503488484717,336.35680343634397
4022,67.03333333333333,-6.3073446327684906,13.503546099290816,6,1624.7430042157032,349.8603495356348
4023,67.05,-9.10389477928777,17.641776391776375,6,1615.6391094364153,367.50212592741116
4024,67.06666666666666,-7.536538461538385,13.100134759172306,6,1608.102570974877,380.60226068658346
4025,67.08333333333333,-8.979501816294714,13.361821705426337,6,1599.1230691585822,393.9640823920098
4026,67.1,-10.272108843537353,14.557823129251688,5,1588.8509603150449,408.5219055212615
4027,67.11666666666666,-5.727891156462647,7.826792255363671,5,1583.1230691585822,416.34869777662516
4028,67.13333333333334,-3.0,4.101694915254257,5,1580.1230691585822,420.4503926918794
4029,67.15,-3.543304843304668,5.986624173064797,5,1576.5797643152775,426.4370168649442
4030,67.16666666666667,-2.7307692307692832,6.0,5,1573.8489950845083,432.4370168649442
4031,67.18333333333334,-0.7904761904762836,1.781927381927403,5,1573.058518894032,434.2189442468716
4032,67.2,-0.7059440559439736,2.8119174942704603,5,1572.352574838088,437.0308617411421
4033,67.21666666666667,0.0,1.1757575757575864,5,1572.352574838088,438.20661931689966
4034,67.23333333333333,0.5333333333335304,0.5789173789173105,5,1572.8859081714215,438.785536695817
4035,67.25,3.4666666666664696,1.759689922480618,5,1576.352574838088,440.5452266182976
4036,67.26666666666667,3.7694444444446162,0.04166666666662877,5,1580.1220192825326,440.5868932849642
4037,67.28333333333333,2.0,0.0,5,1582.1220192825326,440.5868932849642
4038,67.3,4.480200945626393,-1.519379844961236,5,1586.602220228159,439.067513440003
4039,67.31666666666666,2.0,0.0,5,1588.602220228159,439.067513440003
4040,67.33333333333333,0.5925925925926094,-0.19864341085269643,5,1589.1948128207516,438.8688700291503
4041,67.35,1.3392592592590518,-0.052631578947341495,5,1590.5340720800107,438.81623845020295
4042,67.36666666666666,0.1639344262296163,0.0,5,1590.6980065062403,438.81623845020295
4043,67.38333333333334,0.0,0.0,5,1590.6980065062403,438.81623845020295
4044,67.4,-0.19661429789312024,-0.7820512820512704,5,1590.5013922083472,438.0341871681517
4045,67.41666666666667,-1.2782084409991512,-0.5597189695549787,5,1589.223183767348,437.4744681985967
4046,67.43333333333334,-1.533333333333303,-0.5534413906506757,5,1587.6898504340147,436.921026807946
4047,67.45,-9.53333333333353,-4.466666666666697,5,1578.1565171006812,432.4543601412793
4048,67.46666666666667,-12.933333333333167,-4.0,5,1565.223183767348,428.4543601412793
4049,67.48333333333333,-14.540082755945264,-2.3558176100629,6,1550.6831010114029,426.0985425312164
4050,67.5,-28.012392131051683,-5.403872312417775,6,1522.6707088803512,420.69467021879865
4051,67.51666666666667,-14.12015503875972,-2.2597946783993166,6,1508.5505538415914,418.43487554039933
4052,67.53333333333333,-8.900624951757152,-1.906160750713994,6,1499.6499288898342,416.52871478968535
4053,67.55,-21.13688290493684,-6.1201550387597194,6,1478.5130459848974,410.40855975092563
4054,67.56666666666666,-9.240310077519212,-3.759689922480618,5,1469.2727359073783,406.648869828445
4055,67.58333333333333,-6.0,-3.0,5,1463.2727359073783,403.648869828445
4056,67.6,-2.9666666666665833,-2.0,5,1460.3060692407116,401.648869828445
4057,67.61666666666666,-1.7596899224806748,-1.9473684210526585,5,1458.546379318231,399.70150140739236
4058,67.63333333333334,-2.0,-2.0,5,1456.546379318231,397.70150140739236
4059,67.65,-2.5555555555556566,-2.0,5,1453.9908237626753,395.70150140739236
4060,67.66666666666667,-1.6847545219637823,-1.2250000000000227,5,1452.3060692407116,394.47650140739233
4061,67.68333333333334,-1.5063198994109825,-0.9566221342569747,5,1450.7997493413006,393.51987927313536
4062,67.7,-1.7236434108526737,-1.1351935972312504,5,1449.076105930448,392.3846856759041
4063,67.71666666666667,-1.7733522996680904,-1.321856102677998,5,1447.30275363078,391.0628295732261
4064,67.73333333333333,-1.4416666666667197,-0.7017543859648754,5,1445.8610869641134,390.36107518726124
4065,67.75,-1.9194444444444798,-0.761904761904816,5,1443.941642519669,389.5991704253564
4066,67.76666666666667,-0.38497652582168485,0.08333333333334281,5,1443.5566659938472,389.6825037586898
4067,67.78333333333333,-0.38497652582168485,-0.1081081081080697,5,1443.1716894680255,389.5743956505817
4068,67.8,0.0,0.0,5,1443.1716894680255,389.5743956505817
4069,67.81666666666666,0.0,0.0,5,1443.1716894680255,389.5743956505817
4070,67.83333333333333,0.0,0.0,6,1443.1716894680255,389.5743956505817
4071,67.85,0.8333333333333144,0.3803803803803021,6,1444.0050228013588,389.954776030962
4072,67.86666666666666,3.216389042103401,1.7452518845376375,6,1447.2214118434622,391.7000279154997
4073,67.88333333333334,14.215785207700094,6.8819655521783005,6,1461.4371970511622,398.581993467678
4074,67.9,15.83008411677389,6.1180344478216995,6,1477.267281167936,404.7000279154997
4075,67.91666666666667,10.641666666666652,3.5,6,1487.9089478346027,408.2000279154997
4076,67.93333333333334,25.6193732193733,5.961013645224185,6,1513.528321053976,414.16104156072385
4077,67.95,11.261133603238761,2.5126705653021304,6,1524.7894546572147,416.673712126026
4078,67.96666666666667,17.97595731324543,5.043908382066306,6,1542.7654119704603,421.7176205080923
4079,67.98333333333333,9.937753989493558,3.4833333333333485,5,1552.7031659599538,425.20095384142564
4080,68.0,4.533333333333303,1.759689922480618,5,1557.2364992932871,426.96064376390626
4081,68.01666666666667,6.245614035087783,2.240310077519382,5,1563.482113328375,429.20095384142564
4082,68.03333333333333,0.17857142857133113,0.07868155236576513,5,1563.6606847569462,429.2796353937914
4083,68.05,0.0,0.0,5,1563.6606847569462,429.2796353937914
4084,68.06666666666666,0.0,0.0,5,1563.6606847569462,429.2796353937914
4085,68.08333333333333,1.557682083997861,0.14838338928700523,5,1565.218366840944,429.4280187830784
4086,68.1,2.5128205128205536,0.7820512820512704,5,1567.7311873537647,430.2100700651297
4087,68.11666666666666,3.6580874659971414,0.7938899351329383,5,1571.3892748197618,431.0039600002626
4088,68.13333333333334,4.341912534002859,1.0808772604847832,5,1575.7311873537647,432.0848372607474
4089,68.15,3.5815602836878497,0.5035460992907019,5,1579.3127476374525,432.5883833600381
4090,68.16666666666667,2.8152046783625337,0.904761904761898,5,1582.127952315815,433.4931452648
4091,68.18333333333334,0.23809523809518396,0.37891690321134774,5,1582.3660475539102,433.8720621680113
4092,68.2,0.2666666666666515,0.2497892962495598,5,1582.6327142205769,434.1218514642609
4093,68.21666666666667,0.1999999999998181,0.06224601050655565,5,1582.8327142205767,434.18409747476744
4094,68.23333333333333,0.1597222222221717,0.0,5,1582.9924364427989,434.18409747476744
4095,68.25,0.12015503875971945,0.0,6,1583.1125914815586,434.18409747476744
4096,68.26666666666667,0.0,0.0,6,1583.1125914815586,434.18409747476744
4097,68.28333333333333,0.0,0.0,6,1583.1125914815586,434.18409747476744
4098,68.3,-6.025304973570542,-2.164494084047348,6,1577.0872865079882,432.0196033907201
4099,68.31666666666666,-11.653334053876051,-4.083613288540462,6,1565.4339524541122,427.93599010217963
4100,68.33333333333333,-13.133198562443795,-3.784606866002264,6,1552.3007538916684,424.15138323617737
4101,68.35,-37.58444075304533,-8.146470828233348,6,1514.716313138623,416.004912407944
4102,68.36666666666666,-27.240740740740762,-5.110721247563404,6,1487.4755723978824,410.8941911603806
4103,68.38333333333334,-17.275925925925947,-3.8798449612403374,6,1470.1996464719564,407.0143461991403
4104,68.4,-39.96826241134755,-8.211821705426388,6,1430.231384060609,398.8025244937139
4105,68.41666666666667,-18.624999999999886,-4.166666666666657,6,1411.606384060609,394.6358578270473
4106,68.43333333333334,-10.396511627907103,-1.8650793650793958,6,1401.2098724327018,392.7707784619679
4107,68.45,-21.48333333333335,-4.240310077519439,5,1379.7265390993684,388.53046838444845
4108,68.46666666666667,-7.557823129251801,-1.5193798449613496,5,1372.1687159701166,387.0110885394871
4109,68.48333333333333,-3.4856158484067237,-0.7217915590008488,5,1368.68310012171,386.28929698048626
4110,68.5,-4.981818181818198,-1.1999999999999318,5,1363.7012819398917,385.0892969804863
4111,68.51666666666667,-1.4074074074075043,-0.3537414965986443,5,1362.293874532484,384.73555548388765
4112,68.53333333333333,-3.557823129251574,-0.8285024154590701,5,1358.7360514032325,383.9070530684286
4113,68.55,-3.92090395480227,-1.2543675751222736,4,1354.8151474484303,382.6526854933063
4114,68.56666666666666,-4.192090395480136,-0.26836158192088533,4,1350.6230570529501,382.3843239113854
4115,68.58333333333333,-2.9775132275132137,-0.4865571551618473,4,1347.645543825437,381.8977667562236
4116,68.6,-6.537140845089539,-0.7328788461890667,4,1341.1084029803474,381.1648879100345
4117,68.61666666666666,-3.0319148936169995,-0.9680851063829863,4,1338.0764880867305,380.1968028036515
4118,68.63333333333334,-3.751773049645351,-1.365847123719476,4,1334.324715037085,378.830955679932
4119,68.65,-1.7199777337951332,-0.8709912362394903,4,1332.60473730329,377.9599644436925
4120,68.66666666666667,-1.65656565656559,-0.23338586813760287,4,1330.9481716467244,377.7265785755549
4121,68.68333333333334,-1.3638888888888232,-0.4463276836158485,4,1329.5842827578356,377.2802508919391
4122,68.7,-3.4586182336182105,-1.0925925925925952,5,1326.1256645242174,376.1876582993465
4123,68.71666666666667,-1.4785353535355625,0.326797385620921,5,1324.6471291706819,376.5144556849674
4124,68.73333333333333,0.0,0.0,5,1324.6471291706819,376.5144556849674
4125,68.75,-0.24031007751921152,0.0,5,1324.4068190931625,376.5144556849674
4126,68.76666666666667,-0.07407407407401934,0.0,5,1324.3327450190886,376.5144556849674
4127,68.78333333333333,-0.5214035516455624,0.0019550342131537946,6,1323.811341467443,376.51641071918056
4128,68.8,0.0,0.0,6,1323.811341467443,376.51641071918056
4129,68.81666666666666,0.0,0.0,6,1323.811341467443,376.51641071918056
4130,68.83333333333333,0.0,0.0,6,1323.811341467443,376.51641071918056
4131,68.85,0.38538011695914065,0.6823272871443748,6,1324.1967215844022,377.1987380063249
4132,68.86666666666666,3.2515723270439594,2.759689922480561,5,1327.4482939114462,379.95842792880546
4133,68.88333333333334,5.30984848484843,4.48062015503865,5,1332.7581423962947,384.4390480838441
4134,68.9,1.8259904371582252,1.7638694638694972,5,1334.584132833453,386.2029175477136
4135,68.91666666666667,6.074074074074133,4.814814814814781,5,1340.658206907527,391.01773236252836
4136,68.93333333333334,4.78490566037749,3.805031446540852,5,1345.4431125679046,394.8227638090692
4137,68.95,3.2430232558140233,2.257412398921815,5,1348.6861358237186,397.08017620799103
4138,68.96666666666667,2.1902094171001636,1.9322395624916453,5,1350.8763452408189,399.0124157704827
4139,68.98333333333333,1.4290909090909736,1.2836879432622936,5,1352.3054361499098,400.29610371374497
4140,69.0,4.0,2.660606060606142,5,1356.3054361499098,402.9567097743511
4141,69.01666666666667,0.5497076023391401,0.37668884855821716,5,1356.855143752249,403.33339862290933
4142,69.03333333333333,1.0,0.19077749017355927,5,1357.855143752249,403.5241761130829
4143,69.05,0.4833333333331211,0.0,5,1358.338477085582,403.5241761130829
4144,69.06666666666666,0.0,0.0,5,1358.338477085582,403.5241761130829
4145,69.08333333333333,0.0,0.0,5,1358.338477085582,403.5241761130829
4146,69.1,0.0,0.0,6,1358.338477085582,403.5241761130829
4147,69.11666666666666,0.0,0.0,6,1358.338477085582,403.5241761130829
4148,69.13333333333334,-1.3835106382977642,-1.612617062978245,6,1356.9549664472843,401.91155905010464
4149,69.15,-2.4711503786512026,-5.323725981620669,6,1354.4838160686331,396.587833068484
4150,69.16666666666667,-2.1368038740920383,-5.880952380952408,6,1352.347012194541,390.70688068753157
4151,69.18333333333334,-7.164838596865252,-21.87365538734531,6,1345.182173597676,368.83322530018626
4152,69.2,-5.033333333333417,-20.0,5,1340.1488402643427,348.83322530018626
4153,69.21666666666667,-3.3398692810458215,-13.806535947712462,5,1336.8089709832968,335.0266893524738
4154,69.23333333333333,-8.279279279279194,-38.21985815602841,5,1328.5296917040178,296.8068311964454
4155,69.25,-5.0,-23.78014184397159,5,1323.5296917040178,273.0266893524738
4156,69.26666666666667,-7.805031446541079,-27.0,5,1315.7246602574767,246.0266893524738
4157,69.28333333333333,-7.163059163059188,-19.5866666666667,5,1308.5616010944175,226.4400226858071
4158,69.3,-6.621468926553689,-15.243023255814023,5,1301.9401321678638,211.19699942999307
4159,69.31666666666666,-8.510151347360761,-17.483333333333405,5,1293.429980820503,193.71366609665967
4160,69.33333333333333,-4.38512241054616,-9.46031746031747,5,1289.0448584099568,184.2533486363422
4161,69.35,-3.5166666666666515,-8.0,5,1285.52819174329,176.2533486363422
4162,69.36666666666666,-1.9936677125631377,-3.7193719882673406,4,1283.534524030727,172.53397664807486
4163,69.38333333333334,-2.9206349206349387,-6.041666666666686,3,1280.613889110092,166.49230998140817
4164,69.4,-1.666666666666515,-2.25,3,1278.9472224434255,164.24230998140817
4165,69.41666666666667,-1.794871794871824,-3.738475177304963,3,1277.1523506485537,160.5038348041032
4166,69.43333333333334,-0.5555555555556566,-1.799572649572724,3,1276.596795092998,158.70426215453048
4167,69.45,-0.8306010928963588,-1.7814207650273488,3,1275.7661940001017,156.92284138950313
4168,69.46666666666667,0.18509844739355685,-1.6755102040816041,3,1275.9512924474952,155.24733118542153
4169,69.48333333333333,0.0,-1.7776812852800958,3,1275.9512924474952,153.46964990014143
4170,69.5,0.0,-1.5087719298245474,3,1275.9512924474952,151.9608779703169
4171,69.51666666666667,-0.05263157894728465,-3.806524822695053,3,1275.898660868548,148.15435314762183
4172,69.53333333333333,-0.07612730000778356,-1.2430232558139664,3,1275.8225335685402,146.91132989180787
4173,69.55,-0.13650497512435322,-1.419858156028397,3,1275.6860285934158,145.49147173577947
4174,69.56666666666666,0.38297872340422145,-1.013475177304997,3,1276.06900731682,144.47799655847447
4175,69.58333333333333,1.2403100775193252,-2.8083333333332803,3,1277.3093173943394,141.6696632251412
4176,69.6,0.49178004535156106,-1.1079931972789154,3,1277.801097439691,140.56167002786228
4177,69.61666666666666,0.28042328042329245,-0.4471182412358701,3,1278.0815207201142,140.1145517866264
4178,69.63333333333334,0.0,0.0,3,1278.0815207201142,140.1145517866264
4179,69.65,0.0,0.0,3,1278.0815207201142,140.1145517866264
4180,69.66666666666667,0.5673758865248146,-0.914285714285711,3,1278.648896606639,139.2002660723407
4181,69.68333333333334,0.05618133778330048,-0.521594684385434,3,1278.7050779444223,138.67867138795526
4182,69.7,0.0,-1.1666666666666572,3,1278.7050779444223,137.5120047212886
4183,69.71666666666667,0.0625,-0.31574074074080727,3,1278.7675779444223,137.1962639805478
4184,69.73333333333333,0.0,-0.27635658914726946,3,1278.7675779444223,136.91990739140053
4185,69.75,-0.11316843939448518,-0.28750013147789844,4,1278.6544095050278,136.63240725992262
4186,69.76666666666667,-0.10897692410298987,0.03388021875414893,4,1278.5454325809249,136.66628747867676
4187,69.78333333333333,0.0,0.0,4,1278.5454325809249,136.66628747867676
4188,69.8,-6.797001823985511,0.3041394335511711,4,1271.7484307569393,136.97042691222794
4189,69.81666666666666,-11.752777777777624,1.63055555555556,4,1259.9956529791616,138.6009824677835
4190,69.83333333333333,-8.0,1.8798449612402806,4,1251.9956529791616,140.48082742902378
4191,69.85,-30.5,3.7757105943152567,4,1221.4956529791616,144.25653802333903
4192,69.86666666666666,-48.155555555555566,7.9833333333333485,4,1173.340097423606,152.23987135667238
4193,69.88333333333334,-20.601482388140994,3.702506265664141,4,1152.738615035465,155.94237762233652
4194,69.9,-48.7166462668298,9.924281810940272,4,1104.0219687686354,165.8666594332768
4195,69.91666666666667,-24.767982456140317,6.2327360955580815,5,1079.253986312495,172.09939552883486
4196,69.93333333333334,-13.516666666666652,3.0,5,1065.7373196458284,175.09939552883486
4197,69.95,-29.26984126984121,7.634920634920647,4,1036.4674783759872,182.73431616375552
4198,69.96666666666667,-11.98148148148158,3.199344718999953,4,1024.4859968945057,185.93366088275548
4199,69.98333333333333,-9.01851851851842,2.4397457158651434,4,1015.4674783759872,188.37340659862062
4200,70.0,-4.823809523809587,0.46190476190476204,4,1010.6436688521776,188.8353113605254
4201,70.01666666666667,-0.18196248196250053,-0.016738816738822493,4,1010.4617063702151,188.81857254378656
4202,70.03333333333333,0.500577200577311,-0.31168831168830025,4,1010.9622835707924,188.50688423209826
4203,70.05,0.0,0.0,4,1010.9622835707924,188.50688423209826
4204,70.06666666666666,0.0,0.0,4,1010.9622835707924,188.50688423209826
4205,70.08333333333333,0.0,0.0,4,1010.9622835707924,188.50688423209826
4206,70.1,0.0,0.0,4,1010.9622835707924,188.50688423209826
4207,70.11666666666666,0.0,0.0,4,1010.9622835707924,188.50688423209826
4208,70.13333333333334,0.0,0.0,4,1010.9622835707924,188.50688423209826
4209,70.15,0.0,0.0,4,1010.9622835707924,188.50688423209826
4210,70.16666666666667,0.0,0.0,4,1010.9622835707924,188.50688423209826
4211,70.18333333333334,0.0,0.0,4,1010.9622835707924,188.50688423209826
4212,70.2,0.0,0.0,4,1010.9622835707924,188.50688423209826
4213,70.21666666666667,0.0,0.0,4,1010.9622835707924,188.50688423209826
4214,70.23333333333333,0.0,0.0,4,1010.9622835707924,188.50688423209826
4215,70.25,2.111111111111086,-1.2437740065647631,4,1013.0733946819034,187.2631102255335
4216,70.26666666666667,6.84995984356442,-4.276720695325309,4,1019.9233545254679,182.98638953020819
4217,70.28333333333333,20.261111111111063,-15.483333333333348,3,1040.1844656365788,167.50305619687484
4218,70.3,15.808333333333394,-12.267477203647417,3,1055.9927989699122,155.23557899322742
4219,70.31666666666666,12.708333333333485,-9.0,3,1068.7011323032457,146.23557899322742
4220,70.33333333333333,28.51666666666665,-19.313131313131407,3,1097.2177989699123,126.92244768009601
4221,70.35,14.483333333333348,-8.909090909090878,3,1111.7011323032457,118.01335677100514
4222,70.36666666666666,9.0,-6.516666666666708,3,1120.7011323032457,111.49669010433843
4223,70.38333333333334,16.0,-10.655072463768107,3,1136.7011323032457,100.84161764057032
4224,70.4,4.120155038759663,-4.379844961240337,2,1140.8212873420052,96.46177267932998
4225,70.41666666666667,2.5389719453672797,-2.7392026578073114,2,1143.3602592873726,93.72257002152267
4226,70.43333333333334,4.516666666666879,-5.4833333333333485,1,1147.8769259540395,88.23923668818932
4227,70.45,1.9523809523809632,-1.7547619047618923,1,1149.8293069064205,86.48447478342743
4228,70.46666666666667,2.0,-2.0,1,1151.8293069064205,84.48447478342743
4229,70.48333333333333,2.047619047619037,-2.761904761904759,1,1153.8769259540395,81.72257002152267
4230,70.5,4.047619047619037,-4.761904761904759,1,1157.9245450016585,76.96066525961791
4231,70.51666666666667,1.712070874861638,-1.4784053156146229,1,1159.6366158765202,75.48225994400329
4232,70.53333333333333,0.7569767441859767,-1.759689922480618,1,1160.3935926207062,73.72257002152267
4233,70.55,1.4833333333333485,-0.5166666666667084,1,1161.8769259540395,73.20590335485596
4234,70.56666666666666,0.0,-0.9666666666666401,1,1161.8769259540395,72.23923668818932
4235,70.58333333333333,2.0,-0.5166666666666515,1,1163.8769259540395,71.72257002152267
4236,70.6,4.300813008130035,-3.5528455284552933,1,1168.1777389621695,68.16972449306738
4237,70.61666666666666,1.699186991869965,-0.44715447154470667,1,1169.8769259540395,67.72257002152267
4238,70.63333333333334,2.047619047619037,-0.7619047619047592,1,1171.9245450016585,66.96066525961791
4239,70.65,1.3968253968253066,-0.921855921855979,1,1173.3213703984839,66.03880933776193
4240,70.66666666666667,0.0,0.0,1,1173.3213703984839,66.03880933776193
4241,70.68333333333334,0.0,0.0,1,1173.3213703984839,66.03880933776193
4242,70.7,0.0,0.0,1,1173.3213703984839,66.03880933776193
4243,70.71666666666667,0.0,0.0,1,1173.3213703984839,66.03880933776193
4244,70.73333333333333,-1.4444444444443434,1.6837606837607382,1,1171.8769259540395,67.72257002152267
4245,70.75,-2.0,2.0,1,1169.8769259540395,69.72257002152267
4246,70.76666666666667,-16.0,15.0,1,1153.8769259540395,84.72257002152267
4247,70.78333333333333,8.5,-90.75833333333335,2,1162.3769259540395,-6.035763311810683
4248,70.8,-13.0,10.51666666666668,2,1149.3769259540395,4.480903354855997
4249,70.81666666666666,-36.97368421052636,38.36447368421051,2,1112.4032417435133,42.845377039066506
4250,70.83333333333333,-21.646470828233305,23.01537127702977,3,1090.75677091528,65.86074831609628
4251,70.85,-14.13526570048316,14.705555555555577,3,1076.6215052147968,80.56630387165185
4252,70.86666666666666,-33.40008783487042,40.0,3,1043.2214173799264,120.56630387165185
4253,70.88333333333334,-17.056044314108817,18.0,3,1026.1653730658177,138.56630387165185
4254,70.9,-10.877027027027054,10.720575414123829,4,1015.2883460387907,149.28687928577568
4255,70.91666666666667,-19.430701754385836,20.0,3,995.8576442844048,169.28687928577568
4256,70.93333333333334,-4.935483870967687,5.193548387096769,3,990.9221604134372,174.48042767287245
4257,70.95,-4.720720720720692,5.806451612903231,3,986.2014396927165,180.28687928577568
4258,70.96666666666667,-2.2222222222222854,3.240310077519382,3,983.9792174704942,183.52718936329507
4259,70.98333333333333,-0.2403100775194389,0.829797979798002,3,983.7389073929747,184.35698734309307
4260,71.0,0.0,0.0,3,983.7389073929747,184.35698734309307
4261,71.01666666666667,0.0,0.0,3,983.7389073929747,184.35698734309307
4262,71.03333333333333,-0.033763996554739606,-1.5166666666666515,3,983.70514339642,182.84032067642642
4263,71.05,-0.10000000000002274,-0.7217915590008488,3,983.60514339642,182.11852911742557
4264,71.06666666666666,0.0,-2.0,3,983.60514339642,180.11852911742557
4265,71.08333333333333,-0.06666666666671972,-1.3888888888888573,3,983.5384767297533,178.7296402285367
4266,71.1,-1.0,-0.48333333333329165,3,982.5384767297533,178.24630689520342
4267,71.11666666666666,-1.5895164267257087,-1.0,3,980.9489603030275,177.24630689520342
4268,71.13333333333334,-1.4833333333332348,-0.5166666666667084,3,979.4656269696943,176.7296402285367
4269,71.15,-0.2403100775194389,0.06349206349207748,3,979.2253168921749,176.7931322920288
4270,71.16666666666667,-0.2763565891473263,0.0,3,978.9489603030275,176.7931322920288
4271,71.18333333333334,-0.18181818181813014,0.0,3,978.7671421212094,176.7931322920288
4272,71.2,-0.23771929824567906,-0.052631578947341495,3,978.5294228229637,176.74050071308145
4273,71.21666666666667,-0.26560846560857954,-0.1634408602150188,4,978.2638143573552,176.57705985286643
4274,71.23333333333333,0.0,-0.5256869772998698,4,978.2638143573552,176.05137287556656
4275,71.25,0.0,-0.12015503875969102,4,978.2638143573552,175.93121783680687
4276,71.26666666666667,-0.0868217054262459,0.3145994832041197,4,978.1769926519289,176.24581732001099
4277,71.28333333333333,-0.8541666666666288,4.375100887812721,4,977.3228259852623,180.6209182078237
4278,71.3,-1.0,10.623247399366846,4,976.3228259852623,191.24416560719055
4279,71.31666666666666,0.5938392492859066,16.005673387448724,4,976.9166652345482,207.24983899463928
4280,71.33333333333333,1.9061607507140934,20.609465412996798,4,978.8228259852623,227.85930440763607
4281,71.35,0.8771929824561084,17.298850574712645,4,979.7000189677184,245.15815498234872
4282,71.36666666666666,-0.3838383838384516,16.0,5,979.3161805838799,261.1581549823487
4283,71.38333333333334,0.6949494949494692,20.05263157894734,5,980.0111300788294,281.21078656129606
4284,71.4,0.0,14.0,5,980.0111300788294,295.21078656129606
4285,71.41666666666667,-0.24561403508755575,13.052631578947341,5,979.7655160437419,308.2634181402434
4286,71.43333333333334,-0.5166666666667652,11.0,6,979.2488493770751,319.2634181402434
4287,71.45,-0.31313131313135045,14.080742772553108,6,978.9357180639438,333.3441609127965
4288,71.46666666666667,-0.6247760625118985,7.931992337164772,6,978.3109420014318,341.2761532499613
4289,71.48333333333333,-1.3469431153642404,6.305158730158709,6,976.9639988860677,347.58131198012
4290,71.5,-2.1403508771929864,6.363914373088704,5,974.8236480088747,353.9452263532087
4291,71.51666666666667,-1.7352024922118403,3.7912772585669643,5,973.0884455166629,357.7365036117757
4292,71.53333333333333,-3.2588978027734186,4.6868686868686495,5,969.8295477138895,362.4233722986443
4293,71.55,-1.0058997050147411,2.6060606060605664,5,968.8236480088748,365.0294329047049
4294,71.56666666666666,-1.0570570570570226,2.0338520338520425,5,967.7665909518178,367.06328493855693
4295,71.58333333333333,-2.2403100775192115,2.240310077519382,5,965.5262808742985,369.3035950160763
4296,71.6,-2.0,0.730994152046776,5,963.5262808742985,370.0345891681231
4297,71.61666666666666,-2.030555555555452,1.775000000000034,5,961.4957253187431,371.8095891681231
4298,71.63333333333334,-1.0905735091782276,1.5341384173931232,4,960.4051518095648,373.34372758551626
4299,71.65,-0.7368972746330655,0.129789934035216,5,959.6682545349317,373.4735175195515
4300,71.66666666666667,0.0,0.0,5,959.6682545349317,373.4735175195515
4301,71.68333333333334,0.0,0.0,5,959.6682545349317,373.4735175195515
4302,71.7,-0.6972222222222513,-0.6822428733509582,4,958.9710323127094,372.7912746462005
4303,71.71666666666667,-1.6437134502923527,-1.463011695906431,6,957.3273188624171,371.32826295029406
4304,71.73333333333333,-1.0046576618537415,-0.35123456790122987,6,956.3226612005633,370.97702838239286
4305,71.75,-0.2813417190774885,0.0,6,956.0413194814857,370.97702838239286
4306,71.76666666666667,0.0,0.0,6,956.0413194814857,370.97702838239286
4307,71.78333333333333,0.0,0.05686035097799902,6,956.0413194814857,371.0338887333709
4308,71.8,0.0654970760233482,1.0020202020202191,5,956.1068165575091,372.0359089353911
4309,71.81666666666666,0.24242424242413563,4.686868686868706,5,956.3492407999332,376.7227776222598
4310,71.83333333333333,-0.22222222222228538,6.6868686868686495,5,956.1270185777109,383.40964630912845
4311,71.85,-0.24031007751921152,6.0,5,955.8867085001917,389.40964630912845
4312,71.86666666666666,0.0,12.266666666666708,5,955.8867085001917,401.67631297579516
4313,71.88333333333334,0.533333333333303,18.749206349206304,5,956.420041833525,420.42551932500146
4314,71.9,0.4761904761905953,14.761904761904816,5,956.8962323097156,435.1874240869063
4315,71.91666666666667,-1.251572327044073,18.48333333333335,5,955.6446599826716,453.6707574202396
4316,71.93333333333334,-0.4833333333333485,12.71859621859619,5,955.1613266493382,466.3893536388358
4317,71.95,-2.5031446540880324,10.240310077519325,5,952.6581819952502,476.62966371635514
4318,71.96666666666667,-2.7842377260981266,10.74595006670478,4,949.873944269152,487.3756137830599
4319,71.98333333333333,-2.24231902356901,5.907407407407391,4,947.631625245583,493.2830211904673
4320,72.0,-2.951058201058231,4.384169884169864,4,944.6805670445248,497.6671910746372
4321,72.01666666666667,-2.6721364221364183,3.7261904761904816,4,942.0084306223883,501.39338155082766
4322,72.03333333333333,-1.8234129224053248,2.371871871871889,4,940.1850176999831,503.7652534226995
4323,72.05,-1.0370370370370097,1.1792846768336744,4,939.1479806629461,504.9445380995332
4324,72.06666666666666,-1.525000000000034,1.4976643309976794,4,937.622980662946,506.44220243053087
4325,72.08333333333333,-1.7416666666666174,1.8888888888889142,4,935.8813139962795,508.3310913194198
4326,72.1,-1.5884276729559872,1.0274213836478054,4,934.2928863233235,509.3585127030676
4327,72.11666666666666,-1.2355421525980432,1.0022461814915005,4,933.0573441707254,510.3607588845591
4328,72.13333333333334,-1.258687258687246,0.7424497166697961,4,931.7986569120382,511.1032086012289
4329,72.15,-0.9880952380952408,0.2976190476190368,4,930.8105616739429,511.40082764884795
4330,72.16666666666667,-0.2746031746031008,-0.020000000000010232,4,930.5359584993398,511.3808276488479
4331,72.18333333333334,-0.3350427350428191,0.04487179487176718,4,930.200915764297,511.4256994437197
4332,72.2,0.0,0.0,5,930.200915764297,511.4256994437197
4333,72.21666666666667,1.7596899224807885,0.0,5,931.9606056867777,511.4256994437197
4334,72.23333333333333,3.101234567901315,-1.5679012345678984,5,935.061840254679,509.8577982091518
4335,72.25,7.963636363636283,-7.351515151515173,5,943.0254766183153,502.5062830576366
4336,72.26666666666667,11.251457975986341,-10.843453401943975,5,954.2769345943017,491.66282965569263
4337,72.28333333333333,20.177498252970054,-20.619846261355633,5,974.4544328472717,471.042983394337
4338,72.3,18.0,-18.370370370370438,5,992.4544328472717,452.67261302396656
4339,72.31666666666666,17.487407407407318,-17.81481481481478,5,1009.941840254679,434.8577982091518
4340,72.33333333333333,18.00501253132836,-23.0,5,1027.9468527860074,411.8577982091518
4341,72.35,9.533333333333303,-14.0,5,1037.4801861193407,397.8577982091518
4342,72.36666666666666,6.466666666666697,-12.0,6,1043.9468527860074,385.8577982091518
4343,72.38333333333334,7.508333333333326,-13.741666666666674,6,1051.4551861193409,372.1161315424851
4344,72.4,3.2228636260893495,-7.1052832974034885,6,1054.6780497454301,365.0108482450816
4345,72.41666666666667,2.4859815827558407,-6.450525870313868,6,1057.164031328186,358.56032237476774
4346,72.43333333333334,0.8432624113474958,-6.212551042338305,6,1058.0072937395335,352.34777133242943
4347,72.45,0.9666666666665833,-3.643939393939405,5,1058.9739604062001,348.70383193849
4348,72.46666666666667,0.7278911564626469,-3.3062521769418254,5,1059.7018515626628,345.3975797615482
4349,72.48333333333333,1.921572802441517,-2.7194719471947053,5,1061.6234243651043,342.67810781435344
4350,72.5,1.8155819656668655,-2.4133333333333553,5,1063.439006330771,340.2647744810201
4351,72.51666666666667,1.47364341085256,-2.0338294353886113,5,1064.9126497416237,338.2309450456315
4352,72.53333333333333,3.759503128794279,-2.453721864200986,5,1068.672152870418,335.7772231814305
4353,72.55,3.775011399908749,-2.7801418439716485,5,1072.4471642703265,332.99708133745884
4354,72.56666666666666,3.0156862745098465,-2.4964539007091844,5,1075.4628505448363,330.50062743674965
4355,72.58333333333333,1.7982456140350678,-2.2198581560283515,5,1077.2610961588714,328.2807692807213
4356,72.6,0.27635658914744,-1.1668225027271433,5,1077.537452748019,327.11394677799416
4357,72.61666666666666,0.0,0.0,5,1077.537452748019,327.11394677799416
4358,72.63333333333334,0.0,0.0,5,1077.537452748019,327.11394677799416
4359,72.65,0.37684210526322204,-0.08877192982453153,5,1077.9142948532822,327.0251748481696
4360,72.66666666666667,0.28368794326229363,-0.48148148148149517,5,1078.1979827965445,326.5436933666881
4361,72.68333333333334,1.13891156015859,-0.4143182358312316,6,1079.336894356703,326.1293751308569
4362,72.7,0.0,0.0,6,1079.336894356703,326.1293751308569
4363,72.71666666666667,0.10056806227646575,1.064824062514461,6,1079.4374624189795,327.19419919337133
4364,72.73333333333333,-0.13817829457372,6.529829766958343,6,1079.2992841244059,333.7240289603297
4365,72.75,0.016912554235091193,14.948992631767169,6,1079.316196678641,348.67302159209686
4366,72.76666666666667,0.005789549862470267,25.624194466333932,6,1079.3219862285036,374.29721605843076
4367,72.78333333333333,-1.2243059385916695,23.18085489704262,6,1078.097680289912,397.4780709554734
4368,72.8,-2.0,25.7626126126126,5,1076.097680289912,423.240683568086
4369,72.81666666666666,-1.2836879432624073,26.380191427382442,5,1074.8139923466497,449.62087499546845
4370,72.83333333333333,-0.7163120567375927,32.92564463197374,5,1074.0976802899122,482.5465196274422
4371,72.85,0.0,0.0,5,1074.0976802899122,482.5465196274422
4372,72.86666666666666,0.0,0.0,6,1074.0976802899122,482.5465196274422
4373,72.88333333333334,0.0,0.0,2,1074.0976802899122,482.5465196274422
