frame,time_s,pan_dx,pan_dy,n_targets,ball_x,ball_y
0,0.0,0.0,0.0,7,640.0,360.0
1,0.016666666666666666,0.0,0.0,7,640.0,360.0
2,0.03333333333333333,0.0,0.0,7,640.0,360.0
3,0.05,0.0,0.0,7,640.0,360.0
4,0.06666666666666667,0.0,0.0,7,640.0,360.0
5,0.08333333333333333,0.0,0.0,7,640.0,360.0
6,0.1,-0.4302650754263482,0.8224637681159379,7,639.5697349245736,360.82246376811594
7,0.11666666666666667,-2.4485544217687334,3.177536231884062,7,637.1211805028049,364.0
8,0.13333333333333333,-7.0811594202898505,6.49941361177315,7,630.0400210825151,370.49941361177315
9,0.15,-13.324993372855204,10.516641091608903,6,616.7150277096598,381.01605470338205
10,0.16666666666666666,-20.53481978317643,15.038934976454414,6,596.1802079264834,396.05498967983647
11,0.18333333333333332,-25.36102941176466,18.434639764996916,6,570.8191785147187,414.4896294448334
12,0.2,-27.063664302600444,19.90290395410014,6,543.7555142121182,434.39253339893355
13,0.21666666666666667,-28.696502781777156,21.61486434725026,7,515.0590114303411,456.0073977461838
14,0.23333333333333334,-27.0,20.52777777777777,7,488.0590114303411,476.5351755239616
15,0.25,-22.70164070612674,15.490988814798925,8,465.3573707242144,492.0261643387605
16,0.26666666666666666,-16.59313725490199,10.47310853436403,9,448.7642334693124,502.49927287312454
17,0.2833333333333333,-13.013345403060697,6.988538107916611,8,435.7508880662517,509.48781098104115
18,0.3,-8.81576670128075,5.358451889527743,8,426.935121364971,514.8462628705689
19,0.31666666666666665,-4.529896782027919,3.623263605304203,8,422.4052245829431,518.4695264758732
20,0.3333333333333333,-1.2535101952767604,1.801803264118064,8,421.15171438766635,520.2713297399912
21,0.35,-0.16323286672496806,0.3706896411722198,8,420.9884815209414,520.6420193811634
22,0.36666666666666664,0.0,0.0,8,420.9884815209414,520.6420193811634
23,0.38333333333333336,0.0,-0.11988011988015046,8,420.9884815209414,520.5221392612833
24,0.4,-0.6786332242821231,-0.3664659166828983,8,420.30984829665925,520.1556733446005
25,0.4166666666666667,-0.7612873448845789,-0.3129034404576885,8,419.5485609517747,519.8427699041428
26,0.43333333333333335,-0.4310177981647314,-0.27043746228892473,8,419.11754315361,519.5723324418539
27,0.45,-0.1941409977479509,-0.10764305628666193,8,418.92340215586205,519.4646893855672
28,0.4666666666666667,0.0,0.0,8,418.92340215586205,519.4646893855672
29,0.48333333333333334,0.0,0.0,8,418.92340215586205,519.4646893855672
30,0.5,-0.3585314685314813,-0.18181015701142655,8,418.56487068733054,519.2828792285558
31,0.5166666666666667,-0.09470929770139946,-0.07482902871689134,8,418.47016138962914,519.2080501998389
32,0.5333333333333333,0.6030183727033886,0.23804105402732034,8,419.07317976233253,519.4460912538663
33,0.55,4.427903046210133,2.833302404241465,8,423.50108280854266,522.2793936581077
34,0.5666666666666667,10.256249110826559,6.79695687527547,8,433.7573319193692,529.0763505333831
35,0.5833333333333334,14.300696327811806,9.583924564364878,8,448.058028247181,538.660275097748
36,0.6,16.05052209382916,10.447665545912486,8,464.1085503410102,549.1079406436605
37,0.6166666666666667,16.530459030459014,9.711271925516144,6,480.63900937146923,558.8192125691767
38,0.6333333333333333,14.497042497042514,8.0,7,495.13605186851174,566.8192125691767
39,0.65,8.247063795607488,5.35395055850978,6,503.38311566411926,572.1731631276864
40,0.6666666666666666,2.2339585490512093,2.2892987816348693,6,505.61707421317044,574.4624619093213
41,0.6833333333333333,0.0,0.6769443177788048,6,505.61707421317044,575.1394062271002
42,0.7,0.0,0.0,6,505.61707421317044,575.1394062271002
43,0.7166666666666667,0.0,0.0,6,505.61707421317044,575.1394062271002
44,0.7333333333333333,0.05824372759857965,0.0,6,505.675317940769,575.1394062271002
45,0.75,0.0,-0.011656746031746934,6,505.675317940769,575.1277494810683
46,0.7666666666666667,0.10680696162974357,0.0,6,505.7821249023987,575.1277494810683
47,0.7833333333333333,0.0,0.059100595098954045,6,505.7821249023987,575.1868500761673
48,0.8,0.03051001821492605,0.058563888530272834,6,505.8126349206136,575.2454139646975
49,0.8166666666666667,0.0,0.025721500721488155,6,505.8126349206136,575.271135465419
50,0.8333333333333334,0.07302079334111511,0.0,6,505.88565571395475,575.271135465419
51,0.85,2.288025889967628,-0.634304207119726,7,508.1736816039224,574.6368312582993
52,0.8666666666666667,10.6428901657751,-1.4775132275132137,7,518.8165717696975,573.159318030786
53,0.8833333333333333,24.60928492722917,-2.8626623512652714,6,543.4258566969266,570.2966556795208
54,0.9,42.85488041370394,-4.153356945342239,6,586.2807371106305,566.1432987341785
55,0.9166666666666666,49.92068280303579,-2.4580802618077087,5,636.2014199136663,563.6852184723708
56,0.9333333333333333,55.35243011268034,-1.1277876001885545,6,691.5538500263467,562.5574308721823
57,0.95,36.45996625361707,-1.738510394228598,6,728.0138162799637,560.8189204779537
58,0.9666666666666667,25.82231865268261,-1.3502802355175731,6,753.8361349326464,559.4686402424361
59,0.9833333333333333,14.024999999999977,-0.6260479988103498,5,767.8611349326463,558.8425922436257
60,1.0,6.4583333333332575,-0.04556354916053351,5,774.3194682659796,558.7970286944652
61,1.0166666666666666,1.8205823293172898,0.07098393574290185,5,776.1400505952969,558.8680126302081
62,1.0333333333333334,0.03382943538872496,-0.035013099090747346,5,776.1738800306856,558.8329995311174
63,1.05,0.19443628171211458,0.0,5,776.3683163123977,558.8329995311174
64,1.0666666666666667,1.44855586391202,-0.02120511635064304,5,777.8168721763097,558.8117944147667
65,1.0833333333333333,2.0960784313725753,-0.1284271284271199,5,779.9129506076823,558.6833672863396
66,1.1,2.1071705426354583,0.0,5,782.0201211503178,558.6833672863396
67,1.1166666666666667,2.721751025991921,0.0,5,784.7418721763097,558.6833672863396
68,1.1333333333333333,2.4872807017543437,-0.6745550745552009,5,787.229152878064,558.0088122117844
69,1.15,1.9175084175084294,-0.5307181403070445,5,789.1466612955725,557.4780940714774
70,1.1666666666666667,0.49500673433851716,-0.5086611158963024,5,789.641668029911,556.969432955581
71,1.1833333333333333,0.0,-1.3994009866102601,5,789.641668029911,555.5700319689709
72,1.2,-0.7905982905983819,-4.67521367521374,5,788.8510697393126,550.8948182937571
73,1.2166666666666666,1.22156862745112,-8.362286324786282,5,790.0726383667637,542.5325319689708
74,1.2333333333333334,4.779461279461316,-12.903921568627482,5,794.852099646225,529.6286104003434
75,1.25,10.865130158316845,-17.47205630970339,6,805.7172298045418,512.15655409064
76,1.2666666666666666,13.398607198748039,-17.558571038890165,6,819.1158370032899,494.5979830517499
77,1.2833333333333334,14.096699600588636,-16.719034199831327,6,833.2125366038786,477.8789488519186
78,1.3,10.713478399489873,-13.32407565280539,7,843.9260150033684,464.5548731991132
79,1.3166666666666667,7.770506989258649,-10.02450115953954,6,851.6965219926271,454.53037203957365
80,1.3333333333333333,4.516596021199632,-6.096313224892157,6,856.2131180138267,448.4340588146815
81,1.35,3.0697013744502897,-3.3756946520373674,6,859.282819388277,445.0583641626441
82,1.3666666666666667,2.0325526322178007,-1.4147201114427048,6,861.3153720204948,443.6436440512014
83,1.3833333333333333,1.2838515824715842,-0.2617158681366334,6,862.5992236029664,443.3819281830648
84,1.4,0.4944174633415628,-0.180169898081175,6,863.093641066308,443.2017582849836
85,1.4166666666666667,0.501544694842039,-0.013737292669873113,6,863.5951857611501,443.18802099231374
86,1.4333333333333333,1.3800359829365902,-0.12304689826487447,6,864.9752217440866,443.06497409404886
87,1.45,2.0083801498127514,-0.11514513108610913,6,866.9836018938994,442.9498289629628
88,1.4666666666666666,2.867706368741267,-0.7840160554956412,6,869.8513082626407,442.16581290746717
89,1.4833333333333334,2.968947161850565,-0.8709383292001007,6,872.8202554244913,441.29487457826707
90,1.5,2.3546107296107834,-0.8636416959946303,6,875.1748661541021,440.4312328822724
91,1.5166666666666666,1.3051477730376746,-0.900193967030873,6,876.4800139271398,439.53103891524154
92,1.5333333333333334,-0.29623459354650095,-2.354560940250593,6,876.1837793335933,437.1764779749909
93,1.55,-2.0522724473112817,-4.65786398467435,6,874.1315068862821,432.51861399031657
94,1.5666666666666667,-5.278856749311217,-8.64161669165415,6,868.8526501369709,423.87699729866245
95,1.5833333333333333,-9.627816916165102,-11.979769152956464,6,859.2248332208057,411.897228145706
96,1.6,-15.572896341454282,-15.987609313322196,6,843.6519368793515,395.9096188323838
97,1.6166666666666667,-13.67521367521374,-13.209401709401732,7,829.9767232041378,382.70021712298205
98,1.6333333333333333,-12.980000000000018,-11.924971751412443,7,816.9967232041378,370.7752453715696
99,1.65,-8.34330484330485,-9.249947401641066,8,808.6534183608329,361.52529796992854
100,1.6666666666666667,-3.971084749666943,-5.629746244593889,6,804.682333611166,355.89555172533466
101,1.6833333333333333,-1.1450796394616418,-2.8599439775910582,8,803.5372539717043,353.0356077477436
102,1.7,-0.24767229758936082,-0.5406739278420787,6,803.289581674115,352.4949338199015
103,1.7166666666666666,-0.5138888888889142,-0.07003918203622561,7,802.775692785226,352.4248946378653
104,1.7333333333333334,-0.9079365079365971,0.03672680412364571,7,801.8677562772895,352.46162144198894
105,1.75,-0.8613151024233616,-0.4168831168831275,6,801.006441174866,352.0447383251058
106,1.7666666666666666,-0.6700365748858417,-0.8565981024474922,6,800.3364045999801,351.1881402226583
107,1.7833333333333334,-1.0765311603209966,-1.4279227859368007,7,799.2598734396591,349.7602174367215
108,1.8,-1.0326445688046988,-1.2973738694561803,7,798.2272288708544,348.46284356726534
109,1.8166666666666667,-0.7643678160919762,-0.09342996155288574,7,797.4628610547625,348.36941360571245
110,1.8333333333333333,-2.132754629629744,2.764048531289859,7,795.3301064251327,351.1334621370023
111,1.85,-4.556538539759799,9.305126404494388,7,790.7735678853729,360.4385885414967
112,1.8666666666666667,-10.794341216216026,17.385582010582084,8,779.9792266691569,377.8241705520788
113,1.8833333333333333,-18.188230588026272,23.910714285714278,7,761.7909960811306,401.73488483779306
114,1.9,-23.420675620675638,30.730227645790507,6,738.370320460455,432.46511248358354
115,1.9166666666666667,-27.165739538239563,32.07409965920604,6,711.2045809222154,464.53921214278955
116,1.9333333333333333,-22.920698653198656,26.092020202020194,6,688.2838822690168,490.63123234480975
117,1.95,-17.81407407407403,21.049501915708788,5,670.4698081949427,511.68073426051853
118,1.9666666666666666,-11.593333333333362,12.891111111111115,3,658.8764748616094,524.5718453716297
119,1.9833333333333334,-6.758333333333439,7.241666666666674,3,652.1181415282759,531.8135120382964
120,2.0,-3.570934959349529,4.006300813008124,3,648.5472065689264,535.8198128513045
121,2.0166666666666666,-1.069569569569694,1.3397518185707895,3,647.4776369993567,537.1595646698753
122,2.033333333333333,-0.22807017543857455,0.0,3,647.2495668239181,537.1595646698753
123,2.05,-0.27327327327327566,0.0,3,646.9762935506449,537.1595646698753
124,2.066666666666667,-1.0209459459458685,-0.1006006006006146,3,645.955347604699,537.0589640692747
125,2.0833333333333335,-2.220720720720692,-0.026785714285665563,3,643.7346268839783,537.032178354989
126,2.1,-2.3292682926829684,0.09412132582866661,3,641.4053585912953,537.1262996808177
127,2.1166666666666667,-2.6707317073170316,0.7520325203252014,3,638.7346268839783,537.8783322011429
128,2.1333333333333333,-0.8667729930887162,1.0,3,637.8678538908896,538.8783322011429
129,2.15,0.258585858585775,0.576714513556567,3,638.1264397494754,539.4550467146995
130,2.1666666666666665,6.260236729644646,-0.07017543859649322,4,644.3866764791201,539.384871276103
131,2.183333333333333,13.530101228810395,-1.617725838425713,4,657.9167777079305,537.7671454376773
132,2.2,22.200394010725233,-2.921509351671517,4,680.1171717186558,534.8456360860058
133,2.216666666666667,24.532137383689076,-3.0352773231496997,4,704.6493091023449,531.8103587628561
134,2.2333333333333334,20.92606516290732,-2.7150918935407162,3,725.5753742652522,529.0952668693154
135,2.25,14.287426900584705,-1.6367079191181801,3,739.8628011658369,527.4585589501972
136,2.2666666666666666,5.851932367149743,-0.7241196295410646,3,745.7147335329867,526.7344393206562
137,2.283333333333333,0.7188892948483954,0.0,3,746.433622827835,526.7344393206562
138,2.3,0.0,0.2078207282912672,3,746.433622827835,526.9422600489474
139,2.316666666666667,0.29866666666657693,0.0,3,746.7322894945016,526.9422600489474
140,2.3333333333333335,1.2508888888889942,0.0,3,747.9831783833906,526.9422600489474
141,2.35,2.0,0.45202020202020776,3,749.9831783833906,527.3942802509677
142,2.3666666666666667,1.8555555555554974,1.0,3,751.8387339389461,528.3942802509677
143,2.3833333333333333,1.1702614379084935,1.2296918767506213,3,753.0089953768546,529.6239721277183
144,2.4,1.2246274509803925,1.2096162704177686,3,754.233622827835,530.833588398136
145,2.4166666666666665,1.0414789915967049,0.4721641055239161,3,755.2751018194317,531.30575250366
146,2.433333333333333,0.6909227820372053,-2.4839813800657566,3,755.9660246014689,528.8217711235942
147,2.45,-2.609304623786386,-4.188103675908565,4,753.3567199776826,524.6336674476856
148,2.466666666666667,-8.360111187823861,-16.670404643750885,4,744.9966087898588,507.96326280393475
149,2.4833333333333334,-16.643817204301058,-22.238479262672797,5,728.3527915855577,485.72478354126196
150,2.5,-25.883730158730145,-28.78025583982196,5,702.4690614268276,456.94452770144
151,2.5166666666666666,-26.43647392290245,-25.888976506146918,6,676.0325875039251,431.0555511952931
152,2.533333333333333,-26.091812297734577,-23.87474120082811,7,649.9407752061906,407.180809994465
153,2.55,-21.181286549707465,-19.310915587918032,7,628.7594886564831,387.86989440654696
154,2.566666666666667,-15.448863636363626,-13.914832535885182,10,613.3106250201195,373.9550618706618
155,2.5833333333333335,-11.0,-12.0,9,602.3106250201195,361.9550618706618
156,2.6,-7.197727272727207,-6.422474747474723,9,595.1128977473923,355.53258712318706
157,2.6166666666666667,-4.062895437895463,-5.350000000000023,11,591.0500023094968,350.18258712318703
158,2.6333333333333333,-1.585429385429336,-3.711538461538453,10,589.4645729240674,346.4710486616486
159,2.65,-1.3074074074073678,-1.267790262172241,11,588.15716551666,345.20325839947634
160,2.6666666666666665,-0.5917602996253208,0.0,11,587.5654052170347,345.20325839947634
161,2.683333333333333,-0.1995884773662624,-0.01456639566396234,10,587.3658167396684,345.1886920038124
162,2.7,-0.4553338413419965,-0.030762402607194872,10,586.9104828983263,345.1579296012052
163,2.716666666666667,-1.0092855533017655,-0.11111111111119953,15,585.9011973450246,345.046818490094
164,2.7333333333333334,-1.533333333333303,-0.0813131313131521,13,584.3678640116913,344.96550535878083
165,2.75,-1.6052910052910647,0.0,13,582.7625730064002,344.96550535878083
166,2.7666666666666666,-0.3486524197693939,-0.22723295447525516,12,582.4139205866309,344.7382724043056
167,2.783333333333333,1.0629818069688213,-2.7825281785192715,13,583.4769023935996,341.9557442257863
168,2.8,5.2516264353365045,-6.0021590658735136,12,588.7285288289361,335.9535851599128
169,2.816666666666667,10.033829435388611,-9.162835249042132,9,598.7623582643247,326.79074991087066
170,2.8333333333333335,17.216293183940195,-13.125769745649222,10,615.9786514482648,313.66498016522144
171,2.85,20.48333333333329,-16.350051783424874,10,636.4619847815982,297.31492838179656
172,2.8666666666666667,18.681934346772437,-10.044507575757592,10,655.1439191283706,287.27042080603894
173,2.8833333333333333,13.406885010757833,-8.918879387938773,10,668.5508041391284,278.35154141810017
174,2.9,7.173241393736589,-5.987526156871013,10,675.724045532865,272.36401526122916
175,2.9166666666666665,3.248226950354706,-3.805555555555543,11,678.9722724832197,268.5584597056736
176,2.933333333333333,1.1083202511773607,-1.3772893772894008,9,680.0805927343971,267.1811703283842
177,2.95,0.0,0.0,10,680.0805927343971,267.1811703283842
178,2.966666666666667,0.07478387906888884,0.0,10,680.1553766134659,267.1811703283842
179,2.9833333333333334,0.27216380111116223,0.0,8,680.4275404145772,267.1811703283842
180,3.0,0.879329551189187,31.147003745318386,15,681.3068699657663,298.3281740737026
181,3.0166666666666666,0.0,0.026880296610158894,16,681.3068699657663,298.35505437031276
182,3.033333333333333,1.1334835257673603,0.0,15,682.4403534915336,298.35505437031276
183,3.05,0.3517636684302943,-0.44122546703681564,16,682.7921171599639,297.91382890327594
184,3.066666666666667,0.0137362637362628,-0.35327635327632834,16,682.8058534237002,297.5605525499996
185,3.0833333333333335,-2.7737206432858557,0.2025576275576384,16,680.0321327804144,297.7631101775572
186,3.1,-7.672297034557403,2.9143242202540875,14,672.359835745857,300.67743439781134
187,3.1166666666666667,-18.912280701754412,3.8628814301459897,13,653.4475550441026,304.54031582795733
188,3.1333333333333333,-30.18498446227676,7.833126934984534,14,623.2625705818259,312.37344276294186
189,3.15,-21.93658219623137,5.548519076305183,15,601.3259883855945,317.92196183924705
190,3.1666666666666665,-48.684301945323966,14.84155053779466,12,552.6416864402706,332.7635123770417
191,3.183333333333333,-36.31428235747488,11.596369340642802,12,516.3274040827957,344.3598817176845
192,3.2,-28.040648148148136,9.918679338784472,10,488.2867559346476,354.278561056469
193,3.216666666666667,-14.134401709401573,6.493675213675203,9,474.15235422524603,360.7722362701442
194,3.2333333333333334,-4.921153846153857,2.9624999999999773,11,469.2312003790922,363.7347362701442
195,3.25,-0.28931730237707143,0.46019354838711024,11,468.9418830767151,364.1949298185313
196,3.2666666666666666,0.18981481481489482,0.0,9,469.13169789153,364.1949298185313
197,3.283333333333333,-0.1522276052056668,0.0,9,468.97947028632433,364.1949298185313
198,3.3,-1.0950807446751298,0.2695370370370256,10,467.88438954164917,364.46446685556833
199,3.316666666666667,-1.1544214559387171,0.08435632183915232,10,466.7299680857104,364.5488231774075
200,3.3333333333333335,-1.0,0.0,7,465.7299680857104,364.5488231774075
201,3.35,-1.6150349650349654,0.4148332826593446,8,464.11493312067546,364.96365646006683
202,3.3666666666666667,-1.0,1.1144049187528253,9,463.11493312067546,366.07806137881965
203,3.3833333333333333,-0.9046991655687862,1.0,9,462.2102339551067,367.07806137881965
204,3.4,-0.2164102564103132,-0.017543859649094884,9,461.99382369869636,367.06051751917056
205,3.4166666666666665,0.0,-1.5533333333333985,7,461.99382369869636,365.50718418583716
206,3.433333333333333,0.5,-6.220720720720749,10,462.49382369869636,359.2864634651164
207,3.45,3.6076484018263955,-12.382303077725624,9,466.10147210052276,346.9041603873908
208,3.466666666666667,5.606823161189368,-18.40686274509804,10,471.7082952617121,328.4972976422928
209,3.4833333333333334,9.538302277432763,-16.95997652582156,9,481.2465975391449,311.5373211164712
210,3.5,7.258220720720715,-16.181992337164786,9,488.5048182598656,295.35532877930643
211,3.5166666666666666,7.205459057071948,-14.625641025641016,8,495.71027731693755,280.7296877536654
212,3.533333333333333,5.682529303497006,-9.53689283689289,8,501.39280662043456,271.1927949167725
213,3.55,1.477914740626602,-3.6499999999999773,11,502.87072136106116,267.54279491677255
214,3.566666666666667,0.14329738058552266,-3.703903441191528,11,503.0140187416467,263.838891475581
215,3.5833333333333335,0.19697513326062221,-1.9433154564733854,8,503.21099387490733,261.89557601910764
216,3.6,0.4256764740636072,-0.1408422459892904,8,503.63667034897094,261.75473377311835
217,3.6166666666666667,0.7065888848464397,-0.1963826554465129,12,504.3432592338174,261.5583511176718
218,3.6333333333333333,0.0672348484848726,0.0,10,504.41049408230225,261.5583511176718
219,3.65,0.0,0.0,11,504.41049408230225,261.5583511176718
220,3.6666666666666665,0.8118279569893048,-0.9677419354838435,9,505.22232203929156,260.59060918218796
221,3.683333333333333,1.041387731042903,-1.1921568627451506,9,506.26370977033446,259.3984523194428
222,3.7,1.1031085604973327,-1.0303030303030027,11,507.3668183308318,258.3681492891398
223,3.716666666666667,0.31060606060606233,-2.3995263273848764,10,507.67742439143785,255.96862296175493
224,3.7333333333333334,-0.49616858237556016,-3.207207207207148,9,507.1812558090623,252.76141575454778
225,3.75,-2.3218390804597675,-5.954022988505756,9,504.8594167286025,246.80739276604203
226,3.7666666666666666,-4.9907144466982345,-6.085913905792154,9,499.8687022819043,240.72147886024987
227,3.783333333333333,-4.239557284430816,-5.906080634500967,12,495.6291449974735,234.8153982257489
228,3.8,-8.635567341690745,-5.971368664015728,8,486.9935776557827,228.84402956173318
229,3.816666666666667,-7.19047619047619,-4.1856060606060055,9,479.8031014653065,224.65842350112717
230,3.8333333333333335,-0.1970760233917872,-2.9299145299145266,7,479.6060254419147,221.72850897121265
231,3.85,-2.623655913978496,0.0,11,476.9823695279362,221.72850897121265
232,3.8666666666666667,-1.0,-0.3462854349950817,9,475.9823695279362,221.38222353621757
233,3.8833333333333333,-0.45610465116283194,0.0,12,475.5262648767734,221.38222353621757
234,3.9,0.0,0.07228682170540424,7,475.5262648767734,221.45451035792297
235,3.9166666666666665,0.0,0.04950273090406654,8,475.5262648767734,221.50401308882704
236,3.933333333333333,-0.7019607843137123,0.08180574555404974,7,474.82430409245967,221.5858188343811
237,3.95,-1.791572273191747,0.30101236290173006,8,473.03273181926795,221.88683119728282
238,3.966666666666667,-2.2976944624003295,0.0,7,470.7350373568676,221.88683119728282
239,3.9833333333333334,-2.9919117647059466,-0.023611111111108585,6,467.7431255921617,221.8632200861717
240,4.0,-3.0627450980392723,-0.06382978723405586,5,464.6803804941224,221.79939029893765
241,4.016666666666667,-1.4039215686273678,0.0,6,463.27645892549504,221.79939029893765
242,4.033333333333333,0.0,0.22222222222222854,5,463.27645892549504,222.02161252115988
243,4.05,0.6252009654087942,0.15979959467736649,5,463.90165989090383,222.18141211583725
244,4.066666666666666,10.094202898550805,1.5319148936169995,6,473.99586278945463,223.71332700945425
245,4.083333333333333,7.399617871840121,3.7411008205839664,11,481.39548066129476,227.4544278300382
246,4.1,22.498457255646827,2.0,8,503.8939379169416,229.4544278300382
247,4.116666666666666,23.663235294117555,2.9289248762933084,7,527.5571732110591,232.38335270633152
248,4.133333333333334,11.464527027027088,1.937943262411352,9,539.0217002380862,234.32129596874287
249,4.15,6.0,1.2583333333333258,7,545.0217002380862,235.5796293020762
250,4.166666666666667,2.155814215024691,0.6208333333333371,6,547.1775144531109,236.20046263540954
251,4.183333333333334,0.43188775510202504,1.1751226654004086,12,547.6094022082129,237.37558530080995
252,4.2,0.44802522580300774,0.38605266554795037,8,548.057427434016,237.7616379663579
253,4.216666666666667,1.0161324786324712,0.0,6,549.0735599126484,237.7616379663579
254,4.233333333333333,1.7799783549783115,0.0,7,550.8535382676267,237.7616379663579
255,4.25,0.0,0.0,10,550.8535382676267,237.7616379663579
256,4.266666666666667,0.9966880341880255,0.07692307692306599,6,551.8502263018147,237.83856104328098
257,4.283333333333333,0.11237373737372991,0.4863082698644092,8,551.9626000391884,238.32486931314537
258,4.3,1.8911111111110586,0.3827350427349643,7,553.8537111502994,238.70760435588033
259,4.316666666666666,4.082942097026631,0.171901709401709,9,557.936653247326,238.87950606528204
260,4.333333333333333,1.8333333333333712,-0.27111111111111086,9,559.7699865806594,238.60839495417093
261,4.35,0.08888888888890278,-0.12431077694236592,9,559.8588754695484,238.48408417722857
262,4.366666666666666,0.07834757834757511,-0.10470085470086588,8,559.9372230478959,238.3793833225277
263,4.383333333333334,0.0,0.0,10,559.9372230478959,238.3793833225277
264,4.4,0.0,-2.0,9,559.9372230478959,236.3793833225277
265,4.416666666666667,1.0302098150782513,-3.6218201754386143,10,560.9674328629742,232.7575631470891
266,4.433333333333334,4.614814814814736,-6.559551559551551,7,565.5822476777889,226.19801158753754
267,4.45,9.922052607060465,-1.9861111111111143,9,575.5043002848494,224.21190047642642
268,4.466666666666667,9.092731829574063,-10.891534391534378,9,584.5970321144234,213.32036608489204
269,4.483333333333333,14.795314253647575,-4.922839506172835,6,599.392346368071,208.3975265787192
270,4.5,13.715724496426219,-5.864847303443867,8,613.1080708644972,202.53267927527534
271,4.516666666666667,7.0409599172757,0.10526315789476826,10,620.1490307817729,202.6379424331701
272,4.533333333333333,3.4418604651162923,0.09371492704821094,9,623.5908912468892,202.73165736021832
273,4.55,0.0,-0.015683650625305745,9,623.5908912468892,202.71597370959302
274,4.566666666666666,-0.18009768009767413,0.0,10,623.4107935667915,202.71597370959302
275,4.583333333333333,-0.41600563928585643,-0.1845899410505467,12,622.9947879275057,202.53138376854247
276,4.6,0.0,0.04993186378198544,12,622.9947879275057,202.58131563232445
277,4.616666666666666,0.0,0.0,14,622.9947879275057,202.58131563232445
278,4.633333333333334,0.0,0.0,9,622.9947879275057,202.58131563232445
279,4.65,-0.39749608763685274,0.0,12,622.5972918398688,202.58131563232445
280,4.666666666666667,0.04412309974046025,-0.10252131998521463,10,622.6414149396093,202.47879431233923
281,4.683333333333334,0.0,-0.40366309797104805,11,622.6414149396093,202.07513121436818
282,4.7,0.017921900983765227,-0.1790882771333031,8,622.659336840593,201.89604293723488
283,4.716666666666667,-0.18426501035196452,-0.3629629629629676,13,622.4750718302411,201.5330799742719
284,4.733333333333333,-0.36000000000001364,-1.50162037037029,9,622.115071830241,200.03145960390162
285,4.75,-1.5375000000000227,0.0,9,620.577571830241,200.03145960390162
286,4.766666666666667,-2.0,0.0,9,618.577571830241,200.03145960390162
287,4.783333333333333,-1.0949074074073906,0.383018087855298,8,617.4826644228336,200.41447769175693
288,4.8,-1.6127450980392268,1.0,11,615.8699193247944,201.41447769175693
289,4.816666666666666,-0.380527684875517,0.41228070175435505,9,615.489391639919,201.82675839351128
290,4.833333333333333,0.022843822843810813,0.0,8,615.5122354627628,201.82675839351128
291,4.85,-0.33697499255305274,0.2098407148407162,12,615.1752604702097,202.036599108352
292,4.866666666666666,-1.3595202910589421,0.16506865413622762,10,613.8157401791507,202.20166776248823
293,4.883333333333334,0.0,0.03223443223441791,11,613.8157401791507,202.23390219472265
294,4.9,0.0,0.0,9,613.8157401791507,202.23390219472265
295,4.916666666666667,-1.4568347248983287,2.3170533170533076,13,612.3589054542524,204.55095551177595
296,4.933333333333334,0.12664041994747777,0.4274400890606955,10,612.4855458741999,204.97839560083665
297,4.95,0.0,0.3047233468285526,13,612.4855458741999,205.2831189476652
298,4.966666666666667,2.0,0.0,11,614.4855458741999,205.2831189476652
299,4.983333333333333,0.2107498044474596,-0.806763285024175,12,614.6962956786474,204.47635566264103
300,5.0,0.33459595959595845,0.0,11,615.0308916382434,204.47635566264103
301,5.016666666666667,1.362547892720272,0.0,10,616.3934395309636,204.47635566264103
302,5.033333333333333,6.305228758169903,-0.3431372549019329,7,622.6986682891336,204.1332184077391
303,5.05,3.809460654288273,-3.242848258706431,7,626.5081289434219,200.89037014903266
304,5.066666666666666,0.0,-1.515931372549062,10,626.5081289434219,199.3744387764836
305,5.083333333333333,0.3235294117647527,-0.3950617283950919,7,626.8316583551866,198.9793770480885
306,5.1,0.0,0.0,10,626.8316583551866,198.9793770480885
307,5.116666666666666,0.0,0.0,8,626.8316583551866,198.9793770480885
308,5.133333333333334,0.0,0.506688596491216,10,626.8316583551866,199.48606564457972
309,5.15,1.0601851851852189,-0.34027777777777146,13,627.8918435403718,199.14578786680195
310,5.166666666666667,0.0,0.002777777777794199,11,627.8918435403718,199.14856564457975
311,5.183333333333334,0.0,0.0,9,627.8918435403718,199.14856564457975
312,5.2,0.009530791788847637,0.081959706959708,12,627.9013743321607,199.23052535153946
313,5.216666666666667,-0.5778611632270554,-0.48054371002132257,13,627.3235131689337,198.74998164151813
314,5.233333333333333,1.8205128205128176,0.5571428571429351,6,629.1440259894465,199.30712449866107
315,5.25,2.008221850613154,0.6666666666666572,12,631.1522478400597,199.97379116532773
316,5.266666666666667,6.001125040180057,0.3070175438596152,9,637.1533728802397,200.28080870918734
317,5.283333333333333,10.206469171906946,-3.289899022432884,10,647.3598420521466,196.99090968675446
318,5.3,8.844444444444434,3.9333333333332803,9,656.2042864965911,200.92424302008774
319,5.316666666666666,9.152489331436698,-3.662983029469089,7,665.3567758280278,197.26125999061867
320,5.333333333333333,3.8432427725531397,-0.8387669801462891,7,669.200018600581,196.42249301047238
321,5.35,4.5,-1.796653796653743,7,673.700018600581,194.62583921381864
322,5.366666666666666,2.0231527093596355,0.0,10,675.7231713099407,194.62583921381864
323,5.383333333333334,-0.029234654234699065,0.0,10,675.693936655706,194.62583921381864
324,5.4,0.03545454545454163,0.0,8,675.7293912011605,194.62583921381864
325,5.416666666666667,0.20560747663552092,0.0,7,675.9349986777961,194.62583921381864
326,5.433333333333334,2.7387350902166077,-0.9571076948169619,6,678.6737337680127,193.66873151900168
327,5.45,0.6060606060606233,0.0,5,679.2797943740733,193.66873151900168
328,5.466666666666667,1.5176674836601194,-0.5472972972972912,6,680.7974618577334,193.1214342217044
329,5.483333333333333,0.8242615414710599,0.2395833333333428,9,681.6217233992045,193.36101755503773
330,5.5,2.268825579741076,-0.8748297120811444,6,683.8905489789456,192.48618784295658
331,5.516666666666667,-0.001198734331239848,0.3182890515943697,6,683.8893502446144,192.80447689455096
332,5.533333333333333,0.20617283950622323,2.3024691358024825,7,684.0955230841207,195.10694603035344
333,5.55,0.0,2.536807278742799,5,684.0955230841207,197.64375330909624
334,5.566666666666666,0.0,7.0,6,684.0955230841207,204.64375330909624
335,5.583333333333333,-9.5,12.65184947327802,6,674.5955230841207,217.29560278237426
336,5.6,-33.255090611513424,32.36005811649716,6,641.3404324726073,249.65566089887142
337,5.616666666666666,-46.9597520379358,34.86724180860854,8,594.3806804346715,284.52290270747994
338,5.633333333333334,-42.61326860841427,35.51333333333335,6,551.7674118262572,320.03623604081326
339,5.65,-17.614444444444473,29.66646890858989,9,534.1529673818127,349.70270494940314
340,5.666666666666667,-22.922723280796674,23.125891508707042,10,511.230244101016,372.82859645811016
341,5.683333333333334,-15.04754143214501,17.56944183864914,9,496.182702668871,390.3980382967593
342,5.7,-7.290705128205104,10.45194805194808,9,488.8919975406659,400.8499863487074
343,5.716666666666667,-2.6978193146417198,5.345794392523345,9,486.1941782260242,406.1957807412307
344,5.733333333333333,-1.6566571379071604,2.2418162393162504,6,484.53752108811705,408.4375969805469
345,5.75,-0.9869465232908397,1.2118690472650968,7,483.5505745648262,409.649466027812
346,5.766666666666667,-1.2741869918698967,0.6083105022831035,7,482.2763875729563,410.25777653009516
347,5.783333333333333,-0.8182864792503892,0.09012341052918771,8,481.4581010937059,410.34789994062436
348,5.8,-1.4593244773967626,-0.2660818713450226,9,479.99877661630916,410.08181806927934
349,5.816666666666666,-2.4492594114089457,-0.1894067991628674,8,477.5495172049002,409.89241127011644
350,5.833333333333333,-3.062290381910657,0.26773985850857684,8,474.48722682298956,410.160151128625
351,5.85,-3.0780163926570765,0.3744860213759722,6,471.40921043033245,410.53463715000095
352,5.866666666666666,-2.357157419542773,0.8349999999999795,7,469.0520530107897,411.3696371500009
353,5.883333333333334,-2.568888888888864,0.8790560471975937,7,466.4831641219008,412.2486931971985
354,5.9,-1.5582435514895678,0.767514282729735,8,464.92492057041125,413.01620747992825
355,5.916666666666667,0.20131752305667305,1.5309894674380757,7,465.1262380934679,414.54719694736633
356,5.933333333333334,2.518559136336876,2.7621431708388116,8,467.6447972298048,417.3093401182051
357,5.95,7.093896713614981,3.0935587761675265,8,474.7386939434198,420.40289889437264
358,5.966666666666667,17.25225713253883,4.039682539682531,9,491.9909510759586,424.44258143405517
359,5.983333333333333,29.494412254412197,3.879449961802905,8,521.4853633303708,428.32203139585806
360,6.0,39.32864753006743,2.555290371111866,8,560.8140108604382,430.87732176696994
361,6.016666666666667,42.45086682883516,4.914086094207789,7,603.2648776892734,435.79140786117773
362,6.033333333333333,34.75200458190136,4.353742357157955,7,638.0168822711747,440.1451502183357
363,6.05,24.444907582838653,2.365472099492763,7,662.4617898540134,442.51062231782845
364,6.066666666666666,11.085179498428033,2.076405644512647,7,673.5469693524415,444.5870279623411
365,6.083333333333333,4.552227501205039,1.8946360153256592,7,678.0991968536465,446.48166397766676
366,6.1,1.784265064437534,0.6915708812260561,7,679.8834619180841,447.1732348588928
367,6.116666666666666,0.2816844919786945,-0.05257705257702128,7,680.1651464100628,447.12065780631576
368,6.133333333333334,0.3521084337349407,-0.19774786361426777,7,680.5172548437977,446.9229099427015
369,6.15,0.7403100775194389,-0.1922294691072466,7,681.2575649213171,446.73068047359425
370,6.166666666666667,0.8603791030975572,-0.09607843137257532,7,682.1179440244147,446.6346020422217
371,6.183333333333334,0.3200589970500687,-0.2227138643067974,7,682.4380030214647,446.4118881779149
372,6.2,0.24357736658635076,-0.16601507167544582,7,682.6815803880511,446.2458731062394
373,6.216666666666667,0.0505373794848083,0.0,6,682.7321177675359,446.2458731062394
374,6.233333333333333,0.43030336621956167,0.6214148432879796,6,683.1624211337555,446.8672879495274
375,6.25,5.085068523430607,3.1307457788141875,8,688.2474896571862,449.99803372834157
376,6.266666666666667,11.169087156707633,5.806039952967694,8,699.4165768138938,455.80407368130926
377,6.283333333333333,16.69044797410686,7.229205066656661,8,716.1070247880007,463.03327874796594
378,6.3,21.95101820960724,7.344901429063356,8,738.0580429976079,470.3781801770293
379,6.316666666666666,21.899315080630913,5.546932494588759,8,759.9573580782388,475.9251126716181
380,6.333333333333333,17.962673459036694,3.8303965866219727,8,777.9200315372755,479.75550925824007
381,6.35,13.931422351233664,1.5897754577844125,7,791.8514538885091,481.3452847160245
382,6.366666666666666,8.203193033381694,1.206913580246919,7,800.0546469218908,482.5521982962714
383,6.383333333333334,4.2007168458779915,0.856463498747587,7,804.2553637677688,483.408661795019
384,6.4,1.8181534975926752,0.1767398064204997,7,806.0735172653615,483.58540160143946
385,6.416666666666667,1.3581042252669704,0.0,7,807.4316214906285,483.58540160143946
386,6.433333333333334,2.1293498168498672,-0.3855712279416821,7,809.5609713074783,483.1998303734978
387,6.45,2.696825396825261,-0.44112009583705003,7,812.2577967043036,482.7587102776607
388,6.466666666666667,2.105363984674227,-0.6337932057558646,7,814.3631606889778,482.12491707190486
389,6.483333333333333,1.99134984726129,-0.16087469376645913,7,816.3545105362391,481.9640423781384
390,6.5,0.9525753863836144,0.0,7,817.3070859226227,481.9640423781384
391,6.516666666666667,0.0,1.0,7,817.3070859226227,482.9640423781384
392,6.533333333333333,-2.0826241134752195,3.3964747163863933,8,815.2244618091474,486.36051709452477
393,6.55,-8.100194709524999,6.372260508199901,8,807.1242670996224,492.7327776027247
394,6.566666666666666,-21.85363022648903,11.649529079000672,8,785.2706368731334,504.38230668172537
395,6.583333333333333,-32.38179684475426,17.10406752571386,6,752.8888400283791,521.4863742074392
396,6.6,-30.063323045267566,21.045136045136076,5,722.8255169831116,542.5315102525753
397,6.616666666666666,-29.128065843621357,19.08249158249157,5,693.6974511394902,561.6140018350669
398,6.633333333333334,-26.60082304526759,14.248971193415628,5,667.0966280942226,575.8629730284825
399,6.65,-16.11060291054423,9.475755949185867,4,650.9860251836784,585.3387289776684
400,6.666666666666667,-7.404026217228534,5.2353308364544375,4,643.5819989664499,590.5740598141228
401,6.683333333333334,-2.881158424908392,2.3489489443141167,4,640.7008405415415,592.9230087584369
402,6.7,-1.1006997187748766,0.9605055588126845,4,639.6001408227667,593.8835143172496
403,6.716666666666667,-0.6707869874028347,0.5658510303346418,4,638.9293538353638,594.4493653475843
404,6.733333333333333,-0.5044252176869009,0.3266606601283968,4,638.4249286176769,594.7760260077126
405,6.75,-0.40184553716250093,0.4057772860812463,4,638.0230830805144,595.1818032937939
406,6.766666666666667,-0.8883580361456325,0.3166061790795993,4,637.1347250443688,595.4984094728735
407,6.783333333333333,-1.5315530098728232,0.6747365446895515,4,635.603172034496,596.1731460175631
408,6.8,-1.5972824028993955,1.055364817607682,4,634.0058896315966,597.2285108351708
409,6.816666666666666,-2.181304164024425,1.6686612364243558,4,631.8245854675722,598.8971720715952
410,6.833333333333333,-1.9651387504907234,1.5899774712301564,4,629.8594467170815,600.4871495428254
411,6.85,-1.8784238075899111,1.644546424527448,4,627.9810229094916,602.1316959673528
412,6.866666666666666,-0.7850320270623001,1.1151919475655916,4,627.1959908824292,603.2468879149184
413,6.883333333333334,-0.7662835552738443,0.4505319862445276,4,626.4297073271554,603.6974199011629
414,6.9,-2.0212164447261785,-0.002334921079693686,4,624.4084908824292,603.6950849800833
415,6.916666666666667,-5.977083333333326,-0.5478785103784674,4,618.4314075490959,603.1472064697048
416,6.933333333333334,-14.310416666666697,-0.8661706349206213,4,604.1209908824292,602.2810358347841
417,6.95,-23.25,-0.040043290043286106,4,580.8709908824292,602.2409925447408
418,6.966666666666667,-14.5,0.7832178932178806,4,566.3709908824292,603.0242104379587
419,6.983333333333333,-14.87903928663452,1.313322571966637,4,551.4919515957946,604.3375330099253
420,7.0,-25.81171229900042,2.3259803921568505,4,525.6802392967942,606.6635134020821
421,7.016666666666667,-19.102564102564088,2.102564102564145,3,506.5776751942301,608.7660775046463
422,7.033333333333333,-5.392473118279554,0.75,4,501.18520207595054,609.5160775046463
423,7.05,-2.25,0.39749155476312836,6,498.93520207595054,609.9135690594095
424,7.066666666666666,0.0,0.0,6,498.93520207595054,609.9135690594095
425,7.083333333333333,0.0,0.15654944306628948,6,498.93520207595054,610.0701185024758
426,7.1,0.0,0.0,6,498.93520207595054,610.0701185024758
427,7.116666666666666,0.0,0.0,6,498.93520207595054,610.0701185024758
428,7.133333333333334,0.0,0.0,6,498.93520207595054,610.0701185024758
429,7.15,-0.07599807599807207,0.541606541606555,5,498.85920399995246,610.6117250440824
430,7.166666666666667,0.0,0.0,5,498.85920399995246,610.6117250440824
431,7.183333333333334,0.0,0.0,5,498.85920399995246,610.6117250440824
432,7.2,0.0,0.0,5,498.85920399995246,610.6117250440824
433,7.216666666666667,0.0,0.0,5,498.85920399995246,610.6117250440824
434,7.233333333333333,0.0,0.0,6,498.85920399995246,610.6117250440824
435,7.25,-1.107526881720446,-1.852545522110745,6,497.751677118232,608.7591795219716
436,7.266666666666667,-2.1473429951690264,-2.587431693989089,6,495.604334123063,606.1717478279826
437,7.283333333333333,-3.274316939890639,-2.263776881720446,6,492.33001718317234,603.9079709462621
438,7.3,0.0,0.0,5,492.33001718317234,603.9079709462621
439,7.316666666666666,0.0,0.0,4,492.33001718317234,603.9079709462621
440,7.333333333333333,0.0,0.0,4,492.33001718317234,603.9079709462621
441,7.35,0.0,0.0,4,492.33001718317234,603.9079709462621
442,7.366666666666666,0.0,0.0,4,492.33001718317234,603.9079709462621
443,7.383333333333334,0.0,0.0,4,492.33001718317234,603.9079709462621
444,7.4,0.0,0.0,4,492.33001718317234,603.9079709462621
445,7.416666666666667,0.0,0.0,4,492.33001718317234,603.9079709462621
446,7.433333333333334,0.0,0.0,4,492.33001718317234,603.9079709462621
447,7.45,0.0,0.0,4,492.33001718317234,603.9079709462621
448,7.466666666666667,-0.054545454545454675,0.10909090909090935,4,492.2754717286269,604.0170618553531
449,7.483333333333333,0.0,0.0,4,492.2754717286269,604.0170618553531
450,7.5,0.0,0.0,4,492.2754717286269,604.0170618553531
451,7.516666666666667,0.0,0.0,4,492.2754717286269,604.0170618553531
452,7.533333333333333,0.0,0.0,5,492.2754717286269,604.0170618553531
453,7.55,0.0,0.0,5,492.2754717286269,604.0170618553531
454,7.566666666666666,0.0,0.0,5,492.2754717286269,604.0170618553531
455,7.583333333333333,0.0,0.0,5,492.2754717286269,604.0170618553531
456,7.6,0.0,0.0,5,492.2754717286269,604.0170618553531
457,7.616666666666666,0.0,0.0,5,492.2754717286269,604.0170618553531
458,7.633333333333334,0.0,0.0,5,492.2754717286269,604.0170618553531
459,7.65,0.0,0.0,5,492.2754717286269,604.0170618553531
460,7.666666666666667,0.0,0.0,5,492.2754717286269,604.0170618553531
461,7.683333333333334,0.0,0.0,5,492.2754717286269,604.0170618553531
462,7.7,0.0,0.0,5,492.2754717286269,604.0170618553531
463,7.716666666666667,0.0,0.0,5,492.2754717286269,604.0170618553531
464,7.733333333333333,0.0,0.0,5,492.2754717286269,604.0170618553531
465,7.75,0.0,0.0,5,492.2754717286269,604.0170618553531
466,7.766666666666667,0.37878787878787534,0.0,6,492.65425960741476,604.0170618553531
467,7.783333333333333,60.733089646957325,1.5504596795377097,4,553.3873492543721,605.5675215348908
468,7.8,71.71340618995984,1.9050671051896302,4,625.100755444332,607.4725886400804
469,7.816666666666666,65.31712986719089,2.987555374619376,4,690.4178853115229,610.4601440146998
470,7.833333333333333,46.60632430732255,2.9744872968553864,4,737.0242096188455,613.4346313115552
471,7.85,28.342749529190314,1.7827164399451476,3,765.3669591480358,615.2173477515004
472,7.866666666666666,10.453627180899844,1.5724104520543278,3,775.8205863289356,616.7897582035547
473,7.883333333333334,0.5568217199078163,0.7954545454545041,3,776.3774080488434,617.5852127490092
474,7.9,-0.4950584007187331,0.0015402387369931603,3,775.8823496481248,617.5867529877462
475,7.916666666666667,0.32328527741373136,-0.17331336204210857,3,776.2056349255386,617.4134396257041
476,7.933333333333334,1.8190589313995815,-0.2986788363756432,3,778.0246938569381,617.1147607893284
477,7.95,1.7571684587812797,-0.12931637380893335,3,779.7818623157194,616.9854444155195
478,7.966666666666667,1.0,0.0,3,780.7818623157194,616.9854444155195
479,7.983333333333333,0.8099688473520246,0.700934579439263,3,781.5918311630714,617.6863789949588
480,8.0,2.088702147525737,1.0296281114071917,3,783.6805333105972,618.716007106366
481,8.016666666666667,4.139847776579131,1.4207119741099632,3,787.8203810871763,620.1367190804759
482,8.033333333333333,4.70701388258783,1.7070138825878303,3,792.5273949697641,621.8437329630638
483,8.05,1.8022741433022134,1.0,3,794.3296691130663,622.8437329630638
484,8.066666666666666,0.0,0.0,3,794.3296691130663,622.8437329630638
485,8.083333333333334,0.0,-1.9902744715050176,3,794.3296691130663,620.8534584915587
486,8.1,-1.4402040816326576,-7.814965986394441,3,792.8894650314337,613.0384925051643
487,8.116666666666667,-3.4387755102040956,-14.727891156462647,3,789.4506895212296,598.3106013487017
488,8.133333333333333,-7.168865526008403,-21.9497354497355,4,782.2818239952212,576.3608658989662
489,8.15,-14.986584715556774,-28.240740740740648,5,767.2952392796644,548.1201251582255
490,8.166666666666666,-13.591760299625548,-32.57490636704125,7,753.7034789800389,515.5452187911842
491,8.183333333333334,-11.333771615268063,-30.428239700374547,7,742.3697073647709,485.11697909080965
492,8.2,-9.574468085106389,-27.0,7,732.7952392796644,458.11697909080965
493,8.216666666666667,-8.09302504659712,-19.95118318011572,8,724.7022142330673,438.16579591069393
494,8.233333333333333,-7.656053264703587,-15.455249443252768,8,717.0461609683637,422.7105464674412
495,8.25,-3.67028985507244,-10.096078431372632,7,713.3758711132912,412.61446803606856
496,8.266666666666667,-1.248226950354649,-6.794326241134797,7,712.1276441629366,405.82014179493376
497,8.283333333333333,0.049021900085733705,-4.336488066208773,10,712.1766660630224,401.483653728725
498,8.3,0.3937885782189312,-2.764731645166421,8,712.5704546412413,398.7189220835586
499,8.316666666666666,-0.009987515605530461,-1.8288251505563267,11,712.5604671256358,396.89009693300227
500,8.333333333333334,-0.9043927648579029,-1.5729166666666856,7,711.6560743607779,395.3171802663356
501,8.35,-1.2395762902862089,-2.0092855533017655,9,710.4164980704917,393.3078947130338
502,8.366666666666667,-1.7166666666667538,-2.3206036915748314,6,708.6998314038249,390.987291021459
503,8.383333333333333,-2.1437378606689492,-2.5766636407024635,6,706.556093543156,388.4106273807565
504,8.4,-2.3808689698757632,-2.2825373413538443,6,704.1752245732802,386.12809003940265
505,8.416666666666666,-2.078333333333262,-1.171666666666681,8,702.0968912399469,384.95642337273597
506,8.433333333333334,-1.7853987662480506,-0.7404394716688216,8,700.3114924736989,384.21598390106715
507,8.45,-1.6973540549628297,-0.7920553100965435,6,698.614138418736,383.4239285909706
508,8.466666666666667,-0.0009953814301297825,-0.318126778346425,6,698.6131430373059,383.1058018126242
509,8.483333333333333,2.048039215686316,-0.041481568077301745,7,700.6611822529923,383.0643202445469
510,8.5,9.384383650871087,0.7819840807610063,7,710.0455659038633,383.84630432530787
511,8.516666666666667,21.762367353308377,1.393278028295775,8,731.8079332571717,385.2395823536036
512,8.533333333333333,30.57913524384105,-1.1509433962264097,9,762.3870685010128,384.0886389573772
513,8.55,40.22118380062295,-2.001785714285745,7,802.6082523016357,382.08685324309147
514,8.566666666666666,40.140158772239886,-0.8044444444444423,8,842.7484110738756,381.282408798647
515,8.583333333333334,40.38441125180077,0.17521367521362663,9,883.1328223256763,381.4576224738606
516,8.6,0.0,0.45932447739676263,9,883.1328223256763,381.9169469512574
517,8.616666666666667,15.811693257100842,1.6170138716496183,6,898.9445155827772,383.53396082290703
518,8.633333333333333,4.783390906024067,1.176526469173524,6,903.7279064888012,384.71048729208053
519,8.65,0.9401367450016096,0.5111580916696994,6,904.6680432338028,385.22164538375023
520,8.666666666666666,0.44110282023171976,0.3487345034149598,6,905.1091460540345,385.5703798871652
521,8.683333333333334,1.6841143731819557,0.19370053742713367,6,906.7932604272164,385.7640804245923
522,8.7,1.9431331727624297,0.2605395043765384,6,908.7363935999788,386.02461992896883
523,8.716666666666667,1.2765876668202054,0.6763468582285554,6,910.012981266799,386.7009667871974
524,8.733333333333333,1.3789007633062056,0.9320700982166841,6,911.3918820301052,387.63303688541407
525,8.75,1.2008032128513833,1.5514865251706738,7,912.5926852429566,389.18452341058475
526,8.766666666666667,1.8593828939457921,2.000396755422315,6,914.4520681369024,391.18492016600703
527,8.783333333333333,1.477382680212827,2.260825322099862,6,915.9294508171153,393.4457454881069
528,8.8,1.7968527997810497,2.5996902490190337,6,917.7263036168963,396.04543573712596
529,8.816666666666666,0.39772727272725206,1.40300000000002,8,918.1240308896236,397.448435737126
530,8.833333333333334,-0.09915956000497772,-0.07307889892909714,6,918.0248713296186,397.37535683819686
531,8.85,-0.2557694021205634,-2.1925226372382554,7,917.769101927498,395.1828342009586
532,8.866666666666667,-2.410712617913532,-5.821796178155807,7,915.3583893095845,389.3610380228028
533,8.883333333333333,-5.074604299551083,-10.03845972123787,11,910.2837850100334,379.32257830156493
534,8.9,-15.2925514108083,-15.963284302417122,6,894.9912335992251,363.3592939991478
535,8.916666666666666,-12.70825643654598,-18.36066871724769,6,882.2829771626791,344.9986252819001
536,8.933333333333334,-12.963867243867185,-17.626089466089468,5,869.3191099188119,327.37253581581064
537,8.95,-12.120000000000005,-17.337777777777717,5,857.1991099188119,310.0347580380329
538,8.966666666666667,-11.860897064718642,-14.115466582817987,5,845.3382128540933,295.91929145521493
539,8.983333333333333,-7.9304625051192374,-10.641181617176045,4,837.4077503489741,285.27810983803886
540,9.0,-5.407894736842081,-6.999218016890836,7,831.999855612132,278.278891821148
541,9.016666666666667,-2.20006001887441,-2.6563393946439646,9,829.7997955932576,275.62255242650406
542,9.033333333333333,-2.819951338199644,0.0,7,826.979844255058,275.62255242650406
543,9.05,-1.1227939212232059,-0.32290764790764115,6,825.8570503338348,275.2996447785964
544,9.066666666666666,-1.3219047619047615,-0.09727291159771312,12,824.53514557193,275.2023718669987
545,9.083333333333334,-0.6738064791133525,-0.09120058600609582,8,823.8613390928167,275.1111712809926
546,9.1,-1.8111795105639885,-0.3657203219096914,11,822.0501595822527,274.7454509590829
547,9.116666666666667,-2.7983486757105993,-0.002955665024614973,7,819.2518109065421,274.7424952940583
548,9.133333333333333,-3.425281582789353,-1.4102426100180594,8,815.8265293237528,273.3322526840402
549,9.15,-2.2210727969350046,-1.0503962489222545,9,813.6054565268178,272.28185643511796
550,9.166666666666666,-1.1319505496569775,-0.2734649906909965,8,812.4735059771608,272.00839144442693
551,9.183333333333334,0.0,0.0,11,812.4735059771608,272.00839144442693
552,9.2,-12.431305757059135,0.07902735562311136,12,800.0422002201017,272.08741880005005
553,9.216666666666667,-10.0,0.6138888888888658,17,790.0422002201017,272.7013076889389
554,9.233333333333333,-1.6374269005848419,2.4156438729787624,13,788.4047733195168,275.1169515619177
555,9.25,-16.070231125463692,1.0702467416629986,14,772.3345421940531,276.18719830358066
556,9.266666666666667,-31.93115942028993,5.021801491681003,15,740.4033827737633,281.20899979526166
557,9.283333333333333,-1.125,0.0,13,739.2783827737633,281.20899979526166
558,9.3,-21.512926447574387,3.884976525821628,11,717.7654563261889,285.0939763210833
559,9.316666666666666,-13.589593114241097,5.750326797385696,12,704.1758632119478,290.844303118469
560,9.333333333333334,-8.253660477453565,1.9778629875279137,12,695.9222027344942,292.82216610599687
561,9.35,-11.617243867243928,2.30652680652679,7,684.3049588672503,295.12869291252366
562,9.366666666666667,-3.0,0.9638672438672984,9,681.3049588672503,296.09256015639096
563,9.383333333333333,0.0,0.0,7,681.3049588672503,296.09256015639096
564,9.4,0.0,-0.03186963732065351,7,681.3049588672503,296.0606905190703
565,9.416666666666666,-0.21259738439681541,0.0,8,681.0923614828534,296.0606905190703
566,9.433333333333334,-0.397435897435912,0.0,7,680.6949255854175,296.0606905190703
567,9.45,-0.37810945273622565,0.22072072072069204,10,680.3168161326813,296.281411239791
568,9.466666666666667,-0.4090909090908781,0.0,9,679.9077252235904,296.281411239791
569,9.483333333333333,-1.0073494547177688,0.0031565656565817335,9,678.9003757688727,296.2845678054476
570,9.5,-1.4343560976693652,0.17896956609754966,8,677.4660196712033,296.46353737154516
571,9.516666666666667,-1.667592592592655,0.5539717348927979,9,675.7984270786106,297.01750910643796
572,9.533333333333333,-1.7718320327015817,0.6027499070976887,9,674.0265950459091,297.62025901353564
573,9.55,-1.1256038647342166,0.0,7,672.9009911811748,297.62025901353564
574,9.566666666666666,-0.05464480874320543,-1.5573110624315518,9,672.8463463724316,296.0629479511041
575,9.583333333333334,0.7964691046659027,-5.9826817990752374,8,673.6428154770975,290.08026615202886
576,9.6,0.21195628415301826,-9.126607818411117,7,673.8547717612505,280.95365833361774
577,9.616666666666667,0.0,0.0,9,673.8547717612505,280.95365833361774
578,9.633333333333333,-0.13660714285714448,-8.210026669237209,8,673.7181646183933,272.74363166438053
579,9.65,-0.6835126277231893,-2.901878092667573,10,673.0346519906701,269.84175357171296
580,9.666666666666666,0.0,-3.7554700854700513,8,673.0346519906701,266.0862834862429
581,9.683333333333334,-0.10078347578348712,0.0,9,672.9338685148866,266.0862834862429
582,9.7,-0.05229341263404308,-0.7489992790844298,8,672.8815751022526,265.33728420715846
583,9.716666666666667,-0.029805352798035756,0.0,7,672.8517697494545,265.33728420715846
584,9.733333333333333,0.0,0.0,6,672.8517697494545,265.33728420715846
585,9.75,-0.5048661800486798,-0.08880778588809335,7,672.3469035694059,265.24847642127037
586,9.766666666666667,-0.2344596651446409,-0.13800925671841924,5,672.1124439042612,265.11046716455195
587,9.783333333333333,0.06697408871320931,-0.1629336846727938,10,672.1794179929744,264.94753347987916
588,9.8,-0.10470085470080903,-1.357948717948716,8,672.0747171382736,263.58958476193044
589,9.816666666666666,0.5725108225108215,-1.701078697421977,6,672.6472279607844,261.8885060645085
590,9.833333333333334,2.5952380952380736,-1.7914356787491101,7,675.2424660560225,260.09707038575937
591,9.85,2.0,-0.6353641456582579,9,677.2424660560225,259.4617062401011
592,9.866666666666667,5.104700854700866,-0.7015669515669174,6,682.3471669107234,258.76013928853416
593,9.883333333333333,6.5,-0.6600660066006583,7,688.8471669107234,258.10007328193353
594,9.9,1.25,-0.9456394498097751,8,690.0971669107234,257.15443383212374
595,9.916666666666666,0.03750000000002274,0.0,10,690.1346669107235,257.15443383212374
596,9.933333333333334,0.050990525409133625,0.0,9,690.1856574361326,257.15443383212374
597,9.95,0.0,0.0,11,690.1856574361326,257.15443383212374
598,9.966666666666667,0.46249999999997726,-0.05615295815296406,8,690.6481574361326,257.0982808739708
599,9.983333333333333,0.75,0.001125000000001819,6,691.3981574361326,257.0994058739708
600,10.0,1.5,0.11426282051283465,7,692.8981574361326,257.21366869448366
601,10.016666666666667,1.6099308099308018,0.31018518518521887,7,694.5080882460634,257.5238538796689
602,10.033333333333333,1.155725522196633,0.5663430420711961,8,695.6638137682601,258.0901969217401
603,10.05,3.5175658092282447,2.3477633477633617,11,699.1813795774883,260.43796026950344
604,10.066666666666666,-0.1779569892473205,3.5453807462295117,10,699.0034225882409,263.98334101573295
605,10.083333333333334,4.973223971283687,0.8122849309888238,10,703.9766465595246,264.79562594672177
606,10.1,3.914634146341456,1.6466490040231747,9,707.891280705866,266.44227495074495
607,10.116666666666667,3.4135856968972007,1.2200668080007517,8,711.3048664027633,267.6623417587457
608,10.133333333333333,1.2452361973703319,0.9776051760741922,8,712.5501026001336,268.6399469348199
609,10.15,0.3609869447431322,0.055995099790720815,12,712.9110895448767,268.6959420346106
610,10.166666666666666,0.152621101526222,0.026004728132392074,9,713.063710646403,268.72194676274296
611,10.183333333333334,-0.0884353741496966,-0.2865312120631245,8,712.9752752722534,268.43541555067986
612,10.2,0.6986827996792897,-0.02492877492878165,8,713.6739580719327,268.4104867757511
613,10.216666666666667,0.0,0.0,10,713.6739580719327,268.4104867757511
614,10.233333333333333,-0.08437500000000142,0.7194249983633796,12,713.5895830719327,269.1299117741145
615,10.25,1.070622346484413,2.990516773196191,9,714.660205418417,272.12042854731067
616,10.266666666666667,0.5063990529487796,8.238824215268323,10,715.1666044713659,280.359252762579
617,10.283333333333333,1.6335138930407709,15.772362396306278,11,716.8001183644067,296.13161515888527
618,10.3,-0.08437500000000142,23.684217039495906,12,716.7157433644066,319.81583219838114
619,10.316666666666666,0.08437500000000142,28.90411695015655,10,716.8001183644067,348.7199491485377
620,10.333333333333334,0.0,29.268608414239452,10,716.8001183644067,377.98855756277715
621,10.35,0.47055555555550654,25.001792114695377,11,717.2706739199622,402.9903496774725
622,10.366666666666667,1.576492422254887,19.695420667774243,8,718.8471663422171,422.68577034524674
623,10.383333333333333,1.9489795918367463,14.515610732257016,7,720.7961459340538,437.20138107750375
624,10.4,1.6819923371647292,8.89463601532566,7,722.4781382712185,446.0960170928294
625,10.416666666666666,1.0794929703554317,4.438697318007655,7,723.557631241574,450.53471441083707
626,10.433333333333334,0.47374847374845785,2.2666666666666515,7,724.0313797153224,452.8013810775037
627,10.45,0.43786848072562634,0.9384615384615245,7,724.469248196048,453.73984261596524
628,10.466666666666667,0.20319432120675174,0.8095238095238528,7,724.6724425172548,454.5493664254891
629,10.483333333333333,-0.16259057971018365,0.5694307742782598,7,724.5098519375447,455.11879719976736
630,10.5,-0.5729166666666856,0.6111111111111143,7,723.9369352708779,455.7299083108785
631,10.516666666666667,-1.3207885304659612,0.6200716845877992,7,722.616146740412,456.3499799954663
632,10.533333333333333,-0.6214752567693722,0.3061728395061323,7,721.9946714836426,456.65615283497243
633,10.55,0.09175377468062607,-0.12612007168459627,7,722.0864252583233,456.53003276328786
634,10.566666666666666,1.938010807159742,-0.8744326241134956,8,724.0244360654831,455.65560013917434
635,10.583333333333334,8.08608695652174,-2.170366707514205,8,732.1105230220048,453.48523343166016
636,10.6,17.55476338361433,-2.37965889412429,8,749.6652864056191,451.10557453753586
637,10.616666666666667,25.727048002644096,-1.3336868507350346,8,775.3923344082632,449.7718876868008
638,10.633333333333333,27.758938140403643,-1.097256909756922,8,803.1512725486668,448.6746307770439
639,10.65,19.674242424242493,-0.42667029610140617,7,822.8255149729093,448.2479604809425
640,10.666666666666666,10.326659451659339,-0.6062271062271236,7,833.1521744245687,447.6417333747154
641,10.683333333333334,2.389334760121301,0.008426966292120142,7,835.54150918469,447.6501603410075
642,10.7,-0.08217391304350485,0.08823529411762365,7,835.4593352716465,447.73839563512513
643,10.716666666666667,-0.12707989388215424,0.17159157891330779,6,835.3322553777643,447.90998721403844
644,10.733333333333333,0.6147574819401598,-0.016857553671471237,6,835.9470128597045,447.893129660367
645,10.75,1.2660784313725628,0.21856839121188898,6,837.213091291077,448.11169805157886
646,10.766666666666667,1.1237072518168532,0.2538472312001687,6,838.3367985428939,448.365545282779
647,10.783333333333333,0.19000142014851917,0.08970588235293064,6,838.5267999630424,448.4552511651319
648,10.8,0.2930600750938197,0.48590635448995556,6,838.8198600381363,448.94115751962187
649,10.816666666666666,1.0046427766508828,2.0429569528961053,6,839.8245028147871,450.98411447251794
650,10.833333333333334,2.0,4.8149873810910435,7,841.8245028147871,455.799101853609
651,10.85,3.0853658536586863,9.051282051282044,7,844.9098686684458,464.85038390489103
652,10.866666666666667,3.516666666666765,13.569999999999993,7,848.4265353351126,478.420383904891
653,10.883333333333333,2.502057613168631,16.0,7,850.9285929482812,494.420383904891
654,10.9,0.9039215686274247,16.138323045267555,7,851.8325145169086,510.5587069501586
655,10.916666666666666,0.5047814523589125,14.4451603951604,6,852.3372959692675,525.003867345319
656,10.933333333333334,0.484668403340919,11.789214402618683,6,852.8219643726085,536.7930817479377
657,10.95,0.9691030789825845,7.887318007662827,6,853.7910674515911,544.6803997556005
658,10.966666666666667,0.672751639002513,4.510402814432666,6,854.4638190905936,549.1908025700332
659,10.983333333333333,0.31491763616674007,1.466650016649993,6,854.7787367267604,550.6574525866831
660,11.0,-0.06194559944560751,0.03569444444443093,6,854.7167911273148,550.6931470311275
661,11.016666666666667,-0.12920901006006602,-0.22293727293731536,6,854.5875821172547,550.4702097581902
662,11.033333333333333,-0.18463880107714203,-0.13591686268060243,6,854.4029433161775,550.3342928955096
663,11.05,0.0,0.0,6,854.4029433161775,550.3342928955096
664,11.066666666666666,0.012328117591266619,0.49241346609767334,6,854.4152714337688,550.8267063616073
665,11.083333333333334,0.9700292397661201,2.0704979226115654,6,855.3853006735349,552.8972042842189
666,11.1,2.4513742690058393,4.441117781395604,6,857.8366749425406,557.3383220656145
667,11.116666666666667,4.552294197031074,6.748971193415628,7,862.3889691395717,564.0872932590302
668,11.133333333333333,4.853885384057833,8.387484721494644,6,867.2428545236296,572.4747779805248
669,11.15,3.8042171876050475,7.788393008654339,6,871.0470717112346,580.2631709891791
670,11.166666666666666,2.5189531785306087,6.995692970986909,6,873.5660248897652,587.2588639601661
671,11.183333333333334,1.0731579531579598,4.697318343352833,6,874.6391828429232,591.956182303519
672,11.2,0.3356525411605844,2.7830125047366607,6,874.9748353840838,594.7391948082557
673,11.216666666666667,0.0,1.0,7,874.9748353840838,595.7391948082557
674,11.233333333333333,0.0,0.17847769028867333,7,874.9748353840838,595.9176724985443
675,11.25,0.0,0.0,7,874.9748353840838,595.9176724985443
676,11.266666666666667,0.0,0.0,7,874.9748353840838,595.9176724985443
677,11.283333333333333,-0.16516354016346213,0.0173466380363152,7,874.8096718439203,595.9350191365806
678,11.3,-0.023180076628364077,0.10344827586209249,7,874.786491767292,596.0384674124427
679,11.316666666666666,-0.025210084033687963,0.20779325661214898,7,874.7612816832583,596.2462606690549
680,11.333333333333334,0.14741907261600318,-0.13699378056298883,7,874.9087007558743,596.1092668884919
681,11.35,2.0,-1.0,7,876.9087007558743,595.1092668884919
682,11.366666666666667,4.777606771835394,-1.9603174603174693,7,881.6863075277097,593.1489494281744
683,11.383333333333333,6.574906367041194,-1.640579710144948,7,888.2612138947509,591.5083697180295
684,11.4,6.421173150145137,-1.116730432010172,7,894.682387044896,590.3916392860193
685,11.416666666666666,3.7755690782059332,-0.44754170324847564,7,898.4579561231019,589.9440975827708
686,11.433333333333334,1.129411764705992,0.028073916133621424,7,899.5873678878079,589.9721714989045
687,11.45,0.8940863940863437,0.34226190476181273,7,900.4814542818942,590.3144334036663
688,11.466666666666667,1.8078431372548494,0.22870789341379805,7,902.2892974191491,590.5431412970801
689,11.483333333333333,2.8282881692003343,0.7331619278079415,7,905.1175855883494,591.276303224888
690,11.5,1.893640350877149,0.6678397854868763,7,907.0112259392265,591.9441430103749
691,11.516666666666667,0.11898471898473417,0.1694163860830713,7,907.1302106582112,592.113559396458
692,11.533333333333333,-1.6540908347062668,-0.198566035609673,8,905.476119823505,591.9149933608483
693,11.55,-5.992966751918146,-2.322369282552245,8,899.4831530715868,589.592624078296
694,11.566666666666666,-14.057740505108882,-3.9868485742819644,8,885.4254125664779,585.605775504014
695,11.583333333333334,-23.302731471292248,-4.068614024186559,8,862.1226810951857,581.5371614798274
696,11.6,-26.83924100968818,-2.899814073952456,8,835.2834400854975,578.637347405875
697,11.616666666666667,-23.640056022408885,-1.7024335507398973,7,811.6433840630887,576.934913855135
698,11.633333333333333,-14.702279202279215,-0.3081682627138207,7,796.9411048608094,576.6267455924212
699,11.65,-5.87761060488333,0.0102658284475865,7,791.0634942559261,576.6370114208688
700,11.666666666666666,-0.6277258566976798,0.0,7,790.4357683992284,576.6370114208688
701,11.683333333333334,0.01948813713522668,0.06845238095240802,7,790.4552565363637,576.7054638018212
702,11.7,-0.08732193732191718,0.097643097643072,7,790.3679345990417,576.8031068994643
703,11.716666666666667,-1.472100542892349,0.24673009623796816,6,788.8958340561494,577.0498369957022
704,11.733333333333333,-1.7814102564102825,0.45415452685250557,6,787.1144237997391,577.5039915225548
705,11.75,-1.8767800381436928,0.20976289817861016,6,785.2376437615955,577.7137544207334
706,11.766666666666667,-1.320530620990553,0.9129445128734801,6,783.9171131406049,578.6266989336068
707,11.783333333333333,-0.4473545398082024,1.0091171371890368,6,783.4697586007967,579.6358160707958
708,11.8,0.0,0.8796391112691708,6,783.4697586007967,580.515455182065
709,11.816666666666666,0.19307692307694424,-0.9252564102563952,6,783.6628355238736,579.5901987718087
710,11.833333333333334,-0.8072916666666856,-7.398437500000114,7,782.8555438572068,572.1917612718086
711,11.85,-3.029895140149165,-14.766666666666652,7,779.8256487170577,557.4250946051419
712,11.866666666666667,-4.62365762892091,-21.23220973782776,7,775.2019910881368,536.1928848673142
713,11.883333333333333,-5.622424242424131,-28.23445692883888,7,769.5795668457126,507.9584279384753
714,11.9,-4.094468085106314,-28.363331184874767,7,765.4850987606063,479.59509675360056
715,11.916666666666666,-2.8510638297873356,-25.322093378089733,7,762.634034930819,454.2730033755108
716,11.933333333333334,-2.9734249894648315,-20.59036557100717,7,759.6606099413541,433.68263780450366
717,11.95,-3.177981411862987,-14.005748746867198,6,756.4826285294911,419.67688905763646
718,11.966666666666667,-3.137571521729967,-10.116075560604145,6,753.3450570077612,409.5608134970323
719,11.983333333333333,-1.690118562447509,-5.4304115895065195,6,751.6549384453136,404.13040190752577
720,12.0,-0.850162134339115,-1.9704851005869273,10,750.8047763109745,402.15991680693884
721,12.016666666666667,-0.45384931647646454,0.06562853325110041,7,750.350926994498,402.2255453401899
722,12.033333333333333,-0.3031400966183355,0.5945604293623461,8,750.0477868978796,402.82010576955224
723,12.05,-0.4259259259259238,0.654411764705884,9,749.6218609719538,403.4745175342581
724,12.066666666666666,-0.4262388601627265,0.46567383350689795,8,749.1956221117911,403.940191367765
725,12.083333333333334,-1.075539568345306,0.14118057672331474,8,748.1200825434457,404.0813719444883
726,12.1,-1.0,0.17405038300560705,7,747.1200825434457,404.2554223274939
727,12.116666666666667,0.0,0.0,7,747.1200825434457,404.2554223274939
728,12.133333333333333,1.1423973603072284,-1.1878808326176937,6,748.2624799037529,403.0675414948762
729,12.15,5.37203660453099,-4.114590574731238,10,753.6345165082839,398.952950920145
730,12.166666666666666,11.278454945177316,-8.603857247406268,9,764.9129714534613,390.3490936727387
731,12.183333333333334,13.559696216989437,-10.0452001470195,8,778.4726676704507,380.3038935257192
732,12.2,12.501502675346643,-10.695590699622926,8,790.9741703457973,369.6083028260963
733,12.216666666666667,8.753968253968253,-9.931372549019613,9,799.7281385997655,359.6769302770767
734,12.233333333333333,3.847594246031747,-7.500620039682531,11,803.5757328457973,352.17631023739415
735,12.25,1.1166666666666742,-4.952785218253965,10,804.692399512464,347.2235250191402
736,12.266666666666667,0.6985591397849475,-2.6396328534761437,11,805.390958652249,344.58389216566405
737,12.283333333333333,0.43153861665655313,-1.055555555555543,9,805.8224972689055,343.5283366101085
738,12.3,0.0034595034595099605,0.0,10,805.8259567723651,343.5283366101085
739,12.316666666666666,-0.22794266101345784,0.10666666666666913,9,805.5980141113516,343.6350032767752
740,12.333333333333334,-0.4300431313879187,0.13342019236137048,11,805.1679709799637,343.76842346913656
741,12.35,-0.728740290442488,0.4111857341361542,11,804.4392306895212,344.1796092032727
742,12.366666666666667,-0.23114149665718742,0.5904388789636812,10,804.208089192864,344.77004808223637
743,12.383333333333333,1.757262811014158,1.9592731829573893,10,805.9653520038781,346.7293212651938
744,12.4,8.707343740826417,4.425718497834936,10,814.6726957447046,351.15503976302875
745,12.416666666666666,20.465596184745124,5.306728871594274,9,835.1382919294497,356.461768634623
746,12.433333333333334,28.89200244200245,4.8507092198581745,10,864.0302943714521,361.3124778544812
747,12.45,39.92229417206289,5.1460437710437645,12,903.952588543515,366.45852162552495
748,12.466666666666667,33.4977984977985,3.3373015873015675,11,937.4503870413135,369.7958232128265
749,12.483333333333333,20.43841269841272,1.1794871794871824,12,957.8887997397262,370.9753103923137
750,12.5,9.704595791805104,0.4486461251167384,13,967.5933955315313,371.42395651743044
751,12.516666666666667,0.8157894736841627,0.8157894736842195,13,968.4091850052155,372.23974599111466
752,12.533333333333333,-0.16887254901956794,0.5298780528920872,8,968.2403124561959,372.7696240440067
753,12.55,-0.07500000000004547,0.0,11,968.1653124561958,372.7696240440067
754,12.566666666666666,0.10580948595656992,0.0,10,968.2711219421524,372.7696240440067
755,12.583333333333334,0.14323559670782515,0.0,10,968.4143575388603,372.7696240440067
756,12.6,0.09462759462758186,0.2140313390314077,9,968.5089851334878,372.9836553830381
757,12.616666666666667,0.0,0.6727671451355661,10,968.5089851334878,373.6564225281737
758,12.633333333333333,0.0,0.5,9,968.5089851334878,374.1564225281737
759,12.65,1.0750000000000455,0.5,9,969.5839851334879,374.6564225281737
760,12.666666666666666,3.1015227701565777,-0.4308222345542134,12,972.6855079036445,374.2256002936195
761,12.683333333333334,6.127993324989575,-2.4190740740740466,13,978.8135012286341,371.80652621954545
762,12.7,13.735582606963987,-6.070821513002372,14,992.5490838355981,365.73570470654306
763,12.716666666666667,19.241581784228913,-7.564342679530256,12,1011.790665619827,358.17136202701283
764,12.733333333333333,21.121190533411095,-6.567422343738116,14,1032.9118561532382,351.6039396832747
765,12.75,17.46253229974161,-5.083333333333343,9,1050.37438845298,346.5206063499413
766,12.766666666666667,11.156364180892524,0.0,11,1061.5307526338725,346.5206063499413
767,12.783333333333333,1.764087301587324,-0.4124999999999943,11,1063.2948399354598,346.1081063499413
768,12.8,0.04825510047550097,0.0,13,1063.3430950359352,346.1081063499413
769,12.816666666666666,0.0,0.0,13,1063.3430950359352,346.1081063499413
770,12.833333333333334,0.0,0.0,13,1063.3430950359352,346.1081063499413
771,12.85,0.1298449612403374,-0.0028138528138015317,14,1063.4729399971757,346.1052924971275
772,12.866666666666667,0.17615433270088943,-0.17389096616349775,13,1063.6490943298766,345.93140153096397
773,12.883333333333333,0.12300423590738774,0.0,14,1063.7720985657838,345.93140153096397
774,12.9,0.501826984562058,-0.05544570372157409,10,1064.273925550346,345.87595582724236
775,12.916666666666666,0.012911438443325096,0.024888272461083716,10,1064.2868369887892,345.9008440997035
776,12.933333333333334,0.0,2.0554315660698705,10,1064.2868369887892,347.9562756657733
777,12.95,-0.08330942818889753,7.23458267175657,10,1064.2035275606004,355.1908583375299
778,12.966666666666667,0.0,12.70659075224296,11,1064.2035275606004,367.89744908977286
779,12.983333333333333,-2.3598554050385587,12.313098041412488,10,1061.8436721555618,380.21054713118536
780,13.0,-2.3375358267463753,21.959154880207535,12,1059.5061363288155,402.1697020113929
781,13.016666666666667,-2.1570760233918236,22.2714285714286,9,1057.3490603054238,424.44113058282153
782,13.033333333333333,-1.608108054816114,18.833333333333343,8,1055.7409522506077,443.2744639161549
783,13.05,-0.9927536231884346,13.269033110202315,8,1054.7481986274192,456.5434970263572
784,13.066666666666666,0.0,9.979804421768733,7,1054.7481986274192,466.52330144812595
785,13.083333333333334,0.5790372105125243,5.6698100442362716,7,1055.3272358379318,472.1931114923622
786,13.1,0.4507142630667431,3.113475161406015,6,1055.7779501009986,475.30658665376825
787,13.116666666666667,0.17683531746030212,2.028211805555543,6,1055.9547854184589,477.3347984593238
788,13.133333333333333,0.0,1.4184951328597606,6,1055.9547854184589,478.7532935921836
789,13.15,-0.31655146367569387,1.0739178436028851,6,1055.6382339547831,479.82721143578647
790,13.166666666666666,0.06870920735218533,1.051931145985364,6,1055.7069431621353,480.8791425817718
791,13.183333333333334,0.4284217066589804,1.121524384858418,6,1056.1353648687943,482.0006669666302
792,13.2,0.1513605442177095,1.8002513029199747,6,1056.286725413012,483.80091826955015
793,13.216666666666667,-0.18166666666672882,2.1407536231884023,6,1056.105058746345,485.94167189273855
794,13.233333333333333,-0.7933333333332939,2.521814207650266,5,1055.3117254130118,488.4634861003888
795,13.25,-0.7564604222710614,2.137278878291397,5,1054.5552649907409,490.6007649786802
796,13.266666666666667,-0.29104234179197874,1.3790467940736164,6,1054.2642226489488,491.9798117727538
797,13.283333333333333,-0.4293461344263392,1.9583725883846341,6,1053.8348765145224,493.93818436113844
798,13.3,-0.4575791776807705,2.5544784024869642,6,1053.3772973368416,496.4926627636254
799,13.316666666666666,-0.14091550715863832,2.4109290521902267,6,1053.236381829683,498.9035918158156
800,13.333333333333334,-0.21976432527492307,2.886549632671361,6,1053.0166175044083,501.79014144848696
801,13.35,-0.07599294761166675,2.092237018099638,6,1052.9406245567966,503.8823784665866
802,13.366666666666667,0.0508771929823979,2.585294758635712,6,1052.991501749779,506.4676732252223
803,13.383333333333333,-0.04803921568623082,2.161224135579772,6,1052.9434625340928,508.62889736080206
804,13.4,0.031124497991925182,1.4960862647082251,6,1052.9745870320846,510.12498362551025
805,13.416666666666666,0.34062440818206596,0.5228401343083391,6,1053.3152114402667,510.6478237598186
806,13.433333333333334,-0.10127100545679468,-0.35473408094927095,6,1053.21394043481,510.29308967886936
807,13.45,-0.7546952423903122,-2.954405558209899,6,1052.4592451924195,507.3386841206595
808,13.466666666666667,-5.041953555056125,-5.983534274853724,6,1047.4172916373634,501.3551498458057
809,13.483333333333333,-13.123496060512991,-7.4298841177560035,6,1034.2937955768505,493.92526572804974
810,13.5,-23.801154707199316,-8.335365853658573,7,1010.4926408696512,485.58989987439116
811,13.516666666666667,-24.182648401826555,-7.163795460760184,7,986.3099924678246,478.426104413631
812,13.533333333333333,-24.627536783358664,-5.481132075471692,7,961.6824556844659,472.9449723381593
813,13.55,-20.726424501424447,-3.4510243841126,6,940.9560311830414,469.4939479540467
814,13.566666666666666,-13.625013892196648,-0.9773012669168679,6,927.3310172908448,468.5166466871298
815,13.583333333333334,-5.993243243243228,-0.6264218654875151,6,921.3377740476016,467.8902248216423
816,13.6,-0.841630260968941,-0.177176198595987,6,920.4961437866326,467.7130486230463
817,13.616666666666667,0.12204541096821231,-0.08860446812316525,6,920.6181891976008,467.62444415492314
818,13.633333333333333,-0.40537280701761347,0.10820009192433133,6,920.2128163905832,467.7326442468475
819,13.65,-1.9624999999999773,-0.045734126984143586,6,918.2503163905832,467.68691011986334
820,13.666666666666666,-1.9694607843137817,-0.3554694191102499,6,916.2808556062694,467.3314407007531
821,13.683333333333334,-1.2419278341002098,-0.3315091249293829,6,915.0389277721691,466.9999315758237
822,13.7,-0.7471962715860627,-0.09728359929655994,6,914.2917315005831,466.9026479765272
823,13.716666666666667,0.0,0.0,6,914.2917315005831,466.9026479765272
824,13.733333333333333,0.5374527521852315,-0.04124579124578531,6,914.8291842527683,466.8614021852814
825,13.75,-0.11616300366307541,-0.23381164400905163,7,914.7130212491052,466.62759054127235
826,13.766666666666667,-3.6954106280192036,-1.3439398620121494,7,911.017610621086,465.2836506792602
827,13.783333333333333,-9.461329997915414,-2.898176291793334,7,901.5562806231706,462.38547438746684
828,13.8,-17.78328328328314,-3.9594155844155807,7,883.7729973398874,458.42605880305126
829,13.816666666666666,-22.129629629629676,-3.4629446640316246,7,861.6433677102577,454.96311413901964
830,13.833333333333334,-21.127725856697907,-2.838704177323109,7,840.5156418535598,452.12440996169653
831,13.85,-18.17530444633246,-2.1294117647058783,7,822.3403374072274,449.99499819699065
832,13.866666666666667,-10.72358190570975,-0.9915671136845106,6,811.6167555015177,449.00343108330617
833,13.883333333333333,-5.137135139493694,-0.7738207547170219,6,806.479620362024,448.22961032858916
834,13.9,-1.779059829059804,-0.3687991432237112,6,804.7005605329641,447.86081118536543
835,13.916666666666666,0.0,0.0,6,804.7005605329641,447.86081118536543
836,13.933333333333334,-0.28063725490198976,0.01783118231719527,6,804.4199232780621,447.87864236768263
837,13.95,-1.6531076010651304,0.0037654544722300898,6,802.766815676997,447.88240782215485
838,13.966666666666667,-3.0,0.0,6,799.766815676997,447.88240782215485
839,13.983333333333333,-3.15416666666664,0.0,6,796.6126490103304,447.88240782215485
840,14.0,-3.373168498168468,0.2557387057386933,6,793.2394805121619,448.1381465278935
841,14.016666666666667,-3.518130480630475,1.6137612387612563,6,789.7213500315314,449.75190776665477
842,14.033333333333333,-2.5629945615037286,4.0053030303030255,6,787.1583554700277,453.7572107969578
843,14.05,-0.4230769230769056,7.9623611111111074,6,786.7352785469508,461.71957190806893
844,14.066666666666666,3.9669405035967884,13.721211114026644,6,790.7022190505476,475.44078302209556
845,14.083333333333334,9.335395517638688,18.14694474860289,6,800.0376145681862,493.58772777069845
846,14.1,14.614035087719344,22.179824561403507,5,814.6516496559055,515.767552332102
847,14.116666666666667,18.54304093567248,24.521169590643296,5,833.194690591578,540.2887219227453
848,14.133333333333333,17.368775720164535,22.0289711934156,5,850.5634663117426,562.3176931161609
849,14.15,14.917973412355423,17.937139917695504,5,865.481439724098,580.2548330338564
850,14.166666666666666,9.028638795830261,12.81450571785939,4,874.5100785199282,593.0693387517158
851,14.183333333333334,3.5584698481568466,8.688576270472794,4,878.0685483680851,601.7579150221886
852,14.2,0.8180656532275918,6.001829609539783,4,878.8866140213127,607.7597446317284
853,14.216666666666667,0.42556179775283454,3.473825420088275,4,879.3121758190655,611.2335700518166
854,14.233333333333333,0.5,1.6070060207990764,5,879.8121758190655,612.8405760726157
855,14.25,0.767790262172241,0.8380489242558156,5,880.5799660812377,613.6786249968716
856,14.266666666666667,0.7905982905983819,0.32478632478637337,5,881.370564371836,614.003411321658
857,14.283333333333333,0.7755690782059332,0.09607843137251848,5,882.146133450042,614.0994897530304
858,14.3,0.5616756228627082,0.015347663247098353,5,882.7078090729048,614.1148374162775
859,14.316666666666666,0.4781693402383098,0.08058608058610162,5,883.1859784131431,614.1954234968637
860,14.333333333333334,0.3228999464953404,0.2144709223361474,5,883.5088783596384,614.4098944191999
861,14.35,0.0,0.0,5,883.5088783596384,614.4098944191999
862,14.366666666666667,-0.7744310575635893,-0.6317864288052135,6,882.7344473020748,613.7781079903947
863,14.383333333333333,-6.8143378110141555,-3.5121488472494207,6,875.9201094910607,610.2659591431452
864,14.4,-17.46732896598394,-5.989628881385897,6,858.4527805250767,604.2763302617593
865,14.416666666666666,-22.568365583191138,-9.494047619047592,6,835.8844149418856,594.7822826427117
866,14.433333333333334,-30.04718911761165,-8.111370716510919,6,805.8372258242739,586.6709119262008
867,14.45,-32.65965046562053,-7.734355779215576,6,773.1775753586534,578.9365561469853
868,14.466666666666667,-23.771428571428544,-5.816666666666663,6,749.4061467872248,573.1198894803185
869,14.483333333333333,-16.9505957005957,-5.562693728902289,4,732.455551086629,567.5571957514162
870,14.5,-9.903052261747916,-2.213664596273304,4,722.5524988248811,565.343531155143
871,14.516666666666667,-7.705947026486797,-0.7008547008546913,5,714.8465517983943,564.6426764542882
872,14.533333333333333,0.0,0.0,5,714.8465517983943,564.6426764542882
873,14.55,0.0,0.0,5,714.8465517983943,564.6426764542882
874,14.566666666666666,0.0,0.0,5,714.8465517983943,564.6426764542882
875,14.583333333333334,0.0,0.0,5,714.8465517983943,564.6426764542882
876,14.6,-0.2692307692307665,-0.46907993966817685,5,714.5773210291636,564.17359651462
877,14.616666666666667,0.0,-0.011351909184739384,5,714.5773210291636,564.1622446054353
878,14.633333333333333,0.0,0.0,5,714.5773210291636,564.1622446054353
879,14.65,-0.08888888888888857,0.0,5,714.4884321402748,564.1622446054353
880,14.666666666666666,0.0,0.0,5,714.4884321402748,564.1622446054353
881,14.683333333333334,0.0,0.0,5,714.4884321402748,564.1622446054353
882,14.7,0.08888888888888857,-0.22222222222222854,5,714.5773210291636,563.9400223832131
883,14.716666666666667,0.19856459330143394,0.0,5,714.775885622465,563.9400223832131
884,14.733333333333333,3.8422901299613557,-1.1132691509404111,4,718.6181757524264,562.8267532322727
885,14.75,2.185635282591811,-1.3793368467281937,4,720.8038110350182,561.4474163855446
886,14.766666666666667,0.6971046228710236,-0.7279075425790893,4,721.5009156578892,560.7195088429655
887,14.783333333333333,0.1301615641793319,-0.12594632576272602,4,721.6310772220686,560.5935625172028
888,14.8,0.06665374215928921,-0.016872687373790995,4,721.6977309642278,560.5766898298291
889,14.816666666666666,0.3959810874704601,0.04170968408013209,4,722.0937120516983,560.6183995139093
890,14.833333333333334,0.5904761904761813,0.07812711291413166,4,722.6841882421745,560.6965266268234
891,14.85,0.6463064295485594,0.0,4,723.330494671723,560.6965266268234
892,14.866666666666667,0.01839945280437405,-0.022982216142253264,4,723.3488941245274,560.6735444106811
893,14.883333333333333,0.0,0.0,4,723.3488941245274,560.6735444106811
894,14.9,0.0,0.9080808080807969,5,723.3488941245274,561.5816252187619
895,14.916666666666666,17.981684303350946,1.9115232583238821,4,741.3305784278783,563.4931484770858
896,14.933333333333334,39.0558487654321,3.8753246940660517,4,780.3864271933104,567.3684731711519
897,14.95,30.56792717086833,5.138825061421329,4,810.9543543641787,572.5072982325732
898,14.966666666666667,48.31597222222223,5.003412698412717,4,859.2703265864009,577.510710930986
899,14.983333333333333,44.86505050505045,3.923687996031788,4,904.1353770914513,581.4343989270178
900,15.0,37.34565656565661,4.040707070707043,4,941.4810336571079,585.4751059977249
901,15.016666666666667,33.20275613275612,2.7757941113260642,4,974.683789789864,588.2509001090509
902,15.033333333333333,17.10834964122637,2.1184607822483486,3,991.7921394310904,590.3693608912993
903,15.05,6.495750887874124,1.8059360730593994,3,998.2878903189645,592.1752969643587
904,15.066666666666666,2.110146186134102,1.0,3,1000.3980365050986,593.1752969643587
905,15.083333333333334,1.1088888888888278,0.08734421262829528,3,1001.5069253939874,593.262641176987
906,15.1,1.5809259259259534,-0.08734421262829528,3,1003.0878513199134,593.1752969643587
907,15.116666666666667,1.425208659363534,-0.5938967136150382,3,1004.5130599792769,592.5814002507436
908,15.133333333333333,1.029998170843328,-0.26108164136337564,3,1005.5430581501203,592.3203186093803
909,15.15,1.970001829156672,-0.5511249314066049,3,1007.5130599792769,591.7691936779736
910,15.166666666666666,2.591116876698834,-0.14893617021266436,3,1010.1041768559758,591.6202575077609
911,15.183333333333334,1.4879235760635083,-1.0873442126282953,3,1011.5921004320393,590.5329132951326
912,15.2,0.33818770226537254,-1.3829528158295261,3,1011.9302881343046,589.1499604793031
913,15.216666666666667,0.0,-2.840791476407901,3,1011.9302881343046,586.3091690028953
914,15.233333333333333,1.1428571428571104,-4.6601344495180115,3,1013.0731452771618,581.6490345533773
915,15.25,3.5,-6.810185185185162,3,1016.5731452771618,574.8388493681921
916,15.266666666666667,5.1037037037036725,-6.674074074074156,3,1021.6768489808654,568.1647752941179
917,15.283333333333333,2.75,-3.7813104448742934,2,1024.4268489808655,564.3834648492436
918,15.3,2.0480392156862877,-3.1408422459892904,2,1026.4748881965518,561.2426226032544
919,15.316666666666666,1.2130718954248323,-1.7408496732026038,2,1027.6879600919765,559.5017729300519
920,15.333333333333334,0.409343434343441,-0.9611111111111086,2,1028.09730352632,558.5406618189407
921,15.35,0.2815062388591514,-0.29803921568628766,2,1028.378809765179,558.2426226032544
922,15.366666666666667,0.29803921568628766,-0.20196078431371234,2,1028.6768489808653,558.0406618189406
923,15.383333333333333,0.6571969696969404,-0.25,2,1029.3340459505623,557.7906618189406
924,15.4,0.9629580690627222,-0.5174418604651123,2,1030.297004019625,557.2732199584755
925,15.416666666666666,0.7151863267021668,-1.0136826375268981,2,1031.0121903463273,556.2595373209485
926,15.433333333333334,0.5159131148248548,-1.6453987994990484,3,1031.528103461152,554.6141385214495
927,15.45,0.11163181927420851,-3.8511430577176498,3,1031.6397352804263,550.7629954637318
928,15.466666666666667,-0.5666199813258572,-9.096078431372518,4,1031.0731152991004,541.6669170323594
929,15.483333333333333,-1.262301587301522,-13.700768049155101,5,1029.8108137117988,527.9661489832042
930,15.5,-1.1801066201128947,-19.13144380991841,6,1028.630707091686,508.8347051732858
931,15.516666666666667,-1.9563282169798981,-23.984251678803403,6,1026.674378874706,484.8504534944824
932,15.533333333333333,-1.7531286549707374,-22.52464181286551,6,1024.9212502197352,462.32581168161687
933,15.55,-1.6207692307692696,-20.094957264957273,7,1023.3004809889659,442.2308544166596
934,15.566666666666666,-3.2683429037086853,-16.995705649364183,7,1020.0321380852572,425.2351487672954
935,15.583333333333334,-2.835910506938717,-12.617906336088026,7,1017.1962275783185,412.6172424312074
936,15.6,-0.7767597537457505,-7.580799141861121,8,1016.4194678245727,405.03644328934627
937,15.616666666666667,0.10803571428573377,-3.9844426406926345,8,1016.5275035388585,401.05200064865363
938,15.633333333333333,0.3125443385458766,-1.7393304370048668,7,1016.8400478774043,399.31267021164876
939,15.65,0.0,-0.06909954012758135,9,1016.8400478774043,399.2435706715212
940,15.666666666666666,0.19021879021886434,0.08639200998750596,7,1017.0302666676232,399.3299626815087
941,15.683333333333334,0.2899281451711886,0.2018268176835818,8,1017.3201948127944,399.53178949919226
942,15.7,0.3321853788805811,0.02304625199363386,8,1017.652380191675,399.5548357511859
943,15.716666666666667,0.3441734417343696,-0.04200542005423813,9,1017.9965536334093,399.5128303311317
944,15.733333333333333,0.9722273921983628,0.0,8,1018.9687810256078,399.5128303311317
945,15.75,0.4094655599243424,0.170525702635814,7,1019.3782465855321,399.6833560337675
946,15.766666666666667,-0.8346764346765099,-0.0208601906276229,8,1018.5435701508557,399.6624958431399
947,15.783333333333333,-3.797268597268612,-1.0425051585602318,8,1014.746301553587,398.61999068457965
948,15.8,-9.366104770487084,-4.599432245998514,6,1005.3801967831,394.02055843858113
949,15.816666666666666,-17.348610468998857,-9.802566496711194,7,988.0315863141011,384.21799194186997
950,15.833333333333334,-24.79914512887251,-13.321261068767683,10,963.2324411852286,370.8967308731023
951,15.85,0.0,-9.266666666666652,11,963.2324411852286,361.63006420643563
952,15.866666666666667,-20.20370911543219,-9.695238095238096,10,943.0287320697964,351.93482611119754
953,15.883333333333333,-18.352130489894193,-11.92839788089151,10,924.6766015799022,340.006428230306
954,15.9,-18.717871485943874,-9.302521008403346,13,905.9587300939584,330.7039072219027
955,15.916666666666666,-11.281238624212563,-7.539922160814854,10,894.6774914697457,323.1639850610878
956,15.933333333333334,-8.066031435884383,0.8070248871798853,12,886.6114600338614,323.9710099482677
957,15.95,-1.768843622502203,-3.658846536244141,10,884.8426164113591,320.31216341202355
958,15.966666666666667,-0.591125541125507,-1.4261298322273603,8,884.2514908702336,318.88603357979616
959,15.983333333333333,-2.4658119658120086,0.0,11,881.7856789044216,318.88603357979616
960,16.0,-0.5,-0.548931623931594,11,881.2856789044216,318.33710195586457
961,16.016666666666666,-1.066485507246341,-0.12083333333333712,8,880.2191933971753,318.21626862253123
962,16.033333333333335,-1.8710144927536305,-0.1269397885955641,10,878.3481789044217,318.08932883393567
963,16.05,-2.589768893387287,0.4392839864537734,8,875.7584100110345,318.5286128203894
964,16.066666666666666,-2.648083784207671,0.59028567218229,12,873.1103262268268,319.1188984925717
965,16.083333333333332,-0.6968718610992255,-0.1270127373227723,9,872.4134543657276,318.9918857552489
966,16.1,0.0,0.10921060365600965,7,872.4134543657276,319.1010963589049
967,16.116666666666667,-1.696164041790098,2.6854270622174283,12,870.7172903239375,321.7865234211223
968,16.133333333333333,2.243454203342253,0.18416384454121726,10,872.9607445272798,321.9706872656635
969,16.15,3.904741000877948,-2.6350943406358027,10,876.8654855281577,319.3355929250277
970,16.166666666666668,4.220720720720692,-3.3051591346698217,7,881.0862062488784,316.03043379035785
971,16.183333333333334,3.634257634257551,-2.354978354978414,7,884.720463883136,313.67545543537943
972,16.2,3.2517476555839835,-1.2200216450215748,11,887.9722115387199,312.45543379035786
973,16.216666666666665,1.925067685937222,-0.5115800865801816,9,889.897279224657,311.9438537037777
974,16.233333333333334,0.9745138888888505,-0.15422619047620856,8,890.8717931135459,311.78962751330147
975,16.25,0.0,0.0,9,890.8717931135459,311.78962751330147
976,16.266666666666666,1.2409783906692553,-0.5485664797848528,10,892.1127715042152,311.24106103351664
977,16.283333333333335,-0.4902294898840154,1.3508304240032203,14,891.6225420143312,312.59189145751986
978,16.3,-0.2561403508772173,-2.2451914270012594,13,891.366401663454,310.3467000305186
979,16.316666666666666,-5.041871701611683,-2.759462759462764,8,886.3245299618422,307.58723727105587
980,16.333333333333332,-8.27722387316902,-2.616531668553108,8,878.0473060886732,304.9707056025028
981,16.35,-9.528220710986488,0.24004957853795617,11,868.5190853776867,305.2107551810407
982,16.366666666666667,-7.0602923646401905,-1.7074829931973454,9,861.4587930130465,303.5032721878434
983,16.383333333333333,-4.3831419520206225,-1.1563063502912883,12,857.0756510610258,302.3469658375521
984,16.4,-1.0447322322322066,-0.4123015873015561,10,856.0309188287936,301.93466425025053
985,16.416666666666668,0.055815909637104255,-0.03499999999999659,6,856.0867347384307,301.89966425025057
986,16.433333333333334,-0.19584597057220776,0.27628306878307285,11,855.8908887678584,302.17594731903364
987,16.45,-0.45579579579577967,0.4541741741741703,5,855.4350929720626,302.6301214932078
988,16.466666666666665,-0.29446849446850365,0.3379688158449312,7,855.1406244775942,302.96809030905274
989,16.483333333333334,-0.4213206884439842,0.49320922608592355,13,854.7193037891502,303.46129953513866
990,16.5,-0.1380952380952749,0.2673531655224224,13,854.5812085510549,303.7286527006611
991,16.516666666666666,-0.18225735617039618,0.22396901344268372,7,854.3989511948846,303.95262171410377
992,16.533333333333335,-6.494466443293788,1.5680779774596658,13,847.9044847515909,305.52069969156344
993,16.55,-8.402992957746449,-4.634381091617911,12,839.5014917938445,300.8863185999455
994,16.566666666666666,-16.05514866979661,-4.542090656799246,13,823.4463431240479,296.3442279431463
995,16.583333333333332,-22.075042735042643,-6.16899766899769,9,801.3713003890052,290.1752302741486
996,16.6,-25.65384615384619,-3.8008130081301488,9,775.717454235159,286.37441726601844
997,16.616666666666667,-24.399176954732525,-3.3871222907767446,11,751.3182772804265,282.9872949752417
998,16.633333333333333,-18.27728395061729,-2.356502021098322,8,733.0409933298092,280.6307929541434
999,16.65,-13.568036901370235,-2.609925520379093,8,719.472956428439,278.0208674337643
1000,16.666666666666668,-5.975264878490691,-0.1264367816092431,9,713.4976915499483,277.89443065215505
1001,16.683333333333334,-2.2596498551193065,0.04208333333332348,12,711.238041694829,277.9365139854884
1002,16.7,-0.9905242390241398,-0.8264340251055984,10,710.2475174558049,277.1100799603828
1003,16.716666666666665,0.04444444444444429,0.018830801551359855,12,710.2919619002494,277.12891076193415
1004,16.733333333333334,-0.7462615815557001,0.0,9,709.5457003186937,277.12891076193415
1005,16.75,-1.3325306730879163,0.9055287171229338,12,708.2131696456057,278.0344394790571
1006,16.766666666666666,0.0,0.0708898944193379,11,708.2131696456057,278.1053293734764
1007,16.783333333333335,0.0,0.0,11,708.2131696456057,278.1053293734764
1008,16.8,-2.959196375027645,0.4825416453857798,8,705.2539732705781,278.5878710188622
1009,16.816666666666666,-0.17150837988825174,0.3051106025934587,9,705.0824648906898,278.89298162145565
1010,16.833333333333332,1.117283950617292,0.09167712910647197,10,706.1997488413072,278.9846587505621
1011,16.85,6.0,0.0,11,712.1997488413072,278.9846587505621
1012,16.866666666666667,15.711281543790193,-0.2508628031016116,12,727.9110303850973,278.7337959474605
1013,16.883333333333333,26.176827742073215,-1.7385421540557218,9,754.0878581271705,276.9952537934048
1014,16.9,30.64337204504956,-3.253170211038025,8,784.7312301722201,273.7420835823668
1015,16.916666666666668,38.53451214043183,1.8302879291251486,10,823.2657423126519,275.57237151149195
1016,16.933333333333334,40.5,-6.72708397574263,7,863.7657423126519,268.8452875357493
1017,16.95,35.129629629629676,0.0,7,898.8953719422816,268.8452875357493
1018,16.966666666666665,17.502546068594626,-2.5707740670860204,6,916.3979180108762,266.2745134686633
1019,16.983333333333334,5.032298136646034,-0.2140823393612834,7,921.4302161475223,266.06043112930206
1020,17.0,0.43175697865351026,0.026819923371647292,6,921.8619731261758,266.0872510526737
1021,17.016666666666666,-0.0643678160919876,-0.025132275132278892,8,921.7976053100838,266.0621187775414
1022,17.033333333333335,0.0984126984126874,-0.13333333333333997,6,921.8960180084964,265.9287854442081
1023,17.05,0.7167857466761234,-0.9072799332499102,9,922.6128037551725,265.02150551095815
1024,17.066666666666666,0.0,-0.7463768115942173,6,922.6128037551725,264.2751286993639
1025,17.083333333333332,-0.7581786941580049,-1.2134020618556747,10,921.8546250610145,263.06172663750823
1026,17.1,-2.599057566160212,-0.8927371713193537,11,919.2555674948543,262.16898946618886
1027,17.116666666666667,-3.247840934126401,-1.9519607843137123,10,916.0077265607279,260.21702868187515
1028,17.133333333333333,-1.9257803696191615,-0.9672976275242178,6,914.0819461911087,259.24973105435095
1029,17.15,-0.3541666666666572,0.3744684434339689,8,913.7277795244421,259.6241994977849
1030,17.166666666666668,2.794467445854025,2.9409068694307905,6,916.5222469702961,262.56510636721566
1031,17.183333333333334,9.63917690543741,9.436109952255123,7,926.1614238757336,272.0012163194708
1032,17.2,16.448529030881957,10.413459430594969,6,942.6099529066155,282.4146757500658
1033,17.216666666666665,14.140698443008233,18.5,9,956.7506513496237,300.9146757500658
1034,17.233333333333334,23.637713675213718,16.545045045045015,9,980.3883650248374,317.4597207951108
1035,17.25,17.347688206636576,14.089318360551914,8,997.736053231474,331.54903915566274
1036,17.266666666666666,14.041179653679592,11.270122319540945,7,1011.7772328851536,342.8191614752037
1037,17.283333333333335,8.251884151593458,9.620833333333337,4,1020.029117036747,352.43999480853705
1038,17.3,5.620370370370324,6.0,5,1025.6494874071172,358.43999480853705
1039,17.316666666666666,3.8922222222222445,3.0375000000000227,5,1029.5417096293395,361.4774948085371
1040,17.333333333333332,2.6760185185185605,1.1977564102564031,6,1032.217728147858,362.6752512187935
1041,17.35,1.3880178481649068,0.5038583638583418,5,1033.605745996023,363.17910958265185
1042,17.366666666666667,1.1143539467068422,0.2556094232564874,5,1034.7200999427298,363.43471900590833
1043,17.383333333333333,0.6313311688311956,0.7996047008547293,6,1035.351431111561,364.23432370676306
1044,17.4,1.9119005847953758,0.6020833333333258,6,1037.2633316963563,364.8364070400964
1045,17.416666666666668,2.302036871840528,1.7822222222222308,7,1039.5653685681968,366.6186292623186
1046,17.433333333333334,2.4569590643275205,1.5211695906432396,5,1042.0223276325244,368.13979885296186
1047,17.45,0.2453189300411509,0.364281459822422,8,1042.2676465625655,368.50408031278425
1048,17.466666666666665,-0.1921836419753049,0.0544444444444423,6,1042.07546292059,368.5585247572287
1049,17.483333333333334,-0.05305075876503906,0.09447409733122925,4,1042.022412161825,368.65299885455994
1050,17.5,1.321306745058621,1.2305690557324596,4,1043.3437189068836,369.8835679102924
1051,17.516666666666666,2.9776751991886954,2.3618095840151057,11,1046.3213941060724,372.2453774943075
1052,17.533333333333335,5.056375059899835,2.8215425805786936,8,1051.3777691659723,375.0669200748862
1053,17.55,4.936913498379113,2.4444381121243026,6,1056.3146826643515,377.5113581870105
1054,17.566666666666666,5.249630099344699,1.747040794757993,6,1061.5643127636963,379.2583989817685
1055,17.583333333333332,3.788109489239048,1.1127695908801911,9,1065.3524222529354,380.3711685726487
1056,17.6,2.5918794802867637,0.6182683691756523,6,1067.9443017332221,380.98943694182435
1057,17.616666666666667,0.0,0.03429027113236316,11,1067.9443017332221,381.0237272129567
1058,17.633333333333333,0.380171035805688,-0.05210489993098122,10,1068.3244727690278,380.9716223130257
1059,17.65,0.0,0.0,9,1068.3244727690278,380.9716223130257
1060,17.666666666666668,-0.03750000000002274,0.0,6,1068.2869727690277,380.9716223130257
1061,17.683333333333334,-0.39256609024050704,0.01806637806637923,9,1067.8944066787872,380.98968869109206
1062,17.7,-5.995694444444382,0.0,10,1061.8987122343428,380.98968869109206
1063,17.716666666666665,-12.009644582470571,1.7392592592592564,10,1049.8890676518722,382.7289479503513
1064,17.733333333333334,-15.16574074074083,1.436507936507894,5,1034.7233269111314,384.1654558868592
1065,17.75,-13.0,3.0,5,1021.7233269111314,387.1654558868592
1066,17.766666666666666,-7.720833333333303,1.6109422492401677,6,1014.0024935777981,388.7763981360994
1067,17.783333333333335,-2.0,1.0856197195366235,6,1012.0024935777981,389.862017855636
1068,17.8,0.3073215216258518,0.13283828382839147,6,1012.309815099424,389.9948561394644
1069,17.816666666666666,0.0,0.3499813363195301,9,1012.309815099424,390.34483747578395
1070,17.833333333333332,0.028283850652258025,0.0,8,1012.3380989500763,390.34483747578395
1071,17.85,0.0,0.0,9,1012.3380989500763,390.34483747578395
1072,17.866666666666667,-0.07385575589461268,0.0,6,1012.2642431941817,390.34483747578395
1073,17.883333333333333,-0.140856950067473,0.5708502024291704,10,1012.1233862441143,390.9156876782131
1074,17.9,-0.18071322747982776,2.1677482541304585,8,1011.9426730166344,393.08343593234355
1075,17.916666666666668,0.4498611111110904,5.704444444444448,8,1012.3925341277455,398.787880376788
1076,17.933333333333334,3.659090909090878,9.681709401709384,9,1016.0516250368364,408.4695897784974
1077,17.95,4.5612018680059805,5.550256410256424,10,1020.6128269048424,414.01984618875383
1078,17.966666666666665,0.0,14.250495147553963,10,1020.6128269048424,428.2703413363078
1079,17.983333333333334,3.9690211646002354,10.19146655078012,7,1024.5818480694427,438.46180788708796
1080,18.0,0.8870228080942724,7.543827907595116,10,1025.468870877537,446.0056357946831
1081,18.016666666666666,0.8593580959250176,3.5094399436421213,13,1026.328228973462,449.5150757383252
1082,18.033333333333335,0.601733648542222,0.4810461089848559,11,1026.9299626220043,449.99612184731006
1083,18.05,-0.036730545876878296,0.01717963608206219,10,1026.8932320761273,450.0133014833921
1084,18.066666666666666,0.13740522777874276,-0.15360742796181626,10,1027.0306373039061,449.8596940554303
1085,18.083333333333332,0.39968511438888754,-0.11313417435185613,10,1027.430322418295,449.74655988107844
1086,18.1,0.4364105148999151,-0.11843588957113127,12,1027.866732933195,449.6281239915073
1087,18.116666666666667,0.4737744524977643,0.020692217554085346,11,1028.3405073856927,449.6488162090614
1088,18.133333333333333,0.47079772079774784,0.8156502367029361,13,1028.8113051064904,450.46446644576434
1089,18.15,0.9236741519350176,2.7244047619047507,12,1029.7349792584255,453.1888712076691
1090,18.166666666666668,1.0824784237095173,8.898469304673512,9,1030.817457682135,462.0873405123426
1091,18.183333333333334,0.0,15.591998288403914,9,1030.817457682135,477.67933880074656
1092,18.2,0.5661268556006007,20.54385964912285,9,1031.3835845377357,498.2231984498694
1093,18.216666666666665,0.0,24.845968041620182,7,1031.3835845377357,523.0691664914896
1094,18.233333333333334,-0.8328646621962434,21.99999999999997,7,1030.5507198755395,545.0691664914896
1095,18.25,-0.27578983108389465,18.999817223459658,6,1030.2749300444557,564.0689837149492
1096,18.266666666666666,0.135555555555527,13.342284162394861,6,1030.4104856000113,577.4112678773441
1097,18.283333333333335,0.16591503267977714,8.462604329681795,6,1030.576400632691,585.8738722070259
1098,18.3,0.15447523852793665,4.411343481766039,6,1030.730875871219,590.2852156887919
1099,18.316666666666666,0.044366744366698185,1.2401126651126617,6,1030.7752426155857,591.5253283539046
1100,18.333333333333332,0.0,0.0,6,1030.7752426155857,591.5253283539046
1101,18.35,-0.026899244546200407,-0.31674845210298486,6,1030.7483433710395,591.2085799018016
1102,18.366666666666667,-0.6750229693573147,-0.6377265173719735,6,1030.0733204016822,590.5708533844296
1103,18.383333333333333,-0.7560195360194939,-0.3655636365781021,6,1029.3173008656627,590.2052897478515
1104,18.4,-0.6327777777777897,0.014084084084075243,6,1028.6845230878848,590.2193738319355
1105,18.416666666666668,-0.934504357298465,0.520053822538685,6,1027.7500187305864,590.7394276544742
1106,18.433333333333334,-1.3080606291222807,2.308060629122309,6,1026.441958101464,593.0474882835965
1107,18.45,-2.0277777777778283,6.508231292516996,7,1024.4141803236862,599.5557195761135
1108,18.466666666666665,-2.2166666666665833,10.090909090909065,7,1022.1975136570196,609.6466286670225
1109,18.483333333333334,-1.9458251793868158,14.566476407914791,6,1020.2516884776328,624.2131050749373
1110,18.5,-1.8579946113025585,14.994624033115258,6,1018.3936938663303,639.2077291080525
1111,18.516666666666666,-1.2603255169314025,13.386218492991077,6,1017.1333683493989,652.5939476010435
1112,18.533333333333335,-0.3291666666666515,11.077777777777783,5,1016.8042016827322,663.6717253788213
1113,18.55,0.09863945578234734,6.674036281179127,4,1016.9028411385145,670.3457616600004
1114,18.566666666666666,0.36733716475089295,3.5368573321645442,4,1017.2701783032654,673.882618992165
1115,18.583333333333332,0.5547934823796936,1.2217892416770155,4,1017.8249717856452,675.104408233842
1116,18.6,0.43235152189714654,0.44941164226065666,4,1018.2573233075423,675.5538198761027
1117,18.616666666666667,0.8589255017328128,0.07550963529223509,4,1019.116248809275,675.6293295113949
1118,18.633333333333333,1.2976944624003863,0.18315184513005534,5,1020.4139432716754,675.8124813565249
1119,18.65,1.0,0.4396551724137794,5,1021.4139432716754,676.2521365289388
1120,18.666666666666668,1.162835249042132,1.1574675324675354,5,1022.5767785207175,677.4096040614063
1121,18.683333333333334,1.413139231056448,1.076782381485657,5,1023.989917751774,678.4863864428919
1122,18.7,0.967725940951027,0.37440476190477057,5,1024.957643692725,678.8607912047967
1123,18.716666666666665,-0.06424010217108389,-0.3832099907493216,5,1024.893403590554,678.4775812140474
1124,18.733333333333334,-1.3736749790284648,-1.1473728361168583,5,1023.5197286115256,677.3302083779306
1125,18.75,-4.157184420787871,-0.7939172155026313,4,1019.3625441907377,676.5362911624279
1126,18.766666666666666,-7.225177304964518,-0.09929078014184256,4,1012.1373668857732,676.4370003822861
1127,18.783333333333335,-8.757248526950832,0.4452023362536295,4,1003.3801183588223,676.8822027185397
1128,18.8,-7.746699965126652,0.6975962674226537,4,995.6334183936956,677.5797989859624
1129,18.816666666666666,-3.977723665223664,0.7916666666666572,4,991.6556947284719,678.371465652629
1130,18.833333333333332,-0.9383214676889224,0.22659413279873775,4,990.717373260783,678.5980597854277
1131,18.85,0.2248766173136687,-0.04807256235829982,4,990.9422498780966,678.5499872230694
1132,18.866666666666667,0.0,0.028093697025724396,4,990.9422498780966,678.5780809200951
1133,18.883333333333333,-0.9416589426068072,0.3985608485845944,4,990.0005909354898,678.9766417686797
1134,18.9,-2.4935107376283554,0.6382922936616353,4,987.5070801978613,679.6149340623413
1135,18.916666666666668,-2.9386087768441485,0.6004901960784537,4,984.5684714210172,680.2154242584197
1136,18.933333333333334,-1.234096214243209,0.14084224598931883,4,983.334375206774,680.3562665044091
1137,18.95,-0.08378427128428712,-1.1219477822281476,4,983.2505909354898,679.2343187221809
1138,18.966666666666665,0.03816199376950635,-4.80514028570343,4,983.2887529292593,674.4291784364775
1139,18.983333333333334,0.037735849056616644,-9.510303366629643,4,983.3264887783159,664.9188750698479
1140,19.0,0.09607843137246164,-16.40392156862748,5,983.4225672096884,648.5149535012204
1141,19.016666666666666,0.38393162393174407,-18.358406678159895,5,983.8064988336201,630.1565468230605
1142,19.033333333333335,1.0581437190260203,-18.781118383250714,6,984.8646425526462,611.3754284398098
1143,19.05,1.2597517855672322,-15.299755799755786,6,986.1243943382134,596.075672640054
1144,19.066666666666666,0.586264340719822,-11.445227652464524,5,986.7106586789332,584.6304449875895
1145,19.083333333333332,1.0280694736139822,-7.554772347535504,5,987.7387281525472,577.075672640054
1146,19.1,0.6524915824917343,-4.056046980195589,5,988.3912197350389,573.0196256598584
1147,19.116666666666667,1.011111111111063,-1.2960784313725071,5,989.40233084615,571.7235472284859
1148,19.133333333333333,0.4652482269503935,0.0,5,989.8675790731004,571.7235472284859
1149,19.15,0.3752615788013145,0.0,5,990.2428406519017,571.7235472284859
1150,19.166666666666668,0.5629960317460245,-0.8080861210463581,5,990.8058366836477,570.9154611074396
1151,19.183333333333334,1.5613425925924957,-1.6144927536232672,5,992.3671792762402,569.3009683538163
1152,19.2,1.987297214569935,-2.252678298132764,5,994.3544764908102,567.0482900556835
1153,19.216666666666665,1.5,-2.978931743637645,5,995.8544764908102,564.0693583120459
1154,19.233333333333334,0.4723385012920289,-2.6811881188119173,6,996.3268149921022,561.3881701932339
1155,19.25,-0.07920110192839047,-0.8823538414447114,6,996.2476138901739,560.5058163517892
1156,19.266666666666666,-2.113062711423254,1.912562046582707,7,994.1345511787506,562.4183783983719
1157,19.283333333333335,-8.031746031746025,6.569675292797456,7,986.1028051470046,568.9880536911694
1158,19.3,-18.4609375,12.7585034013606,7,967.6418676470046,581.74655709253
1159,19.316666666666666,-28.0390625,17.718076285240386,7,939.6028051470046,599.4646333777704
1160,19.333333333333332,-36.42011019283757,22.35950413223145,7,903.182694954167,621.8241375100018
1161,19.35,-33.969335953004645,21.069481471496687,6,869.2133590011624,642.8936189814985
1162,19.366666666666667,-25.63666666666677,15.91870370370367,5,843.5766923344956,658.8123226852022
1163,19.383333333333333,-9.557511737089214,6.1886446886447,4,834.0191805974064,665.0009673738468
1164,19.4,-4.60014592056848,3.484583174724037,4,829.4190346768379,668.4855505485709
1165,19.416666666666668,-1.0784534534533918,1.2980392156862592,4,828.3405812233846,669.7835897642572
1166,19.433333333333334,0.23611111111108585,0.09490740740741899,4,828.5766923344956,669.8784971716645
1167,19.45,0.4424882629107856,-0.019166195057522373,4,829.0191805974064,669.859330976607
1168,19.466666666666665,0.0,0.0639523176674004,4,829.0191805974064,669.9232832942744
1169,19.483333333333334,-0.05236306729267426,0.2054163065399166,4,828.9668175301138,670.1286996008143
1170,19.5,0.04929577464793056,0.6549295774647987,4,829.0161133047617,670.7836291782792
1171,19.516666666666666,0.5030672926447437,1.0886071987480648,4,829.5191805974064,671.8722363770272
1172,19.533333333333335,1.0,1.5,4,830.5191805974064,673.3722363770272
1173,19.55,1.1088888888888846,1.7288888888888607,4,831.6280694862953,675.101125265916
1174,19.566666666666666,0.01806637806640765,0.8130447330447623,4,831.6461358643617,675.9141699989608
1175,19.583333333333332,-1.4678099678100125,-0.25,4,830.1783258965517,675.6641699989608
1176,19.6,-3.219145299145282,-1.2168376068376006,5,826.9591805974064,674.4473323921231
1177,19.616666666666667,-9.771111111111054,-2.7372649572649834,5,817.1880694862954,671.7100674348582
1178,19.633333333333333,-14.5,-2.0917602996254345,5,802.6880694862954,669.6183071352327
1179,19.65,-16.0,-1.0,5,786.6880694862954,668.6183071352327
1180,19.666666666666668,-9.914438240767993,-0.35363404838872725,4,776.7736312455274,668.264673086844
1181,19.683333333333334,-6.946435742971914,-0.035491967871450925,4,769.8271955025555,668.2291811189725
1182,19.7,-3.6395833333332916,0.017392619479721816,4,766.1876121692221,668.2465737384523
1183,19.716666666666665,-0.8661706349206497,0.1708333333333485,4,765.3214415343015,668.4174070717856
1184,19.733333333333334,0.13809366391183175,0.11222038567490245,3,765.4595351982133,668.5296274574605
1185,19.75,0.3583621765440057,0.0922986478541361,3,765.8178973747573,668.6219261053146
1186,19.766666666666666,-0.17378917378914593,0.3703703703703809,3,765.6441082009682,668.992296475685
1187,19.783333333333335,-0.7416666666666742,-0.017543859649094884,3,764.9024415343015,668.9747526160359
1188,19.8,-0.7776057791538165,0.32286598850060955,3,764.1248357551476,669.2976186045364
1189,19.816666666666666,-1.6248196248195654,0.05432699395549889,3,762.500016130328,669.351945598492
1190,19.833333333333332,-1.3866883116883173,0.0,3,761.1133278186397,669.351945598492
1191,19.85,-1.1892154818984295,-0.5489316239316508,3,759.9241123367412,668.8030139745604
1192,19.866666666666667,-1.6235781043707505,-1.4838675213675288,4,758.3005342323705,667.3191464531928
1193,19.883333333333333,-4.283966904204931,-8.292289272030644,4,754.0165673281656,659.0268571811622
1194,19.9,-7.041170323928981,-13.310058715231179,4,746.9753970042366,645.716798465931
1195,19.916666666666668,-8.292616785658339,-15.989196130385238,4,738.6827802185783,629.7276023355457
1196,19.933333333333334,-8.353638273491299,-15.841699028096116,5,730.329141945087,613.8859033074496
1197,19.95,-5.860936500876733,-15.965228518692356,6,724.4682054442103,597.9206747887572
1198,19.966666666666665,-3.4490069779924966,-12.859943977591001,5,721.0191984662179,585.0607308111662
1199,19.983333333333334,-2.2400477825891585,-9.82920110192839,5,718.7791506836287,575.2315297092377
1200,20.0,-1.8349651741293656,-5.1707988980716095,5,716.9441855094993,570.0607308111662
1201,20.016666666666666,-1.6993449690273223,-2.1647099447513938,5,715.2448405404721,567.8960208664148
1202,20.033333333333335,0.016528925619809343,-0.3939393939393767,5,715.2613694660919,567.5020814724754
1203,20.05,0.0,-0.19857017487538542,5,715.2613694660919,567.3035112976
1204,20.066666666666666,0.0,0.0,5,715.2613694660919,567.3035112976
1205,20.083333333333332,0.06896551724139499,-0.43278784336644094,5,715.3303349833333,566.8707234542336
1206,20.1,0.0,-1.0,5,715.3303349833333,565.8707234542336
1207,20.116666666666667,-0.23061658398307827,-2.0746042995511402,5,715.0997183993502,563.7961191546824
1208,20.133333333333333,-0.5586638228596712,-1.9559415989201625,5,714.5410545764905,561.8401775557622
1209,20.15,0.0,-1.4827431827433202,5,714.5410545764905,560.3574343730189
1210,20.166666666666668,1.6148195239103984,-1.0784313725490051,5,716.155874100401,559.2790030004699
1211,20.183333333333334,6.727818511328024,-1.9606770833333371,6,722.883692611729,557.3183259171365
1212,20.2,13.833572530891672,-1.9897446490169841,8,736.7172651426206,555.3285812681195
1213,20.216666666666665,19.748633879781494,-1.8822092939740287,7,756.465899022402,553.4463719741454
1214,20.233333333333334,18.091204921027497,-2.5927536231884005,6,774.5571039434295,550.853618350957
1215,20.25,10.579009917475389,-2.257383407655084,6,785.136113860905,548.596234943302
1216,20.266666666666666,2.3578869047619264,-0.8101379119077592,6,787.4940007656669,547.7860970313942
1217,20.283333333333335,-0.1316525319567745,0.006263891695283519,6,787.3623482337101,547.7923609230895
1218,20.3,0.0,0.06896639252718728,6,787.3623482337101,547.8613273156167
1219,20.316666666666666,1.2165371596215095,0.03261494252876673,6,788.5788853933316,547.8939422581454
1220,20.333333333333332,1.795354182854112,0.2458364918730922,6,790.3742395761857,548.1397787500185
1221,20.35,1.516178266178315,0.24269065558263492,6,791.8904178423641,548.3824694056011
1222,20.366666666666667,0.9347512123129036,0.805817133403508,6,792.825169054677,549.1882865390046
1223,20.383333333333333,0.8468966907478546,0.870123456790111,6,793.6720657454248,550.0584099957947
1224,20.4,1.25791633145613,-0.10124834849381159,6,794.929982076881,549.9571616473008
1225,20.416666666666668,5.312382804361391,-1.5575221238937047,7,800.2423648812423,548.3996395234071
1226,20.433333333333334,14.717830990558355,-3.4986928104575554,7,814.9601958718007,544.9009467129496
1227,20.45,25.15750487329433,-5.233333333333235,7,840.117700745095,539.6676133796163
1228,20.466666666666665,32.28245614035086,-6.122807017543892,7,872.4001568854459,533.5448063620724
1229,20.483333333333334,33.58417508417506,-5.281684491978581,7,905.9843319696209,528.2631218700939
1230,20.5,26.781668931928834,-3.808908255546754,6,932.7660009015498,524.4542136145471
1231,20.516666666666666,12.57309130899489,-2.4482369010577827,6,945.3390922105447,522.0059767134894
1232,20.533333333333335,2.170576502615404,-0.5170538434146863,6,947.5096687131601,521.4889228700747
1233,20.55,-1.2960310934689119,-0.013845504432254074,6,946.2136376196911,521.4750773656424
1234,20.566666666666666,-0.2828201983683698,0.0,6,945.9308174213227,521.4750773656424
1235,20.583333333333332,0.8804477819496697,0.05093633605662262,6,946.8112652032723,521.526013701699
1236,20.6,0.8766826379423946,-0.0736000936057053,6,947.6879478412147,521.4524136080933
1237,20.616666666666667,0.2606474177580935,-0.2334668061357661,6,947.9485952589728,521.2189468019575
1238,20.633333333333333,0.26069415384245076,0.019597267170070154,6,948.2092894128152,521.2385440691276
1239,20.65,1.1055582922823532,-0.14384364337627176,6,949.3148477050976,521.0947004257513
1240,20.666666666666668,2.1495571966160014,-1.181055981056062,6,951.4644049017136,519.9136444446953
1241,20.683333333333334,2.8993710691823935,-6.0,7,954.363775970896,513.9136444446953
1242,20.7,5.082491582491684,-13.902356902356814,7,959.4462675533877,500.01128754233844
1243,20.716666666666665,9.570518526126023,-21.15595893710821,11,969.0167860795136,478.8553286052302
1244,20.733333333333334,13.313141676159603,-24.22245985644159,10,982.3299277556732,454.6328687487886
1245,20.75,10.28023133622196,-25.54268292682923,10,992.6101590918952,429.0901858219594
1246,20.766666666666666,6.729885057471279,-18.34429575206275,12,999.3400441493665,410.74589006989663
1247,20.783333333333335,0.0,-12.337676056337955,14,999.3400441493665,398.4082140135587
1248,20.8,1.7612960140307337,-7.975754899511969,12,1001.1013401633973,390.4324591140467
1249,20.816666666666666,0.0,-2.0640411911460603,12,1001.1013401633973,388.3684179229007
1250,20.833333333333332,0.1463888888888505,0.0,9,1001.2477290522861,388.3684179229007
1251,20.85,0.23409433107593713,0.0,8,1001.4818233833621,388.3684179229007
1252,20.866666666666667,0.38888888888891415,0.11893939393934261,7,1001.870712272251,388.48735731684
1253,20.883333333333333,0.35801282051284034,-0.07608435178525497,10,1002.2287250927639,388.41127296505476
1254,20.9,0.6879081063863737,-0.5339783485679845,10,1002.9166331991503,387.8772946164868
1255,20.916666666666668,0.5402728725797203,-0.7246963562752171,10,1003.45690607173,387.15259826021156
1256,20.933333333333334,1.2222222222222854,-1.5729166666666856,7,1004.6791282939523,385.5796815935449
1257,20.95,1.3266043313412297,-1.8087997274043914,7,1006.0057326252936,383.7708818661405
1258,20.966666666666665,0.6254480286737589,-2.259689922480561,8,1006.6311806539674,381.5111919436599
1259,20.983333333333334,-2.2743055555556566,-3.075699075699106,7,1004.3568750984117,378.4354928679608
1260,21.0,-8.904905913978496,-0.31676029962545726,10,995.4519691844332,378.11873256833536
1261,21.016666666666666,-20.320788530465848,-3.0859213250517428,9,975.1311806539674,375.0328112432836
1262,21.033333333333335,-15.18792560534851,-3.2632219471947224,14,959.9432550486189,371.7695892960889
1263,21.05,-43.7833333333333,0.0,7,916.1599217152856,371.7695892960889
1264,21.066666666666666,-43.37557249261539,4.574721327451385,9,872.7843492226702,376.3443106235403
1265,21.083333333333332,-32.93607026872928,0.28549196787147935,6,839.848278953941,376.6298025914118
1266,21.1,-18.417474747474728,1.1874711399711657,6,821.4308042064663,377.817273731383
1267,21.116666666666667,-9.0,0.0,5,812.4308042064663,377.817273731383
1268,21.133333333333333,-1.9186830384013547,-0.6414887794198307,5,810.5121211680649,377.1757849519632
1269,21.15,0.1436326291079837,-0.29198078427830865,8,810.6557537971729,376.88380416768484
1270,21.166666666666668,0.0,0.0,7,810.6557537971729,376.88380416768484
1271,21.183333333333334,-1.2995941558442041,0.7596164986675831,7,809.3561596413288,377.6434206663524
1272,21.2,-0.8650793650793958,0.14793661326513075,10,808.4910802762494,377.79135727961756
1273,21.216666666666665,-1.8461538461538112,0.0,11,806.6449264300956,377.79135727961756
1274,21.233333333333334,-2.597192982456164,-0.11111111111108585,9,804.0477334476394,377.68024616850647
1275,21.25,-3.476480923694794,-0.44367469879517785,10,800.5712525239446,377.2365714697113
1276,21.266666666666666,-3.314146171289053,-0.4039215686274815,11,797.2571063526556,376.8326499010838
1277,21.283333333333335,-3.297619047619037,-0.09607843137251848,9,793.9594873050365,376.7365714697113
1278,21.3,-3.4266946642975995,0.0,11,790.532792640739,376.7365714697113
1279,21.316666666666666,1.0395809881175637,-0.12877987881006447,8,791.5723736288566,376.60779159090123
1280,21.333333333333332,5.267790262172298,-0.27192982456142545,7,796.8401638910289,376.3358617663398
1281,21.35,12.19555555555553,-1.7773684210526142,8,809.0357194465844,374.55849334528716
1282,21.366666666666667,14.962954547885744,4.11342479176875,11,823.9986739944701,378.6719181370559
1283,21.383333333333333,17.02564102564105,0.0,11,841.0243150201111,378.6719181370559
1284,21.4,9.186105530876745,1.1454680637687034,10,850.2104205509878,379.8173862008246
1285,21.416666666666668,8.049286768322673,-2.341498606328969,11,858.2597073193105,377.47588759449565
1286,21.433333333333334,1.7099567099566002,-1.0,11,859.969664029267,376.47588759449565
1287,21.45,-0.46281230165595844,0.05934452714785721,11,859.5068517276111,376.5352321216435
1288,21.466666666666665,0.26108164136326195,0.0,12,859.7679333689744,376.5352321216435
1289,21.483333333333334,1.838479130931944,0.32292738707832314,11,861.6064124999064,376.8581595087218
1290,21.5,2.739898989899018,-0.2637612075815241,13,864.3463114898054,376.5943983011403
1291,21.516666666666666,0.43939393939393767,0.0,9,864.7857054291994,376.5943983011403
1292,21.533333333333335,1.9558014002458322,0.0,13,866.7415068294453,376.5943983011403
1293,21.55,0.48775604763977753,0.21118793211815046,12,867.229262877085,376.80558623325845
1294,21.566666666666666,0.482089824875672,-0.7402813459981985,12,867.7113527019607,376.06530488726025
1295,21.583333333333332,0.0,-3.629629629629619,9,867.7113527019607,372.43567525763063
1296,21.6,-3.3712635475941966,-3.8852155487983,12,864.3400891543665,368.55045970883236
1297,21.616666666666667,-6.097643097643072,-0.3785285944127281,15,858.2424460567235,368.17193111441964
1298,21.633333333333333,-6.498958557782089,-6.0,9,851.7434874989414,362.17193111441964
1299,21.65,-4.640556705774117,-4.461172782403111,14,847.1029307931673,357.71075833201655
1300,21.666666666666668,-3.5150352733685963,-4.0539907688843755,10,843.5878955197986,353.6567675631322
1301,21.683333333333334,-1.7462988505747035,0.0,5,841.8415966692239,353.6567675631322
1302,21.7,-0.6787920227920381,0.0,9,841.1628046464318,353.6567675631322
1303,21.716666666666665,-0.178686633232104,-0.1956511501965963,6,840.9841180131997,353.46111641293555
1304,21.733333333333334,-0.2646587291323783,-0.45817245817244157,8,840.7194592840673,353.0029439547631
1305,21.75,-0.24603174603174693,-0.07971119482274958,10,840.4734275380356,352.92323275994033
1306,21.766666666666666,-0.3051808406647183,-0.6201778957197064,11,840.1682466973709,352.3030548642206
1307,21.783333333333335,-1.3354710305174535,-0.01709401709405256,11,838.8327756668534,352.28596084712655
1308,21.8,-1.0795238095237778,-0.8407936507936142,9,837.7532518573296,351.44516719633293
1309,21.816666666666666,-1.0,0.0,12,836.7532518573296,351.44516719633293
1310,21.833333333333332,1.0,0.0,8,837.7532518573296,351.44516719633293
1311,21.85,-0.036453201970402915,6.399999999999977,13,837.7167986553592,357.8451671963329
1312,21.866666666666667,5.893029675638388,11.207039337474043,7,843.6098283309975,369.05220653380695
1313,21.883333333333333,7.899020227560072,15.578313253012084,12,851.5088485585576,384.63051978681904
1314,21.9,5.608193865247472,23.1583142639206,10,857.1170424238051,407.78883405073964
1315,21.916666666666668,3.8848937010701263,40.42302003551998,8,861.0019361248752,448.2118540862596
1316,21.933333333333334,0.6857068052720194,19.1693861693862,8,861.6876429301473,467.3812402556458
1317,21.95,-0.8256038647342621,45.91025641025644,7,860.862039065413,513.2914966659023
1318,21.966666666666665,-0.6183006535948152,38.4019398088717,7,860.2437384118182,551.693436474774
1319,21.983333333333334,0.8174783549782205,29.266388888888912,7,861.0612167667964,580.959825363663
1320,22.0,2.3530555555555566,19.422617521367485,6,863.414272322352,600.3824428850304
1321,22.016666666666666,2.899545454545432,12.091133670711116,6,866.3138177768974,612.4735765557415
1322,22.033333333333335,1.9479522156203757,6.8849765258216,6,868.2617699925178,619.3585530815631
1323,22.05,0.6356442357850938,3.2612154407929097,6,868.8974142283029,622.619768522356
1324,22.066666666666666,0.032407407407390565,1.2298122199437955,6,868.9298216357103,623.8495807422998
1325,22.083333333333332,-0.16642229536068953,0.0,6,868.7633993403496,623.8495807422998
1326,22.1,-0.11234193438139073,-0.4050467076783093,6,868.6510574059682,623.4445340346215
1327,22.116666666666667,-0.35176007176011126,-0.3463780663780369,6,868.2992973342082,623.0981559682434
1328,22.133333333333333,-1.1081081081080697,-0.1032132132132233,6,867.1911892261,622.9949427550303
1329,22.15,-1.9974259974260349,0.018066378066350808,6,865.193763228674,623.0130091330966
1330,22.166666666666668,-2.497010857010821,0.7194227994228015,6,862.6967523716633,623.7324319325194
1331,22.183333333333334,-1.4605794526921727,2.2268163780664167,6,861.2361729189711,625.9592483105857
1332,22.2,-1.1538888888889005,5.389653733833995,7,860.0822840300822,631.3489020444197
1333,22.216666666666665,-2.6961111111110085,7.803298423016713,7,857.3861729189712,639.1522004674364
1334,22.233333333333334,-6.241666666666561,9.241666666666674,7,851.1445062523046,648.3938671341031
1335,22.25,-8.854978354978357,8.854978354978357,7,842.2895278973263,657.2488454890814
1336,22.266666666666666,-9.386688311688317,7.995531914893604,7,832.9028395856379,665.244377403975
1337,22.283333333333335,-6.716125541125507,6.3147970085470035,6,826.1867140445124,671.559174412522
1338,22.3,-3.8225108225108215,4.46980796980796,5,822.3642032220016,676.02898238233
1339,22.316666666666666,-1.9999999999999432,2.7099567099567707,5,820.3642032220016,678.7389390922867
1340,22.333333333333332,-0.5,1.0,5,819.8642032220016,679.7389390922867
1341,22.35,-0.08311965811969912,0.0,5,819.7810835638819,679.7389390922867
1342,22.366666666666667,-1.0361327561327016,-0.08386724386724609,5,818.7449508077492,679.6550718484195
1343,22.383333333333333,-1.6447411266688619,-0.3293172690763413,5,817.1002096810803,679.3257545793432
1344,22.4,-2.0,0.0,5,815.1002096810803,679.3257545793432
1345,22.416666666666668,-1.8801334167188202,0.30714091280287903,5,813.2200762643615,679.6328954921461
1346,22.433333333333334,-2.6345381526103893,0.9910132062030357,5,810.5855381117511,680.6239086983492
1347,22.45,-3.1088888888888846,1.6172649572650357,5,807.4766492228623,682.2411736556141
1348,22.466666666666665,-3.10606060606068,1.5672660672660186,5,804.3705886168016,683.8084397228802
1349,22.483333333333334,-2.7199280120628373,1.0141543849409231,5,801.6506606047387,684.822594107821
1350,22.5,-0.0697488056711677,0.07098270019622532,5,801.5809117990675,684.8935768080173
1351,22.516666666666666,2.8071870191752737,-1.1105297076171325,6,804.3880988182427,683.7830471004002
1352,22.533333333333335,9.857067366789636,-3.302553447092265,6,814.2451661850323,680.4804936533079
1353,22.55,17.91125541125544,-4.91883116883119,6,832.1564215962877,675.5616624844768
1354,22.566666666666666,20.865749061532142,-4.894777265745006,7,853.0221706578199,670.6668852187317
1355,22.583333333333332,19.395860145860127,-4.755257247098484,6,872.41803080368,665.9116279716333
1356,22.6,12.662278244631239,-4.117937684277621,6,885.0803090483113,661.7936902873556
1357,22.616666666666667,5.0,-2.0686394391456986,6,890.0803090483113,659.7250508482099
1358,22.633333333333333,0.851492094328421,-0.9025134809138251,6,890.9318011426396,658.822537367296
1359,22.65,0.0,0.0,6,890.9318011426396,658.822537367296
1360,22.666666666666668,0.3593978623449061,-0.05067829457368589,6,891.2911990049845,658.7718590727223
1361,22.683333333333334,0.9673970125219284,-0.08030679933668239,6,892.2585960175064,658.6915522733857
1362,22.7,0.97986111111112,-0.44583333333332575,6,893.2384571286175,658.2457189400524
1363,22.716666666666665,0.5161337209302133,-0.15833333333333144,6,893.7545908495476,658.0873856067191
1364,22.733333333333334,0.11785819488625293,-0.2302061310782051,6,893.8724490444339,657.8571794756408
1365,22.75,0.3259503528714731,-0.47066596194503063,6,894.1983993973054,657.3865135136957
1366,22.766666666666666,1.2149572082219606,-0.49265845873233616,6,895.4133566055273,656.8938550549634
1367,22.783333333333335,1.5596681632234777,-0.0021590658735419765,6,896.9730247687507,656.8916959890898
1368,22.8,2.5197892011176464,1.8342231209976205,7,899.4928139698684,658.7259191100875
1369,22.816666666666666,5.162790697674382,5.0,7,904.6556046675428,663.7259191100875
1370,22.833333333333332,9.41860465116281,8.0,7,914.0742093187056,671.7259191100875
1371,22.85,10.230158730158678,8.596078431372632,7,924.3043680488643,680.3219975414602
1372,22.866666666666667,10.403921568627425,8.596078431372518,5,934.7082896174917,688.9180759728326
1373,22.883333333333333,7.096078431372575,5.487254901960682,3,941.8043680488643,694.4053308747933
1374,22.9,4.646953405017939,3.512745098039318,3,946.4513214538822,697.9180759728326
1375,22.916666666666668,2.531477967531032,2.0055555555555316,3,948.9827994214132,699.9236315283881
1376,22.933333333333334,1.1244949494949878,0.8233230134159157,3,950.1072943709082,700.746954541804
1377,22.95,0.7707336523126287,0.2418076109937033,3,950.8780280232208,700.9887621527978
1378,22.966666666666665,0.48531691746461547,0.2643866849064125,3,951.3633449406855,701.2531488377042
1379,22.983333333333334,0.1609690015141041,0.18308231731612068,3,951.5243139421996,701.4362311550203
1380,23.0,0.08691268400889385,0.2698931236135991,3,951.6112266262085,701.706124278634
1381,23.016666666666666,0.0,0.0,3,951.6112266262085,701.706124278634
1382,23.033333333333335,0.0,0.0,3,951.6112266262085,701.706124278634
1383,23.05,0.34280303030300274,0.0,4,951.9540296565115,701.706124278634
1384,23.066666666666666,2.0,0.0,4,953.9540296565115,701.706124278634
1385,23.083333333333332,2.7995462079834397,-0.17017336485423584,4,956.7535758644949,701.5359509137797
1386,23.1,2.9703591427729066,-0.14331380061602772,4,959.7239350072678,701.3926371131637
1387,23.116666666666667,1.4591250742721513,-0.1970157293686725,4,961.1830600815399,701.195621383795
1388,23.133333333333333,0.6273668172671591,-0.000561797752794746,4,961.810426898807,701.1950595860422
1389,23.15,0.8417727979069696,-0.01582004696578565,4,962.652199696714,701.1792395390764
1390,23.166666666666668,2.079545454545439,0.0,4,964.7317451512595,701.1792395390764
1391,23.183333333333334,2.4675550910198467,0.003244490897969854,4,967.1993002422794,701.1824840299744
1392,23.2,1.266310410783376,-0.2631468317663632,4,968.4656106530628,700.919337198208
1393,23.216666666666665,0.0,-0.9519607843137408,4,968.4656106530628,699.9673764138943
1394,23.233333333333334,-2.0021590658735704,-3.7392356596917296,4,966.4634515871892,696.2281407542025
1395,23.25,-5.9817672963740165,-7.644295955201471,5,960.4816842908151,688.5838447990011
1396,23.266666666666666,-10.941947565543046,-11.75436192564166,6,949.5397367252721,676.8294828733594
1397,23.283333333333335,-15.077065432914765,-15.108530247097207,6,934.4626712923573,661.7209526262623
1398,23.3,-13.656581913390198,-14.091135502775444,6,920.806089378967,647.6298171234869
1399,23.316666666666666,-12.237155230306485,-13.738409951770024,6,908.5689341486606,633.8914071717169
1400,23.333333333333332,-7.986297047554672,-9.278070768537305,5,900.5826371011059,624.6133364031796
1401,23.35,-4.540864527629196,-6.240229885057431,5,896.0417725734767,618.3731065181221
1402,23.366666666666667,-2.0,-3.13459595959597,5,894.0417725734767,615.2385105585261
1403,23.383333333333333,-0.8999999999999773,-1.455555555555577,5,893.1417725734767,613.7829550029705
1404,23.4,-0.15268414481909076,-0.1283524904214346,5,892.9890884286576,613.6546025125491
1405,23.416666666666668,-0.5675675675676075,-0.09607843137263217,5,892.42152086109,613.5585240811765
1406,23.433333333333334,-1.1201201201200774,-0.48434148434137114,5,891.3014007409699,613.0741825968352
1407,23.45,-1.3573021181717877,-0.5634920634920491,5,889.9440986227982,612.5106905333431
1408,23.466666666666665,-1.6925990675989624,-0.7584269662922338,5,888.2514995551992,611.7522635670509
1409,23.483333333333334,-1.2849462365591648,-0.5241935483870748,5,886.9665533186401,611.2280700186639
1410,23.5,0.1636129032257827,-0.09176029962543453,5,887.1301662218659,611.1363097190384
1411,23.516666666666666,2.5420811892509505,-0.9723842195540442,6,889.6722474111168,610.1639254994843
1412,23.533333333333335,7.388351341181533,-2.5689482736593447,6,897.0605987522983,607.594977225825
1413,23.55,14.886161986161937,-4.690535704640013,6,911.9467607384603,602.9044415211849
1414,23.566666666666666,22.22039261132187,-5.391024942874822,6,934.1671533497822,597.5134165783102
1415,23.583333333333332,23.67962584776751,-4.963361487137831,5,957.8467791975497,592.5500550911723
1416,23.6,17.401709401709354,-4.158585561759196,5,975.2484885992591,588.3914695294131
1417,23.616666666666667,8.945213423089513,-1.8687364644811169,5,984.1937020223486,586.522733064932
1418,23.633333333333333,1.6140249898074899,-0.13986013986016133,5,985.8077270121561,586.3828729250719
1419,23.65,-0.3584373304395285,0.08375420875427153,5,985.4492896817166,586.4666271338261
1420,23.666666666666668,-0.0773668405247463,0.0,5,985.3719228411918,586.4666271338261
1421,23.683333333333334,1.2232143762996657,0.04115624328392187,4,986.5951372174915,586.5077833771101
1422,23.7,1.8096692881629508,-0.02494517543857455,4,988.4048065056544,586.4828382016715
1423,23.716666666666665,0.2657070709495031,0.06131480735240302,4,988.6705135766039,586.5441530090238
1424,23.733333333333334,-0.0383251944293761,-0.03832543866411697,4,988.6321883821745,586.5058275703598
1425,23.75,-0.0963562753036058,-0.43475496638058075,4,988.5358321068709,586.0710726039792
1426,23.766666666666666,-0.20596205962056047,-1.6139556308714305,4,988.3298700472503,584.4571169731078
1427,23.783333333333335,0.22954853128982222,-3.3824246487867526,5,988.5594185785401,581.074692324321
1428,23.8,2.3247863247863734,-4.932502732240437,5,990.8842049033265,576.1421895920805
1429,23.816666666666666,3.183384273409274,-4.095281729764565,5,994.0675891767357,572.046907862316
1430,23.833333333333332,2.9757451782583075,-3.2534331518450017,5,997.043334354994,568.793474710471
1431,23.85,2.0992664851783616,-2.099137352852779,6,999.1426008401725,566.6943373576182
1432,23.866666666666667,0.8998692810457101,-0.9424882629107856,6,1000.0424701212182,565.7518490947075
1433,23.883333333333333,0.255927628895563,-0.45057122569437524,6,1000.2983977501137,565.3012778690131
1434,23.9,0.0,-0.43989832038784016,6,1000.2983977501137,564.8613795486253
1435,23.916666666666668,0.003111863981416718,-0.10602480883792964,6,1000.3015096140952,564.7553547397874
1436,23.933333333333334,0.07550655143035101,-0.4482413424398146,6,1000.3770161655254,564.3071133973476
1437,23.95,0.6455086014389053,-1.3945642002262275,6,1001.0225247669644,562.9125491971214
1438,23.966666666666665,2.0232883092687075,-4.360734010594314,6,1003.0458130762331,558.551815186527
1439,23.983333333333334,4.431644797070476,-9.04623130912421,7,1007.4774578733036,549.5055838774028
1440,24.0,9.619840647857927,-13.873563218390814,7,1017.0972985211615,535.632020659012
1441,24.016666666666666,17.701132201132168,-18.993866512122054,7,1034.7984307222937,516.63815414689
1442,24.033333333333335,23.006806297817036,-19.46460179859065,9,1057.8052370201108,497.1735523482993
1443,24.05,27.62368619089432,-20.49997371131272,8,1085.428923211005,476.6735786369866
1444,24.066666666666666,25.084780907668346,-19.22048978153626,13,1110.5137041186733,457.45308885545035
1445,24.083333333333332,12.462198883054043,-12.218720033354202,9,1122.9759030017274,445.23436882209614
1446,24.1,8.782051282051384,-8.414918414918361,7,1131.7579542837789,436.8194504071778
1447,24.116666666666667,5.424349881796502,-4.034166174831057,11,1137.1823041655753,432.7852842323467
1448,24.133333333333333,2.3474598687364505,-1.3511658594253788,10,1139.5297640343117,431.4341183729214
1449,24.15,0.5683906654327302,-0.11413491670793974,12,1140.0981546997446,431.31998345621344
1450,24.166666666666668,0.3068613979639849,-0.06778488575562847,12,1140.4050160977085,431.25219857045784
1451,24.183333333333334,0.8300653594769756,0.0,13,1141.2350814571855,431.25219857045784
1452,24.2,1.807585093896705,-0.2822747816393587,10,1143.0426665510822,430.9699237888185
1453,24.216666666666665,2.6041215861227442,0.0,10,1145.646788137205,430.9699237888185
1454,24.233333333333334,2.8579890586681813,-0.62410534012173,9,1148.5047771958732,430.3458184486968
1455,24.25,3.8720637620800744,-0.9573033265225206,10,1152.3768409579534,429.3885151221742
1456,24.266666666666666,3.096906116642913,-0.5822822822822786,7,1155.4737470745963,428.80623283989195
1457,24.283333333333335,0.7324478805298895,0.4914639961849616,8,1156.2061949551262,429.2976968360769
1458,24.3,-0.13837130743632997,4.615024098845623,10,1156.06782364769,433.9127209349225
1459,24.316666666666666,-2.7632653061224346,10.552631578947341,9,1153.3045583415674,444.46535251386985
1460,24.333333333333332,-7.092883895131081,18.878392531876102,7,1146.2116744464363,463.34374504574595
1461,24.35,-13.221285563751508,27.31944997786627,7,1132.9903888826848,490.6631950236122
1462,24.366666666666667,-16.314385114776428,30.398932375074878,7,1116.6760037679082,521.0621273986872
1463,24.383333333333333,-19.15677675291579,31.88594411109942,6,1097.5192270149923,552.9480715097866
1464,24.4,-15.85590627541012,27.31458255608166,6,1081.663320739582,580.2626540658682
1465,24.416666666666668,-9.84738773219027,22.045658263305313,6,1071.8159330073918,602.3083123291735
1466,24.433333333333334,-3.5702177269433832,15.195488721804509,5,1068.2457152804484,617.503801050978
1467,24.45,-0.9250272471749668,9.122947264051561,5,1067.3206880332734,626.6267483150295
1468,24.466666666666665,0.38348704435657055,5.0,5,1067.70417507763,631.6267483150295
1469,24.483333333333334,1.0956536006203805,2.128866302779329,5,1068.7998286782504,633.7556146178089
1470,24.5,0.9934836166544301,0.7864621828036888,5,1069.7933122949048,634.5420768006126
1471,24.516666666666666,0.5494588744587645,0.27190923317687066,5,1070.3427711693635,634.8139860337894
1472,24.533333333333335,0.8460084033613384,0.15212418300649233,5,1071.1887795727248,634.9661102167959
1473,24.55,0.26436781609197624,0.0,5,1071.453147388817,634.9661102167959
1474,24.566666666666666,-0.018660005877109143,0.051596630424114664,5,1071.4344873829398,635.01770684722
1475,24.583333333333332,-0.6457969568468798,0.7691947770905472,5,1070.788690426093,635.7869016243105
1476,24.6,-1.4188797682279528,1.7659818854895093,5,1069.369810657865,637.5528835098
1477,24.616666666666667,-1.3964957264958002,1.6117948717949275,5,1067.9733149313693,639.164678381595
1478,24.633333333333333,-1.762539361223503,0.5975033738191087,6,1066.2107755701459,639.7621817554141
1479,24.65,-3.8814494005283677,-0.8539682539682474,6,1062.3293261696176,638.9082135014459
1480,24.666666666666668,-10.733575206438786,-3.738685436963806,6,1051.595750963179,635.169528064482
1481,24.683333333333334,-21.962409523863528,-6.284699838555582,6,1029.6333414393155,628.8848282259264
1482,24.7,-32.3881511095928,-7.900165343915347,6,997.2451903297226,620.9846628820111
1483,24.716666666666665,-41.84332452867102,-9.028766339869321,6,955.4018658010516,611.9558965421418
1484,24.733333333333334,-39.014800694759856,-7.409538606177904,6,916.3870651062917,604.5463579359639
1485,24.75,-32.03454977006379,-5.267831182317138,6,884.352515336228,599.2785267536467
1486,24.766666666666666,-20.710664335664376,-2.9605263157894797,7,863.6418510005635,596.3180004378572
1487,24.783333333333335,-10.790547052154182,-2.05663430420708,6,852.8513039484094,594.2613661336502
1488,24.8,-5.122010099220432,-1.1782098984172364,6,847.7292938491889,593.083156235233
1489,24.816666666666666,-1.07539015606244,-0.1284313725490307,6,846.6539036931265,592.954724862684
1490,24.833333333333332,-0.3097572362278811,0.03208176887781633,6,846.3441464568987,592.9868066315618
1491,24.85,-0.2588232074438679,0.2583027463858798,6,846.0853232494549,593.2451093779476
1492,24.866666666666667,-1.2733283313324932,0.011565170532890079,6,844.8119949181223,593.2566745484805
1493,24.883333333333333,-2.4497074579690548,-0.07323769976292738,6,842.3622874601533,593.1834368487176
1494,24.9,-3.401101218907911,-0.5792072682213956,6,838.9611862412454,592.6042295804963
1495,24.916666666666668,-3.2367529331609717,-0.5295837699082426,6,835.7244333080844,592.074645810588
1496,24.933333333333334,-2.9302147525677356,-0.8263258636787612,6,832.7942185555166,591.2483199469092
1497,24.95,-1.8710546354464554,-0.9060806345010235,6,830.9231639200702,590.3422393124082
1498,24.966666666666665,-1.3845993812012694,-1.9628423841531344,6,829.538564538869,588.3793969282551
1499,24.983333333333334,-3.4825102880657823,-3.999999999999943,7,826.0560542508032,584.3793969282551
1500,25.0,-8.053829787234008,-6.930000000000007,7,818.0022244635692,577.449396928255
1501,25.016666666666666,-13.511965811965865,-8.741134751773075,7,804.4902586516033,568.708262176482
1502,25.033333333333335,-17.526965941859544,-8.993665158371073,7,786.9632927097438,559.7145970181109
1503,25.05,-20.096078431372575,-7.0960784313725185,7,766.8672142783712,552.6185185867384
1504,25.066666666666666,-18.0,-5.0,7,748.8672142783712,547.6185185867384
1505,25.083333333333332,-13.223106060606028,-2.899176954732525,7,735.6441082177652,544.7193416320059
1506,25.1,-8.98118753674305,-1.5174897119341608,7,726.6629206810221,543.2018519200717
1507,25.116666666666667,-5.101153504880244,-0.8249999999999886,7,721.5617671761419,542.3768519200717
1508,25.133333333333333,-2.070983935742902,-0.3536706349206611,7,719.490783240399,542.0231812851509
1509,25.15,-0.07460429955108339,-0.07754629629624787,7,719.4161789408479,541.9456349888546
1510,25.166666666666668,0.07460429955108339,0.06950407900387745,7,719.490783240399,542.0151390678585
1511,25.183333333333334,-0.5775193798449436,-0.13453815261038926,7,718.913263860554,541.8806009152481
1512,25.2,-2.0,-0.3205128205128176,7,716.913263860554,541.5600880947353
1513,25.216666666666665,-3.1553030303031164,-0.5,7,713.7579608302509,541.0600880947353
1514,25.233333333333334,-4.050257419152842,-0.32339424141747486,8,709.707703411098,540.7366938533178
1515,25.25,-3.525841605962057,-0.08742372596154269,8,706.1818618051359,540.6492701273562
1516,25.266666666666666,-2.21787505699956,-0.19308943089430386,9,703.9639867481363,540.4561806964618
1517,25.283333333333335,0.4171078480338224,-0.8636666333699736,9,704.3810945961702,539.5925140630918
1518,25.3,3.8656907743016973,-4.6657562366996075,9,708.2467853704719,534.9267578263922
1519,25.316666666666666,9.342573954354009,-4.37097338935574,10,717.5893593248259,530.5557844370364
1520,25.333333333333332,16.903354978355082,-15.903354978355026,11,734.492714303181,514.6524294586814
1521,25.35,21.155158730158746,-18.049999999999955,9,755.6478730333397,496.6024294586814
1522,25.366666666666667,18.556893837156963,-17.755672780748085,9,774.2047668704967,478.8467566779333
1523,25.383333333333333,11.795833333333462,-13.683333333333337,11,786.0006002038301,465.16342334459995
1524,25.4,4.849087110805868,-10.622841365461852,12,790.849687314636,454.5405819791381
1525,25.416666666666668,3.772396584896569,-6.746933621933607,10,794.6220838995325,447.79364835720446
1526,25.433333333333334,2.7236050986050486,-4.2486698095002,11,797.3456889981376,443.54497854770426
1527,25.45,0.21158716320007898,-2.182196969696946,12,797.5572761613377,441.36278157800734
1528,25.466666666666665,1.8652383083463917,-0.5311048816400614,8,799.4225144696841,440.83167669636725
1529,25.483333333333334,0.7681704260650122,-0.08311965811969912,13,800.1906848957491,440.74855703824755
1530,25.5,0.17980295566508175,0.09671614934774198,11,800.3704878514142,440.8452731875953
1531,25.516666666666666,1.0905982905982228,0.0,9,801.4610861420124,440.8452731875953
1532,25.533333333333335,0.0,-0.11403508771925885,12,801.4610861420124,440.731238099876
1533,25.55,2.884976525821571,-0.4833333333333485,13,804.346062667834,440.24790476654266
1534,25.566666666666666,2.7583333333334394,-0.7399792315679861,9,807.1043960011674,439.5079255349747
1535,25.583333333333332,0.589067149139936,-0.25652642934196024,10,807.6934631503074,439.2513991056327
1536,25.6,-0.8972389558232976,0.0,10,806.796224194484,439.2513991056327
1537,25.616666666666667,-4.177018633540342,-1.0749999999999886,15,802.6192055609437,438.1763991056327
1538,25.633333333333333,-8.600255427841603,-1.1708333333333485,11,794.0189501331021,437.00556577229935
1539,25.65,-15.438399196168817,-1.3121935234779016,12,778.5805509369333,435.69337224882145
1540,25.666666666666668,-19.068518518518545,-1.7583333333333258,11,759.5120324184147,433.9350389154881
1541,25.683333333333334,-17.943421052631493,0.0,17,741.5686113657832,433.9350389154881
1542,25.7,0.0,-0.042824074074019336,15,741.5686113657832,433.8922148414141
1543,25.716666666666665,-2.9564176245210945,0.0,12,738.6121937412621,433.8922148414141
1544,25.733333333333334,-2.8059360730593426,-1.3681818181818244,13,735.8062576682028,432.5240330232323
1545,25.75,-0.5375000000000227,-0.016666666666708352,10,735.2687576682027,432.50736635656557
1546,25.766666666666666,-0.26537401185286313,-0.025956408614860038,10,735.0033836563499,432.48140994795074
1547,25.783333333333335,0.0,0.0,9,735.0033836563499,432.48140994795074
1548,25.8,0.0,0.0,9,735.0033836563499,432.48140994795074
1549,25.816666666666666,-0.995866610620709,0.26581541218634186,14,734.0075170457292,432.74722536013707
1550,25.833333333333332,-1.4175188114991215,0.0,13,732.58999823423,432.74722536013707
1551,25.85,-2.5587806279284564,-0.05429292929293439,10,730.0312176063017,432.6929324308441
1552,25.866666666666667,-1.896432006330194,-0.17032197522993897,10,728.1347855999715,432.5226104556142
1553,25.883333333333333,-1.5373239111128782,0.0,12,726.5974616888586,432.5226104556142
1554,25.9,0.0,-0.8333333333332575,11,726.5974616888586,431.68927712228094
1555,25.916666666666668,1.3582017941303093,-2.3245758447088463,11,727.9556634829889,429.36470127757207
1556,25.933333333333334,2.5274725274725256,-3.167827524794518,12,730.4831360104615,426.19687375277755
1557,25.95,0.8719483568074935,-3.098155568147064,14,731.355084367269,423.09871818463046
1558,25.966666666666665,0.6836476237884952,-1.1195054945054608,8,732.0387319910575,421.979212690125
1559,25.983333333333334,0.15602887741442828,-0.5,9,732.1947608684719,421.479212690125
1560,26.0,0.15707309743822861,0.0,9,732.3518339659101,421.479212690125
1561,26.016666666666666,0.6142380654576982,0.0,13,732.9660720313678,421.479212690125
1562,26.033333333333335,0.7345155864726962,0.0,9,733.7005876178405,421.479212690125
1563,26.05,0.0073045267490670085,-0.0942028985507477,9,733.7078921445896,421.38500979157425
1564,26.066666666666666,-0.11502347417842884,0.0,11,733.5928686704111,421.38500979157425
1565,26.083333333333332,-0.10349462365591222,-4.924081449071949,14,733.4893740467552,416.4609283425023
1566,26.1,-2.0291741679360484,-7.099502487562177,11,731.4601998788191,409.36142585494014
1567,26.116666666666667,-3.9708258320639516,-9.355172413793184,13,727.4893740467552,400.00625344114695
1568,26.133333333333333,-5.102564102564202,-10.602564102564145,11,722.386809944191,389.4036893385828
1569,26.15,-6.430754511505313,-8.341810344827593,12,715.9560554326856,381.0618789937552
1570,26.166666666666668,-2.9929684778822434,-7.25114409400129,14,712.9630869548034,373.8107348997539
1571,26.183333333333334,-2.093845760980571,-4.588265635074208,11,710.8692411938229,369.2224692646797
1572,26.2,0.0,-3.7304485464597406,13,710.8692411938229,365.49202071822
1573,26.216666666666665,0.0,-2.0795262267343446,11,710.8692411938229,363.41249449148563
1574,26.233333333333334,-0.2443680223285014,-0.6458333333333144,14,710.6248731714943,362.7666611581523
1575,26.25,-0.2754489662384785,-0.6526806526806226,14,710.3494242052558,362.1139805054717
1576,26.266666666666666,-0.1370445344129152,-0.29848484848486123,12,710.2123796708429,361.81549565698685
1577,26.283333333333335,-0.3975117665880248,-0.6656617505301767,14,709.8148679042549,361.1498339064567
1578,26.3,-0.3824568893949163,-0.4487179487179276,10,709.43241101486,360.7011159577388
1579,26.316666666666666,-0.30128205128210084,-0.5067057125880723,17,709.1311289635779,360.1944102451507
1580,26.333333333333332,0.0,-0.1003039513677777,12,709.1311289635779,360.09410629378294
1581,26.35,-0.28107184844493815,1.537704222111131,15,708.8500571151329,361.6318105158941
1582,26.366666666666667,-0.2779374665416725,4.940247715247722,12,708.5721196485913,366.5720582311418
1583,26.383333333333333,-1.4084967320261228,8.175542466197072,11,707.1636229165651,374.74760069733884
1584,26.4,-1.0,8.910451261844429,12,706.1636229165651,383.65805195918324
1585,26.416666666666668,-5.351450222106109,6.6693466608720655,13,700.812172694459,390.3273986200553
1586,26.433333333333334,-5.219733074600484,5.0946544736106745,10,695.5924396198585,395.42205309366597
1587,26.45,-2.0667568176695568,2.371376811594189,9,693.525682802189,397.79342990526015
1588,26.466666666666665,-0.2166900093370714,0.2530404650123188,10,693.3089927928519,398.04647037027246
1589,26.483333333333334,0.0,0.0,13,693.3089927928519,398.04647037027246
1590,26.5,-0.3587436725739792,-0.27488341843445596,11,692.9502491202779,397.771586951838
1591,26.516666666666666,-0.42396313364054095,-0.12266621129322175,9,692.5262859866374,397.6489207405448
1592,26.533333333333335,-0.6652319464371317,0.0,9,691.8610540402003,397.6489207405448
1593,26.55,-1.2870304748405488,0.0,9,690.5740235653598,397.6489207405448
1594,26.566666666666666,-0.5828558184708612,0.4046925121105005,8,689.9911677468889,398.0536132526553
1595,26.583333333333332,0.0,2.0305973552211753,9,689.9911677468889,400.08421060787646
1596,26.6,0.0,7.708151382823871,9,689.9911677468889,407.79236199070033
1597,26.616666666666667,0.0,13.823152250233136,10,689.9911677468889,421.61551424093346
1598,26.633333333333333,1.1869552669552945,20.658791494551195,9,691.1781230138442,442.27430573548463
1599,26.65,1.5063888888888641,23.71437283017579,8,692.6845119027331,465.9886785656604
1600,26.666666666666668,0.009011627907000275,25.438230680540997,10,692.69352353064,491.4269092462014
1601,26.683333333333334,-0.018378276708631347,20.158611136392267,10,692.6751452539314,511.58552038259364
1602,26.7,-0.13272727272732254,15.258862924894117,10,692.5424179812042,526.8443833074878
1603,26.716666666666665,-0.2517006802721653,11.349437061646427,9,692.290717300932,538.1938203691342
1604,26.733333333333334,0.0,7.044834195898034,7,692.290717300932,545.2386545650322
1605,26.75,-0.1460481099657045,4.147289074913772,7,692.1446691909663,549.3859436399459
1606,26.766666666666666,0.0,2.253927235634137,7,692.1446691909663,551.6398708755801
1607,26.783333333333335,0.0,1.5567010309278544,7,692.1446691909663,553.1965719065079
1608,26.8,-0.10573913900594789,1.0753572568680738,7,692.0389300519603,554.271929163376
1609,26.816666666666666,-0.10878834047878172,0.9690055419912937,7,691.9301417114815,555.2409347053672
1610,26.833333333333332,-0.08382642998026313,0.91684981684989,7,691.8463152815012,556.1577845222171
1611,26.85,0.0,1.108522972361584,7,691.8463152815012,557.2663074945787
1612,26.866666666666667,0.0,1.8371236910995208,7,691.8463152815012,559.1034311856781
1613,26.883333333333333,-0.2049138415912921,2.094658869395687,7,691.6414014399099,561.1980900550739
1614,26.9,-0.33107497741639236,2.260860537765325,7,691.3103264624935,563.4589505928392
1615,26.916666666666668,0.0,1.275797264868288,7,691.3103264624935,564.7347478577075
1616,26.933333333333334,1.5500283588563661,0.6417845506243793,7,692.8603548213499,565.3765324083319
1617,26.95,8.08977470749312,0.0,8,700.950129528843,565.3765324083319
1618,26.966666666666665,22.94879007864489,-2.3675883167519984,8,723.8989196074879,563.0089440915799
1619,26.983333333333334,37.59099777034555,-10.562877086865626,7,761.4899173778334,552.4460670047142
1620,27.0,54.739412097752194,-9.061831292986597,8,816.2293294755856,543.3842357117276
1621,27.016666666666666,63.69751895486203,-13.907179566123489,8,879.9268484304476,529.4770561456041
1622,27.033333333333335,50.87201228178674,-8.071148927392784,10,930.7988607122344,521.4059072182114
1623,27.05,37.84926309645414,-5.506685668566803,12,968.6481238086885,515.8992215496446
1624,27.066666666666666,27.62346528973046,0.0,13,996.271589098419,515.8992215496446
1625,27.083333333333332,12.211493849249337,-2.2692505356705226,12,1008.4830829476683,513.6299710139741
1626,27.1,4.967918231122212,-0.02339181286549774,12,1013.4510011787905,513.6065792011086
1627,27.116666666666667,0.0,0.0,12,1013.4510011787905,513.6065792011086
1628,27.133333333333333,0.0,0.0,12,1013.4510011787905,513.6065792011086
1629,27.15,0.5533898305085359,0.0,14,1014.0043910092991,513.6065792011086
1630,27.166666666666668,0.6025153244557089,0.0,12,1014.6069063337548,513.6065792011086
1631,27.183333333333334,0.5191387559808618,0.09703815261036652,13,1015.1260450897356,513.703617353719
1632,27.2,0.6529693486589849,0.5131411722841221,9,1015.7790144383946,514.2167585260031
1633,27.216666666666665,1.3166666666667197,0.279166666666697,11,1017.0956811050613,514.4959251926698
1634,27.233333333333334,4.127866981993151,1.3375699719178158,10,1021.2235480870545,515.8334951645876
1635,27.25,5.1039495483939845,1.754155309710768,11,1026.3274976354485,517.5876504742984
1636,27.266666666666666,3.23547898730493,1.3366091286710287,8,1029.5629766227535,518.9242596029694
1637,27.283333333333335,0.09935301554247644,1.9615384615384528,13,1029.662329638296,520.8857980645079
1638,27.3,1.7587730129125703,2.1359649122807127,12,1031.4211026512085,523.0217629767885
1639,27.316666666666666,2.6516959064327352,3.700400413711563,8,1034.0727985576411,526.7221633905001
1640,27.333333333333332,2.757778018521151,4.5555023640662,10,1036.8305765761622,531.2776657545663
1641,27.35,2.480620155038764,3.5709349593496142,9,1039.311196731201,534.848600713916
1642,27.366666666666667,1.282727166754114,2.465162353601272,8,1040.5939238979552,537.3137630675172
1643,27.383333333333333,1.3058419243986918,1.4956140350876694,11,1041.8997658223539,538.8093771026049
1644,27.4,1.0877192982457018,0.40886732699948425,11,1042.9874851205996,539.2182444296044
1645,27.416666666666668,0.6510257390417564,0.17248858447487692,9,1043.6385108596414,539.3907330140793
1646,27.433333333333334,0.2733344647347167,-0.012343909276239629,8,1043.9118453243761,539.3783891048031
1647,27.45,1.0188728780459542,0.5333417223421293,10,1044.9307182024222,539.9117308271452
1648,27.466666666666665,1.740310077519439,1.8211619604024918,9,1046.6710282799418,541.7328927875477
1649,27.483333333333334,3.0917602996254345,3.5500391951920562,9,1049.7627885795673,545.2829319827398
1650,27.5,3.078922431298224,6.205541266188334,11,1052.8417110108655,551.4884732489281
1651,27.516666666666666,2.5813497894015427,10.732980703301024,9,1055.4230608002672,562.2214539522291
1652,27.533333333333335,2.316472002748185,15.107701438986226,8,1057.7395328030154,577.3291553912154
1653,27.55,1.7614433610207811,20.173738262910803,8,1059.5009761640363,597.5028936541262
1654,27.566666666666666,1.1369230769230967,23.485587606837612,6,1060.6378992409593,620.9884812609638
1655,27.583333333333332,0.0,22.388127853881258,5,1060.6378992409593,643.376609114845
1656,27.6,0.3454562994405137,20.68476487818569,4,1060.9833555403998,664.0613739930307
1657,27.616666666666667,2.8147931825486694,15.230414633648394,4,1063.7981487229486,679.291788626679
1658,27.633333333333333,4.353042328042193,9.705555555555577,3,1068.1511910509907,688.9973441822347
1659,27.65,3.808235867446456,4.3961988304093325,3,1071.9594269184372,693.3935430126439
1660,27.666666666666668,2.587719298245588,1.425438596491233,3,1074.547146216683,694.8189816091351
1661,27.683333333333334,1.0,0.0,3,1075.547146216683,694.8189816091351
1662,27.7,1.015273865414656,-0.39292644757432527,3,1076.5624200820976,694.4260551615607
1663,27.716666666666665,1.7413928012521183,-0.4057772561293973,3,1078.3038128833496,694.0202779054314
1664,27.733333333333334,1.9722222222221717,-0.15823970037467916,3,1080.2760351055717,693.8620382050567
1665,27.75,0.0,0.1450216450215862,5,1080.2760351055717,694.0070598500783
1666,27.766666666666666,0.0,0.0,5,1080.2760351055717,694.0070598500783
1667,27.783333333333335,0.0,0.0,5,1080.2760351055717,694.0070598500783
1668,27.8,0.0,0.0,5,1080.2760351055717,694.0070598500783
1669,27.816666666666666,0.0,0.0,5,1080.2760351055717,694.0070598500783
1670,27.833333333333332,0.0,0.0,5,1080.2760351055717,694.0070598500783
1671,27.85,0.0,0.0,6,1080.2760351055717,694.0070598500783
1672,27.866666666666667,-1.7651210038006049,1.2557526853037757,6,1078.510914101771,695.2628125353822
1673,27.883333333333333,-3.9958494930938286,2.6067814960235864,6,1074.5150646086772,697.8695940314058
1674,27.9,-5.839831258079869,2.890249710825344,6,1068.6752333505974,700.7598437422312
1675,27.916666666666668,-5.916801354575512,2.975910105441386,6,1062.758431996022,703.7357538476725
1676,27.933333333333334,0.0,0.0,5,1062.758431996022,703.7357538476725
1677,27.95,0.0,0.0,5,1062.758431996022,703.7357538476725
1678,27.966666666666665,0.0,0.0,5,1062.758431996022,703.7357538476725
1679,27.983333333333334,0.0,0.0,5,1062.758431996022,703.7357538476725
1680,28.0,0.0,0.0,5,1062.758431996022,703.7357538476725
1681,28.016666666666666,0.0,0.0,5,1062.758431996022,703.7357538476725
1682,28.033333333333335,0.0,0.0,5,1062.758431996022,703.7357538476725
1683,28.05,0.0,0.0,5,1062.758431996022,703.7357538476725
1684,28.066666666666666,0.0,0.0,5,1062.758431996022,703.7357538476725
1685,28.083333333333332,0.0,0.0,5,1062.758431996022,703.7357538476725
1686,28.1,0.0,0.0,5,1062.758431996022,703.7357538476725
1687,28.116666666666667,0.0,0.0,5,1062.758431996022,703.7357538476725
1688,28.133333333333333,0.0,0.0,5,1062.758431996022,703.7357538476725
1689,28.15,0.0,0.0,5,1062.758431996022,703.7357538476725
1690,28.166666666666668,0.6306666666666843,0.0,6,1063.3890986626886,703.7357538476725
1691,28.183333333333334,2.946897637795246,-6.876430446194206,6,1066.3359963004839,696.8593234014784
1692,28.2,5.888813804990832,-11.478395424452543,6,1072.2248101054747,685.3809279770259
1693,28.216666666666665,9.133380581148117,-16.52441255115295,6,1081.358190686623,668.8565154258729
1694,28.233333333333334,10.877158634538148,-17.79219409282703,7,1092.235349321161,651.0643213330459
1695,28.25,19.966111111111104,-34.41561181434594,7,1112.2014604322721,616.6487095186999
1696,28.266666666666666,15.149845808802922,-28.0,9,1127.351306241075,588.6487095186999
1697,28.283333333333335,9.093557220667435,-21.822222222222194,9,1136.4448634617424,566.8264872964777
1698,28.3,5.277001005819329,-14.341721068630648,10,1141.7218644675618,552.4847662278471
1699,28.316666666666666,3.7065913945681928,-8.593302704202756,8,1145.42845586213,543.8914635236443
1700,28.333333333333332,2.7135531919229834,-3.7368543309493134,8,1148.142009054053,540.154609192695
1701,28.35,0.7370015948963555,-0.971628819736452,7,1148.8790106489494,539.1829803729586
1702,28.366666666666667,0.0,0.0,9,1148.8790106489494,539.1829803729586
1703,28.383333333333333,0.2765451154415359,0.12393162393163948,7,1149.155555764391,539.3069119968902
1704,28.4,1.2576807587277585,0.055307653541163404,8,1150.4132365231187,539.3622196504314
1705,28.416666666666668,2.445370884464751,0.0,8,1152.8586074075833,539.3622196504314
1706,28.433333333333334,2.0,0.18981481481478113,9,1154.8586074075833,539.5520344652462
1707,28.45,1.9444096133752282,0.0,9,1156.8030170209586,539.5520344652462
1708,28.466666666666665,0.0,0.0,11,1156.8030170209586,539.5520344652462
1709,28.483333333333334,-0.34661835748789827,0.023492063492028592,10,1156.4563986634707,539.5755265287382
1710,28.5,-1.7083333333333712,0.0,9,1154.7480653301373,539.5755265287382
1711,28.516666666666666,-4.6996794871794805,-0.1469907407407618,10,1150.0483858429577,539.4285357879975
1712,28.533333333333335,-9.733925290875732,0.0,11,1140.314460552082,539.4285357879975
1713,28.55,-2.0336670274170388,-3.3083609632380444,12,1138.280793524665,536.1201748247595
1714,28.566666666666666,-3.8668269230769283,-1.6136574074074588,10,1134.413966601588,534.506517417352
1715,28.583333333333332,-1.5202380952381418,-1.19516171100679,11,1132.8937285063498,533.3113557063452
1716,28.6,-0.5846226941561099,-0.32392671745766677,14,1132.3091058121936,532.9874289888876
1717,28.616666666666667,0.0,0.0,12,1132.3091058121936,532.9874289888876
1718,28.633333333333333,-0.5,-0.07569907569904899,15,1131.8091058121936,532.9117299131885
1719,28.65,-1.1616673914619469,0.0,12,1130.6474384207318,532.9117299131885
1720,28.666666666666668,-1.3641703975037558,-0.28538359788353773,12,1129.283268023228,532.626346315305
1721,28.683333333333334,-1.38188730906802,-0.22716834335258795,12,1127.90138071416,532.3991779719524
1722,28.7,-0.5775901875902036,-0.9637127174350582,10,1127.3237905265698,531.4354652545173
1723,28.716666666666665,-0.06352092352091177,-3.9213023327777705,13,1127.260269603049,527.5141629217396
1724,28.733333333333334,0.2569039169039229,-8.51911641849722,12,1127.5171735199528,518.9950465032424
1725,28.75,0.4033236656999293,-14.304142334185173,10,1127.9204971856527,504.69090416905726
1726,28.766666666666666,0.0,-19.431557441458438,11,1127.9204971856527,485.2593467275988
1727,28.783333333333335,0.66198125836695,-12.277368122518396,13,1128.5824784440197,472.9819786050804
1728,28.8,3.0303030303030027,-8.337209302325618,11,1131.6127814743227,464.6447693027548
1729,28.816666666666666,2.9696969696969973,-15.241379310344769,9,1134.5824784440197,449.40338999241004
1730,28.833333333333332,1.0322550809297582,-7.4598271875379965,10,1135.6147335249493,441.94356280487204
1731,28.85,-0.09828201695665939,-11.431151224028639,10,1135.5164515079928,430.5124115808434
1732,28.866666666666667,-0.6572390572391669,-6.310947712418226,9,1134.8592124507536,424.20146386842515
1733,28.883333333333333,-0.09373121769442605,-4.035072259770686,9,1134.7654812330593,420.16639160865446
1734,28.9,0.03305967514125996,-1.8252044813599468,10,1134.7985409082005,418.3411871272945
1735,28.916666666666668,0.0,-0.24638064971753693,9,1134.7985409082005,418.094806477577
1736,28.933333333333334,0.0,0.0,8,1134.7985409082005,418.094806477577
1737,28.95,0.0,0.0,8,1134.7985409082005,418.094806477577
1738,28.966666666666665,0.0,0.0,7,1134.7985409082005,418.094806477577
1739,28.983333333333334,-0.05102970657918604,-0.37792574656981515,8,1134.7475112016214,417.71688073100717
1740,29.0,0.0,-1.0,9,1134.7475112016214,416.71688073100717
1741,29.016666666666666,-3.4306122448979295,-1.9300000000000068,7,1131.3168989567234,414.78688073100716
1742,29.033333333333335,-5.4761345382185596,-2.4678125248667016,5,1125.840764418505,412.31906820614046
1743,29.05,-0.29622898682407595,-6.6492403562467075,7,1125.5445354316807,405.66982784989375
1744,29.066666666666666,-5.14976415094327,-5.4082397003745655,7,1120.3947712807376,400.2615881495192
1745,29.083333333333332,-0.26543209876541596,-6.965151929078871,8,1120.1293391819722,393.29643622044034
1746,29.1,-3.49900461856987,-3.43777430000344,9,1116.6303345634024,389.85866192043693
1747,29.116666666666667,-2.9582229431376845,-1.152998776009838,7,1113.6721116202648,388.7056631444271
1748,29.133333333333333,-0.37634408602150415,-0.5913978494623962,9,1113.2957675342432,388.1142652949647
1749,29.15,0.0,0.0,9,1113.2957675342432,388.1142652949647
1750,29.166666666666668,0.2882539682540255,0.0,9,1113.5840215024973,388.1142652949647
1751,29.183333333333334,0.0507246376812418,0.07608695652174902,9,1113.6347461401785,388.19035225148644
1752,29.2,-0.03333333333330302,0.0,8,1113.6014128068452,388.19035225148644
1753,29.216666666666665,0.0,0.0,12,1113.6014128068452,388.19035225148644
1754,29.233333333333334,-0.3032429526995202,0.2150283926599741,12,1113.2981698541457,388.4053806441464
1755,29.25,-1.375,0.32291666666662877,9,1111.9231698541457,388.72829731081305
1756,29.266666666666666,-1.6707293523469673,0.0489898989899018,10,1110.2524405017987,388.7772872098029
1757,29.283333333333335,-8.252380952380975,1.594237458122592,8,1102.0000595494178,390.37152466792554
1758,29.3,-1.9303561935141147,0.0,8,1100.0697033559036,390.37152466792554
1759,29.316666666666666,-2.535762483130952,0.0,8,1097.5339408727727,390.37152466792554
1760,29.333333333333332,-11.886634460547498,4.12118742263317,10,1085.6473064122251,394.4927120905587
1761,29.35,-19.673573301068757,1.8224637681159948,9,1065.9737331111564,396.3151758586747
1762,29.366666666666667,-6.827464788732414,1.5641627543035383,7,1059.146268322424,397.87933861297824
1763,29.383333333333333,-1.7134297520661903,0.0,7,1057.432838570358,397.87933861297824
1764,29.4,0.02754820936641522,0.0,6,1057.4603867797243,397.87933861297824
1765,29.416666666666668,0.0,0.0,4,1057.4603867797243,397.87933861297824
1766,29.433333333333334,-0.44569288389510575,0.0,5,1057.0146938958292,397.87933861297824
1767,29.45,-1.308535496957461,0.107989653600022,6,1055.7061583988716,397.9873282665783
1768,29.466666666666665,0.0,0.0,5,1055.7061583988716,397.9873282665783
1769,29.483333333333334,-0.7133109475224728,0.0,4,1054.992847451349,397.9873282665783
1770,29.5,-1.1790262172284542,0.0,6,1053.8138212341205,397.9873282665783
1771,29.516666666666666,-3.381159420289805,0.0,5,1050.4326618138307,397.9873282665783
1772,29.533333333333335,-4.39682539682542,-1.1157240013774015,5,1046.0358364170052,396.87160426520086
1773,29.55,-11.719421101774032,11.957876173725339,11,1034.316415315231,408.8294804389262
1774,29.566666666666666,-14.0,-0.9122807017544119,7,1020.3164153152311,407.9171997371718
1775,29.583333333333332,-22.477575272641104,-0.2751096491227827,6,997.8388400425899,407.64209008804903
1776,29.6,-26.30388888888899,-0.9286111111111381,6,971.534951153701,406.7134789769379
1777,29.616666666666667,-21.508333333333326,-0.1088888888888846,6,950.0266178203676,406.604590088049
1778,29.633333333333333,-22.859993089852253,0.0,6,927.1666247305154,406.604590088049
1779,29.65,0.0,0.0,5,927.1666247305154,406.604590088049
1780,29.666666666666668,0.0,0.0,5,927.1666247305154,406.604590088049
1781,29.683333333333334,0.0,0.0,6,927.1666247305154,406.604590088049
1782,29.7,0.0,0.0,7,927.1666247305154,406.604590088049
1783,29.716666666666665,0.0,0.0,5,927.1666247305154,406.604590088049
1784,29.733333333333334,0.0,0.0,6,927.1666247305154,406.604590088049
1785,29.75,-0.022099299877083922,-0.10945391414142591,6,927.1445254306384,406.49513617390755
1786,29.766666666666666,0.1090593434343532,0.0,6,927.2535847740728,406.49513617390755
1787,29.783333333333335,0.0,0.0,9,927.2535847740728,406.49513617390755
1788,29.8,0.0,0.0,7,927.2535847740728,406.49513617390755
1789,29.816666666666666,0.0,-0.04155982905984956,8,927.2535847740728,406.4535763448477
1790,29.833333333333332,0.0,0.015463337831761237,6,927.2535847740728,406.46903968267947
1791,29.85,0.0,0.0,8,927.2535847740728,406.46903968267947
1792,29.866666666666667,7.415720674234592,-3.968352253182047,9,934.6693054483073,402.5006874294974
1793,29.883333333333333,0.0,5.381720430107521,15,934.6693054483073,407.88240785960494
1794,29.9,1.5699275362318872,0.0,10,936.2392329845393,407.88240785960494
1795,29.916666666666668,43.606981981982074,0.0,12,979.8462149665213,407.88240785960494
1796,29.933333333333334,9.325484039769776,3.3816738816738905,6,989.1716990062911,411.2640817412788
1797,29.95,0.0,0.0,11,989.1716990062911,411.2640817412788
1798,29.966666666666665,5.109139784946251,-0.5329151732377966,10,994.2808387912373,410.731166568041
1799,29.983333333333334,0.0,-0.08333333333331439,7,994.2808387912373,410.64783323470766
1800,30.0,-12.779696223316936,2.128895154553014,8,981.5011425679204,412.77672838926065
1801,30.016666666666666,0.04910650610270295,-0.022046987387170702,9,981.5502490740231,412.7546814018735
1802,30.033333333333335,0.0,0.21751700680277963,11,981.5502490740231,412.97219840867626
1803,30.05,0.0,0.0,9,981.5502490740231,412.97219840867626
1804,30.066666666666666,1.3721166892808583,0.0,9,982.922365763304,412.97219840867626
1805,30.083333333333332,0.0,0.0,12,982.922365763304,412.97219840867626
1806,30.1,0.0,0.0,5,982.922365763304,412.97219840867626
1807,30.116666666666667,0.0,1.0,7,982.922365763304,413.97219840867626
1808,30.133333333333333,0.1913314176245251,0.4511904761904475,6,983.1136971809285,414.4233888848667
1809,30.15,0.0,8.893374741200802,11,983.1136971809285,423.31676362606754
1810,30.166666666666668,5.480459770114919,0.0,7,988.5941569510435,423.31676362606754
1811,30.183333333333334,0.0,2.5391046386191647,10,988.5941569510435,425.8558682646867
1812,30.2,-4.834910005668917,8.562974792246507,12,983.7592469453746,434.4188430569332
1813,30.216666666666665,-19.998545449136458,42.47865557283879,10,963.7607014962381,476.89749862977203
1814,30.233333333333334,-21.835463190904733,37.43150882956553,11,941.9252383053333,514.3290074593376
1815,30.25,-18.075815131370632,31.190871906389162,9,923.8494231739627,545.5198793657268
1816,30.266666666666666,-11.992565273387186,23.984161152302704,7,911.8568579005755,569.5040405180295
1817,30.283333333333335,-6.7980330172110826,15.138185332112755,7,905.0588248833644,584.6422258501423
1818,30.3,-4.163030844521671,10.070706144656668,6,900.8957940388427,594.712931994799
1819,30.316666666666666,-1.6802231237322758,5.732435993424616,6,899.2155709151104,600.4453679882236
1820,30.333333333333332,-0.7888266323048896,3.3387400102212155,6,898.4267442828055,603.7841079984448
1821,30.35,-0.5159748765726988,2.315722494167943,6,897.9107694062328,606.0998304926128
1822,30.366666666666667,-0.31776489347490156,1.6108286289606184,6,897.593004512758,607.7106591215734
1823,30.383333333333333,-0.27045386530684823,0.770712741143484,6,897.3225506474511,608.4813718627169
1824,30.4,-0.4291509935501949,0.4888605307325804,6,896.8933996539008,608.9702323934495
1825,30.416666666666668,-0.17725631202856107,0.5170695101167553,6,896.7161433418722,609.4873019035663
1826,30.433333333333334,-0.3166761399520084,0.8632020371928064,6,896.3994672019202,610.350503940759
1827,30.45,-0.23882954123858724,1.604339049605528,6,896.1606376606816,611.9548429903646
1828,30.466666666666665,-0.9033667781494046,1.85681318681317,6,895.2572708825321,613.8116561771777
1829,30.483333333333334,-0.8619378176549048,2.5786201802232824,6,894.3953330648771,616.390276357401
1830,30.5,0.5735470523002704,3.7389870048633895,6,894.9688801171774,620.1292633622644
1831,30.516666666666666,4.507407659806432,6.749417305236307,6,899.4762877769838,626.8786806675007
1832,30.533333333333335,9.799749926448953,9.413552878279546,6,909.2760377034327,636.2922335457803
1833,30.55,13.289139751119194,11.196185300265938,6,922.565177454552,647.4884188460462
1834,30.566666666666666,14.13383759515915,10.534201215393892,6,936.6990150497111,658.0226200614401
1835,30.583333333333332,13.383516483516473,10.028170594837263,5,950.0825315332276,668.0507906562773
1836,30.6,8.439560439560466,7.561728395061721,5,958.5220919727881,675.612519051339
1837,30.616666666666667,3.7943143812708513,4.2333333333333485,5,962.3164063540589,679.8458523846723
1838,30.633333333333333,1.1896496303439221,2.351421188630468,5,963.5060559844028,682.1972735733027
1839,30.65,0.4385788503435606,0.8196268798781716,5,963.9446348347464,683.0169004531808
1840,30.666666666666668,0.553525239883129,0.42992424242430616,5,964.4981600746295,683.4468246956051
1841,30.683333333333334,0.4200879765396053,0.0,5,964.918248051169,683.4468246956051
1842,30.7,0.27420942537224846,0.029777285591251257,5,965.1924574765412,683.4766019811964
1843,30.716666666666665,0.0,0.0,5,965.1924574765412,683.4766019811964
1844,30.733333333333334,0.09764309764312884,0.34250951189238776,5,965.2901005741844,683.8191114930887
1845,30.75,0.7424379329633553,1.1618122977346275,5,966.0325385071478,684.9809237908233
1846,30.766666666666666,1.0719606765586036,2.0866153752212995,5,967.1044991837064,687.0675391660446
1847,30.783333333333335,2.049077733860315,3.0454052030694356,5,969.1535769175666,690.1129443691141
1848,30.8,6.567608322399309,4.820833881753799,6,975.721185239966,694.9337782508678
1849,30.816666666666666,14.315739851981448,6.668261481215524,6,990.0369250919474,701.6020397320833
1850,30.833333333333332,27.121144386451277,8.332853221720057,6,1017.1580694783987,709.9348929538033
1851,30.85,36.416101228201484,8.591010106483338,6,1053.5741707066002,718.5259030602867
1852,30.866666666666667,40.38331247392574,8.666960784313687,6,1093.957483180526,727.1928638446004
1853,30.883333333333333,33.153921568627425,6.423154416505469,6,1127.1114047491533,733.6160182611059
1854,30.9,25.017814407814342,4.717100094740914,6,1152.1292191569676,738.3331183558468
1855,30.916666666666668,14.573260073260144,3.107899347029843,5,1166.7024792302277,741.4410177028766
1856,30.933333333333334,5.44982078853036,2.0,5,1172.152300018758,743.4410177028766
1857,30.95,0.7410863195851789,0.6681003584229757,5,1172.8933863383431,744.1091180612996
1858,30.966666666666665,0.015314804310833097,0.0,5,1172.908701142654,744.1091180612996
1859,30.983333333333334,0.9187808315714392,-0.10823754789271334,5,1173.8274819742255,744.0008805134069
1860,31.0,1.7868695568953399,-0.06119471044240754,5,1175.614351531121,743.9396858029645
1861,31.016666666666666,1.8363885088919005,0.7510288065843724,5,1177.450740040013,744.6907146095489
1862,31.033333333333335,1.9846622175389257,1.5736447722748608,5,1179.435402257552,746.2643593818237
1863,31.05,2.8115540789959823,2.1518890483022233,5,1182.246956336548,748.416248430126
1864,31.066666666666666,3.5139825218477654,2.254431960049999,5,1185.7609388583958,750.6706803901759
1865,31.083333333333332,3.645148401826418,1.7620015485869658,5,1189.4060872602222,752.4326819387629
1866,31.1,1.6347031963470045,0.2416666666666174,5,1191.040790456569,752.6743486054295
1867,31.116666666666667,-0.3592176779827696,-2.2416666666666174,5,1190.6815727785863,750.4326819387629
1868,31.133333333333333,-4.740613026819915,-7.341762452107275,5,1185.9409597517665,743.0909194866556
1869,31.15,-9.781108852755267,-9.850348432055739,6,1176.1598508990112,733.2405710545999
1870,31.166666666666668,-15.675655091096246,-12.095658263305353,6,1160.484195807915,721.1449127912945
1871,31.183333333333334,-17.678855325914157,-11.491186436639055,6,1142.805340482001,709.6537263546554
1872,31.2,-14.899576046634849,-9.101616593663977,6,1127.905764435366,700.5521097609915
1873,31.216666666666665,-10.730158730158678,-6.916666666666686,5,1117.1756057052075,693.6354430943247
1874,31.233333333333334,-5.5,-4.4039215686274815,5,1111.6756057052075,689.2315215256972
1875,31.25,-2.9039215686274247,-2.0,5,1108.77168413658,687.2315215256972
1876,31.266666666666666,-1.5960784313725753,-1.1381766381766738,5,1107.1756057052075,686.0933448875205
1877,31.283333333333335,-0.7462615815557001,-0.02663219133802386,5,1106.4293441236518,686.0667126961825
1878,31.3,-1.4156118143460503,0.0,5,1105.0137323093059,686.0667126961825
1879,31.316666666666666,-1.546888185653927,0.0,5,1103.466844123652,686.0667126961825
1880,31.333333333333332,-2.134798015591798,-0.32058823529405345,5,1101.3320461080602,685.7461244608885
1881,31.35,-2.927450980392109,-0.25686274509797613,5,1098.404595127668,685.4892617157905
1882,31.366666666666667,-2.47777777777776,-0.2848328416911272,5,1095.9268173498904,685.2044288740993
1883,31.383333333333333,-0.46666666666664014,-0.32880658436215526,5,1095.4601506832237,684.8756222897372
1884,31.4,1.2362876046544784,-1.4324246504367864,6,1096.6964382878782,683.4431976393004
1885,31.416666666666668,5.11761292834899,-4.358797660570104,6,1101.8140512162272,679.0843999787303
1886,31.433333333333334,10.323911308709512,-7.481227220282136,6,1112.1379625249367,671.6031727584482
1887,31.45,14.792318069147768,-9.651745367744383,6,1126.9302805940845,661.9514273907038
1888,31.466666666666665,14.148531604054796,-10.1213729874776,6,1141.0788121981393,651.8300544032262
1889,31.483333333333334,8.916666666666742,-8.602083333333326,6,1149.995478864806,643.2279710698929
1890,31.5,4.033437283437252,-5.75,6,1154.0289161482433,637.4779710698929
1891,31.516666666666666,2.0,-3.8750377073906463,6,1156.0289161482433,633.6029333625022
1892,31.533333333333335,1.1372167048638175,-2.3477777777777646,6,1157.1661328531072,631.2551555847244
1893,31.55,1.0052526794169694,-1.2912176476006607,6,1158.1713855325243,629.9639379371238
1894,31.566666666666666,0.5021421001738986,-0.5874245472836606,6,1158.673527632698,629.37651338984
1895,31.583333333333332,0.09234876234870626,-0.1340981240981307,6,1158.7658763950467,629.2424152657419
1896,31.6,-0.037849537849524495,-0.2557020509353265,6,1158.7280268571972,628.9867132148065
1897,31.616666666666667,0.00565950565953699,-0.252333579367388,6,1158.7336863628566,628.7343796354392
1898,31.633333333333333,0.19323479442743974,-0.3532428355957222,6,1158.9269211572841,628.3811367998435
1899,31.65,1.3930555555555202,-0.7785185185185242,6,1160.3199767128397,627.602618281325
1900,31.666666666666668,5.006127450980387,-1.5302722604193661,6,1165.32610416382,626.0723460209057
1901,31.683333333333334,12.44909678915758,-2.546996819004903,6,1177.7752009529777,623.5253492019008
1902,31.7,19.426107009760642,-3.351903829439692,6,1197.2013079627384,620.1734453724611
1903,31.716666666666665,20.428638160632545,-3.5863545568039683,6,1217.629946123371,616.5870908156571
1904,31.733333333333334,18.075780274656722,-3.8217228464419577,5,1235.7057263980278,612.7653679692152
1905,31.75,10.347281323877041,-2.594326241134752,5,1246.0530077219048,610.1710417280804
1906,31.766666666666666,4.4342028985507795,-1.4832850241546112,5,1250.4872106204557,608.6877567039257
1907,31.783333333333335,1.454310403483646,-0.6437112084702221,5,1251.9415210239395,608.0440454954555
1908,31.8,0.8143939393938808,-0.12270593256505435,5,1252.7559149633335,607.9213395628905
1909,31.816666666666666,1.247967479674685,-0.49701237729408376,5,1254.003882443008,607.4243271855964
1910,31.833333333333332,2.0960784313725753,-0.3177062374245452,5,1256.0999608743805,607.1066209481719
1911,31.85,2.0750000000000455,-0.7451754385965614,5,1258.1749608743805,606.3614455095753
1912,31.866666666666667,1.7995006242197178,-0.7704119850186544,5,1259.9744614986002,605.5910335245567
1913,31.883333333333333,1.2886818495514945,-0.5184955141477303,5,1261.2631433481517,605.072538010409
1914,31.9,0.585714285714289,0.0,5,1261.848857633866,605.072538010409
1915,31.916666666666668,0.4806201550387641,0.9864035087719571,5,1262.3294777889046,606.058941519181
1916,31.933333333333334,1.1025385846037352,3.8877645502645635,6,1263.4320163735083,609.9467060694456
1917,31.95,2.343650793650852,6.347944705839382,6,1265.775667167159,616.2946507752849
1918,31.966666666666665,3.031108961960001,9.136406690081145,6,1268.806776129119,625.431057465366
1919,31.983333333333334,2.015843235355419,9.23505572441735,5,1270.8226193644746,634.6661131897833
1920,32.0,1.3089430894309544,7.286554621848779,5,1272.1315624539056,641.9526678116322
1921,32.016666666666666,0.7698412698412085,4.666666666666629,5,1272.9014037237469,646.6193344782988
1922,32.03333333333333,0.6843971631205932,2.333484299516954,5,1273.5858008868674,648.9528187778158
1923,32.05,0.6775362318840052,1.0805873379099467,5,1274.2633371187515,650.0334061157257
1924,32.06666666666667,1.1960784313724844,0.526989056492198,5,1275.459415550124,650.5603951722179
1925,32.083333333333336,1.1737808189421912,0.425579322638157,5,1276.6331963690664,650.985974494856
1926,32.1,0.3083606046438945,0.3939107487494766,5,1276.9415569737102,651.3798852436055
1927,32.11666666666667,0.6614534702770243,1.3537192654840169,5,1277.6030104439874,652.7336045090894
1928,32.13333333333333,0.16973039215690733,2.6699956578375463,5,1277.7727408361443,655.4036001669269
1929,32.15,0.13082437275977554,3.6108795788550196,5,1277.9035652089042,659.014479745782
1930,32.166666666666664,0.4039215686274247,3.640893470790445,6,1278.3074867775317,662.6553732165723
1931,32.18333333333333,0.40221552182333653,4.538250096786697,6,1278.709702299355,667.193623313359
1932,32.2,0.2545955486676803,5.477914740626545,5,1278.9642978480229,672.6715380539856
1933,32.21666666666667,-0.020062313165794876,6.7044893616489105,4,1278.944235534857,679.3760274156346
1934,32.233333333333334,-0.23992673992671598,7.5552077148666115,4,1278.7043087949303,686.9312351305011
1935,32.25,-0.8919841269841413,6.569473081328738,4,1277.812324667946,693.5007082118299
1936,32.266666666666666,-0.6009686931426472,5.168752703138381,4,1277.2113559748034,698.6694609149682
1937,32.28333333333333,0.008702756464913364,3.1657364435346835,4,1277.2200587312682,701.8351973585029
1938,32.3,0.03881956823130395,1.8525389953961167,4,1277.2588782994994,703.687736353899
1939,32.31666666666667,-0.02031938480536155,0.6006497151357166,4,1277.238558914694,704.2883860690347
1940,32.333333333333336,0.019147587954932987,0.18605865638852492,4,1277.257706502649,704.4744447254232
1941,32.35,-0.07516171985491837,0.016776701248943482,4,1277.1825447827941,704.4912214266722
1942,32.36666666666667,-0.20706618527475484,0.09316239359071687,4,1276.9754785975194,704.5843838202629
1943,32.38333333333333,-0.3525871699138179,0.9010487232933713,4,1276.6228914276057,705.4854325435563
1944,32.4,-0.22071007696013112,1.3550096305578734,4,1276.4021813506456,706.8404421741142
1945,32.416666666666664,-0.005562338895629182,1.6832938203772017,4,1276.3966190117499,708.5237359944914
1946,32.43333333333333,0.36099672428304075,0.9399128005843238,4,1276.757615736033,709.4636487950758
1947,32.45,0.1610435860436077,-0.8231786999416215,4,1276.9186593220766,708.6404700951341
1948,32.46666666666667,-0.6964026108886401,-6.62746837178463,5,1276.222256711188,702.0130017233495
1949,32.483333333333334,-3.192592592592632,-13.963867243867242,5,1273.0296641185955,688.0491344794823
1950,32.5,-6.78408405359437,-19.65849427961993,6,1266.2455800650011,668.3906401998623
1951,32.516666666666666,-10.4541216780745,-29.75316599269219,6,1255.7914583869267,638.6374742071702
1952,32.53333333333333,-11.82323033038216,-30.32891163889832,6,1243.9682280565446,608.3085625682718
1953,32.55,-11.544281929894112,-28.512634105025427,6,1232.4239461266504,579.7959284632464
1954,32.56666666666667,-10.026104417670695,-24.0,7,1222.3978417089797,555.7959284632464
1955,32.583333333333336,-9.917508417508316,-16.668877453783125,9,1212.4803332914714,539.1270510094632
1956,32.6,-6.0,-13.337500000000034,8,1206.4803332914714,525.7895510094631
1957,32.61666666666667,-2.637321988960423,-8.723323728081922,10,1203.843011302511,517.0662272813812
1958,32.63333333333333,-1.0090805504560194,-4.258355066624375,8,1202.833930752055,512.8078722147568
1959,32.65,-0.5557482226461161,-1.2332660450510957,9,1202.278182529409,511.5746061697057
1960,32.666666666666664,-0.9115372907153869,0.016681887366814863,9,1201.3666452386935,511.5912880570725
1961,32.68333333333333,-1.2343234323431034,0.0785607972561877,9,1200.1323218063503,511.66984885432873
1962,32.7,-1.6419151419150921,0.34336219336222484,8,1198.4904066644353,512.0132110476909
1963,32.71666666666667,-1.145021645021643,0.3498168498168752,11,1197.3453850194137,512.3630278975078
1964,32.733333333333334,-1.2207207207208057,0.4388812941444371,7,1196.124664298693,512.8019091916522
1965,32.75,-0.5783445783445131,0.4964445429715809,10,1195.5463197203485,513.2983537346238
1966,32.766666666666666,0.0,0.26853407190039036,8,1195.5463197203485,513.5668878065242
1967,32.78333333333333,0.8260073260072431,0.365007824726149,9,1196.3723270463556,513.9318956312503
1968,32.8,2.302378358750957,-0.4490906932573182,8,1198.6747054051066,513.482804937993
1969,32.81666666666667,7.061970334425951,-2.991450990748774,10,1205.7366757395325,510.49135394724425
1970,32.833333333333336,13.54034574322236,-6.104696715312741,8,1219.277021482755,504.3866572319315
1971,32.85,16.36500782472615,-8.346153846153868,9,1235.6420293074812,496.04050338577764
1972,32.86666666666667,15.84075022643259,-8.690455509734647,10,1251.4827795339138,487.350047876043
1973,32.88333333333333,11.802166573126328,-6.210637061148475,8,1263.28494610704,481.1394108148945
1974,32.9,6.1260159072938905,-2.5,8,1269.410962014334,478.6394108148945
1975,32.916666666666664,0.784946236559108,-0.46817145462841836,7,1270.1959082508931,478.1712393602661
1976,32.93333333333333,-0.1940371456499861,0.030303030303002743,5,1270.001871105243,478.2015423905691
1977,32.95,0.20454545454543904,0.44415081042990323,8,1270.2064165597885,478.645693200999
1978,32.96666666666667,0.3113258185721861,0.30842911877391543,11,1270.5177423783607,478.9541223197729
1979,32.983333333333334,2.837164750957868,0.6915708812260846,9,1273.3549071293187,479.645693200999
1980,33.0,2.721260515630206,-0.0019039847681199262,10,1276.0761676449488,479.64378921623086
1981,33.016666666666666,2.322846010981891,-0.030303030303002743,12,1278.3990136559307,479.61348618592785
1982,33.03333333333333,1.168450212507537,0.0,13,1279.5674638684382,479.61348618592785
1983,33.05,1.2298850574713924,0.0,11,1280.7973489259095,479.61348618592785
1984,33.06666666666667,1.1124896608766903,-1.8686868686868365,9,1281.9098385867862,477.744799317241
1985,33.083333333333336,0.1706827309236587,-6.68329130475388,11,1282.08052131771,471.06150801248714
1986,33.1,1.3870056497175938,-9.197769497490015,13,1283.4675269674276,461.8637385149971
1987,33.11666666666667,2.0,-11.73150266971777,9,1285.4675269674276,450.13223584527935
1988,33.13333333333333,1.9624999999999773,-10.976549276549292,7,1287.4300269674277,439.15568656873006
1989,33.15,1.7127136752136494,-7.08488612836436,11,1289.1427406426415,432.0708004403657
1990,33.166666666666664,0.6998931623932094,-2.431160563973066,12,1289.8426338050347,429.6396398763926
1991,33.18333333333333,0.9249999999999545,-5.122844827586221,9,1290.7676338050346,424.5167950488064
1992,33.2,0.0,-2.218645611904037,9,1290.7676338050346,422.29814943690235
1993,33.21666666666667,0.1975427350427026,-0.36184210526317884,11,1290.9651765400772,421.93630733163917
1994,33.233333333333334,0.1416666666666515,-0.03125,10,1291.1068432067439,421.90505733163917
1995,33.25,0.19750966399054093,0.03491003255042813,10,1291.3043528707344,421.9399673641896
1996,33.266666666666666,0.5739947772187293,-0.14658797729613582,10,1291.8783476479532,421.7933793868935
1997,33.28333333333333,0.7797924427770226,-0.18901040551151027,10,1292.6581400907303,421.604368981382
1998,33.3,0.044736842105258745,-0.9396551724137794,13,1292.7028769328356,420.6647138089682
1999,33.31666666666667,0.285641804904742,-0.48440251572321813,10,1292.9885187377404,420.180311293245
2000,33.333333333333336,1.174343680259767,-0.7031026810213916,10,1294.1628624180003,419.4772086122236
2001,33.35,0.14502164502175674,-0.30645161290317446,11,1294.307884063022,419.1707569993204
2002,33.36666666666667,-0.14502164502175674,-0.055952959696298876,11,1294.1628624180003,419.1148040396241
2003,33.38333333333333,-2.3447121926542422,2.7298932673747913,10,1291.818150225346,421.8446973069989
2004,33.4,-7.653508771929751,7.928480204342293,9,1284.1646414534162,429.7731775113412
2005,33.416666666666664,-16.406666666666638,9.707384823848258,9,1267.7579747867494,439.48056233518946
2006,33.43333333333333,-30.782222222222344,21.23139158576049,8,1236.975752564527,460.71195392094995
2007,33.45,-43.168074739487736,34.03905303030308,8,1193.8076778250393,494.75100695125303
2008,33.46666666666667,-52.20219394180401,32.58322127595994,7,1141.6054838832351,527.334228227213
2009,33.483333333333334,-43.129054107897105,32.3797409805735,7,1098.4764297753381,559.7139692077865
2010,33.5,-30.05268199233717,24.9051588151502,6,1068.423747783001,584.6191280229367
2011,33.516666666666666,-20.029999999999973,19.614673913043475,5,1048.3937477830011,604.2338019359802
2012,33.53333333333333,-7.853916523727889,10.681912144702892,5,1040.5398312592733,614.9157140806831
2013,33.55,-0.9304216297975927,5.185569985569941,5,1039.6094096294757,620.101284066253
2014,33.56666666666667,0.8305781264592724,1.5,5,1040.439987755935,621.601284066253
2015,33.583333333333336,0.06631402044240531,-0.016254786896979567,5,1040.5063017763773,621.585029279356
2016,33.6,0.0,0.0,5,1040.5063017763773,621.585029279356
2017,33.61666666666667,-0.2137037037036862,0.01999999999998181,5,1040.2925980726736,621.605029279356
2018,33.63333333333333,-0.1668707482992886,0.0036592190795659008,5,1040.1257273243743,621.6086884984356
2019,33.65,-0.29166666666662877,0.2509363295880007,5,1039.8340606577076,621.8596248280237
2020,33.666666666666664,-0.7846240179574124,0.7033639143730852,5,1039.0494366397502,622.5629887423968
2021,33.68333333333333,-0.9522353283821303,1.9546783625730768,5,1038.097201311368,624.5176671049699
2022,33.7,0.3408369408368799,3.9914862914862397,5,1038.438038252205,628.5091533964561
2023,33.71666666666667,3.3110991251256223,7.860832257438332,6,1041.7491373773305,636.3699856538944
2024,33.733333333333334,7.628920897837531,13.502054336297618,6,1049.378058275168,649.8720399901921
2025,33.75,13.348773640661875,20.253910533910528,7,1062.72683191583,670.1259505241026
2026,33.766666666666666,16.052044564486835,21.51790137721126,6,1078.7788764803167,691.6438519013138
2027,33.78333333333333,13.916854085735736,19.787858621709518,5,1092.6957305660526,711.4317105230234
2028,33.8,11.400497512437823,18.003368337626284,5,1104.0962280784904,729.4350788606497
2029,33.81666666666667,8.1875,14.06664834829337,5,1112.2837280784904,743.5017272089431
2030,33.833333333333336,4.914315133299965,4.972546891523336,4,1117.1980432117903,748.4742741004663
2031,33.85,0.0,0.0,3,1117.1980432117903,748.4742741004663
2032,33.86666666666667,0.0,0.0,3,1117.1980432117903,748.4742741004663
2033,33.88333333333333,0.0,0.0,3,1117.1980432117903,748.4742741004663
2034,33.9,0.0,0.0,3,1117.1980432117903,748.4742741004663
2035,33.916666666666664,0.0,0.0,3,1117.1980432117903,748.4742741004663
2036,33.93333333333333,0.0,0.0,3,1117.1980432117903,748.4742741004663
2037,33.95,0.0,0.0,3,1117.1980432117903,748.4742741004663
2038,33.96666666666667,0.0,0.0,3,1117.1980432117903,748.4742741004663
2039,33.983333333333334,0.0,0.0,3,1117.1980432117903,748.4742741004663
2040,34.0,0.0,0.0,3,1117.1980432117903,748.4742741004663
2041,34.016666666666666,0.0,0.0,3,1117.1980432117903,748.4742741004663
2042,34.03333333333333,0.0,0.0,3,1117.1980432117903,748.4742741004663
2043,34.05,0.0,0.0,4,1117.1980432117903,748.4742741004663
2044,34.06666666666667,-14.457760248112152,-5.2903013754045105,4,1102.740282963678,743.1839727250618
2045,34.083333333333336,-20.377341731266142,-6.068677325581405,4,1082.362941232412,737.1152953994804
2046,34.1,-23.06145512281688,-5.376039039880482,4,1059.301486109595,731.7392563596
2047,34.11666666666667,0.0,0.0,5,1059.301486109595,731.7392563596
2048,34.13333333333333,-32.00617741536939,-6.656906350382997,5,1027.2953086942257,725.082350009217
2049,34.15,-23.76133439659759,-2.6684795321637296,6,1003.5339742976281,722.4138704770533
2050,34.166666666666664,-14.46839422259984,-4.2719342962334395,5,989.0655800750283,718.1419361808198
2051,34.18333333333333,-7.243053588847943,-2.571163346864296,5,981.8225264861803,715.5707728339555
2052,34.2,-2.2984496124031466,-1.0991822991823028,5,979.5240768737772,714.4715905347732
2053,34.21666666666667,-0.6735861490535626,-0.5147953655080073,5,978.8504907247236,713.9567951692652
2054,34.233333333333334,-0.3620492890411242,-0.3080231596360363,5,978.4884414356825,713.6487720096292
2055,34.25,-1.015458238655924,-0.30792535977411717,5,977.4729831970266,713.340846649855
2056,34.266666666666666,-1.8126614987079392,-1.267973856209096,5,975.6603216983186,712.072872793646
2057,34.28333333333333,-1.9767244308529826,-1.5474006116207875,5,973.6835972674656,710.5254721820252
2058,34.3,-2.089320044217004,-1.1965188583079112,6,971.5942772232486,709.3289533237173
2059,34.31666666666667,-2.7884252263854705,-1.292438178020305,6,968.8058519968631,708.036515145697
2060,34.333333333333336,-2.9862256350351686,-0.4706269268946244,6,965.8196263618279,707.5658882188023
2061,34.35,-3.3669129903406656,-0.43397705842772893,6,962.4527133714872,707.1319111603746
2062,34.36666666666667,-2.1931623931624245,-0.44073059360732714,7,960.2595509783248,706.6911805667672
2063,34.38333333333333,-0.857344804318501,-2.19006389410049,6,959.4022061740063,704.5011166726667
2064,34.4,0.1722958754209003,-2.783333333333303,8,959.5745020494272,701.7177833393334
2065,34.416666666666664,3.852047987970309,-13.712885154061723,5,963.4265500373975,688.0048981852717
2066,34.43333333333333,10.284923097454339,-21.82347848230188,6,973.7114731348519,666.1814197029698
2067,34.45,15.694158075601422,-29.074747474747596,5,989.4056312104533,637.1066722282222
2068,34.46666666666667,15.78530006131541,-29.5896005816289,7,1005.1909312717687,607.5170716465933
2069,34.483333333333334,13.463806445293471,-25.92430092430095,9,1018.6547377170622,581.5927707222924
2070,34.5,9.465720108762582,-20.539824207375887,12,1028.1204578258248,561.0529465149165
2071,34.516666666666666,4.939326484018352,-15.541666666666686,7,1033.059784309843,545.5112798482498
2072,34.53333333333333,4.093674698795212,0.0,11,1037.1534590086383,545.5112798482498
2073,34.55,3.8174783549782205,-5.952941176470574,9,1040.9709373636165,539.5583386717792
2074,34.56666666666667,2.7267354661162813,-2.746866906407803,12,1043.6976728297327,536.8114717653714
2075,34.583333333333336,1.0885456885456506,-0.5,9,1044.7862185182785,536.3114717653714
2076,34.6,0.6676495705837624,0.4100281857290611,9,1045.4538680888622,536.7214999511004
2077,34.61666666666667,1.404724818276236,0.014134071766534362,9,1046.8585929071385,536.735634022867
2078,34.63333333333333,1.927995676700391,0.005753968253969788,12,1048.786588583839,536.741387991121
2079,34.65,2.282128514056126,-0.08045977011494188,11,1051.068717097895,536.6609282210061
2080,34.666666666666664,2.064176245210774,-0.04155982905982114,10,1053.1328933431057,536.6193683919463
2081,34.68333333333333,0.7493217054263823,-0.19583333333329733,8,1053.882215048532,536.423535058613
2082,34.7,-0.0688405797101268,-1.1600427350427935,7,1053.813374468822,535.2634923235702
2083,34.71666666666667,-1.7416666666666742,-3.0,7,1052.0717078021553,532.2634923235702
2084,34.733333333333334,-5.674509803921524,-5.48235294117643,7,1046.3971979982339,526.7811393823938
2085,34.75,-10.758333333333326,-7.1725974340353105,9,1035.6388646649007,519.6085419483585
2086,34.766666666666666,-7.343094449463024,-7.384043749591086,11,1028.2957702154376,512.2244981987674
2087,34.78333333333333,-17.418439716312037,-7.111111111111086,13,1010.8773304991256,505.1133870876563
2088,34.8,-15.406103286385019,-7.270823885109621,11,995.4712272127406,497.84256320254667
2089,34.81666666666667,-11.472399959128609,-4.067187088510593,10,983.998827253612,493.7753761140361
2090,34.833333333333336,-6.251769591910431,-1.9491737891737841,10,977.7470576617015,491.82620232486227
2091,34.85,-1.2490421455939327,-1.872628726287303,13,976.4980155161077,489.95357359857496
2092,34.86666666666667,-0.9197346269713762,-1.0060930442637925,10,975.5782808891363,488.94748055431114
2093,34.88333333333333,-0.06669913419912632,-0.20937873357217995,9,975.5115817549372,488.73810182073896
2094,34.9,-0.7400674846176116,0.01057755775576652,12,974.7715142703196,488.7486793784947
2095,34.916666666666664,-0.7030516431924525,-0.5134807835622155,8,974.0684626271271,488.2351985949325
2096,34.93333333333333,-2.1339498686072886,0.030769230769237765,11,971.9345127585199,488.26596782570175
2097,34.95,-1.1243636050911334,0.0,12,970.8101491534287,488.26596782570175
2098,34.96666666666667,-1.9638672438671847,0.0,9,968.8462819095615,488.26596782570175
2099,34.983333333333334,-1.0,0.0,9,967.8462819095615,488.26596782570175
2100,35.0,-0.41741822991826893,0.0,10,967.4288636796432,488.26596782570175
2101,35.016666666666666,0.0,0.0,12,967.4288636796432,488.26596782570175
2102,35.03333333333333,1.3544084300386885,-0.5045751633986981,12,968.7832721096819,487.761392662303
2103,35.05,1.8238849765257896,-1.492647058823536,13,970.6071570862077,486.2687456034795
2104,35.06666666666667,7.515719954648549,-4.433611111111105,14,978.1228770408563,481.8351344923684
2105,35.083333333333336,12.357440862084815,0.0,12,990.4803179029411,481.8351344923684
2106,35.1,3.0,-0.7576957645208893,12,993.4803179029411,481.0774387278475
2107,35.11666666666667,0.0,-2.0,9,993.4803179029411,479.0774387278475
2108,35.13333333333333,3.5,-2.652173913043498,9,996.9803179029411,476.425264814804
2109,35.15,1.0305973552211753,-0.58093935248516,10,998.0109152581623,475.8443254623188
2110,35.166666666666664,0.09607843137251848,-0.25968992248061795,10,998.1069936895349,475.5846355398382
2111,35.18333333333333,0.09126984126976367,-0.034356351236112914,13,998.1982635308046,475.5502791886021
2112,35.2,0.0,0.0,9,998.1982635308046,475.5502791886021
2113,35.21666666666667,1.3516457132879225,0.0,8,999.5499092440925,475.5502791886021
2114,35.233333333333334,0.6947704236860872,0.04621848739495249,11,1000.2446796677787,475.59649767599706
2115,35.25,3.7785785098757287,0.0,13,1004.0232581776544,475.59649767599706
2116,35.266666666666666,9.144643523702882,0.9111727538912078,9,1013.1679017013573,476.50767042988826
2117,35.28333333333333,13.12210925039875,1.2163001081449067,10,1026.2900109517561,477.7239705380332
2118,35.3,15.286429105873538,0.7510288065843156,9,1041.5764400576297,478.4749993446175
2119,35.31666666666667,12.156039699830558,0.17642217380779357,9,1053.7324797574602,478.6514215184253
2120,35.333333333333336,7.589600840336118,-0.5543339558045091,12,1061.3220805977962,478.0970875626208
2121,35.35,2.9655773420479363,0.0,9,1064.2876579398442,478.0970875626208
2122,35.36666666666667,0.0,0.0,7,1064.2876579398442,478.0970875626208
2123,35.38333333333333,0.0,0.0,9,1064.2876579398442,478.0970875626208
2124,35.4,0.0,-0.010655546210585953,8,1064.2876579398442,478.0864320164102
2125,35.416666666666664,0.1834854177848797,-0.03820755965617195,12,1064.471143357629,478.04822445675404
2126,35.43333333333333,0.0917665010443045,-0.009828862164653174,8,1064.5629098586733,478.03839559458936
2127,35.45,0.5665125812449787,-0.01922986061893539,7,1065.1294224399182,478.01916573397045
2128,35.46666666666667,1.7712921065863156,-0.3054801407743071,7,1066.9007145465046,477.71368559319615
2129,35.483333333333334,3.1632352941176407,-0.21372549019605458,14,1070.0639498406222,477.4999601030001
2130,35.5,10.470023484552854,-1.960198886701562,12,1080.533973325175,475.53976121629853
2131,35.516666666666666,15.58139534883719,-1.6860465116279215,9,1096.1153686740122,473.8537147046706
2132,35.53333333333333,6.7058650162098274,0.0,9,1102.821233690222,473.8537147046706
2133,35.55,12.220720720720806,-2.5728744939270882,5,1115.0419544109427,471.2808402107435
2134,35.56666666666667,6.315315315315274,-1.1267517517517263,7,1121.357269726258,470.1540884589918
2135,35.583333333333336,1.8212312312311951,-0.3057886959091718,6,1123.1785009574892,469.84829976308265
2136,35.6,-0.0944262996461589,0.042587519025858,10,1123.084074657843,469.8908872821085
2137,35.61666666666667,0.0,0.0,7,1123.084074657843,469.8908872821085
2138,35.63333333333333,0.8030985233598926,-0.6549503752117971,7,1123.887173181203,469.2359369068967
2139,35.65,0.9268055555555748,-0.06678921568627061,8,1124.8139787367586,469.16914769121047
2140,35.666666666666664,1.018749999999983,-0.05624999999997726,10,1125.8327287367586,469.1128976912105
2141,35.68333333333333,0.9311862572328096,-0.05855855855858749,12,1126.7639149939914,469.0543391326519
2142,35.7,0.829032228323058,-0.43218218218211746,12,1127.5929472223145,468.62215695046973
2143,35.71666666666667,0.3494623655914211,-0.0642857142856883,10,1127.9424095879058,468.55787123618404
2144,35.733333333333334,0.03388888888889596,0.0,13,1127.9762984767947,468.55787123618404
2145,35.75,0.0,0.0,14,1127.9762984767947,468.55787123618404
2146,35.766666666666666,-0.12055003819710919,0.8693175312035066,16,1127.8557484385976,469.4271887673875
2147,35.78333333333333,-0.3522593068035462,1.9974349349349154,12,1127.5034891317941,471.42462370232244
2148,35.8,-0.0043728135932497025,2.341204397801164,11,1127.4991163182008,473.7658281001236
2149,35.81666666666667,-0.5239652014651597,2.2226497113997254,14,1126.9751511167356,475.98847781152335
2150,35.833333333333336,-1.1414890752822089,1.7601992646852693,12,1125.8336620414534,477.74867707620865
2151,35.85,-0.46891349021819906,1.0248728246318421,8,1125.3647485512352,478.7735499008405
2152,35.86666666666667,-0.051421657592243264,0.46264316870690436,13,1125.3133268936429,479.2361930695474
2153,35.88333333333333,0.0,0.7014814814815509,11,1125.3133268936429,479.937674551029
2154,35.9,-0.43420289855077954,0.3125443385459903,15,1124.879123995092,480.25021888957497
2155,35.916666666666664,-0.0596389426176529,0.5850510602754184,9,1124.8194850524742,480.8352699498504
2156,35.93333333333333,-0.3181381118881177,0.9575440350572251,12,1124.501346940586,481.79281398490764
2157,35.95,-0.2168376068376574,1.054543220518397,12,1124.2845093337482,482.847357205426
2158,35.96666666666667,0.07581513137063212,0.0,9,1124.360324465119,482.847357205426
2159,35.983333333333334,0.10860907840407208,-1.3228155075377117,9,1124.468933543523,481.5245416978883
2160,36.0,1.5097222222221944,-1.0418617851568115,9,1125.9786557657453,480.4826799127315
2161,36.016666666666666,3.268417874396164,-11.153420781892976,11,1129.2470736401415,469.3292591308385
2162,36.03333333333333,6.092823887545819,-12.255632324769039,12,1135.3398975276873,457.07362680606946
2163,36.05,10.717221135029376,-18.34932331616318,12,1146.0571186627167,438.7243034899063
2164,36.06666666666667,12.49173580294547,-17.889090909090953,11,1158.548854465662,420.8352125808153
2165,36.083333333333336,7.159694773825208,-13.219068184371537,8,1165.7085492394872,407.6161443964438
2166,36.1,4.0,-10.400497512437767,11,1169.7085492394872,397.21564688400605
2167,36.11666666666667,-0.019490254872494006,-0.09191803487334482,7,1169.6890589846148,397.1237288491327
2168,36.13333333333333,-0.8113725490196089,-0.4358024691358082,7,1168.8776864355953,396.6879263799969
2169,36.15,-0.2146630765667794,-0.028130511463842822,10,1168.6630233590286,396.659795868533
2170,36.166666666666664,0.0,0.030303030303002743,7,1168.6630233590286,396.690098898836
2171,36.18333333333333,0.0,0.0,7,1168.6630233590286,396.690098898836
2172,36.2,-0.24937154348918966,0.19900497512435322,11,1168.4136518155394,396.8891038739604
2173,36.21666666666667,-0.28547403825939455,0.0,9,1168.1281777772801,396.8891038739604
2174,36.233333333333334,-0.3327904668852,-1.0245357146765457,8,1167.795387310395,395.86456815928386
2175,36.25,-1.102564102564088,0.0,7,1166.6928232078308,395.86456815928386
2176,36.266666666666666,-1.2564094454986048,-1.302435587761721,8,1165.4364137623322,394.56213257152217
2177,36.28333333333333,0.0405075600728253,-1.1044908191647096,8,1165.4769213224051,393.45764175235746
2178,36.3,0.42094017094018454,-0.8585629346499104,10,1165.8978614933453,392.59907881770755
2179,36.31666666666667,0.7284946236559051,0.3307531043380152,10,1166.6263561170013,392.92983192204554
2180,36.333333333333336,3.1176722293539,-0.6622222222222831,9,1169.7440283463552,392.26760969982325
2181,36.35,6.350186108724074,-0.280859050422805,8,1176.0942144550793,391.98675064940045
2182,36.36666666666667,4.295783926218746,0.5,7,1180.389998381298,392.48675064940045
2183,36.38333333333333,4.467948717948673,1.5,12,1184.8579470992468,393.98675064940045
2184,36.4,0.704324450297829,1.6152631578947592,6,1185.5622715495447,395.6020138072952
2185,36.416666666666664,16.20746212121216,3.536536796536808,8,1201.7697336707568,399.13855060383196
2186,36.43333333333333,2.322678026546125,0.7447194240768908,8,1204.0924116973029,399.88327002790885
2187,36.45,0.0,0.9912442396313281,7,1204.0924116973029,400.8745142675402
2188,36.46666666666667,0.0,-0.08869047619043613,5,1204.0924116973029,400.78582379134974
2189,36.483333333333334,0.0,0.0,6,1204.0924116973029,400.78582379134974
2190,36.5,0.0,0.0,6,1204.0924116973029,400.78582379134974
2191,36.516666666666666,0.0,0.0,8,1204.0924116973029,400.78582379134974
2192,36.53333333333333,0.0,0.0,5,1204.0924116973029,400.78582379134974
2193,36.55,0.0,0.09659090909093493,3,1204.0924116973029,400.8824147004407
2194,36.56666666666667,69.5,14.454973118279554,4,1273.5924116973029,415.33738781872023
2195,36.583333333333336,-22.738095238095298,0.11248966087674717,7,1250.8543164592074,415.449877479597
2196,36.6,0.0,1.1025641025641448,5,1250.8543164592074,416.5524415821611
2197,36.61666666666667,0.0,26.5,5,1250.8543164592074,443.0524415821611
2198,36.63333333333333,-0.06746031746041581,1.8919871794871597,7,1250.786856141747,444.9444287616483
2199,36.65,2.61475761475765,0.0,9,1253.4016137565045,444.9444287616483
2200,36.666666666666664,8.493930905695663,0.7145837632115928,4,1261.8955446622,445.65901252485986
2201,36.68333333333333,-1.8392857142857224,0.053824343436396305,7,1260.0562589479143,445.7128368682963
2202,36.7,3.718849034860284,-0.602059925093613,4,1263.7751079827747,445.11077694320267
2203,36.71666666666667,1.5420997985434042,0.0,7,1265.317207781318,445.11077694320267
2204,36.733333333333334,0.16525687236980957,0.026161193525211957,3,1265.4824646536879,445.13693813672785
2205,36.75,-0.047742910403940186,0.0,9,1265.434721743284,445.13693813672785
2206,36.766666666666666,0.3850574712643038,-0.07201867816090157,8,1265.8197792145484,445.0649194585669
2207,36.78333333333333,0.0,0.0,9,1265.8197792145484,445.0649194585669
2208,36.8,1.189503579209486,-0.4042431787529779,5,1267.0092827937578,444.66067627981397
2209,36.81666666666667,-1.1922955069124441,1.3578757040450569,7,1265.8169872868455,446.018551983859
2210,36.833333333333336,-0.13891834570523542,0.0,7,1265.6780689411403,446.018551983859
2211,36.85,-2.136868686868695,4.531313131313141,7,1263.5412002542716,450.54986511517217
2212,36.86666666666667,-17.847153804050436,9.444444444444457,5,1245.6940464502213,459.9943095596166
2213,36.88333333333333,-33.7687192118226,15.150793650793617,6,1211.9253272383987,475.14510321041024
2214,36.9,0.6487341772152035,22.27777777777783,7,1212.5740614156139,497.42288098818807
2215,36.916666666666664,-41.39338159992897,11.453151870960113,9,1171.180679815685,508.87603285914815
2216,36.93333333333333,-33.13888888888886,20.451388888888914,5,1138.041790926796,529.3274217480371
2217,36.95,-29.347916666666663,29.422164494389705,9,1108.6938742601294,558.7495862424267
2218,36.96666666666667,-30.0,21.271451588729008,9,1078.6938742601294,580.0210378311558
2219,36.983333333333334,-18.613861386138637,18.192528735632195,9,1060.0800128739907,598.213566566788
2220,37.0,-10.043719851010536,10.953623984856804,8,1050.03629302298,609.1671905516448
2221,37.016666666666666,-3.9672330478972526,4.559436728840595,10,1046.0690599750828,613.7266272804854
2222,37.03333333333333,-1.3619528619527728,1.6464091209854104,7,1044.70710711313,615.3730364014708
2223,37.05,-0.4600122100121098,0.5017737003057903,7,1044.2470949031178,615.8748101017766
2224,37.06666666666667,-0.6545802000347862,0.32062641153549976,7,1043.592514703083,616.1954365133121
2225,37.083333333333336,-1.1067961165048246,0.0,7,1042.485718586578,616.1954365133121
2226,37.1,-1.94673539518908,-0.6994301994301964,7,1040.538983191389,615.4960063138819
2227,37.11666666666667,-2.35576835385325,-0.43193297643890105,7,1038.1832148375356,615.064073337443
2228,37.13333333333333,-3.76598837209292,-0.8664316784160775,7,1034.4172264654426,614.1976416590269
2229,37.15,-3.6833758937692096,-0.028571428571424917,8,1030.7338505716734,614.1690702304554
2230,37.166666666666664,-4.295128858680243,0.5931464174454959,7,1026.4387217129931,614.7622166479009
2231,37.18333333333333,-4.145454545454527,1.6475606504931903,7,1022.2932671675386,616.4097772983941
2232,37.2,-2.66530420951554,3.0068919281308553,6,1019.6279629580231,619.416669226525
2233,37.21666666666667,0.7429997190616575,4.948894507655567,6,1020.3709626770848,624.3655637341806
2234,37.233333333333334,5.541111111111093,8.88708333333335,7,1025.9120737881958,633.2526470675139
2235,37.25,12.980649188514349,14.965913558963194,7,1038.89272297671,648.218560626477
2236,37.266666666666666,18.2110947471773,18.976551940908394,7,1057.1038177238875,667.1951125673854
2237,37.28333333333333,21.7642184116379,22.85129881227037,6,1078.8680361355255,690.0464113796558
2238,37.3,20.655791363108392,24.645021645021615,5,1099.5238274986339,714.6914330246774
2239,37.31666666666667,16.820235320235383,24.06438006438006,5,1116.3440628188691,738.7558130890575
2240,37.333333333333336,12.10051282051279,22.446324786324794,5,1128.444575639382,761.2021378753823
2241,37.35,6.608888888888941,17.88613458528954,5,1135.053464528271,779.0882724606718
2242,37.36666666666667,3.3476851851852416,12.653733098177554,5,1138.401149713456,791.7420055588493
2243,37.38333333333333,2.213681421052172,8.99266808294584,4,1140.6148311345082,800.7346736417951
2244,37.4,1.2983496620338428,5.225705180238151,4,1141.913180796542,805.9603788220332
2245,37.416666666666664,0.39486827033223904,2.6981652046784177,4,1142.3080490668742,808.6585440267116
2246,37.43333333333333,-0.4170454545454163,1.358264778367868,4,1141.8910036123289,810.0168088050796
2247,37.45,-0.35137046137054995,1.012746512746503,4,1141.5396331509583,811.0295553178261
2248,37.46666666666667,0.0,1.0,4,1141.5396331509583,812.0295553178261
2249,37.483333333333334,0.5640786839471161,0.9695113195529927,4,1142.1037118349054,812.9990666373791
2250,37.5,1.3331614328820933,1.32025554754469,4,1143.4368732677876,814.3193221849237
2251,37.516666666666666,1.8361649765759012,1.2290462106386428,4,1145.2730382443635,815.5483683955624
2252,37.53333333333333,2.2701477552181473,1.4952236176160625,4,1147.5431859995817,817.0435920131785
2253,37.55,1.5902126051421988,0.578974046297958,4,1149.1333986047239,817.6225660594764
2254,37.56666666666667,0.6245436245436622,0.0,4,1149.7579422292674,817.6225660594764
2255,37.583333333333336,1.6842251950947684,-0.5299168870597271,4,1151.4421674243622,817.0926491724167
2256,37.6,3.6981138747442515,-1.669642412470779,4,1155.1402812991064,815.4230067599459
2257,37.61666666666667,6.069712212212266,-2.9200650781062905,4,1161.2099935113188,812.5029416818396
2258,37.63333333333333,7.772129629629603,-3.3194698819698942,4,1168.9821231409483,809.1834717998697
2259,37.65,9.081296296296273,-3.714454128247212,3,1178.0634194372446,805.4690176716225
2260,37.666666666666664,6.831452991453034,-2.1271209633278545,3,1184.8948724286977,803.3418967082946
2261,37.68333333333333,3.2524142524141553,-1.1948903156769006,3,1188.1472866811118,802.1470063926176
2262,37.7,0.44482506622819074,0.0,3,1188.59211174734,802.1470063926176
2263,37.71666666666667,0.37962962962967595,0.0,3,1188.9717413769695,802.1470063926176
2264,37.733333333333334,0.0,0.0,3,1188.9717413769695,802.1470063926176
2265,37.75,1.8379629629630472,0.0,3,1190.8097043399325,802.1470063926176
2266,37.766666666666666,1.9722222222221717,-0.18981481481478113,3,1192.7819265621547,801.9571915778029
2267,37.78333333333333,1.9004975124377097,0.0,3,1194.6824240745923,801.9571915778029
2268,37.8,1.637002487562313,0.6743240688220453,3,1196.3194265621546,802.6315156466248
2269,37.81666666666667,1.9624999999999773,1.4250000000000114,3,1198.2819265621547,804.0565156466248
2270,37.833333333333336,3.909090909090878,3.9892812709350665,4,1202.1910174712457,808.0457969175599
2271,37.85,5.854794639516854,5.688339078616849,4,1208.0458121107627,813.7341359961767
2272,37.86666666666667,7.758333333333383,6.758333333333383,3,1215.804145444096,820.4924693295102
2273,37.88333333333333,8.583333333333314,6.769841269841265,3,1224.3874787774294,827.2623105993514
2274,37.9,7.073754789272016,5.289545703338774,3,1231.4612335667014,832.5518563026901
2275,37.916666666666664,4.451800766283554,3.5339463601532657,3,1235.9130343329848,836.0858026628434
2276,37.93333333333333,2.8161111111111268,2.369166666666672,3,1238.729145444096,838.45496932951
2277,37.95,1.0749999999999886,1.7001984126983984,3,1239.804145444096,840.1551677422085
2278,37.96666666666667,1.0960784313725185,1.2412231559289921,3,1240.9002238754686,841.3963908981375
2279,37.983333333333334,1.0,1.0,3,1241.9002238754686,842.3963908981375
2280,38.0,0.8030985233599495,0.34504962478825973,3,1242.7033223988285,842.7414405229258
2281,38.016666666666666,0.2353611978779213,0.5,3,1242.9386835967064,843.2414405229258
2282,38.03333333333333,0.05797101449275033,0.0,3,1242.9966546111991,843.2414405229258
2283,38.05,0.0,-1.0,3,1242.9966546111991,842.2414405229258
2284,38.06666666666667,0.0,-4.654957805907202,3,1242.9966546111991,837.5864827170186
2285,38.083333333333336,3.0422794117647527,-9.065875527426101,3,1246.038934022964,828.5206071895925
2286,38.1,10.770702030812316,-14.645964635854398,4,1256.8096360537763,813.8746425537381
2287,38.11666666666667,17.87591508732811,-14.907638888888897,4,1274.6855511411045,798.9670036648492
2288,38.13333333333333,24.043255971082033,-15.396587615283266,4,1298.7288071121866,783.570416049566
2289,38.15,24.836102693602697,-14.582397806535766,4,1323.5649098057893,768.9880182430302
2290,38.166666666666664,19.33537581699352,-11.128437230727712,4,1342.9002856227828,757.8595810123024
2291,38.18333333333333,12.727130745202999,-7.952108276939043,3,1355.627416367986,749.9074727353634
2292,38.2,6.720440202367854,-4.398314697779938,3,1362.3478565703538,745.5091580375835
2293,38.21666666666667,2.705997254777799,-1.9090909090909918,3,1365.0538538251317,743.6000671284925
2294,38.233333333333334,0.47652439024398063,-0.21640391693870242,3,1365.5303782153755,743.3836632115538
2295,38.25,0.11141393494335716,0.3206652030181658,3,1365.641792150319,743.7043284145719
2296,38.266666666666666,0.587650602409667,0.10712851405622814,3,1366.2294427527286,743.8114569286281
2297,38.28333333333333,0.9290160642570982,-0.03811439105561476,3,1367.1584588169858,743.7733425375725
2298,38.3,1.279166666666697,-0.42752385507037616,3,1368.4376254836525,743.3458186825021
2299,38.31666666666667,1.9624999999999773,-0.88622599269479,3,1370.4001254836526,742.4595926898073
2300,38.333333333333336,2.145021645021643,-1.6774596441616723,3,1372.5451471286742,740.7821330456457
2301,38.35,1.8455755861906482,-1.1450216450216146,3,1374.3907227148648,739.637111400624
2302,38.36666666666667,0.24166666666656056,0.037499999999994316,3,1374.6323893815313,739.674611400624
2303,38.38333333333333,-1.0713005464481284,2.0674972677594496,3,1373.5610888350832,741.7421086683835
2304,38.4,-2.55376082251081,2.88057452574526,4,1371.0073280125723,744.6226831941287
2305,38.416666666666664,-13.113218527228355,10.569861859533631,4,1357.894109485344,755.1925450536623
2306,38.43333333333333,-21.641719443895113,15.685352639421922,4,1336.252390041449,770.8778976930843
2307,38.45,-28.065377727383463,18.251348217838085,4,1308.1870123140654,789.1292459109224
2308,38.46666666666667,-27.006076929776953,19.12044264726825,4,1281.1809353842884,808.2496885581907
2309,38.483333333333334,-18.590665103250615,14.24957983193275,4,1262.5902702810379,822.4992683901235
2310,38.5,-13.204967320261403,11.324967320261408,3,1249.3853029607765,833.8242357103849
2311,38.516666666666666,-5.928611111111081,6.696111111111179,3,1243.4566918496653,840.5203468214961
2312,38.53333333333333,-2.5172816343548448,2.9741769547324566,3,1240.9394102153105,843.4945237762286
2313,38.55,-1.0395694840140095,1.4256093700538486,3,1239.8998407312965,844.9201331462824
2314,38.56666666666667,-0.6932367149757965,0.5255348516218419,3,1239.2066040163209,845.4456679979043
2315,38.583333333333336,-0.019487179487214235,0.21589743589743193,3,1239.1871168368336,845.6615654338017
2316,38.6,-0.10933333333332484,0.2066666666665924,3,1239.0777835035003,845.8682321004683
2317,38.61666666666667,-0.2938596491228509,0.0,3,1238.7839238543775,845.8682321004683
2318,38.63333333333333,-0.1276338893767388,0.0657894736842195,3,1238.6562899650007,845.9340215741524
2319,38.65,0.2967515364355222,0.1896086369770842,3,1238.9530415014362,846.1236302111295
2320,38.666666666666664,0.24095539164034108,0.5384615384615472,3,1239.1939968930765,846.662091749591
2321,38.68333333333333,-0.12557077625569946,0.5,3,1239.0684261168208,847.162091749591
2322,38.7,-2.7711111111111677,-0.1088888888888846,3,1236.2973150057096,847.0532028607022
2323,38.71666666666667,-7.228888888888832,-1.0449572649572474,3,1229.0684261168208,846.0082455957449
2324,38.733333333333334,-14.0,-2.0,3,1215.0684261168208,844.0082455957449
2325,38.75,-18.412280701754412,-2.0742240215924994,3,1196.6561454150665,841.9340215741524
2326,38.766666666666666,-23.57456140350871,-1.5350877192981898,3,1173.0815840115579,840.3989338548542
2327,38.78333333333333,-20.12204678362582,-0.465730994152068,3,1152.959537227932,839.9332028607022
2328,38.8,-8.390102564102563,-0.34420512820508975,2,1144.5694346638295,839.5889977324971
2329,38.81666666666667,-5.265162527760992,-0.1295376539471249,2,1139.3042721360684,839.4594600785499
2330,38.833333333333336,-2.20406824146977,-0.10892388451441093,2,1137.1002038945987,839.3505361940355
2331,38.85,-0.6616915422885654,-0.007462686567180299,2,1136.4385123523102,839.3430735074683
2332,38.86666666666667,-0.3383084577114346,0.007462686567180299,2,1136.1002038945987,839.3505361940354
2333,38.88333333333333,-0.4882716049382907,-0.16049382716050786,2,1135.6119322896604,839.1900423668749
2334,38.9,-0.9385731787767781,-0.004900574875136954,2,1134.6733591108837,839.1851417919997
2335,38.916666666666664,-1.2585557330808115,-0.10850740674987946,2,1133.4148033778029,839.0766343852499
2336,38.93333333333333,-1.3855871375251354,-0.02856732701695819,2,1132.0292162402777,839.048067058233
2337,38.95,-1.1948853615519965,-0.05599647266313923,2,1130.8343308787257,838.9920705855698
2338,38.96666666666667,-1.0033577533577613,-0.08384208384205749,2,1129.830973125368,838.9082285017278
2339,38.983333333333334,-0.37953466286802495,-0.36386514719850993,2,1129.4514384625,838.5443633545292
2340,39.0,0.20937149270486088,-1.9514029180695616,2,1129.6608099552047,836.5929604364596
2341,39.016666666666666,1.9387377714149352,-5.936649964209039,2,1131.5995477266197,830.6563104722507
2342,39.03333333333333,4.292685153486218,-10.847803263722483,2,1135.892232880106,819.8085072085282
2343,39.05,7.102316252588025,-15.623149585921283,3,1142.994549132694,804.185357622607
2344,39.06666666666667,18.57041605301913,-36.52874938635256,3,1161.564965185713,767.6566082362544
2345,39.083333333333336,19.079668980994484,-36.861981906164544,4,1180.6446341667074,730.7946263300898
2346,39.1,15.65730292116848,-31.87498999599842,5,1196.301937087876,698.9196363340914
2347,39.11666666666667,5.065908013276498,-23.171711830799666,7,1201.3678451011524,675.7479245032916
2348,39.13333333333333,3.3153594771241615,-20.41100776744338,7,1204.6832045782767,655.3369167358483
2349,39.15,2.47045282759575,-14.071549873433923,7,1207.1536574058723,641.2653668624143
2350,39.166666666666664,3.794345695267225,-8.594982078853093,7,1210.9480031011394,632.6703847835613
2351,39.18333333333333,3.1734166294360193,-4.081145117061283,8,1214.1214197305753,628.5892396665
2352,39.2,2.140893470790388,-1.4146041395280236,9,1216.2623132013657,627.174635526972
2353,39.21666666666667,0.1325489165703857,-0.12683673469388168,8,1216.394862117936,627.0477987922782
2354,39.233333333333334,0.0,-0.07110092773507404,10,1216.394862117936,626.9766978645431
2355,39.25,0.32246376811599475,0.08148319457302478,9,1216.717325886052,627.0581810591161
2356,39.266666666666666,1.2714285714286007,-0.1174962223196303,10,1217.9887544574808,626.9406848367964
2357,39.28333333333333,1.3443021023940673,-0.8140847681316927,8,1219.3330565598749,626.1266000686647
2358,39.3,1.42999999999995,-2.0762866762865997,9,1220.7630565598747,624.0503133923781
2359,39.31666666666667,1.117429914599768,-2.753264450434301,12,1221.8804864744745,621.2970489419438
2360,39.333333333333336,1.2683659372117404,-2.2661329913902932,10,1223.1488524116862,619.0309159505534
2361,39.35,1.1388937118236413,-2.706079519186403,10,1224.2877461235098,616.324836431367
2362,39.36666666666667,1.6580992018529628,-3.2480256470403788,12,1225.9458453253628,613.0768107843267
2363,39.38333333333333,5.883644032325634,-2.8062549144628406,12,1231.8294893576885,610.2705558698638
2364,39.4,18.18608468798834,-5.167434912787854,12,1250.0155740456769,605.1031209570759
2365,39.416666666666664,28.87429287504483,-4.360236750067202,13,1278.8898669207217,600.7428842070087
2366,39.43333333333333,16.01927437641723,-2.6004647348277103,13,1294.9091412971388,598.142419472181
2367,39.45,33.80497352060786,-3.625,13,1328.7141148177466,594.517419472181
2368,39.46666666666667,17.426767676767668,-0.9411736457932989,15,1346.1408824945142,593.5762458263878
2369,39.483333333333334,10.750174885014928,-2.8573667711598887,14,1356.8910573795292,590.718879055228
2370,39.5,0.17878787878794355,-2.1938534278960446,13,1357.0698452583172,588.5250256273318
2371,39.516666666666666,2.127725856697907,-1.4988179669030615,11,1359.197571115015,587.0262076604288
2372,39.53333333333333,0.735776467949222,-0.39194914023960337,12,1359.9333475829644,586.6342585201892
2373,39.55,0.8483126908716372,-0.24055312157722142,12,1360.781660273836,586.3937053986119
2374,39.56666666666667,1.1618122977345138,-0.2710791366905596,11,1361.9434725715705,586.1226262619214
2375,39.583333333333336,0.15965626413378686,0.1634401424121279,13,1362.1031288357044,586.2860664043335
2376,39.6,1.2836338418862852,0.4361111111110745,9,1363.3867626775907,586.7221775154446
2377,39.61666666666667,2.971638658383597,0.14246154872716943,10,1366.3584013359743,586.8646390641718
2378,39.63333333333333,3.289523809523871,0.923430735930765,11,1369.6479251454982,587.7880698001026
2379,39.65,2.113963963964011,0.42628205128210084,11,1371.7618891094621,588.2143518513847
2380,39.666666666666664,0.0,0.045051690942585765,12,1371.7618891094621,588.2594035423273
2381,39.68333333333333,-1.410028185729061,-0.26651832072394654,11,1370.351860923733,587.9928852216033
2382,39.7,-5.424528301886767,-2.07529239766086,11,1364.9273326218463,585.9175928239424
2383,39.71666666666667,-14.98979591836735,-3.967687074829911,8,1349.937536703479,581.9499057491125
2384,39.733333333333334,-22.81018518518522,-5.256272401433705,11,1327.1273515182938,576.6936333476788
2385,39.75,-18.01991869918689,-0.30690508322089727,12,1309.1074328191069,576.3867282644578
2386,39.766666666666666,-29.201577425842117,-6.743160711310992,12,1279.9058553932648,569.6435675531468
2387,39.78333333333333,-28.345791805094166,-1.1907530454042785,13,1251.5600635881706,568.4528145077425
2388,39.8,-19.733748325072554,-0.34830447330446646,14,1231.826315263098,568.104510034438
2389,39.81666666666667,-10.675213675213627,-1.3173515981735022,11,1221.1511015878843,566.7871584362645
2390,39.833333333333336,-2.964791327264777,-0.6290568475452574,14,1218.1863102606196,566.1581015887192
2391,39.85,-0.01741248097408743,-0.1251692891076459,16,1218.1688977796455,566.0329322996115
2392,39.86666666666667,-0.06888888888897782,0.0,15,1218.1000088907565,566.0329322996115
2393,39.88333333333333,-0.5247170247170061,0.043867243867225625,13,1217.5752918660396,566.0767995434787
2394,39.9,-0.7851851851851848,0.12509363295890807,15,1216.7901066808545,566.2018931764376
2395,39.916666666666664,-0.3989812840558784,0.0,13,1216.3911253967985,566.2018931764376
2396,39.93333333333333,0.0,0.09607843137251848,13,1216.3911253967985,566.29797160781
2397,39.95,0.0,0.0,11,1216.3911253967985,566.29797160781
2398,39.96666666666667,0.0,0.28770128824481844,12,1216.3911253967985,566.5856728960548
2399,39.983333333333334,0.0,-0.09703815261036652,13,1216.3911253967985,566.4886347434444
2400,40.0,0.22726337448563072,-2.548641344546496,16,1216.6183887712841,563.939993398898
2401,40.016666666666666,2.470521313439974,-6.4194887895558,13,1219.0889100847241,557.5205046093422
2402,40.03333333333333,4.454413472706165,-9.484101337362262,16,1223.5433235574303,548.0364032719799
2403,40.05,15.943854329681699,-13.540093804887135,10,1239.487177887112,534.4963094670927
2404,40.06666666666667,20.24989567031821,-11.269702900603505,15,1259.7370735574302,523.2266065664892
2405,40.083333333333336,19.512459371614227,-10.28482233336598,11,1279.2495329290446,512.9417842331231
2406,40.1,15.432261208577017,-8.688492063492049,8,1294.6817941376216,504.2532921696311
2407,40.11666666666667,8.865461847389497,-5.642857142857167,10,1303.5472559850111,498.6104350267739
2408,40.13333333333333,1.9026349299637673,-3.5312409324365603,12,1305.449890914975,495.07919409433737
2409,40.15,0.7711111111111677,-1.1088888888888846,13,1306.2210020260861,493.9703052054485
2410,40.166666666666664,0.0,0.0,12,1306.2210020260861,493.9703052054485
2411,40.18333333333333,0.5675787215197943,0.21615695128625134,8,1306.788580747606,494.1864621567347
2412,40.2,1.3008575479273645,0.3186577366763004,8,1308.0894382955332,494.505119893411
2413,40.21666666666667,1.7161468360928893,0.14285714285716722,7,1309.8055851316262,494.6479770362682
2414,40.233333333333334,1.0556728985300765,-0.29039578794481713,8,1310.8612580301563,494.35758124832336
2415,40.25,0.9582145529367949,-0.05565447926559841,9,1311.819472583093,494.3019267690578
2416,40.266666666666666,1.3657407407408186,-0.025721860444093636,10,1313.185213323834,494.2762049086137
2417,40.28333333333333,1.0288461538461888,-0.05698005698002362,9,1314.2140594776802,494.21922485163367
2418,40.3,0.059960773325883565,-0.201587864061338,14,1314.274020251006,494.01763698757236
2419,40.31666666666667,-1.0322649572649425,-0.5637616052710541,13,1313.241755293741,493.4538753823013
2420,40.333333333333336,-3.4583729028173593,-1.7459876543209703,15,1309.7833823909236,491.70788772798034
2421,40.35,-12.454104797258651,-3.318537075242034,10,1297.329277593665,488.3893506527383
2422,40.36666666666667,-20.360360360360346,-4.854091365461869,12,1276.9689172333046,483.5352592872764
2423,40.38333333333333,-27.69036529680369,0.0,10,1249.278551936501,483.5352592872764
2424,40.4,-24.245310378872034,0.0,12,1225.0332415576288,483.5352592872764
2425,40.416666666666664,-20.062099871958992,-0.5120571916346535,8,1204.9711416856699,483.02320209564175
2426,40.43333333333333,-5.2419913419913655,0.0,10,1199.7291503436786,483.02320209564175
2427,40.45,-3.1819343467723797,0.0,8,1196.5472159969063,483.02320209564175
2428,40.46666666666667,0.12549019607837408,0.0,8,1196.6727061929846,483.02320209564175
2429,40.483333333333334,0.22913165266106716,0.0,7,1196.9018378456458,483.02320209564175
2430,40.5,-0.5845785440612872,0.0,10,1196.3172593015845,483.02320209564175
2431,40.516666666666666,-1.191709134747157,0.033950617283949214,10,1195.1255501668375,483.0571527129257
2432,40.53333333333333,-0.4445512820512363,0.051282051282072416,10,1194.6809988847863,483.1084347642078
2433,40.55,-0.020801364023895985,0.07884615384614335,11,1194.6601975207623,483.18728091805394
2434,40.56666666666667,-0.745833333333394,-0.21950057834931158,11,1193.9143641874289,482.96778033970463
2435,40.583333333333336,-2.455206830206862,-1.1638873186357728,9,1191.459157357222,481.80389302106886
2436,40.6,-3.69234105563055,-2.0251441065394715,8,1187.7668163015915,479.7787489145294
2437,40.61666666666667,-3.0,-2.5,10,1184.7668163015915,477.2787489145294
2438,40.63333333333333,-2.7282580154781613,-1.9674459527400927,10,1182.0385582861134,475.3113029617893
2439,40.65,-2.03582251082247,-1.8644444444444446,8,1180.0027357752908,473.4468585173448
2440,40.666666666666664,-6.469807969808016,-2.354423354423318,10,1173.5329278054828,471.0924351629215
2441,40.68333333333333,-7.722583363428441,-2.751106992070845,8,1165.8103444420544,468.34132817085066
2442,40.7,-2.620833333333337,-1.4406576448243058,8,1163.189511108721,466.9006705260264
2443,40.71666666666667,-1.7792792792791943,0.0,9,1161.4102318294417,466.9006705260264
2444,40.733333333333334,0.0,-0.0735171261487153,9,1161.4102318294417,466.82715339987766
2445,40.75,0.0,-0.0790972402083554,8,1161.4102318294417,466.7480561596693
2446,40.766666666666666,-0.7583333333333258,-0.06851851851854462,7,1160.6518984961085,466.6795376411508
2447,40.78333333333333,-1.7987037037037226,-0.15574607062666246,8,1158.8531947924048,466.5237915705241
2448,40.8,-1.1269552669552922,-0.16126081964863914,8,1157.7262395254495,466.36253075087546
2449,40.81666666666667,-1.7683438783438419,0.0,10,1155.9578956471057,466.36253075087546
2450,40.833333333333336,-1.9400213675212967,1.5744090752243096,10,1154.0178742795845,467.9369398260998
2451,40.85,-4.068697968697961,4.891091269841269,10,1149.9491763108865,472.828031095941
2452,40.86666666666667,-7.9036414565827044,6.982773109243681,11,1142.0455348543037,479.8108042051847
2453,40.88333333333333,-6.0919444444444935,3.7863190730838028,10,1135.9535904098593,483.5971232782685
2454,40.9,-14.0,9.219789348761282,11,1121.9535904098593,492.81691262702975
2455,40.916666666666664,-10.005064760508333,6.039023305461683,8,1111.948525649351,498.85593593249143
2456,40.93333333333333,-1.230409356725147,4.969696969696997,9,1110.7181162926258,503.82563290218843
2457,40.95,-3.304524114383412,2.246265471617562,7,1107.4135921782424,506.071898373806
2458,40.96666666666667,-0.33732681397617625,1.0920846629694978,10,1107.0762653642662,507.1639830367755
2459,40.983333333333334,0.1269586894586041,0.08789821289823863,8,1107.2032240537249,507.2518812496737
2460,41.0,0.0,0.0,8,1107.2032240537249,507.2518812496737
2461,41.016666666666666,0.0,0.0,7,1107.2032240537249,507.2518812496737
2462,41.03333333333333,-0.0025378804943443356,0.3513227513227264,7,1107.2006861732305,507.60320400099647
2463,41.05,-0.4044851857914864,1.0826913199794603,7,1106.796200987439,508.68589532097593
2464,41.06666666666667,-0.3532336791487296,1.981993117098952,10,1106.4429673082905,510.6678884380749
2465,41.083333333333336,-0.1855374396135403,1.2300469483568008,9,1106.2574298686768,511.8979353864317
2466,41.1,-1.073279928793994,0.20944586530264075,14,1105.184149939883,512.1073812517343
2467,41.11666666666667,-2.5,-0.7104618455675791,9,1102.684149939883,511.3969194061667
2468,41.13333333333333,-6.175343312111863,-0.5,10,1096.508806627771,510.8969194061667
2469,41.15,-7.215053763440892,-1.2150537634408352,9,1089.2937528643301,509.6818656427259
2470,41.166666666666664,-8.713104731525846,-0.424453987454811,10,1080.5806481328043,509.2574116552711
2471,41.18333333333333,-6.642473118279554,0.0,10,1073.9381750145249,509.2574116552711
2472,41.2,-4.666666666666671,0.0,11,1069.2715083478581,509.2574116552711
2473,41.21666666666667,-2.6854437489969314,0.0,7,1066.5860645988612,509.2574116552711
2474,41.233333333333334,-1.2554517133956438,0.0,11,1065.3306128854656,509.2574116552711
2475,41.25,-0.5540925382859996,-0.02455049500782991,10,1064.7765203471795,509.23286116026327
2476,41.266666666666666,-1.0804443582641454,0.10371625232566828,10,1063.6960759889153,509.33657741258895
2477,41.28333333333333,-1.8530806910929414,0.2441279263999121,6,1061.8429952978222,509.5807053389889
2478,41.3,-2.0322727802364398,0.41761904761905555,10,1059.8107225175859,509.9983243866079
2479,41.31666666666667,-2.3957115009748122,0.7753222836095688,11,1057.415011016611,510.7736466702175
2480,41.333333333333336,-1.7685031520966277,0.3583570776136611,10,1055.6465078645144,511.13200374783116
2481,41.35,-0.9649885583523883,0.0,7,1054.681519306162,511.13200374783116
2482,41.36666666666667,-1.0856102003643286,0.0,11,1053.5959091057978,511.13200374783116
2483,41.38333333333333,-1.0700645351141702,-3.683200707338628,10,1052.5258445706836,507.4488030404925
2484,41.4,-1.880939376228696,-5.286355652544188,10,1050.6449051944549,502.1624473879483
2485,41.416666666666664,-2.580819446422609,-4.689139784946235,8,1048.0640857480323,497.47330760300207
2486,41.43333333333333,-4.785948697119693,-2.4777674897119653,9,1043.2781370509126,494.9955401132901
2487,41.45,-2.1910009182736303,-5.335294117647095,9,1041.087136132639,489.660245995643
2488,41.46666666666667,-1.7929292929293013,-1.0617944147356866,9,1039.2942068397097,488.5984515809073
2489,41.483333333333334,0.0,-2.1115485564304493,7,1039.2942068397097,486.4869030244769
2490,41.5,-0.11960686323504177,-0.7577628900434377,7,1039.1745999764746,485.72914013443346
2491,41.516666666666666,-0.3389355742296516,-0.10743801652893126,7,1038.835664402245,485.62170211790453
2492,41.53333333333333,-0.49166666666667425,-0.42777777777780557,8,1038.3439977355783,485.1939243401267
2493,41.55,-0.5722630853994986,-0.6501668034989052,6,1037.7717346501788,484.5437575366278
2494,41.56666666666667,-1.3273591731267516,-0.978159779614316,9,1036.444375477052,483.5655977570135
2495,41.583333333333336,-1.67570602097328,-0.617052379804548,8,1034.768669456079,482.948545377209
2496,41.6,-2.37334855353825,-1.0341025682740224,6,1032.3953209025406,481.91444280893495
2497,41.61666666666667,-2.7536406739480412,-1.379984759969517,8,1029.6416802285926,480.53445804896546
2498,41.63333333333333,-0.3266499582288702,-0.5855268074283231,8,1029.3150302703636,479.94893124153714
2499,41.65,0.568557219821173,1.3122942999200404,8,1029.8835874901847,481.2612255414572
2500,41.666666666666664,7.361705043859672,3.943188405797059,9,1037.2452925340444,485.20441394725424
2501,41.68333333333333,12.964769647696471,13.373040902140673,7,1050.2100621817408,498.57745484939494
2502,41.7,20.010987928061127,20.457768574297177,10,1070.221050109802,519.0352234236921
2503,41.71666666666667,25.141702741702716,17.157548125633184,12,1095.3627528515049,536.1927715493252
2504,41.733333333333334,33.22349249771699,24.875466436025434,8,1128.5862453492218,561.0682379853507
2505,41.75,27.32098765432096,19.00663243474537,9,1155.9072330035428,580.0748704200961
2506,41.766666666666666,18.86382623224725,19.471469708827485,11,1174.77105923579,599.5463401289236
2507,41.78333333333333,15.330375180375142,12.112903225806463,13,1190.1014344161651,611.65924335473
2508,41.8,7.903921568627425,7.611111111111086,14,1198.0053559847925,619.2703544658411
2509,41.81666666666667,3.8455680399500807,2.738496071829445,9,1201.8509240247427,622.0088505376706
2510,41.833333333333336,1.9966903073285494,0.0,11,1203.8476143320713,622.0088505376706
2511,41.85,1.0634153080961823,1.218493031599806,10,1204.9110296401675,623.2273435692704
2512,41.86666666666667,-0.058193158193155625,0.9248742986607255,14,1204.8528364819742,624.1522178679311
2513,41.88333333333333,1.107526881720446,1.886762212975782,13,1205.9603633636948,626.0389800809069
2514,41.9,0.0,1.7736849395443386,12,1205.9603633636948,627.8126650204512
2515,41.916666666666664,2.3776348976783197,2.0940986526525194,12,1208.337998261373,629.9067636731037
2516,41.93333333333333,1.4211484996645254,2.2198700716845963,11,1209.7591467610375,632.1266337447883
2517,41.95,4.42948864939234,1.313927420484788,9,1214.18863541043,633.440561165273
2518,41.96666666666667,2.825408355140837,2.047366157960795,13,1217.0140437655707,635.4879273232339
2519,41.983333333333334,0.0,1.652173913043498,9,1217.0140437655707,637.1401012362774
2520,42.0,-1.210314261352977,1.920292998331007,11,1215.8037295042177,639.0603942346083
2521,42.016666666666666,-3.706105942257352,2.058715451533658,15,1212.0976235619603,641.119109686142
2522,42.03333333333333,-1.10831377569167,1.9076168124601054,13,1210.9893097862687,643.0267264986021
2523,42.05,-2.672418690551666,4.882917649702279,12,1208.316891095717,647.9096441483043
2524,42.06666666666667,-15.330010683541559,9.57978580990627,12,1192.9868804121754,657.4894299582106
2525,42.083333333333336,-16.509282751399383,11.627602593532288,9,1176.4775976607762,669.1170325517429
2526,42.1,-14.007085446768315,11.464971771063318,8,1162.4705122140078,680.5820043228063
2527,42.11666666666667,-8.482707785480784,8.235875368555298,7,1153.987804428527,688.8178796913616
2528,42.13333333333333,-5.21682847896443,5.970873786407765,7,1148.7709759495624,694.7887534777693
2529,42.15,-1.6626602564101631,2.8184789644012653,7,1147.1083156931522,697.6072324421706
2530,42.166666666666664,0.0,0.5888888888889028,7,1147.1083156931522,698.1961213310594
2531,42.18333333333333,0.0,0.0,7,1147.1083156931522,698.1961213310594
2532,42.2,-0.48517881047996525,-0.12995169082125813,7,1146.6231368826723,698.0661696402382
2533,42.21666666666667,-1.4021164021164054,-0.550335047529984,7,1145.2210204805558,697.5158345927082
2534,42.233333333333334,-2.267861409796865,-0.6048984468339995,7,1142.9531590707588,696.9109361458742
2535,42.25,-2.743674698795189,-0.06034482758622062,8,1140.2094843719638,696.850591318288
2536,42.266666666666666,-1.9384879725085966,0.42982456140344993,7,1138.2709963994553,697.2804158796914
2537,42.28333333333333,0.558580274214961,1.0747968129122256,6,1138.8295766736703,698.3552126926037
2538,42.3,4.5,1.5362938278759657,7,1143.3295766736703,699.8915065204797
2539,42.31666666666667,12.868296204620435,0.5603448275862206,7,1156.1978728782908,700.4518513480659
2540,42.333333333333336,19.86120380669888,-0.6985539488320001,7,1176.0590766849896,699.7532973992339
2541,42.35,26.80784313725485,-2.068628689318359,7,1202.8669198222444,697.6846687099155
2542,42.36666666666667,23.409663523278255,-2.7267463288336558,6,1226.2765833455228,694.9579223810819
2543,42.38333333333333,14.244830659536547,-2.4039215686274815,7,1240.5214140050593,692.5540008124544
2544,42.4,5.666852198788803,-1.2069539443684363,8,1246.1882662038481,691.347046868086
2545,42.416666666666664,0.9455965181771262,-0.09635359520153486,8,1247.1338627220252,691.2506932728844
2546,42.43333333333333,0.04563492063488184,0.005952380952379599,8,1247.1794976426602,691.2566456538368
2547,42.45,0.6443386369873849,-0.04238095238096662,8,1247.8238362796476,691.2142647014558
2548,42.46666666666667,1.7632461757268345,-0.5366398518399649,8,1249.5870824553745,690.6776248496159
2549,42.483333333333334,1.5508749736453638,-0.664912280701742,7,1251.13795742902,690.0127125689141
2550,42.5,0.16255875923764052,-0.10728365858470568,8,1251.3005161882575,689.9054289103294
2551,42.516666666666666,-0.1779659121978341,0.2553498467824369,8,1251.1225502760597,690.1607787571119
2552,42.53333333333333,1.0,1.8176870748299336,9,1252.1225502760597,691.9784658319418
2553,42.55,5.010009008107318,5.4039215686274815,7,1257.132559284167,697.3823874005693
2554,42.56666666666667,8.32364341085281,8.440704782452372,7,1265.4562026950198,705.8230921830217
2555,42.583333333333336,10.99806201550382,9.928518518518445,7,1276.4542647105236,715.7516107015401
2556,42.6,11.804090347979923,10.017322231792491,7,1288.2583550585036,725.7689329333326
2557,42.61666666666667,10.008907423833818,7.122875800723591,6,1298.2672624823374,732.8918087340562
2558,42.63333333333333,7.239049472312445,5.503721069846378,6,1305.5063119546498,738.3955298039026
2559,42.65,2.938082225810433,3.248995983935714,6,1308.4443941804602,741.6445257878383
2560,42.666666666666664,0.0,1.8727945489824833,6,1308.4443941804602,743.5173203368208
2561,42.68333333333333,-0.34414804566290513,1.2771279843412344,6,1308.1002461347973,744.794448321162
2562,42.7,-0.0386423743755131,0.5263074301885666,6,1308.0616037604218,745.3207557513506
2563,42.71666666666667,0.5770848066949554,0.6849007806710574,6,1308.6386885671168,746.0056565320217
2564,42.733333333333334,1.434120222836782,1.118034933133373,6,1310.0728087899536,747.123691465155
2565,42.75,1.905641064840296,1.217604318121431,6,1311.9784498547938,748.3412957832765
2566,42.766666666666666,0.0945976882833861,0.24799760103793744,6,1312.073047543077,748.5892933843144
2567,42.78333333333333,-0.186869143239619,-0.7732864792503165,6,1311.8861783998375,747.8160069050641
2568,42.8,1.0326059456040184,-4.765132827324493,6,1312.9187843454415,743.0508740777396
2569,42.81666666666667,6.816181233938721,-9.134791590450348,6,1319.7349655793803,733.9160824872893
2570,42.833333333333336,13.144800517352081,-12.091337345972718,6,1332.8797660967323,721.8247451413165
2571,42.85,20.322252747252776,-15.768333026412677,7,1353.2020188439851,706.0564121149039
2572,42.86666666666667,21.011414392059578,-13.182521645021723,7,1374.2134332360447,692.8738904698821
2573,42.88333333333333,14.183483183483304,-9.893439893439847,7,1388.396916419528,682.9804505764423
2574,42.9,8.260297597139754,-7.335545784786163,8,1396.6572140166677,675.6449047916561
2575,42.916666666666664,2.7767639902675683,-3.145021645021586,9,1399.4339780069354,672.4998831466346
2576,42.93333333333333,0.5354250644587637,-1.1255707762557563,7,1399.969403071394,671.3743123703789
2577,42.95,0.45589880057070786,-0.48611111111111427,9,1400.4253018719646,670.8882012592678
2578,42.96666666666667,0.46947890818864835,-0.3333333333333428,9,1400.8947807801533,670.5548679259344
2579,42.983333333333334,0.5055021932799377,-0.8339244663382459,8,1401.4002829734331,669.7209434595962
2580,43.0,0.038208722741387646,-1.111741854636577,6,1401.4384916961744,668.6092016049597
2581,43.016666666666666,-1.2541880341880187,-1.3370940170940173,9,1400.1843036619864,667.2721075878657
2582,43.03333333333333,-1.4966730471243181,-1.7876447876447514,7,1398.687630614862,665.4844628002209
2583,43.05,-1.6357889351378958,-0.8890900874862879,6,1397.051841679724,664.5953727127346
2584,43.06666666666667,-0.3422885041288737,-0.2489608917438062,6,1396.7095531755951,664.3464118209909
2585,43.083333333333336,-0.8542511393995937,0.9939022473675863,9,1395.8553020361956,665.3403140683585
2586,43.1,-3.3948954167341867,5.294631396596031,8,1392.4604066194613,670.6349454649545
2587,43.11666666666667,-7.229036729036579,11.798344343854524,7,1385.2313698904247,682.433289808809
2588,43.13333333333333,-13.008824508824546,21.069707166737487,7,1372.2225453816002,703.5029969755465
2589,43.15,-17.136687067721596,28.805404034121665,6,1355.0858583138786,732.3084010096682
2590,43.166666666666664,-21.438413861311915,34.50533760539574,6,1333.6474444525666,766.8137386150639
2591,43.18333333333333,-23.404162538206435,36.27604744669853,6,1310.24328191436,803.0897860617624
2592,43.2,-18.52430275311633,30.040602441422607,5,1291.7189791612436,833.130388503185
2593,43.21666666666667,-13.598364598364583,23.14360991352146,5,1278.120614562879,856.2739984167065
2594,43.233333333333334,-6.634538152610503,15.670682730923659,3,1271.4860764102684,871.9446811476301
2595,43.25,-1.1647154588331432,9.0,3,1270.3213609514353,880.9446811476301
2596,43.266666666666666,0.0,4.7102696500286925,3,1270.3213609514353,885.6549507976588
2597,43.28333333333333,0.2264323911382462,2.2151260504201673,3,1270.5477933425736,887.870076848079
2598,43.3,0.3952752185210784,0.9202279202279442,3,1270.9430685610946,888.7903047683069
2599,43.31666666666667,0.8016262581188585,0.6044424612028934,3,1271.7446948192135,889.3947472295098
2600,43.333333333333336,1.8991769547326385,0.09512503956949558,3,1273.643871773946,889.4898722690793
2601,43.35,1.4166666666666288,0.43162393162390345,3,1275.0605384406126,889.9214962007032
2602,43.36666666666667,1.3416666666665833,1.4683610736242372,3,1276.4022051072793,891.3898572743275
2603,43.38333333333333,0.6583333333334167,2.471825396825409,3,1277.0605384406126,893.861682671153
2604,43.4,0.0,3.1010648985331954,3,1277.0605384406126,896.9627475696861
2605,43.416666666666664,-1.0938174635983842,2.9177475647236975,3,1275.9667209770141,899.8804951344098
2606,43.43333333333333,-2.0,0.8656174334140587,3,1273.9667209770141,900.7461125678238
2607,43.45,-5.486676954732388,-0.46563786008232455,4,1268.4800440222816,900.2804747077415
2608,43.46666666666667,-10.210218253968264,-1.1398347240051407,4,1258.2698257683132,899.1406399837364
2609,43.483333333333334,-19.045881226053666,-0.7456664429029445,4,1239.2239445422597,898.3949735408335
2610,43.5,-27.405302348825586,0.15556921718840044,4,1211.818642193434,898.5505427580218
2611,43.516666666666666,-33.68080108552681,0.21425212515825365,4,1178.1378411079072,898.7647948831801
2612,43.53333333333333,-30.689664698222884,0.07131874630397306,4,1147.4481764096843,898.8361136294841
2613,43.55,-26.837691229748884,-0.0448761337484882,4,1120.6104851799355,898.7912374957356
2614,43.56666666666667,-21.04819277108436,-0.1646586345381138,3,1099.5622924088511,898.6265788611975
2615,43.583333333333336,-11.677633611368492,-0.845896406137399,3,1087.8846587974826,897.7806824550601
2616,43.6,-6.422115384615381,-1.0831196581196423,3,1081.4625434128673,896.6975627969405
2617,43.61666666666667,-1.8874999999999318,-0.27916666666664014,3,1079.5750434128672,896.4183961302738
2618,43.63333333333333,-0.20953815261054842,-0.13318273092374966,3,1079.3655052602567,896.28521339935
2619,43.65,0.03371510734291405,-0.01111111111106311,3,1079.3992203675996,896.274102288239
2620,43.666666666666664,-0.6575102880658505,0.0,3,1078.7417100795337,896.274102288239
2621,43.68333333333333,-1.206782945736336,-0.01802325581400055,3,1077.5349271337973,896.256079032425
2622,43.7,-1.359670045716598,0.0,3,1076.1752570880808,896.256079032425
2623,43.71666666666667,-1.0874943769680385,-0.018668466036899645,3,1075.0877627111126,896.237410566388
2624,43.733333333333334,-0.5492577597840409,0.34880659880661824,3,1074.5385049513286,896.5862171651946
2625,43.75,-0.03846153846154721,-0.2863247863247125,3,1074.500043412867,896.2998923788699
2626,43.766666666666666,-1.5,-3.779279279279365,3,1073.000043412867,892.5206130995905
2627,43.78333333333333,-3.793859649122851,-9.514580369843486,3,1069.206183763744,883.006032729747
2628,43.8,-6.206140350877149,-14.926861071597898,3,1063.000043412867,868.0791716581491
2629,43.81666666666667,-9.653846153846189,-18.77927927927925,4,1053.3461972590208,849.2998923788698
2630,43.833333333333336,-10.201787596692014,-20.50926768497453,4,1043.1444096623288,828.7906246938953
2631,43.85,-10.20935214211076,-17.132338925442383,4,1032.9350575202182,811.658285768453
2632,43.86666666666667,-8.952833090496995,-13.810992391128366,4,1023.9822244297211,797.8472933773246
2633,43.88333333333333,-6.848356807511777,-10.518245102800734,3,1017.1338676222093,787.3290482745239
2634,43.9,-2.7464720194647043,-4.979487397178957,4,1014.3873956027446,782.3495608773449
2635,43.916666666666664,-3.1979650519796223,-2.7844248209211173,4,1011.189430550765,779.5651360564237
2636,43.93333333333333,-1.7077988436684404,-0.4604705379161942,4,1009.4816317070965,779.1046655185075
2637,43.95,-1.276146627469536,-0.09259869787217667,4,1008.205485079627,779.0120668206354
2638,43.96666666666667,-1.4975091791155708,-0.03146351479004039,4,1006.7079759005114,778.9806033058453
2639,43.983333333333334,-2.4555531571820493,0.3408538235059808,4,1004.2524227433294,779.3214571293513
2640,44.0,-3.1968142186452724,-0.22025486250834092,3,1001.0556085246841,779.101202266843
2641,44.016666666666666,-5.168514341287143,-0.6218820861678296,4,995.8870941833969,778.4793201806751
2642,44.03333333333333,-1.8499672799768803,-0.6583192561141118,4,994.03712690342,777.8210009245611
2643,44.05,-2.8981816095910062,0.0,5,991.138945293829,777.8210009245611
2644,44.06666666666667,0.0,0.0,5,991.138945293829,777.8210009245611
2645,44.083333333333336,1.1211111111110768,0.0,6,992.2600564049401,777.8210009245611
2646,44.1,6.09401709401709,-2.9823767991098578,5,998.3540734989572,774.8386241254512
2647,44.11666666666667,15.729994561282012,-9.416532343716526,5,1014.0840680602391,765.4220917817347
2648,44.13333333333333,29.200687629085223,-15.402294768751375,6,1043.2847556893244,750.0197970129833
2649,44.15,41.83941780004773,-15.865777620920284,7,1085.124173489372,734.154019392063
2650,44.166666666666664,42.075043241060285,-24.289420440769987,8,1127.1992167304322,709.864598951293
2651,44.18333333333333,42.67092867320429,-25.472889931695107,8,1169.8701454036366,684.3917090195979
2652,44.2,28.141277044252718,-19.519544305881766,12,1198.0114224478893,664.8721647137161
2653,44.21666666666667,18.029531192321883,-15.660220623501175,13,1216.0409536402112,649.211944090215
2654,44.233333333333334,9.579439936648498,-10.470063904883062,10,1225.6203935768597,638.7418801853319
2655,44.25,4.067013550135471,-5.949921117872464,14,1229.6874071269951,632.7919590674594
2656,44.266666666666666,-0.10362318840580542,-2.8944444444444457,16,1229.5837839385892,629.897514623015
2657,44.28333333333333,1.2900432900433998,-1.0329106280192946,15,1230.8738272286328,628.8646039949957
2658,44.3,1.4106895283365475,-0.6437201143083513,13,1232.2845167569694,628.2208838806873
2659,44.31666666666667,0.712938596491199,0.0634920634921059,18,1232.9974553534607,628.2843759441794
2660,44.333333333333336,0.20022406559877481,0.2896404521404463,16,1233.1976794190596,628.5740163963198
2661,44.35,1.0128007150588587,0.2409728319188389,16,1234.2104801341184,628.8149892282387
2662,44.36666666666667,2.0220648102915106,1.0917602996254345,13,1236.23254494441,629.9067495278641
2663,44.38333333333333,3.5144660637618017,1.8555188367481605,12,1239.7470110081717,631.7622683646123
2664,44.4,3.5830431597926804,2.4142533028769435,14,1243.3300541679644,634.1765216674892
2665,44.416666666666664,2.57704485231082,0.8227659133320344,14,1245.9070990202752,634.9992875808211
2666,44.43333333333333,0.8676573020663909,0.0,13,1246.7747563223415,634.9992875808211
2667,44.45,-0.8683599130823154,0.07723112128147136,12,1245.9063964092593,635.0765187021026
2668,44.46666666666667,-2.3609876385914106,-1.8463283781458415,12,1243.5454087706678,633.2301903239568
2669,44.483333333333334,-7.102855301840407,-4.040554146027148,13,1236.4425534688273,629.1896361779296
2670,44.5,-13.823193067095474,-9.36546184738961,9,1222.619360401732,619.82417433054
2671,44.516666666666666,-20.400433685811038,-6.851342803441042,10,1202.2189267159208,612.972831527099
2672,44.53333333333333,-21.013157894736878,-9.543291404612205,11,1181.205768821184,603.4295401224867
2673,44.55,-15.293486590038327,-1.606867283950578,15,1165.9122822311456,601.8226728385362
2674,44.56666666666667,-12.52409595959594,-4.90139966032001,10,1153.3881862715496,596.9212731782161
2675,44.583333333333336,-5.828994933427623,-2.265983864367854,10,1147.559191338122,594.6552893138482
2676,44.6,-2.1838888888888732,-0.7768115942028544,9,1145.375302449233,593.8784777196454
2677,44.61666666666667,-0.3289041994750619,-0.06481481481483797,5,1145.0463982497579,593.8136629048306
2678,44.63333333333333,-0.7667316439246292,0.16063065245475627,8,1144.2796666058332,593.9742935572854
2679,44.65,-1.1466183574880233,0.017416427597709117,9,1143.1330482483452,593.9917099848831
2680,44.666666666666664,-0.5489973275772968,-0.3061791312647131,10,1142.5840509207678,593.6855308536184
2681,44.68333333333333,-1.612681159420248,-0.6754157774932423,8,1140.9713697613477,593.0101150761252
2682,44.7,-3.775362318840564,-0.7230392156862422,9,1137.1960074425072,592.287075860439
2683,44.71666666666667,-3.064444444444405,-0.09539018546936973,10,1134.1315629980627,592.1916856749697
2684,44.733333333333334,0.0,-0.35139271502913516,11,1134.1315629980627,591.8402929599406
2685,44.75,-1.8423251877709959,-0.7640485312898591,9,1132.2892378102918,591.0762444286507
2686,44.766666666666666,0.0,-2.3128790214821606,7,1132.2892378102918,588.7633654071685
2687,44.78333333333333,1.3033918128654705,-5.456959064327464,10,1133.5926296231573,583.306406342841
2688,44.8,2.59121962824031,-8.286462424718508,10,1136.1838492513975,575.0199439181225
2689,44.81666666666667,11.386707070707018,-10.927893864013242,11,1147.5705563221045,564.0920500541092
2690,44.833333333333336,7.468344774980892,-13.468344774980949,9,1155.0389010970853,550.6237052791282
2691,44.85,12.475609971711492,-12.786944581622407,4,1167.5145110687968,537.8367606975058
2692,44.86666666666667,7.404761904761926,55.707583774250395,16,1174.9192729735587,593.5443444717562
2693,44.88333333333333,0.29300729300729245,-0.73174603174607,11,1175.212280266566,592.8125984400101
2694,44.9,0.4880935639590689,-0.5516590563165948,10,1175.7003738305252,592.2609393836935
2695,44.916666666666664,0.0,0.0,11,1175.7003738305252,592.2609393836935
2696,44.93333333333333,0.0,0.0,10,1175.7003738305252,592.2609393836935
2697,44.95,0.4218708932244226,-0.10260110260111333,10,1176.1222447237496,592.1583382810925
2698,44.96666666666667,0.0,-0.18338506573797986,11,1176.1222447237496,591.9749532153545
2699,44.983333333333334,0.8067632850242035,-1.363392377885134,11,1176.929008008774,590.6115608374694
2700,45.0,2.4636661975108325,0.3225274725274545,8,1179.3926742062847,590.9340883099968
2701,45.016666666666666,0.1461189450319864,0.0395776210993688,10,1179.5387931513167,590.9736659310962
2702,45.03333333333333,-0.4537815126050191,0.07535518243469141,7,1179.0850116387116,591.0490211135309
2703,45.05,-4.859106529209555,2.3702340440308376,7,1174.225905109502,593.4192551575618
2704,45.06666666666667,-5.660414840782977,1.285112897053125,7,1168.565490268719,594.7043680546149
2705,45.083333333333336,-11.93878066511435,2.1446231878848323,8,1156.6267096036047,596.8489912424997
2706,45.1,-16.30801298929262,0.07789473684209725,9,1140.318696614312,596.9268859793417
2707,45.11666666666667,-12.542484852794203,0.3297101449275033,6,1127.776211761518,597.2565961242692
2708,45.13333333333333,-1.7449424069906065,0.5460483846368476,13,1126.0312693545275,597.802644508906
2709,45.15,-0.41172161172161026,0.0,5,1125.619547742806,597.802644508906
2710,45.166666666666664,0.12914636491487386,-0.41219339133169797,9,1125.748694107721,597.3904511175743
2711,45.18333333333333,0.0,0.0,8,1125.748694107721,597.3904511175743
2712,45.2,-0.5425747534786183,0.6722123328313501,11,1125.2061193542422,598.0626634504057
2713,45.21666666666667,-0.41172161172161026,0.00586080586080584,5,1124.7943977425207,598.0685242562665
2714,45.233333333333334,0.0,0.0,5,1124.7943977425207,598.0685242562665
2715,45.25,-0.41172161172161026,0.00586080586080584,7,1124.3826761307992,598.0743850621274
2716,45.266666666666666,-0.5060754332314019,0.7240975623928705,12,1123.8766006975677,598.7984826245203
2717,45.28333333333333,-0.20586080586080513,0.1452185552436589,6,1123.670739891707,598.9437011797639
2718,45.3,0.5,2.1999999999999886,10,1124.170739891707,601.1437011797639
2719,45.31666666666667,10.525626911315015,1.5605070842654527,7,1134.6963668030219,602.7042082640294
2720,45.333333333333336,20.46691358024691,7.490224556157898,6,1155.1632803832688,610.1944328201873
2721,45.35,29.541930900719905,-0.7392570970695971,9,1184.7052112839888,609.4551757231177
2722,45.36666666666667,28.09710144927533,8.304761904761918,8,1212.802312733264,617.7599376278796
2723,45.38333333333333,31.0,-0.011136712749703293,7,1243.802312733264,617.7488009151299
2724,45.4,18.158722531872655,0.06924079504727843,7,1261.9610352651366,617.8180417101771
2725,45.416666666666664,42.3099459566275,-2.5651709401709297,4,1304.270981221764,615.2528707700062
2726,45.43333333333333,11.490161763934736,-0.344907407407419,11,1315.7611429856988,614.9079633625988
2727,45.45,0.0,1.956461030718458,7,1315.7611429856988,616.8644243933172
2728,45.46666666666667,1.585714285714289,0.276190476190493,9,1317.3468572714132,617.1406148695078
2729,45.483333333333334,0.05411255411252114,0.56969696969702,7,1317.4009698255259,617.7103118392048
2730,45.5,0.0,0.0,8,1317.4009698255259,617.7103118392048
2731,45.516666666666666,0.0,0.0,9,1317.4009698255259,617.7103118392048
2732,45.53333333333333,2.585714285714289,-0.276190476190493,7,1319.9866841112403,617.4341213630144
2733,45.55,1.414285714285711,2.1311123658949214,7,1321.4009698255259,619.5652337289093
2734,45.56666666666667,1.323697384757054,0.13809523809521806,4,1322.7246672102829,619.7033289670046
2735,45.583333333333336,0.16385089255271623,1.2428100860149698,7,1322.8885181028356,620.9461390530196
2736,45.6,1.8373015873016243,0.5303030303030027,9,1324.7258196901373,621.4764420833226
2737,45.61666666666667,0.0,0.6571969696969973,9,1324.7258196901373,622.1336390530196
2738,45.63333333333333,0.0,1.4305816788575498,7,1324.7258196901373,623.5642207318772
2739,45.65,3.5527426160336972,-2.292880404942963,8,1328.278562306171,621.2713403269343
2740,45.666666666666664,-0.05241307732228506,2.425012973534024,7,1328.2261492288485,623.6963533004682
2741,45.68333333333333,1.8589440403559934,1.0176704828272989,4,1330.0850932692044,624.7140237832955
2742,45.7,1.927738927738801,3.644144144144093,3,1332.0128321969432,628.3581679274396
2743,45.71666666666667,3.6025641025642017,11.707621082621074,5,1335.6153962995074,640.0657890100606
2744,45.733333333333334,1.75,9.746548620081228,4,1337.3653962995074,649.8123376301419
2745,45.75,2.3777217082515563,9.538095238095252,3,1339.743118007759,659.3504328682371
2746,45.766666666666666,2.1973180076628296,7.8686246703487654,5,1341.9404360154217,667.219057538586
2747,45.78333333333333,0.0,8.0,6,1341.9404360154217,675.219057538586
2748,45.8,0.5306351582549382,2.542751387792883,4,1342.4710711736766,677.7618089263789
2749,45.81666666666667,0.4705619816267017,0.0,5,1342.9416331553034,677.7618089263789
2750,45.833333333333336,0.35493322678678396,0.49700176366843607,5,1343.29656638209,678.2588106900473
2751,45.85,-0.22443339240282967,0.20473576935359006,6,1343.0721329896874,678.463546459401
2752,45.86666666666667,0.14989896776711475,-0.022720079851985986,4,1343.2220319574544,678.440826379549
2753,45.88333333333333,-0.04850088183417256,0.16358024691359674,4,1343.1735310756203,678.6044066264626
2754,45.9,0.11624970636592025,-0.11420914572078544,4,1343.2897807819863,678.4901974807418
2755,45.916666666666664,-1.3937888198757946,0.3391157079779674,6,1341.8959919621107,678.8293131887198
2756,45.93333333333333,0.9258159785654243,0.8151412739008776,5,1342.821807940676,679.6444544626206
2757,45.95,-9.50548147170997,11.703806078111384,6,1333.316326468966,691.348260540732
2758,45.96666666666667,-13.689537632635108,14.830473750216257,11,1319.626788836331,706.1787342909482
2759,45.983333333333334,-0.19104447164420435,5.390809205768562,8,1319.4357443646868,711.5695434967167
2760,46.0,-5.576923076923094,18.710079756540992,10,1313.8588212877637,730.2796232532577
2761,46.016666666666666,-2.8281880127937313,6.050148756993281,8,1311.03063327497,736.329772010251
2762,46.03333333333333,-9.1686746987952,22.44808510638299,7,1301.8619585761746,758.777857116634
2763,46.05,-34.52370263481373,27.096078431372575,7,1267.3382559413608,785.8739355480066
2764,46.06666666666667,-21.748309724008607,19.599345821922412,6,1245.5899462173522,805.4732813699289
2765,46.083333333333336,-10.332281339502089,12.08740499094938,6,1235.2576648778502,817.5606863608783
2766,46.1,-3.474607760223847,7.627685895366767,6,1231.7830571176264,825.1883722562451
2767,46.11666666666667,0.11442258721677945,3.7884880419084084,6,1231.8974797048431,828.9768602981535
2768,46.13333333333333,1.0727260104246454,1.1674517714599233,6,1232.9702057152679,830.1443120696134
2769,46.15,0.21491414786430596,0.01085245164190951,6,1233.185119863132,830.1551645212553
2770,46.166666666666664,0.04803921568628766,-0.07102772143340985,6,1233.2331590788183,830.0841367998219
2771,46.18333333333333,0.0,-0.020062313165766454,6,1233.2331590788183,830.0640744866561
2772,46.2,0.0,0.0,6,1233.2331590788183,830.0640744866561
2773,46.21666666666667,0.0,0.0,6,1233.2331590788183,830.0640744866561
2774,46.233333333333334,0.0,0.03553747470834878,6,1233.2331590788183,830.0996119613644
2775,46.25,-0.03367226643086951,0.37086516265674163,6,1233.1994868123875,830.4704771240212
2776,46.266666666666666,-1.2279609279609076,0.3267399267399469,7,1231.9715258844267,830.7972170507611
2777,46.28333333333333,-6.537500000000023,0.2499245852187073,7,1225.4340258844268,831.0471416359799
2778,46.3,-13.17521367521374,0.10082304526753205,7,1212.258812209213,831.1479646812475
2779,46.31666666666667,-17.318292818292775,0.0,7,1194.9405193909201,831.1479646812475
2780,46.333333333333336,-17.124940116852997,-1.3718092741684131,6,1177.8155792740672,829.776155407079
2781,46.35,-12.352118272118275,0.5,6,1165.4634610019489,830.276155407079
2782,46.36666666666667,-6.107301587301549,0.3791666666666629,6,1159.3561594146472,830.6553220737458
2783,46.38333333333333,-0.020692992644228525,0.15717687097262,6,1159.335466422003,830.8124989447184
2784,46.4,0.634555194414304,0.12331478341121738,6,1159.9700216164174,830.9358137281297
2785,46.416666666666664,0.13534015250994003,0.047340112375280796,6,1160.1053617689274,830.983153840505
2786,46.43333333333333,-0.5753714240556462,-0.0012949039264640305,6,1159.5299903448717,830.9818589365785
2787,46.45,0.013157894736849585,0.09237872542800574,6,1159.5431482396086,831.0742376620066
2788,46.46666666666667,-0.2501461702666461,0.04779969687263019,6,1159.293002069342,831.1220373588792
2789,46.483333333333334,-2.439162754303595,0.28739567031820457,6,1156.8538393150384,831.4094330291974
2790,46.5,-4.876196722820623,0.29879198290413456,6,1151.9776425922178,831.7082250121016
2791,46.516666666666666,-6.875279039137354,1.0773838590065452,6,1145.1023635530805,832.7856088711081
2792,46.53333333333333,-6.851438234363002,2.67155232003509,6,1138.2509253187175,835.4571611911432
2793,46.55,-6.085663427052509,2.5783802237483826,6,1132.165261891665,838.0355414148916
2794,46.56666666666667,-4.583137427759823,1.8311268051047023,6,1127.5821244639053,839.8666682199962
2795,46.583333333333336,-2.4646728610143214,0.68181180878031,6,1125.117451602891,840.5484800287766
2796,46.6,-0.703939277969198,0.0544444444444423,6,1124.4135123249216,840.602924473221
2797,46.61666666666667,0.0071816678478171525,-0.06374628171479912,6,1124.4206939927694,840.5391781915063
2798,46.63333333333333,0.01634774391686733,-0.0915955796434389,6,1124.4370417366863,840.4475826118628
2799,46.65,0.0,0.0,6,1124.4370417366863,840.4475826118628
2800,46.666666666666664,-0.01888663511380173,-0.015151515151501371,6,1124.4181551015724,840.4324310967113
2801,46.68333333333333,0.0,-0.005311653116535808,6,1124.4181551015724,840.4271194435947
2802,46.7,-0.09961663370205542,0.09920825906121422,6,1124.3185384678704,840.526327702656
2803,46.71666666666667,-0.8003110316987545,0.5342300311031636,6,1123.5182274361716,841.0605577337592
2804,46.733333333333334,-1.3924005945745535,1.1280034848585103,6,1122.125826841597,842.1885612186177
2805,46.75,-1.8401960784313474,1.7744498283868495,6,1120.2856307631657,843.9630110470046
2806,46.766666666666666,-3.2367432296029506,1.7000318085682125,7,1117.0488875335627,845.6630428555727
2807,46.78333333333333,-5.961540278762072,1.733238837703766,7,1111.0873472548005,847.3962816932765
2808,46.8,-8.089527629233544,1.0960784313725753,7,1102.997819625567,848.492360124649
2809,46.81666666666667,-9.910472370766513,1.0960784313725185,7,1093.0873472548005,849.5884385560216
2810,46.833333333333336,-10.003703703703707,0.5,6,1083.0836435510969,850.0884385560216
2811,46.85,-8.171457044564193,0.24084967320263218,6,1074.9121865065326,850.3292882292243
2812,46.86666666666667,-4.644862301209486,0.21111111111110858,6,1070.2673242053231,850.5403993403354
2813,46.88333333333333,-0.9298232089628868,0.0,6,1069.3375009963602,850.5403993403354
2814,46.9,0.11287103195630266,0.03653378526388451,6,1069.4503720283165,850.5769331255992
2815,46.916666666666664,0.08888359877933283,0.0,6,1069.5392556270958,850.5769331255992
2816,46.93333333333333,-1.0,-0.30652680652684694,7,1068.5392556270958,850.2704063190724
2817,46.95,-1.533628177544017,-0.10256410256408799,7,1067.0056274495519,850.1678422165083
2818,46.96666666666667,-2.796177227028295,-0.16142545397863728,6,1064.2094502225236,850.0064167625297
2819,46.983333333333334,-3.303506017791733,0.0,7,1060.905944204732,850.0064167625297
2820,47.0,-2.991244239631328,0.7448839662447426,7,1057.9146999651007,850.7513007287745
2821,47.016666666666666,-0.6897081413210344,3.2210953878406485,9,1057.2249918237796,853.9723961166151
2822,47.03333333333333,0.5126940639269435,3.242857142857133,10,1057.7376858877067,857.2152532594722
2823,47.05,3.534676004527398,8.081779424655366,10,1061.2723618922341,865.2970326841275
2824,47.06666666666667,4.885454600889773,9.157753378591906,10,1066.1578164931238,874.4547860627194
2825,47.083333333333336,6.299969669396432,9.403921568627482,9,1072.4577861625203,883.858707631347
2826,47.1,2.7980392156862592,3.701960784313684,8,1075.2558253782065,887.5606684156606
2827,47.11666666666667,1.4111806424697306,1.872507300792705,8,1076.6670060206761,889.4331757164533
2828,47.13333333333333,0.14915053051329608,0.46082716303305915,8,1076.8161565511894,889.8940028794864
2829,47.15,0.18349180983058488,0.24600821883430513,8,1076.99964836102,890.1400110983207
2830,47.166666666666664,0.35930815508019975,0.0,8,1077.3589565161003,890.1400110983207
2831,47.18333333333333,0.4172320674041785,0.33164494020473256,8,1077.7761885835046,890.4716560385253
2832,47.2,0.07776849103656502,0.2012390967636577,8,1077.853957074541,890.672895135289
2833,47.21666666666667,-0.14799536836011384,0.416124710753877,8,1077.705961706181,891.0890198460429
2834,47.233333333333334,-0.26666666666667993,0.7879268394999599,8,1077.4392950395143,891.8769466855429
2835,47.25,-0.48333333333332007,0.9660275266005556,8,1076.955961706181,892.8429742121434
2836,47.266666666666666,-0.23737792518889478,0.45533769063180785,8,1076.718583780992,893.2983119027753
2837,47.28333333333333,0.25,-0.25,8,1076.968583780992,893.0483119027753
2838,47.3,3.7447455386648585,0.0,9,1080.7133293196569,893.0483119027753
2839,47.31666666666667,10.80784313725485,-3.675268817204312,9,1091.5211724569117,889.373043085571
2840,47.333333333333336,20.376204819277064,-3.407967789786028,7,1111.8973772761888,885.965075295785
2841,47.35,28.132777777777733,-8.09852941176473,7,1140.0301550539666,877.8665458840203
2842,47.36666666666667,28.418350930115594,-7.352538964303676,7,1168.4485059840822,870.5140069197166
2843,47.38333333333333,21.612928935569016,-4.021208378874292,6,1190.0614349196512,866.4927985408424
2844,47.4,12.381827903091136,-2.7724269419422853,6,1202.4432628227423,863.7203715989001
2845,47.416666666666664,4.303259966777432,-1.266626064935224,6,1206.7465227895198,862.4537455339648
2846,47.43333333333333,0.6044247360092072,-0.06532126168227137,6,1207.350947525529,862.3884242722826
2847,47.45,0.0,0.0,6,1207.350947525529,862.3884242722826
2848,47.46666666666667,0.5473502100038843,0.02126024590165798,6,1207.8982977355329,862.4096845181842
2849,47.483333333333334,1.357648519670903,0.024369332377176534,6,1209.2559462552038,862.4340538505614
2850,47.5,1.0404104421378122,0.48412310698583383,6,1210.2963566973415,862.9181769575473
2851,47.516666666666666,0.8732647907648357,0.3683441558441416,6,1211.1696214881063,863.2865211133915
2852,47.53333333333333,1.7448349795139677,0.7523080180689021,6,1212.9144564676203,864.0388291314604
2853,47.55,3.233681185722901,0.14024218934241617,6,1216.1481376533432,864.1790713208028
2854,47.56666666666667,2.2153017241379587,-1.3111829664351546,6,1218.3634393774812,862.8678883543677
2855,47.583333333333336,0.0,-3.3247863247863165,7,1218.3634393774812,859.5431020295814
2856,47.6,-5.140893470790331,-5.127080385418708,7,1213.2225459066908,854.4160216441627
2857,47.61666666666667,-12.092063492063517,-5.928851540616279,7,1201.1304824146273,848.4871701035464
2858,47.63333333333333,-17.107238817765165,-5.062433862433863,7,1184.0232435968621,843.4247362411126
2859,47.65,-20.186518201369694,-3.975059217633458,6,1163.8367253954925,839.4496770234791
2860,47.666666666666664,-13.516459665878102,-2.315507562660798,6,1150.3202657296144,837.1341694608184
2861,47.68333333333333,-6.338281165070157,-1.7072523770471548,6,1143.9819845645443,835.4269170837713
2862,47.7,-0.5170880800222335,-0.8061760643728064,6,1143.4648964845221,834.6207410193985
2863,47.71666666666667,0.5371795243721067,-0.21677996677999545,6,1144.0020760088942,834.4039610526185
2864,47.733333333333334,-0.34775661181723194,0.0,6,1143.654319397077,834.4039610526185
2865,47.75,-1.1770488976371496,0.008890543204216783,6,1142.4772704994398,834.4128515958226
2866,47.766666666666666,-1.9900990099009732,-0.03191489361699951,7,1140.487171489539,834.3809367022056
2867,47.78333333333333,-2.220659052517476,-0.3498168498168752,7,1138.2665124370214,834.0311198523888
2868,47.8,-1.9733678086619193,-0.42106297278712645,7,1136.2931446283596,833.6100568796016
2869,47.81666666666667,-0.4441966838193707,-0.10420447670901467,7,1135.8489479445402,833.5058524028926
2870,47.833333333333336,0.6633168341583087,-0.2362881855907517,7,1136.5122647786984,833.2695642173019
2871,47.85,3.913538805818348,-1.553099952852392,7,1140.4258035845169,831.7164642644495
2872,47.86666666666667,9.671577847439835,-4.271679772826587,7,1150.0973814319568,827.444784491623
2873,47.88333333333333,16.172995441137118,-6.24617737003058,7,1166.270376873094,821.1986071215924
2874,47.9,18.838704177323052,-7.117543859649118,7,1185.109081050417,814.0810632619433
2875,47.916666666666664,9.900695792880299,-3.941228070175441,6,1195.0097768432972,810.1398351917678
2876,47.93333333333333,12.948009708737885,-7.0374278674706545,6,1207.957786552035,803.1024073242971
2877,47.95,4.942401888943124,-4.482963894933917,6,1212.9001884409781,798.6194434293632
2878,47.96666666666667,0.5926598209698,-1.3101256958307488,6,1213.492848261948,797.3093177335325
2879,47.983333333333334,-0.12074970861027623,0.14381145170621323,6,1213.3720985533378,797.4531291852387
2880,48.0,0.0,0.0,5,1213.3720985533378,797.4531291852387
2881,48.016666666666666,0.08003582478431781,0.08562896603211811,5,1213.452134378122,797.5387581512708
2882,48.03333333333333,0.07823129251698901,0.0,5,1213.5303656706392,797.5387581512708
2883,48.05,-0.03333333333335986,0.0,5,1213.4970323373059,797.5387581512708
2884,48.06666666666667,0.0,-0.06521739130437254,5,1213.4970323373059,797.4735407599665
2885,48.083333333333336,0.6275946275946467,-0.30437271062265836,5,1214.1246269649005,797.1691680493439
2886,48.1,3.3249063670411942,-1.0641635377555474,5,1217.4495333319417,796.1050045115883
2887,48.11666666666667,9.98237986270027,-1.8521804439874074,6,1227.431913194642,794.2528240676008
2888,48.13333333333333,17.386355960823977,-3.241635831020645,6,1244.818269155466,791.0111882365802
2889,48.15,25.01334543788721,-3.5644312334863315,6,1269.8316145933532,787.4467570030939
2890,48.166666666666664,22.941988610625856,-2.6863562091503326,6,1292.773603203979,784.7604007939436
2891,48.18333333333333,20.082491582491457,-1.9314814814814838,5,1312.8560947864705,782.8289193124622
2892,48.2,10.172329953151916,-1.0,5,1323.0284247396226,781.8289193124622
2893,48.21666666666667,2.552814978963852,-0.4552068302068335,5,1325.5812397185864,781.3737124822553
2894,48.233333333333334,0.0,0.0,5,1325.5812397185864,781.3737124822553
2895,48.25,0.0,0.0,5,1325.5812397185864,781.3737124822553
2896,48.266666666666666,1.626089466089411,-0.06763285024155152,5,1327.207329184676,781.3060796320137
2897,48.28333333333333,2.0602923646401905,-0.28734550473683385,5,1329.2676215493161,781.018734127277
2898,48.3,2.0,0.0,5,1331.2676215493161,781.018734127277
2899,48.31666666666667,1.5157894736842081,-0.2705924212773425,5,1332.7834110230003,780.7481417059996
2900,48.333333333333336,1.3122807017545028,-0.6455403348554114,5,1334.095691724755,780.1026013711441
2901,48.35,0.47240740740744513,-0.22888888888886072,5,1334.5680991321624,779.8737124822553
2902,48.36666666666667,0.1767606719063224,0.563137617506527,5,1334.7448598040687,780.4368500997618
2903,48.38333333333333,1.751253132832062,3.206140350877149,6,1336.4961129369008,783.642990450639
2904,48.4,5.345504385964887,8.622388804006434,6,1341.8416173228657,792.2653792546454
2905,48.416666666666664,10.212604329681767,14.579993089852252,6,1352.0542216525473,806.8453723444976
2906,48.43333333333333,14.166524603326536,19.547794802421663,6,1366.2207462558738,826.3931671469193
2907,48.45,15.71502698215022,20.990764421710765,5,1381.935773238024,847.38393156863
2908,48.46666666666667,14.38124341412015,19.830917874396107,5,1396.317016652144,867.2148494430262
2909,48.483333333333334,11.18536953242824,16.367043740573195,5,1407.5023861845723,883.5818931835994
2910,48.5,10.619984973658461,13.506569607118195,4,1418.1223711582306,897.0884627907176
2911,48.516666666666666,6.0807362857663065,8.290231456169067,3,1424.203107443997,905.3786942468867
2912,48.53333333333333,3.774011299435074,5.0,3,1427.9771187434321,910.3786942468867
2913,48.55,1.11299435028252,1.61299435028252,3,1429.0901130937145,911.9916885971692
2914,48.56666666666667,0.11948399377502028,0.022276240820019666,3,1429.2095970874896,912.0139648379892
2915,48.583333333333336,0.12398718673443909,-0.03144654088043808,3,1429.333584274224,911.9825182971088
2916,48.6,0.6708463949844372,-0.09090909090906507,3,1430.0044306692084,911.8916092061997
2917,48.61666666666667,1.0303030303030027,0.3758553274681731,3,1431.0347336995114,912.2674645336679
2918,48.63333333333333,0.784946236559108,0.215053763440892,3,1431.8196799360705,912.4825182971088
2919,48.65,0.013440574472269873,0.06151011586302957,3,1431.8331205105428,912.5440284129718
2920,48.666666666666664,-0.06077785257878077,-0.19900497512435322,3,1431.7723426579641,912.3450234378474
2921,48.68333333333333,1.0547898286266673,-2.5,3,1432.827132486591,909.8450234378474
2922,48.7,1.6349206349206042,-2.7063492063492163,3,1434.4620531215114,907.1386742314983
2923,48.71666666666667,2.8656565656565363,-2.9818181818181984,3,1437.327709687168,904.1568560496801
2924,48.733333333333334,5.137262872628867,-4.160981996282544,3,1442.464972559797,899.9958740533975
2925,48.75,3.0182926829268126,-3.178597410155703,3,1445.4832652427237,896.8172766432418
2926,48.766666666666666,1.0812499999999545,-2.5187499999999545,3,1446.5645152427237,894.2985266432419
2927,48.78333333333333,0.9187500000000455,-1.4812500000000455,3,1447.4832652427237,892.8172766432418
2928,48.8,0.8702594810378059,-1.338194934525177,3,1448.3535247237614,891.4790817087166
2929,48.81666666666667,1.3947508709289878,-0.33556298773692106,3,1449.7482755946903,891.1435187209797
2930,48.833333333333336,1.6175892287458282,-0.5849707670872704,3,1451.3658648234361,890.5585479538925
2931,48.85,1.4736504192874236,-0.03512951335642356,3,1452.8395152427236,890.523418440536
2932,48.86666666666667,1.7568813131312027,0.0,3,1454.5963965558549,890.523418440536
2933,48.88333333333333,1.145415695415636,0.27086247086253934,3,1455.7418122512704,890.7942809113986
2934,48.9,1.2705227588950265,0.3063261008879863,3,1457.0123350101653,891.1006070122866
2935,48.916666666666664,0.4709302325580893,-1.1647101647101863,4,1457.4832652427235,889.9358968475764
2936,48.93333333333333,-0.2701403266621014,-4.885500594510603,4,1457.2131249160614,885.0503962530657
2937,48.95,-4.313219970645946,-10.048479180194988,4,1452.8999049454155,875.0019170728708
2938,48.96666666666667,-11.879285205337453,-17.122266161419873,4,1441.020619740078,857.8796509114509
2939,48.983333333333334,-24.48337685670913,-24.286210583962657,4,1416.537242883369,833.5934403274882
2940,49.0,-33.949035764598364,-29.257981356211815,6,1382.5882071187705,804.3354589712765
2941,49.016666666666666,-39.474208917621354,-35.426898879327496,6,1343.1139982011491,768.908560091949
2942,49.03333333333333,-36.87416574088394,-30.529026217228434,8,1306.2398324602652,738.3795338747206
2943,49.05,-27.74031007751944,-23.478827935668733,11,1278.499522382746,714.9007059390518
2944,49.06666666666667,-21.62984496124028,-20.113520291837688,10,1256.8696774215057,694.7871856472141
2945,49.083333333333336,-12.59762475214805,-13.080023460177074,15,1244.2720526693577,681.707162187037
2946,49.1,-5.649857549857529,-8.866666666666617,11,1238.6221951195002,672.8404955203705
2947,49.11666666666667,-4.054934631107756,-5.949546186356031,6,1234.5672604883925,666.8909493340145
2948,49.13333333333333,-2.3102061337355053,-2.4542483660130756,7,1232.2570543546572,664.4367009680014
2949,49.15,-1.7820610444824752,-0.448856209150307,8,1230.4749933101748,663.9878447588511
2950,49.166666666666664,-1.0825776165581829,-0.412650602409542,7,1229.3924156936166,663.5751941564415
2951,49.18333333333333,-0.15193292866680963,-0.15201818509999043,6,1229.2404827649498,663.4231759713415
2952,49.2,-0.7075922738573013,-0.7540160642569731,7,1228.5328904910925,662.6691599070846
2953,49.21666666666667,-1.6643217893217752,-0.49791666666666856,8,1226.8685687017708,662.1712432404179
2954,49.233333333333334,-2.962368467986437,-1.4294117647059466,7,1223.9062002337844,660.7418314757119
2955,49.25,-2.34713232561694,-0.2642343968430936,8,1221.5590679081674,660.4775970788688
2956,49.266666666666666,-1.0273663602314969,-0.6428571428571672,7,1220.5317015479359,659.8347399360116
2957,49.28333333333333,0.19215686274515065,-0.9633986928105287,9,1220.723858410681,658.8713412432011
2958,49.3,2.494767441860404,-3.1071895424836384,9,1223.2186258525414,655.7641517007174
2959,49.31666666666667,8.751587301587278,-6.8612572613220095,8,1231.9702131541287,648.9028944393954
2960,49.333333333333336,17.49340474928715,-13.74297284222466,8,1249.463617903416,635.1599215971708
2961,49.35,26.816662293361276,-10.790298967483437,10,1276.2802801967773,624.3696226296873
2962,49.36666666666667,24.380277777777792,-16.66888150609077,11,1300.660557974555,607.7007411235966
2963,49.38333333333333,22.019487179487214,-10.826513409961649,11,1322.6800451540423,596.8742277136349
2964,49.4,13.936140350877281,-9.708695881453309,11,1336.6161855049195,587.1655318321816
2965,49.416666666666664,4.512459371614227,-5.8090582811491345,11,1341.1286448765336,581.3564735510324
2966,49.43333333333333,1.3266225165563128,-2.102564102564088,9,1342.4552673930898,579.2539094484683
2967,49.45,-0.09629629629637293,-0.2419047619047774,13,1342.3589710967935,579.0120046865636
2968,49.46666666666667,0.5038678004590906,-0.11335605206403443,10,1342.8628388972527,578.8986486344995
2969,49.483333333333334,-0.23151342408309006,-0.29537601950978853,12,1342.6313254731697,578.6032726149897
2970,49.5,1.710155648019736,-0.3598865347779565,9,1344.3414811211894,578.2433860802117
2971,49.516666666666666,1.4030363155363261,-0.8153648253312653,10,1345.7445174367258,577.4280212548805
2972,49.53333333333333,1.7670807453416728,-0.6515277777777868,13,1347.5115981820675,576.7764934771027
2973,49.55,2.1136950904392506,-0.5327635327635676,7,1349.6252932725067,576.2437299443391
2974,49.56666666666667,1.7518139137856679,0.28201058201059936,9,1351.3771071862925,576.5257405263496
2975,49.583333333333336,-0.327804947804907,-0.25233427549962073,8,1351.0493022384876,576.27340625085
2976,49.6,1.1125060125060031,-0.43493329535203884,10,1352.1618082509935,575.838472955498
2977,49.61666666666667,2.9882412273715886,-1.6508418010112678,9,1355.1500494783652,574.1876311544868
2978,49.63333333333333,6.2818452310709745,-2.342034219363171,12,1361.4318947094362,571.8455969351236
2979,49.65,7.574941598408884,-1.8498999067408874,8,1369.006836307845,569.9956970283827
2980,49.666666666666664,2.762123700054673,-1.3870142309797586,10,1371.7689600078998,568.6086827974029
2981,49.68333333333333,0.294706463127568,-1.573182514433853,10,1372.0636664710273,567.0355002829691
2982,49.7,0.9333882011097216,-1.7835481296338571,8,1372.997054672137,565.2519521533352
2983,49.71666666666667,0.0,-1.658639301430128,12,1372.997054672137,563.593312851905
2984,49.733333333333334,1.3481681501483536,-1.2829790441730893,11,1374.3452228222855,562.3103338077319
2985,49.75,0.29500244174147383,0.0,10,1374.6402252640269,562.3103338077319
2986,49.766666666666666,1.1079846079845765,0.0,9,1375.7482098720116,562.3103338077319
2987,49.78333333333333,0.31969111969112873,0.062362758014955944,13,1376.0679009917026,562.3726965657469
2988,49.8,0.16513759145340146,0.10855414220259263,12,1376.233038583156,562.4812507079495
2989,49.81666666666667,0.0,-0.031180260883232336,9,1376.233038583156,562.4500704470662
2990,49.833333333333336,0.5844155844155239,0.0,9,1376.8174541675717,562.4500704470662
2991,49.85,0.0,0.0,9,1376.8174541675717,562.4500704470662
2992,49.86666666666667,0.0,-1.0,11,1376.8174541675717,561.4500704470662
2993,49.88333333333333,-5.2772601794341085,-4.964646464646506,10,1371.5401939881376,556.4854239824197
2994,49.9,-6.692424242424181,-4.933333333333309,8,1364.8477697457133,551.5520906490864
2995,49.916666666666664,-15.190209790209792,-0.28201058201059936,11,1349.6575599555035,551.2700800670758
2996,49.93333333333333,-17.64726958240658,-2.622551327814463,12,1332.010290373097,548.6475287392614
2997,49.95,-14.141393397003498,-3.2257809220916727,8,1317.8688969760935,545.4217478171697
2998,49.96666666666667,-9.880818713450367,-3.1833918128655228,7,1307.9880782626433,542.2383560043043
2999,49.983333333333334,-4.0073494547178825,-2.087719298245588,9,1303.9807288079255,540.1506367060587
3000,50.0,-1.441441441441384,0.0,7,1302.5392873664841,540.1506367060587
3001,50.016666666666666,-0.5536630036630186,0.0,8,1301.985624362821,540.1506367060587
3002,50.03333333333333,-0.40588951656906147,-0.1658220147142231,6,1301.579734846252,539.9848146913445
3003,50.05,-0.9598214285714448,0.0,7,1300.6199134176804,539.9848146913445
3004,50.06666666666667,-2.086538461538453,0.09147392290250878,6,1298.5333749561419,540.076288614247
3005,50.083333333333336,-1.6888440860215042,-0.12864864864866377,5,1296.8445308701203,539.9476399655983
3006,50.1,-4.428764478764492,0.2466450216450653,6,1292.4157663913556,540.1942849872435
3007,50.11666666666667,-4.2603570905974095,0.27169248296331716,10,1288.1554093007583,540.4659774702068
3008,50.13333333333333,0.0,0.10858585858585457,7,1288.1554093007583,540.5745633287927
3009,50.15,0.0,1.3510536398467252,8,1288.1554093007583,541.9256169686394
3010,50.166666666666664,1.5,9.326819745012841,8,1289.6554093007583,551.2524367136522
3011,50.18333333333333,-16.144308943089413,12.136363636363626,5,1273.511100357669,563.3888003500158
3012,50.2,-15.012640449438237,22.19183353957358,5,1258.4984599082306,585.5806338895894
3013,50.21666666666667,-48.50119904076735,24.522697540554702,10,1209.9972608674634,610.1033314301442
3014,50.233333333333334,-9.910317460317465,15.00174603174601,11,1200.086943407146,625.1050774618902
3015,50.25,-7.894927536231933,22.50730767823157,10,1192.192015870914,647.6123851401218
3016,50.266666666666666,-35.808782079810044,18.721179883945837,11,1156.383233791104,666.3335650240676
3017,50.28333333333333,-21.81677927927933,12.993388429752088,11,1134.5664545118248,679.3269534538197
3018,50.3,-10.439218500797494,9.14939567094764,12,1124.1272360110272,688.4763491247674
3019,50.31666666666667,-0.14957264957264726,2.873164901734839,16,1123.9776633614545,691.3495140265022
3020,50.333333333333336,0.0,1.3786115328080086,15,1123.9776633614545,692.7281255593102
3021,50.35,0.43121693121690896,0.04573934837083016,11,1124.4088802926713,692.7738649076811
3022,50.36666666666667,-0.48585572843001046,0.11189177947173334,20,1123.9230245642411,692.8857566871528
3023,50.38333333333333,-0.003787878787875343,0.0,10,1123.9192366854531,692.8857566871528
3024,50.4,0.0,0.2297267948756172,16,1123.9192366854531,693.1154834820285
3025,50.416666666666664,0.0,0.0,11,1123.9192366854531,693.1154834820285
3026,50.43333333333333,-1.2842510741018174,1.1763197842292215,13,1122.6349856113513,694.2918032662577
3027,50.45,-1.851325757575779,1.9884297282498835,13,1120.7836598537756,696.2802329945076
3028,50.46666666666667,-1.1183738917185337,2.0029344981735164,20,1119.6652859620572,698.2831674926812
3029,50.483333333333334,0.0,1.8876374608656477,17,1119.6652859620572,700.1708049535468
3030,50.5,-3.335043988269831,0.7086999022483269,15,1116.3302419737875,700.8795048557952
3031,50.516666666666666,0.0,2.6850894852821625,12,1116.3302419737875,703.5645943410773
3032,50.53333333333333,0.07009043927646985,6.654487510766629,14,1116.400332413064,710.219081851844
3033,50.55,10.0,8.288813036776105,12,1126.400332413064,718.5078948886201
3034,50.56666666666667,0.36114699044175325,17.402315998863315,15,1126.7614794035057,735.9102108874833
3035,50.583333333333336,29.590965241266616,16.929275916290635,12,1156.3524446447723,752.839486803774
3036,50.6,27.437387896859406,19.390421455938736,7,1183.7898325416318,772.2299082597127
3037,50.61666666666667,21.93821024565767,15.852941176470551,7,1205.7280427872895,788.0828494361833
3038,50.63333333333333,15.162830840046013,11.54826364280649,7,1220.8908736273356,799.6311130789898
3039,50.65,9.499351027965375,9.199243073160488,6,1230.390224655301,808.8303561521502
3040,50.666666666666664,4.460697352961915,6.0911877783535715,6,1234.8509220082628,814.9215439305037
3041,50.68333333333333,1.8767717366913956,3.77029675560064,8,1236.7276937449542,818.6918406861043
3042,50.7,0.7429825713785192,1.258201585719064,9,1237.4706763163326,819.9500422718233
3043,50.71666666666667,0.0085134546196457,0.7039621011152803,8,1237.4791897709522,820.6540043729386
3044,50.733333333333334,0.37270500651666794,0.04236235707131186,8,1237.851894777469,820.6963667300099
3045,50.75,1.2931456002391428,0.16309161309840192,6,1239.145040377708,820.8594583431084
3046,50.766666666666666,1.730535596514926,0.701447675131817,9,1240.875575974223,821.5609060182402
3047,50.78333333333333,2.5287356321838956,0.744197513875406,7,1243.404311606407,822.3051035321156
3048,50.8,2.607669205937583,1.5495675162341627,6,1246.0119808123445,823.8546710483497
3049,50.81666666666667,3.895142529661811,2.4295982439043655,6,1249.9071233420063,826.2842692922541
3050,50.833333333333336,5.809930977422525,4.157209662258936,6,1255.7170543194288,830.4414789545131
3051,50.85,8.165204678362585,7.01315789473685,7,1263.8822589977915,837.4546368492499
3052,50.86666666666667,14.243678160919558,12.49333333333334,7,1278.1259371587112,849.9479701825833
3053,50.88333333333333,21.19755481102692,16.21122083112914,5,1299.3234919697381,866.1591910137124
3054,50.9,25.678485036975587,17.68874835855968,5,1325.0019770067138,883.8479393722721
3055,50.916666666666664,32.82981684981689,19.03395604395604,5,1357.8317938565306,902.8818954162282
3056,50.93333333333333,30.508888888888862,17.57666666666671,5,1388.3406827454194,920.4585620828949
3057,50.95,22.18179384203478,12.968566429196358,5,1410.522476587454,933.4271285120913
3058,50.96666666666667,15.64714672644061,10.86546184738961,3,1426.1696233138946,944.2925903594809
3059,50.983333333333334,7.60077519379854,6.3139534883720785,3,1433.7703985076932,950.6065438478529
3060,51.0,2.436530264279668,2.9538367738001625,3,1436.2069287719728,953.560380621653
3061,51.016666666666666,0.2737526367902774,0.6075150626933805,3,1436.480681408763,954.1678956843464
3062,51.03333333333333,0.3218390804597675,-0.022988505747093768,3,1436.8025204892228,954.1449071785993
3063,51.05,0.2032047227492626,-0.20320472274931944,3,1437.005725211972,953.94170245585
3064,51.06666666666667,0.13727887829134033,-0.43127904133041284,3,1437.1430040902633,953.5104234145196
3065,51.083333333333336,0.0,0.0,3,1437.1430040902633,953.5104234145196
3066,51.1,-0.2985873919460573,0.44912502635463625,5,1436.8444166983172,953.9595484408742
3067,51.11666666666667,-0.24857881136961169,0.2427494074552783,3,1436.5958378869477,954.2022978483294
3068,51.13333333333333,0.0,0.09713271691413183,3,1436.5958378869477,954.2994305652435
3069,51.15,0.1706827309237724,-1.0622489959839072,3,1436.7665206178715,953.2371815692595
3070,51.166666666666664,2.267790262172184,-8.136704119850265,3,1439.0343108800437,945.1004774494093
3071,51.18333333333333,7.458907899216911,-7.431647940074868,4,1446.4932187792606,937.6688295093344
3072,51.2,12.782319518716605,-18.793872549019653,4,1459.2755382979772,918.8749569603148
3073,51.21666666666667,17.8125,-21.095833333333303,4,1477.0880382979772,897.7791236269815
3074,51.233333333333334,0.40555555555555856,-0.19722222222222285,7,1477.4935938535327,897.5819014047593
3075,51.25,12.0,-15.346153846153868,5,1489.4935938535327,882.2357475586055
3076,51.266666666666666,7.700248756218855,-11.602655763339328,4,1497.1938426097515,870.6330917952662
3077,51.28333333333333,4.53600447375527,-6.9354845925411155,4,1501.7298470835067,863.6976072027251
3078,51.3,2.646322527601626,-3.0633215879727516,4,1504.3761696111083,860.6342856147523
3079,51.31666666666667,1.3324866885913025,-1.0780479210711746,4,1505.7086562996997,859.5562376936812
3080,51.333333333333336,0.6342987026343394,-0.5834457469523784,4,1506.342955002334,858.9727919467288
3081,51.35,0.5464439532872234,-0.028735632183895632,4,1506.8893989556213,858.9440563145449
3082,51.36666666666667,0.054444444444413875,-0.22141147095538827,4,1506.9438434000658,858.7226448435895
3083,51.38333333333333,0.5783680337806913,-0.6524774131477784,4,1507.5222114338465,858.0701674304416
3084,51.4,1.2661252991329661,-1.3698581730193382,4,1508.7883367329794,856.7003092574223
3085,51.416666666666664,0.6821896736223039,-2.0107477260567066,4,1509.4705264066017,854.6895615313656
3086,51.43333333333333,-1.0080065359476862,-1.4169389302454078,4,1508.462519870654,853.2726226011202
3087,51.45,-1.0724264705881978,-0.8689165409753628,4,1507.3900934000658,852.4037060601449
3088,51.46666666666667,-0.19091725179629293,-0.977406238776922,4,1507.1991761482695,851.426299821368
3089,51.483333333333334,1.357087886716954,-1.7309270945563924,5,1508.5562640349865,849.6953727268117
3090,51.5,4.145363061441117,-2.102564102564145,5,1512.7016270964277,847.5928086242475
3091,51.516666666666666,9.28728632478635,-2.794871794871767,5,1521.988913421214,844.7979368293757
3092,51.53333333333333,14.28647119341565,-3.205128205128233,5,1536.2753846146297,841.5928086242475
3093,51.55,15.200420730541225,-2.938429882874317,6,1551.475805345171,838.6543787413732
3094,51.56666666666667,10.908055555555563,-2.7116931782209406,4,1562.3838609007266,835.9426855631523
3095,51.583333333333336,5.760027472527554,-1.3045940170940469,4,1568.1438883732542,834.6380915460583
3096,51.6,1.1399949723478358,-0.6050438123967581,4,1569.2838833456021,834.0330477336615
3097,51.61666666666667,0.25022175536884106,0.0,4,1569.534105100971,834.0330477336615
3098,51.63333333333333,1.7900793650794071,-0.012556306306294118,4,1571.3241844660504,834.0204914273552
3099,51.65,3.2683441558441473,-0.18287118287113913,4,1574.5925286218944,833.837620244484
3100,51.666666666666664,3.3708333333332803,-0.3708333333333371,4,1577.9633619552278,833.4667869111506
3101,51.68333333333333,0.7659562659562198,-0.20892995892995714,6,1578.729318221184,833.2578569522207
3102,51.7,0.4680874680875604,0.0,7,1579.1974056892716,833.2578569522207
3103,51.71666666666667,0.0,0.0,7,1579.1974056892716,833.2578569522207
3104,51.733333333333334,0.0,-0.5375000000000227,7,1579.1974056892716,832.7203569522206
3105,51.75,0.0,0.0,7,1579.1974056892716,832.7203569522206
3106,51.766666666666666,-4.21399535423933,0.0,8,1574.9834103350322,832.7203569522206
3107,51.78333333333333,-9.749374609130712,2.078614328614293,6,1565.2340357259015,834.798971280835
3108,51.8,-12.228888888888946,3.1345381526103893,8,1553.0051468370125,837.9335094334454
3109,51.81666666666667,-15.425098194977693,1.9079365079364834,6,1537.5800486420349,839.8414459413818
3110,51.833333333333336,-11.515703023030653,1.509914927043269,6,1526.0643456190041,841.3513608684251
3111,51.85,-6.533494670097809,1.0651665547852645,6,1519.5308509489064,842.4165274232104
3112,51.86666666666667,-1.7228712546723841,0.487141698710559,6,1517.807979694234,842.903669121921
3113,51.88333333333333,0.0,0.10823754789259965,7,1517.807979694234,843.0119066698136
3114,51.9,0.0,0.0,7,1517.807979694234,843.0119066698136
3115,51.916666666666664,0.0,0.0,8,1517.807979694234,843.0119066698136
3116,51.93333333333333,-1.1970121381886347,-0.11217637540448777,8,1516.6109675560454,842.8997302944091
3117,51.95,-1.0023004518417657,0.11381815961408392,8,1515.6086671042035,843.0135484540232
3118,51.96666666666667,-0.4232209737828043,0.1697560713517987,8,1515.1854461304206,843.183304525375
3119,51.983333333333334,-0.8103336981841949,0.1822123349900977,8,1514.3751124322364,843.3655168603651
3120,52.0,-1.7361844226824488,-0.012152777777771462,8,1512.6389280095539,843.3533640825874
3121,52.016666666666666,-0.7300061050061117,-0.7406229290028392,8,1511.9089219045477,842.6127411535846
3122,52.03333333333333,-0.5951078036063926,-2.929799044940964,9,1511.3138141009413,839.6829421086436
3123,52.05,0.0,-12.284499485230043,9,1511.3138141009413,827.3984426234135
3124,52.06666666666667,3.586931158987113,-10.10792325972298,10,1514.9007452599285,817.2905193636906
3125,52.083333333333336,5.703604452902937,-22.647797721827658,10,1520.6043497128314,794.6427216418629
3126,52.1,4.307676379790678,0.0,13,1524.912026092622,794.6427216418629
3127,52.11666666666667,5.9007716049382,-20.59389671361498,13,1530.8127976975602,774.0488249282479
3128,52.13333333333333,1.3986053045128983,-8.625628900085445,10,1532.211403002073,765.4231960281625
3129,52.15,0.15035802771637918,-11.705314009661777,9,1532.3617610297892,753.7178820185006
3130,52.166666666666664,0.0,0.0,12,1532.3617610297892,753.7178820185006
3131,52.18333333333333,0.04034281625680869,-2.6586869867529686,10,1532.402103846046,751.0591950317477
3132,52.2,0.011507936507882732,-0.8034994355748495,13,1532.4136117825537,750.2556955961728
3133,52.21666666666667,0.0,0.0,9,1532.4136117825537,750.2556955961728
3134,52.233333333333334,0.0,0.24149185146021068,12,1532.4136117825537,750.497187447633
3135,52.25,0.0,0.0,10,1532.4136117825537,750.497187447633
3136,52.266666666666666,-0.15928471575023195,0.008187338726884263,10,1532.2543270668034,750.5053747863599
3137,52.28333333333333,0.0,-0.4167598227963367,9,1532.2543270668034,750.0886149635635
3138,52.3,0.644752416650249,-2.0,9,1532.8990794834535,748.0886149635635
3139,52.31666666666667,1.134538152610503,-4.1708860759493405,9,1534.033617636064,743.9177288876142
3140,52.333333333333336,1.003765274225632,-6.7629870129870255,8,1535.0373829102896,737.1547418746272
3141,52.35,1.4844084205786316,-4.065989021871388,9,1536.5217913308682,733.0887528527559
3142,52.36666666666667,2.6533333333333076,-6.760251322751287,9,1539.1751246642016,726.3285015300046
3143,52.38333333333333,0.6426474042753156,-0.1392393234277165,7,1539.8177720684769,726.1892622065768
3144,52.4,0.0,-0.5309845077461546,8,1539.8177720684769,725.6582776988307
3145,52.416666666666664,0.5741045284986583,0.0,8,1540.3918765969756,725.6582776988307
3146,52.43333333333333,0.21549172084591106,0.0,9,1540.6073683178215,725.6582776988307
3147,52.45,-0.24035288144199285,0.0,10,1540.3670154363795,725.6582776988307
3148,52.46666666666667,0.5546942291127834,-0.6508620689654947,11,1540.9217096654922,725.0074156298652
3149,52.483333333333334,0.6594426438244909,-0.005050505050490983,6,1541.5811523093166,725.0023651248148
3150,52.5,0.0,0.16731617599771198,7,1541.5811523093166,725.1696813008125
3151,52.516666666666666,0.33981011975402,0.0,8,1541.9209624290706,725.1696813008125
3152,52.53333333333333,0.6897283272282948,0.819118635197924,6,1542.610690756299,725.9887999360104
3153,52.55,1.1859201476971748,0.11198163975942066,6,1543.7966109039962,726.1007815757698
3154,52.56666666666667,-0.24897119341562757,0.0,7,1543.5476397105806,726.1007815757698
3155,52.583333333333336,-2.3080669330669252,-0.939649091870919,10,1541.2395727775138,725.1611324838989
3156,52.6,-7.919580419580484,-0.2542955326460685,9,1533.3199923579332,724.9068369512528
3157,52.61666666666667,-10.077529862519782,-2.9452991452991455,9,1523.2424624954133,721.9615378059536
3158,52.63333333333333,-0.3432471264367791,-5.112829474297399,9,1522.8992153689765,716.8487083316562
3159,52.65,-8.397448453122003,-2.7161720900298505,8,1514.5017669158544,714.1325362416263
3160,52.666666666666664,-6.127980206927589,-2.2671373764429745,6,1508.373786708927,711.8653988651834
3161,52.68333333333333,-4.100902619435555,-2.1860105580693983,7,1504.2728840894913,709.679388307114
3162,52.7,-3.259242066528884,0.0,10,1501.0136420229624,709.679388307114
3163,52.71666666666667,-0.8024691358025393,0.0,9,1500.2111728871598,709.679388307114
3164,52.733333333333334,0.0,-0.2129629629629619,9,1500.2111728871598,709.466425344151
3165,52.75,-1.6028719649957566,0.08410630536738495,7,1498.608300922164,709.5505316495185
3166,52.766666666666666,-0.9871794871795032,-0.13631250894971458,8,1497.6211214349846,709.4142191405688
3167,52.78333333333333,-1.0,0.0,6,1496.6211214349846,709.4142191405688
3168,52.8,-1.463917876202455,-0.160184542221657,7,1495.1572035587822,709.2540345983471
3169,52.81666666666667,-1.4025396825397252,0.25068949069226676,8,1493.7546638762424,709.5047240890393
3170,52.833333333333336,-2.254339511621083,-0.06555330634276402,7,1491.5003243646213,709.4391707826966
3171,52.85,-0.21655434430434894,0.27962185503788817,8,1491.283770020317,709.7187926377345
3172,52.86666666666667,0.7198156281793899,-0.21007875356866634,10,1492.0035856484965,709.5087138841659
3173,52.88333333333333,2.2641025641024726,-0.8157363104731985,6,1494.2676882125988,708.6929775736927
3174,52.9,7.205375824883163,-4.340170940170935,8,1501.473064037482,704.3528066335218
3175,52.916666666666664,11.874167006997254,-8.172055753632762,6,1513.347231044479,696.180750879889
3176,52.93333333333333,13.804896253172046,-5.621941613744866,7,1527.152127297651,690.5588092661442
3177,52.95,17.127121661158412,-8.786783717679953,6,1544.2792489588096,681.7720255484642
3178,52.96666666666667,16.02635746606336,-5.182918552036199,5,1560.305606424873,676.589106996428
3179,52.983333333333334,8.837247585601403,-3.2244293239683657,5,1569.1428540104744,673.3646776724596
3180,53.0,4.294562238435617,-2.8348170796978778,4,1573.43741624891,670.5298605927617
3181,53.016666666666666,2.4855072463767556,-0.673913043478251,5,1575.9229234952868,669.8559475492834
3182,53.03333333333333,1.8150392817059355,-0.17523537501324427,5,1577.7379627769928,669.6807121742702
3183,53.05,3.210660730617292,0.0,5,1580.9486235076101,669.6807121742702
3184,53.06666666666667,2.773917644000278,-0.30370447280324697,4,1583.7225411516104,669.3770077014669
3185,53.083333333333336,2.1183052334143326,-0.666721374208052,4,1585.8408463850246,668.7102863272589
3186,53.1,2.558586639414898,-1.1984299936411418,4,1588.3994330244395,667.5118563336177
3187,53.11666666666667,2.94819819819827,-0.8319819819819827,5,1591.3476312226378,666.6798743516358
3188,53.13333333333333,2.972972972973025,0.0,7,1594.320604195611,666.6798743516358
3189,53.15,1.4507286606523166,-0.7137907137907291,5,1595.7713328562631,665.966083637845
3190,53.166666666666664,0.0,-1.0503663003663064,6,1595.7713328562631,664.9157173374788
3191,53.18333333333333,-1.8947040840610043,-0.7319823530488634,5,1593.8766287722021,664.18373498443
3192,53.2,-8.96794871794873,0.27737212818527723,9,1584.9086800542534,664.4611071126153
3193,53.21666666666667,-19.58717610891523,1.8529863855950808,4,1565.3215039453382,666.3140934982104
3194,53.233333333333334,-35.364393939394006,3.818815451541809,7,1529.9571100059443,670.1329089497522
3195,53.25,-28.090909090909122,0.7011494252873263,7,1501.8662009150353,670.8340583750395
3196,53.266666666666666,-7.893053473263365,2.421561197423273,7,1493.973147441772,673.2556195724628
3197,53.28333333333333,-57.746261581555586,12.502048975512224,5,1436.2268858602165,685.7576685479751
3198,53.3,-49.03845972123793,10.159360997467417,6,1387.1884261389787,695.9170295454425
3199,53.31666666666667,-36.09435073627844,7.264618069909488,6,1351.0940754027001,703.181647615352
3200,53.333333333333336,-22.183391812865466,4.2428700477480845,5,1328.9106835898347,707.4245176631
3201,53.35,-11.031202431963436,2.2537122940397865,5,1317.8794811578712,709.6782299571398
3202,53.36666666666667,-6.685120274914084,0.44382424502646245,5,1311.194360882957,710.1220542021663
3203,53.38333333333333,-2.254490139490102,0.2827320827320676,6,1308.9398707434668,710.4047862848984
3204,53.4,-0.12813620071688092,0.03923644190396658,6,1308.81173454275,710.4440227268024
3205,53.416666666666664,-0.9033971847491102,-0.01574644597478425,6,1307.9083373580008,710.4282762808276
3206,53.43333333333333,-2.022713524739686,0.0,10,1305.8856238332612,710.4282762808276
3207,53.45,0.0,-0.5314811980203018,8,1305.8856238332612,709.8967950828073
3208,53.46666666666667,-2.063829787233999,0.0,7,1303.8217940460272,709.8967950828073
3209,53.483333333333334,-2.1690821256038646,-0.7333333333333485,7,1301.6527119204234,709.163461749474
3210,53.5,-4.460412293853096,-0.3188048832726622,8,1297.1922996265703,708.8446568662014
3211,53.516666666666666,-2.0308744993324552,-0.5697618656599985,6,1295.1614251272379,708.2748950005414
3212,53.53333333333333,-2.6033434650456684,-0.14374523264686445,5,1292.5580816621923,708.1311497678945
3213,53.55,-2.8242914979757643,0.40377867746292395,5,1289.7337901642165,708.5349284453574
3214,53.56666666666667,-1.0878542510121179,0.8296896086369685,6,1288.6459359132045,709.3646180539944
3215,53.583333333333336,-1.77380952380949,5.485078505219349,6,1286.8721263893951,714.8496965592137
3216,53.6,-1.739202311968313,10.135411374986887,8,1285.1329240774269,724.9851079342006
3217,53.61666666666667,-3.9957717717718424,21.865461847389554,7,1281.137152305655,746.8505697815901
3218,53.63333333333333,-7.277655952875506,29.51236223743888,8,1273.8594963527796,776.362932019029
3219,53.65,-12.994581066270655,29.228872549019584,7,1260.864915286509,805.5918045680486
3220,53.666666666666664,-15.378895188597483,28.39701852019884,6,1245.4860200979115,833.9888230882474
3221,53.68333333333333,-12.658547470163569,21.52402827451249,10,1232.827472627748,855.5128513627599
3222,53.7,-6.935720375106541,15.717831715210338,11,1225.8917522526415,871.2306830779702
3223,53.71666666666667,-5.181229773462746,9.284116331096186,9,1220.7105224791787,880.5147994090664
3224,53.733333333333334,-1.3695935342121572,5.0116782178941435,8,1219.3409289449667,885.5264776269605
3225,53.75,0.6311403508771036,1.6686403508771548,9,1219.9720692958438,887.1951179778376
3226,53.766666666666666,0.7938596491228509,0.23942161339425638,11,1220.7659289449666,887.4345395912319
3227,53.78333333333333,0.3483549127676042,-0.17747869886548528,6,1221.1142838577343,887.2570608923664
3228,53.8,0.5042491121257626,-0.19392230576440284,7,1221.61853296986,887.063138586602
3229,53.81666666666667,1.9254803675855783,-0.45171261487053016,7,1223.5440133374457,886.6114259717315
3230,53.833333333333336,1.9492063492063494,-1.354365079365067,9,1225.493219686652,885.2570608923664
3231,53.85,1.0054208991485325,-1.4914454952206455,8,1226.4986405858006,883.7656153971458
3232,53.86666666666667,-0.23036400376810207,0.034523809523776094,6,1226.2682765820325,883.8001392066695
3233,53.88333333333333,-1.0,2.1784957443113058,10,1225.2682765820325,885.9786349509809
3234,53.9,-0.8479036380444711,5.8483808239979,8,1224.420372943988,891.8270157749788
3235,53.916666666666664,-0.5746031746032259,11.64570230607967,9,1223.8457697693848,903.4727180810585
3236,53.93333333333333,-1.0524183006536987,13.809869281045792,7,1222.793351468731,917.2825873621043
3237,53.95,-1.0113071895424355,15.891111111111115,7,1221.7820442791885,933.1736984732154
3238,53.96666666666667,-0.4919474153297472,15.482466491841478,6,1221.2900968638587,948.6561649650569
3239,53.983333333333334,-1.797979797979906,14.202020202020208,5,1219.4921170658788,962.8581851670771
3240,54.0,-2.1631944444444002,11.434200157604437,5,1217.3289226214345,974.2923853246815
3241,54.016666666666666,-1.810861423221013,7.597982510500572,5,1215.5180611982134,981.8903678351821
3242,54.03333333333333,-0.9291101055806976,5.3381877022653725,5,1214.5889510926327,987.2285555374475
3243,54.05,0.0,3.0,5,1214.5889510926327,990.2285555374475
3244,54.06666666666667,0.11348265261307233,1.4590124850994926,5,1214.7024337452458,991.687568022547
3245,54.083333333333336,0.0,0.33179924667615524,5,1214.7024337452458,992.0193672692232
3246,54.1,-0.49551603587170945,-0.1596701270491394,5,1214.206917709374,991.859697142174
3247,54.11666666666667,-0.7433208489388221,0.0,5,1213.4635968604352,991.859697142174
3248,54.13333333333333,-0.2596153846154152,0.0,5,1213.2039814758198,991.859697142174
3249,54.15,-0.22035858877967485,0.5209562367456897,5,1212.9836228870402,992.3806533789198
3250,54.166666666666664,0.3335858950305237,0.8846033578678885,5,1213.3172087820708,993.2652567367877
3251,54.18333333333333,2.864712227933296,1.1179437245649524,5,1216.181921010004,994.3832004613527
3252,54.2,5.16250263546279,0.06895331427790552,6,1221.3444236454668,994.4521537756306
3253,54.21666666666667,21.226164874551955,-0.4833333333333343,6,1242.5705885200186,993.9688204422972
3254,54.233333333333334,15.090277777777771,-0.5157988429016314,8,1257.6608662977965,993.4530215993956
3255,54.25,33.7520325203252,-3.4510683760683776,5,1291.4128988181217,990.0019532233272
3256,54.266666666666666,28.077284748751026,-2.699880991020251,6,1319.4901835668727,987.302072232307
3257,54.28333333333333,19.318007662835328,-1.5907172995780172,5,1338.808191229708,985.7113549327289
3258,54.3,9.996168582375503,-0.26860841423945203,5,1348.8043598120835,985.4427465184895
3259,54.31666666666667,3.9039215686274247,0.0,5,1352.708281380711,985.4427465184895
3260,54.333333333333336,1.4382173382173278,0.1775946275946012,5,1354.1464987189283,985.620341146084
3261,54.35,1.1671957671957784,0.0,5,1355.3136944861242,985.620341146084
3262,54.36666666666667,1.9843869731801078,-0.6195881226053359,5,1357.2980814593043,985.0007530234786
3263,54.38333333333333,1.9249999999999545,-0.740740740740705,5,1359.2230814593042,984.260012282738
3264,54.4,0.8270325203252469,-0.7082317073170543,5,1360.0501139796295,983.5517805754209
3265,54.416666666666664,0.39298912469644165,0.12835249042146302,5,1360.443103104326,983.6801330658424
3266,54.43333333333333,0.6133116883116827,1.7078039331561286,5,1361.0564147926375,985.3879369989985
3267,54.45,0.3218120749322111,4.588207671261728,6,1361.3782268675698,989.9761446702603
3268,54.46666666666667,-0.0574092409240734,9.556236088725157,6,1361.3208176266457,999.5323807589855
3269,54.483333333333334,0.7441025641025476,14.771929824561425,5,1362.0649201907484,1014.3043105835469
3270,54.5,1.850793650793662,17.77111111111111,5,1363.9157138415421,1032.075421694658
3271,54.516666666666666,2.104761904761915,19.207062404870612,5,1366.020475746304,1051.2824840995286
3272,54.53333333333333,2.415243568691835,17.421414141414118,5,1368.4357193149958,1068.7038982409426
3273,54.55,1.43641929035482,15.965228219223661,4,1369.8721386053508,1084.6691264601664
3274,54.56666666666667,0.9509803921568505,11.445555555555558,4,1370.8231189975077,1096.1146820157219
3275,54.583333333333336,0.6038724960473871,7.810318684743663,4,1371.426991493555,1103.9250007004655
3276,54.6,0.8407254999855525,4.345430107526852,4,1372.2677169935407,1108.2704308079924
3277,54.61666666666667,0.461605666093476,1.7898067632850427,4,1372.7293226596341,1110.0602375712774
3278,54.63333333333333,0.04202898550727241,0.18092921932492345,4,1372.7713516451413,1110.2411667906024
3279,54.65,-0.4783433484377042,-0.1727213091512283,4,1372.2930082967036,1110.0684454814511
3280,54.666666666666664,-0.6271292577519318,-0.1702996219457873,4,1371.6658790389517,1109.8981458595053
3281,54.68333333333333,-0.2661224915718776,-0.04098360655740407,6,1371.3997565473799,1109.857162252948
3282,54.7,-0.06271777003473744,0.0,7,1371.3370387773452,1109.857162252948
3283,54.71666666666667,0.19277726402974515,-0.08760683760684174,6,1371.529816041375,1109.769555415341
3284,54.733333333333334,1.290598290598382,-0.8247863247863165,7,1372.8204143319733,1108.9447690905547
3285,54.75,4.7729649882281215,-0.64351579706846,6,1377.5933793202014,1108.3012532934863
3286,54.766666666666666,6.413767566428962,-1.013854173980775,6,1384.0071468866304,1107.2873991195056
3287,54.78333333333333,20.963376568945364,-0.5855349261617562,4,1404.9705234555759,1106.701864193344
3288,54.8,18.68177094658256,0.3556804779572076,4,1423.6522944021585,1107.057544671301
3289,54.81666666666667,16.577380952380963,1.3392857142857792,3,1440.2296753545395,1108.3968303855868
3290,54.833333333333336,8.711309523809518,1.8303571428571104,3,1448.940984878349,1110.227187528444
3291,54.85,2.196825396825375,1.035067212156605,3,1451.1378102751742,1111.2622547406004
3292,54.86666666666667,0.07178301741407722,0.02120511635064304,3,1451.2095932925881,1111.2834598569511
3293,54.88333333333333,0.20255602240899861,0.21708853444295073,3,1451.4121493149971,1111.5005483913942
3294,54.9,0.8585526315789593,0.006787802840449331,3,1452.270701946576,1111.5073361942345
3295,54.916666666666664,0.9938271604937654,0.0,3,1453.2645291070698,1111.5073361942345
3296,54.93333333333333,0.9876543209876445,0.1507936507936165,3,1454.2521834280574,1111.6581298450283
3297,54.95,1.0994840994841297,0.1999691999692459,3,1455.3516675275414,1111.8580990449975
3298,54.96666666666667,1.3456045604559677,-0.8548454845484912,3,1456.6972720879974,1111.0032535604491
3299,54.983333333333334,1.0603448275861638,-5.309244008513019,3,1457.7576169155836,1105.6940095519362
3300,55.0,0.5638629283489536,-13.350218906331804,4,1458.3214798439326,1092.3437906456045
3301,55.016666666666666,2.695441875717279,-18.808229352346984,4,1461.0169217196499,1073.5355612932576
3302,55.03333333333333,3.5370024875621766,-11.200248756218912,4,1464.553924207212,1062.3353125370386
3303,55.05,5.017441956882237,-16.00847148187634,5,1469.5713661640943,1046.3268410551623
3304,55.06666666666667,4.9705668203986875,-18.3334780240599,6,1474.541932984493,1027.9933630311025
3305,55.083333333333336,5.989898989899018,-26.11794224294222,6,1480.5318319743922,1001.8754207881602
3306,55.1,3.723484848484759,-20.184343434343475,7,1484.255316822877,981.6910773538168
3307,55.11666666666667,0.3794499618028908,-16.96219505984213,6,1484.6347667846799,964.7288822939747
3308,55.13333333333333,0.34129478018081727,-12.02963372747898,6,1484.9760615648606,952.6992485664957
3309,55.15,0.23958333333337123,-6.662496524881817,7,1485.2156448981941,946.0367520416139
3310,55.166666666666664,0.5851909463936522,-1.522579140124293,8,1485.8008358445877,944.5141729014896
3311,55.18333333333333,0.2024093847313111,0.3421865081655824,8,1486.003245229319,944.8563594096552
3312,55.2,0.08379475821334381,1.0,7,1486.0870399875323,945.8563594096552
3313,55.21666666666667,0.5556013431013866,1.0888520792932468,6,1486.6426413306338,946.9452114889484
3314,55.233333333333334,1.0,1.022620751592683,9,1487.6426413306338,947.9678322405412
3315,55.25,1.0046427766508828,1.0421976777116981,8,1488.6472841072846,949.0100299182528
3316,55.266666666666666,0.15432593780622028,0.7533960292581128,7,1488.801610045091,949.763425947511
3317,55.28333333333333,-0.48118197538406093,0.6756729860178154,7,1488.3204280697068,950.4390989335288
3318,55.3,-0.7522148394241412,-0.05593685655458103,7,1487.5682132302827,950.3831620769743
3319,55.31666666666667,-1.9693224125092001,-2.5262844378257796,7,1485.5988908177735,947.8568776391485
3320,55.333333333333336,-2.3996303329024045,-4.221418622265588,8,1483.199260484871,943.6354590168829
3321,55.35,-3.5399877899877765,-6.172405372405365,9,1479.6592726948834,937.4630536444776
3322,55.36666666666667,-2.6428571428571104,-5.928662939669266,9,1477.0164155520263,931.5343907048083
3323,55.38333333333333,-2.5949840401277697,-4.677059386973212,9,1474.4214315118984,926.8573313178351
3324,55.4,-1.661988795518198,-2.6539682539681735,9,1472.7594427163801,924.203363063867
3325,55.416666666666664,-0.8371647509578679,-1.3075601374570738,9,1471.9222779654224,922.8958029264099
3326,55.43333333333333,-0.6997367003417594,-0.6027151096437819,8,1471.2225412650805,922.2930878167662
3327,55.45,-1.0252106935617462,-0.35357950108436853,8,1470.1973305715187,921.9395083156818
3328,55.46666666666667,-0.6580136772698779,-0.3052995191065122,8,1469.5393168942487,921.6342087965753
3329,55.483333333333334,-1.3709241952232105,0.014715917519652066,7,1468.1683926990254,921.648924714095
3330,55.5,-2.0150866462793147,0.7290196170497154,8,1466.153306052746,922.3779443311447
3331,55.516666666666666,-0.937986569943746,3.7143830725611338,8,1465.2153194828024,926.0923274037059
3332,55.53333333333333,2.259689922480675,9.031914893617,9,1467.4750094052831,935.1242422973229
3333,55.55,5.998448581560297,17.192156862745207,7,1473.4734579868434,952.3163991600682
3334,55.56666666666667,10.331004901960796,24.20287899235268,7,1483.8044628888042,976.5192781524208
3335,55.583333333333336,13.621467568556056,29.05761485569711,6,1497.4259304573602,1005.576893008118
3336,55.6,14.17326893530776,28.33078667618537,6,1511.599199392668,1033.9076796843033
3337,55.61666666666667,13.426855969655833,26.069108910891117,6,1525.0260553623239,1059.9767885951944
3338,55.63333333333333,10.763492063492095,20.499365079365077,5,1535.789547425816,1080.4761536745596
3339,55.65,6.917508417508429,13.199855699855732,3,1542.7070558433243,1093.6760093744153
3340,55.666666666666664,2.643855218855208,4.162991021324331,2,1545.3509110621794,1097.8390003957397
3341,55.68333333333333,-6.217271014834001,9.34103293786795,4,1539.1336400473454,1107.1800333336078
3342,55.7,-0.0642135642135031,0.0,4,1539.0694264831318,1107.1800333336078
3343,55.71666666666667,0.0,0.07478842478840875,4,1539.0694264831318,1107.2548217583962
3344,55.733333333333334,0.0,-0.1495768495768175,5,1539.0694264831318,1107.1052449088195
3345,55.75,0.0,0.0,4,1539.0694264831318,1107.1052449088195
3346,55.766666666666666,0.10991172085696377,-0.04601990049752658,4,1539.1793382039887,1107.0592250083218
3347,55.78333333333333,-0.07132435465769049,0.32774971941640274,2,1539.108013849331,1107.3869747277383
3348,55.8,-0.33971574148563377,0.47134620541697814,2,1538.7682981078453,1107.8583209331553
3349,55.81666666666667,-0.4503959012575933,0.9011152512549927,2,1538.3179022065879,1108.7594361844103
3350,55.833333333333336,-0.2598883572567843,0.6411749069643804,2,1538.058013849331,1109.4006110913747
3351,55.85,0.0,-0.25232683982682147,3,1538.058013849331,1109.148284251548
3352,55.86666666666667,-3.3422619047619264,-3.3511904761904816,3,1534.715751944569,1105.7970937753576
3353,55.88333333333333,-8.874621212121156,-7.624567099567116,3,1525.841130732448,1098.1725266757903
3354,55.9,-16.924467240642457,-9.857575757575717,4,1508.9166634918056,1088.3149509182147
3355,55.916666666666664,-27.243747706269005,-12.510249057485083,5,1481.6729157855366,1075.8047018607297
3356,55.93333333333333,-33.050410877035745,-12.13784999252951,6,1448.6225049085008,1063.6668518682002
3357,55.95,-33.12586065771097,-11.791227253864975,6,1415.4966442507898,1051.8756246143353
3358,55.96666666666667,-28.902661064425757,-9.595181185242069,6,1386.593983186364,1042.280443429093
3359,55.983333333333334,-20.755677477602603,-6.018023255813944,5,1365.8383057087615,1036.2624201732792
3360,56.0,-10.022902097902033,-3.0,5,1355.8154036108594,1033.2624201732792
3361,56.016666666666666,-3.1299614521116155,-1.3077688821111906,5,1352.6854421587477,1031.954651291168
3362,56.03333333333333,-0.2360537024576388,-0.13365653953894707,5,1352.44938845629,1031.8209947516289
3363,56.05,0.0792880258900368,0.0956757703081621,5,1352.5286764821801,1031.916670521937
3364,56.06666666666667,-0.4296875,0.3751803751803209,5,1352.0989889821801,1032.2918508971175
3365,56.083333333333336,-0.3866883116883173,0.09664502164508804,5,1351.712300670492,1032.3884959187626
3366,56.1,-0.9296543539534241,-0.6632231404959157,5,1350.7826463165384,1031.7252727782666
3367,56.11666666666667,-1.092286501377373,-1.4201101928374555,5,1349.690359815161,1030.3051625854291
3368,56.13333333333333,-2.6370909090908867,-1.9357575757576342,5,1347.0532689060701,1028.3694050096715
3369,56.15,-3.2719999999999914,-1.4833333333333485,5,1343.7812689060702,1026.8860716763381
3370,56.166666666666664,-2.1611038299111556,0.0,6,1341.620165076159,1026.8860716763381
3371,56.18333333333333,-1.9408716098357672,2.5209474738464337,6,1339.6792934663233,1029.4070191501846
3372,56.2,-3.676207431812145,7.68802464171074,6,1336.0030860345112,1037.0950437918955
3373,56.21666666666667,-7.534670884670959,12.685505758519753,6,1328.4684151498402,1049.7805495504153
3374,56.233333333333334,-11.847063973063882,14.32090371346186,8,1316.6213511767764,1064.1014532638771
3375,56.25,-14.129629629629676,13.0,5,1302.4917215471469,1077.1014532638771
3376,56.266666666666666,-15.19641016282813,10.883357664700895,4,1287.2953113843187,1087.984810928578
3377,56.28333333333333,-5.476292635665356,3.5917419687563807,2,1281.8190187486532,1091.5765528973345
3378,56.3,-2.2486854390879216,2.419467787114911,2,1279.5703333095653,1093.9960206844494
3379,56.31666666666667,-0.5654673406680786,1.0,2,1279.0048659688973,1094.9960206844494
3380,56.333333333333336,0.10212950890922912,0.45227920227915774,2,1279.1069954778065,1095.4482998867286
3381,56.35,0.1966518330154372,0.09386404840950036,2,1279.303647310822,1095.542163935138
3382,56.36666666666667,-0.07068520704888215,0.2752853207398971,2,1279.2329621037732,1095.8174492558778
3383,56.38333333333333,-0.2585158948795083,0.2247146792601029,2,1278.9744462088936,1096.042163935138
3384,56.4,-0.6418510619390076,0.4538567493113419,2,1278.3325951469546,1096.4960206844494
3385,56.416666666666664,-0.9223619464187891,0.6567796610169694,2,1277.410233200536,1097.1528003454664
3386,56.43333333333333,-0.37104869963116016,0.4058925152915549,2,1277.0391845009049,1097.558692860758
3387,56.45,0.1321203234693371,-0.07476895050206167,2,1277.1713048243741,1097.4839239102557
3388,56.46666666666667,0.2877699466882859,-2.0684354386916652,2,1277.4590747710624,1095.415488471564
3389,56.483333333333334,0.8599439775910582,-6.838935574229708,4,1278.3190187486534,1088.5765528973343
3390,56.5,5.375385298114139,-23.952572806709725,4,1283.6944040467677,1064.6239800906246
3391,56.516666666666666,3.992696178854544,-33.33757905050322,5,1287.687100225622,1031.2864010401213
3392,56.53333333333333,6.4729543332887545,-40.743766615489335,6,1294.1600545589108,990.542634424632
3393,56.55,9.936089375114165,-25.471407992373514,10,1304.096143934025,965.0712264322584
3394,56.56666666666667,4.196825396825432,-38.407281772953354,11,1308.2929693308504,926.6639446593051
3395,56.583333333333336,0.0,-27.91750841750843,13,1308.2929693308504,898.7464362417967
3396,56.6,-2.565551346801385,-20.525817079215187,13,1305.727417984049,878.2206191625814
3397,56.61666666666667,-2.321479114237775,-12.856759575525729,12,1303.4059388698113,865.3638595870557
3398,56.63333333333333,-1.8600890130932157,-8.0,9,1301.5458498567182,857.3638595870557
3399,56.65,-0.7199346405228653,-3.8286857144928206,12,1300.8259152161954,853.5351738725628
3400,56.666666666666664,-0.18450609907890225,-0.7586631814787097,10,1300.6414091171166,852.7765106910841
3401,56.68333333333333,-0.29858156028370786,0.004468085106395847,13,1300.3428275568328,852.7809787761905
3402,56.7,-0.2718646693882647,0.0,12,1300.0709628874447,852.7809787761905
3403,56.71666666666667,-0.8340832763316541,-0.3227544648866285,14,1299.236879611113,852.4582243113039
3404,56.733333333333334,-0.3756190325369744,-0.3089361966571289,10,1298.861260578576,852.1492881146468
3405,56.75,-1.1635966204931947,0.0,13,1297.697663958083,852.1492881146468
3406,56.766666666666666,-0.3461471861472205,-0.794586489899018,13,1297.3515167719358,851.3547016247478
3407,56.78333333333333,-1.1100023846034048,-0.3664034976911523,12,1296.2415143873325,850.9882981270566
3408,56.8,-0.8875466537967043,-0.9232308607308823,10,1295.3539677335357,850.0650672663257
3409,56.81666666666667,-1.0248410542460533,-2.9245151114417354,11,1294.3291266792896,847.1405521548841
3410,56.833333333333336,-0.9589542483661262,-7.198545732874152,9,1293.3701724309235,839.9420064220099
3411,56.85,-7.973645603181609,1.8766666666666652,14,1285.3965268277418,841.8186730886765
3412,56.86666666666667,0.0462287104623158,-16.45437011969861,10,1285.4427555382042,825.3643029689779
3413,56.88333333333333,0.5654824469203277,-14.890476190476079,11,1286.0082379851247,810.4738267785018
3414,56.9,0.7960199004975266,-15.065993265993257,9,1286.804257885622,795.4078335125085
3415,56.916666666666664,-0.34782608695650197,-11.477253928866787,9,1286.4564317986656,783.9305795836417
3416,56.93333333333333,-0.4618078220435393,-6.878752740279253,8,1285.994623976622,777.0518268433625
3417,56.95,-0.15099843317665318,-3.7717721170113236,10,1285.8436255434453,773.2800547263512
3418,56.96666666666667,0.08131384567030864,-1.5955991998544619,9,1285.9249393891157,771.6844555264968
3419,56.983333333333334,0.7371368673255461,-0.0022761305779681607,7,1286.6620762564412,771.6821793959189
3420,57.0,0.21631376201424857,0.12659859589717115,11,1286.8783900184555,771.808777991816
3421,57.016666666666666,0.09243986254290348,0.0,11,1286.9708298809985,771.808777991816
3422,57.03333333333333,0.0,0.0,11,1286.9708298809985,771.808777991816
3423,57.05,-0.18824662813096893,-0.09154356668807395,9,1286.7825832528674,771.7172344251279
3424,57.06666666666667,-0.6880959763002323,-1.133796393751254,12,1286.0944872765672,770.5834380313767
3425,57.083333333333336,-2.74888270511849,-1.9057971014493091,12,1283.3456045714488,768.6776409299273
3426,57.1,-6.903653788559467,-2.825177730812811,8,1276.4419507828893,765.8524631991145
3427,57.11666666666667,-13.304118971931985,-2.3262815206292373,8,1263.1378318109573,763.5261816784853
3428,57.13333333333333,-14.608795711599441,-2.012083333333294,7,1248.5290360993579,761.514098345152
3429,57.15,-16.142368742368774,0.0,7,1232.3866673569892,761.514098345152
3430,57.166666666666664,-11.263222349789544,0.0,14,1221.1234450071997,761.514098345152
3431,57.18333333333333,-6.25200809175999,-0.6689435336976146,8,1214.8714369154397,760.8451548114543
3432,57.2,-4.1661414253973135,-0.2566077694402864,12,1210.7052954900423,760.588547042014
3433,57.21666666666667,-0.802785691674579,-0.31775824685104226,7,1209.9025097983676,760.2707887951631
3434,57.233333333333334,-0.42316240474823985,0.34535244522385256,10,1209.4793473936195,760.6161412403869
3435,57.25,0.0,0.0,7,1209.4793473936195,760.6161412403869
3436,57.266666666666666,-2.9816113448652004,0.5942857142857747,11,1206.4977360487542,761.2104269546727
3437,57.28333333333333,-2.0,0.1423235201013,7,1204.4977360487542,761.352750474774
3438,57.3,-3.000342652516565,0.20755308521265192,10,1201.4973933962376,761.5603035599867
3439,57.31666666666667,-2.011740272038537,0.18155985279514653,8,1199.485653124199,761.7418634127819
3440,57.333333333333336,-0.17616139720135493,0.16425287356324247,8,1199.3094917269975,761.9061162863451
3441,57.35,1.6917948717948548,1.1050878684806662,9,1201.0012865987924,763.0112041548257
3442,57.36666666666667,10.505489380022965,3.630262603793426,8,1211.5067759788153,766.6414667586191
3443,57.38333333333333,17.590578846404952,6.921186313801343,8,1229.0973548252202,773.5626530724205
3444,57.4,36.459639126305774,1.290598290598325,10,1265.556993951526,774.8532513630189
3445,57.416666666666664,40.91151349550509,9.936398938107715,8,1306.468507447031,784.7896503011266
3446,57.43333333333333,40.63598336304213,10.277567352144104,9,1347.1044908100732,795.0672176532707
3447,57.45,44.168482207697934,11.98724637681164,9,1391.2729730177712,807.0544640300824
3448,57.46666666666667,24.37650793650795,12.050657894736844,9,1415.6494809542792,819.1051219248193
3449,57.483333333333334,17.26603677621273,8.818316366049729,11,1432.915517730492,827.9234382908691
3450,57.5,5.606616616616577,5.041309901450745,10,1438.5221343471085,832.9647481923198
3451,57.516666666666666,0.26886962802461767,2.5211695906432396,9,1438.7910039751332,835.485917782963
3452,57.53333333333333,0.0781695156694866,0.4969598047476609,10,1438.8691734908027,835.9828775877107
3453,57.55,0.006134585289487404,-0.21246246246249711,10,1438.875308076092,835.7704151252483
3454,57.56666666666667,0.24166666666667425,-0.23390313390311235,9,1439.1169747427589,835.5365119913452
3455,57.583333333333336,0.0,-0.050310910118696484,11,1439.1169747427589,835.4862010812265
3456,57.6,-0.05654320987656547,-0.07999999999998408,11,1439.0604315328824,835.4062010812265
3457,57.61666666666667,-0.1706184141528695,0.14579825579826888,12,1438.8898131187295,835.5519993370248
3458,57.63333333333333,-0.049268837803310817,0.1352210517132164,10,1438.8405442809262,835.687220388738
3459,57.65,0.05202661826979238,1.4722222222222285,9,1438.892570899196,837.1594426109602
3460,57.666666666666664,1.0,1.5277777777777715,13,1439.892570899196,838.6872203887381
3461,57.68333333333333,-0.7013855453913607,1.209401709401675,13,1439.1911853538047,839.8966220981397
3462,57.7,0.42538759689922045,-0.789302022178731,15,1439.616572950704,839.107320075961
3463,57.71666666666667,-0.01806637806640765,-3.4972826086956275,14,1439.5985065726377,835.6100374672653
3464,57.733333333333334,0.0,-4.978386539482116,14,1439.5985065726377,830.6316509277832
3465,57.75,0.5873858404877694,-10.732578184591944,10,1440.1858924131254,819.8990727431913
3466,57.766666666666666,0.9476540268677809,-10.308252266560771,11,1441.133546439993,809.5908204766305
3467,57.78333333333333,0.14502164502164305,-9.0,9,1441.2785680850147,800.5908204766305
3468,57.8,-0.04868913857677626,-7.74081077373333,10,1441.229878946438,792.8500097028972
3469,57.81666666666667,-0.7626262626263269,-3.7289196310935466,7,1440.4672526838117,789.1210900718037
3470,57.833333333333336,-1.0034631658262754,-2.299042648444157,6,1439.4637895179853,786.8220474233595
3471,57.85,-0.9485547825103708,-0.557511737089186,7,1438.515234735475,786.2645356862704
3472,57.86666666666667,-0.3108974358974308,-1.0,9,1438.2043372995774,785.2645356862704
3473,57.88333333333333,-0.5652173913043157,-1.2596899224806748,9,1437.6391199082732,784.0048457637897
3474,57.9,-2.0,-1.173971193415639,9,1435.6391199082732,782.8308745703741
3475,57.916666666666664,-1.5759691231358772,-1.3120069368700058,10,1434.0631507851374,781.5188676335041
3476,57.93333333333333,-1.899176954732468,-0.09260584376862369,7,1432.163973830405,781.4262617897355
3477,57.95,-0.22756892230563608,-0.9250000000000114,7,1431.9364049080993,780.5012617897355
3478,57.96666666666667,0.0,0.0,6,1431.9364049080993,780.5012617897355
3479,57.983333333333334,0.0,0.0,10,1431.9364049080993,780.5012617897355
3480,58.0,-0.680381633870013,5.850000000000023,9,1431.2560232742294,786.3512617897355
3481,58.016666666666666,9.694284719688312,7.65638888888887,14,1440.9503079939177,794.0076506786244
3482,58.03333333333333,15.285581912527789,12.09272300469484,10,1456.2358899064454,806.1003736833192
3483,58.05,18.362071310440854,10.816919191919183,10,1474.5979612168862,816.9172928752383
3484,58.06666666666667,14.90050807929373,8.567161372673795,8,1489.49846929618,825.4844542479121
3485,58.083333333333336,8.175438596491176,5.729254764969056,9,1497.6739078926712,831.2137090128812
3486,58.1,4.341121475953571,1.400966696139136,8,1502.0150293686247,832.6146757090203
3487,58.11666666666667,0.0,0.5357213930348053,11,1502.0150293686247,833.1503971020551
3488,58.13333333333333,0.1820050600886134,0.0,9,1502.1970344287133,833.1503971020551
3489,58.15,0.09164915966385934,-0.6423475212002501,8,1502.2886835883771,832.5080495808548
3490,58.166666666666664,1.1461921186811423,-0.5069065615766704,9,1503.4348757070584,832.0011430192782
3491,58.18333333333333,2.260194338001895,-0.8027375967516832,10,1505.6950700450602,831.1984054225265
3492,58.2,2.0428571428570876,-0.09919933195789099,11,1507.7379271879172,831.0992060905687
3493,58.21666666666667,2.17543311677494,-0.580035507792843,8,1509.913360304692,830.5191705827758
3494,58.233333333333334,1.090909090909122,0.3519479198453723,11,1511.004269395601,830.8711185026211
3495,58.25,2.909090909090878,2.0,9,1513.913360304692,832.8711185026211
3496,58.266666666666666,7.165018250323783,4.5751059696220295,7,1521.078378555016,837.4462244722431
3497,58.28333333333333,10.444615159496493,5.614649681528675,8,1531.5229937145123,843.0608741537718
3498,58.3,7.053770489219119,6.028240971957729,10,1538.5767642037313,849.0891151257296
3499,58.31666666666667,8.647989583333356,4.870387933578186,8,1547.2247537870646,853.9595030593077
3500,58.333333333333336,6.017353904185086,2.983104485025734,8,1553.2421076912497,856.9426075443334
3501,58.35,2.46567796610168,1.5327683615819154,7,1555.7077856573515,858.4753759059154
3502,58.36666666666667,1.881577896845215,0.7518680819908141,11,1557.5893635541966,859.2272439879061
3503,58.38333333333333,1.5642499329722455,0.052428751326843326,8,1559.1536134871687,859.279672739233
3504,58.4,2.8119607323925493,0.1328664922874978,8,1561.9655742195614,859.4125392315204
3505,58.416666666666664,3.05509641873266,1.1979166666666288,9,1565.0206706382942,860.6104558981871
3506,58.43333333333333,3.2629399585920282,0.21126639061421315,9,1568.2836105968863,860.8217222888013
3507,58.45,1.7395147761001226,0.5303910181958997,11,1570.0231253729864,861.3521133069972
3508,58.46666666666667,2.5714624353674935,1.0001367989056007,7,1572.594587808354,862.3522501059028
3509,58.483333333333334,2.117336175823084,1.1080980306290016,6,1574.711923984177,863.4603481365318
3510,58.5,1.8188198799174415,1.4562111296814493,6,1576.5307438640943,864.9165592662133
3511,58.516666666666666,-0.3896382983329545,1.4324528775789744,6,1576.1411055657613,866.3490121437923
3512,58.53333333333333,-4.392423821431862,3.732039678887361,7,1571.7486817443296,870.0810518226797
3513,58.55,-13.00616202735472,6.413312332349562,6,1558.7425197169748,876.4943641550292
3514,58.56666666666667,-26.021637426900725,14.39224171539962,7,1532.720882290074,890.8866058704289
3515,58.583333333333336,-46.97297045580268,21.711055392824065,8,1485.7479118342715,912.5976612632529
3516,58.6,-35.59774235537634,25.833975099473747,13,1450.1501694788951,938.4316363627266
3517,58.61666666666667,-16.80718100253648,10.387531207056213,12,1433.3429884763586,948.8191675697828
3518,58.63333333333333,-22.59063303298973,22.121202975291425,10,1410.752355443369,970.9403705450743
3519,58.65,-36.14231516609607,18.09607843137252,7,1374.610040277273,989.0364489764468
3520,58.666666666666664,-24.27289377289378,13.06309759858999,7,1350.3371465043792,1002.0995465750368
3521,58.68333333333333,-11.026266788766804,7.23970037453185,8,1339.3108797156124,1009.3392469495686
3522,58.7,-4.433380018674143,3.2736146632566374,9,1334.8774996969382,1012.6128616128253
3523,58.71666666666667,-1.0335453162916792,1.3824632264023364,8,1333.8439543806467,1013.9953248392277
3524,58.733333333333334,-0.3323910461869559,0.0,8,1333.5115633344597,1013.9953248392277
3525,58.75,-0.8616494245543436,-0.26443836561955436,8,1332.6499139099053,1013.7308864736082
3526,58.766666666666666,-0.658354399485745,-0.4829446627714731,8,1331.9915595104196,1013.2479418108367
3527,58.78333333333333,-0.7715861859311985,-0.45196078431374076,6,1331.2199733244884,1012.7959810265229
3528,58.8,-1.6378754602616539,-0.5448088474520176,6,1329.5820978642266,1012.2511721790709
3529,58.81666666666667,-2.8256613521635927,-1.1324092167399584,6,1326.756436512063,1011.118762962331
3530,58.833333333333336,-3.320231403784504,-0.5933890209370816,6,1323.4362051082785,1010.5253739413938
3531,58.85,-4.038888888888891,-0.01666666666666572,6,1319.3973162193897,1010.5087072747272
3532,58.86666666666667,-4.572779443296383,0.9565846735637535,6,1314.8245367760933,1011.4652919482909
3533,58.88333333333333,-2.2806040730816335,0.7153138445360128,6,1312.5439327030117,1012.1806057928269
3534,58.9,0.9894960019461791,0.8008886266282076,6,1313.533428704958,1012.9814944194551
3535,58.916666666666664,5.384109051265511,3.155412186379934,6,1318.9175377562235,1016.1369066058351
3536,58.93333333333333,8.033027997352406,4.8291666666666515,6,1326.950565753576,1020.9660732725017
3537,58.95,9.480620155038764,5.903333333333308,5,1336.4311859086147,1026.8694066058351
3538,58.96666666666667,7.759689922480675,5.0,5,1344.1908758310954,1031.8694066058351
3539,58.983333333333334,4.25,3.416666666666657,5,1348.4408758310954,1035.2860732725019
3540,59.0,1.0960784313725753,1.5833333333333428,5,1349.536954262468,1036.8694066058351
3541,59.016666666666666,0.22870789341368436,0.886676721970872,5,1349.7656621558817,1037.756083327806
3542,59.03333333333333,0.33138538257759365,0.40681003584234077,5,1350.0970475384593,1038.1628933636484
3543,59.05,1.0375000000000227,0.26984126984126533,5,1351.1345475384592,1038.4327346334896
3544,59.06666666666667,0.9077013521457502,0.09607843137251848,5,1352.042248890605,1038.528813064862
3545,59.083333333333336,0.0,0.0,5,1352.042248890605,1038.528813064862
3546,59.1,0.0,-0.15217391304349803,5,1352.042248890605,1038.3766391518186
3547,59.11666666666667,0.0,-0.07777777777778283,5,1352.042248890605,1038.2988613740408
3548,59.13333333333333,0.0,0.04894321364912457,5,1352.042248890605,1038.34780458769
3549,59.15,0.5738562091503354,0.652173913043498,5,1352.6161050997553,1038.9999785007335
3550,59.166666666666664,1.9039215686274247,1.7983539094650212,5,1354.5200266683828,1040.7983324101986
3551,59.18333333333333,1.9168803418803009,1.2828153824322328,5,1356.436907010263,1042.0811477926309
3552,59.2,0.4556623931624131,0.5200424894390778,6,1356.8925694034253,1042.6011902820699
3553,59.21666666666667,-0.38083885069170265,-0.3367768780926781,6,1356.5117305527338,1042.2644134039772
3554,59.233333333333334,-0.9458732330141117,-0.9174176721971037,8,1355.5658573197197,1041.34699573178
3555,59.25,-2.9584401709401504,-2.95697543385171,6,1352.6074171487796,1038.3900202979282
3556,59.266666666666666,-5.431668862412664,-4.098511904761878,6,1347.175748286367,1034.2915083931664
3557,59.28333333333333,-7.8744006670835915,-5.427731092437,6,1339.3013476192834,1028.8637773007295
3558,59.3,-5.721116628469531,-3.938028393175429,6,1333.580230990814,1024.925748907554
3559,59.31666666666667,-3.0,-2.809854222197174,6,1330.580230990814,1022.1158946853568
3560,59.333333333333336,-2.154362225914099,-2.033988402061823,6,1328.4258687648999,1020.081906283295
3561,59.35,-1.3030226043906055,-1.0568264563107022,6,1327.1228461605092,1019.0250798269843
3562,59.36666666666667,-1.8755246312721852,-1.4449712466935551,6,1325.247321529237,1017.5801085802908
3563,59.38333333333333,-2.0932145973704337,-1.5397186556655669,6,1323.1541069318666,1016.0403899246253
3564,59.4,-2.0182919309372664,-1.3488951310861523,6,1321.1358150009294,1014.6914947935392
3565,59.416666666666664,-1.7795753286147828,-0.9499966214911808,6,1319.3562396723146,1013.741498172048
3566,59.43333333333333,-1.7977342364134188,-0.37279411764706083,8,1317.5585054359012,1013.368704054401
3567,59.45,-1.3599206349206838,-0.1079598506069459,6,1316.1985848009806,1013.260744203794
3568,59.46666666666667,-0.5820324476239307,0.7930451090727075,6,1315.6165523533566,1014.0537893128668
3569,59.483333333333334,-0.2806174957119083,4.758333333333354,7,1315.3359348576446,1018.8121226462001
3570,59.5,-1.16254681647942,11.794935707332101,6,1314.1733880411653,1030.6070583535322
3571,59.516666666666666,-5.360635224715679,16.37731527093598,6,1308.8127528164496,1046.9843736244682
3572,59.53333333333333,-13.817303443794685,20.6778132939923,6,1294.995449372655,1067.6621869184605
3573,59.55,-19.114704823899842,19.53964401294496,6,1275.880744548755,1087.2018309314055
3574,59.56666666666667,-20.03722012736722,16.022578209277242,6,1255.8435244213879,1103.2244091406828
3575,59.583333333333336,-17.81916666666666,11.846111111111128,6,1238.0243577547212,1115.070520251794
3576,59.6,-12.900251004016127,7.754201101928345,5,1225.124106750705,1122.8247213537225
3577,59.61666666666667,-7.735222034442444,3.4970156106519994,6,1217.3888847162627,1126.3217369643744
3578,59.63333333333333,-3.363171539854733,1.0895366710583971,6,1214.025713176408,1127.4112736354327
3579,59.65,-0.6897548751954901,0.0,6,1213.3359583012125,1127.4112736354327
3580,59.666666666666664,-0.04856635845712276,-0.7759411406711649,6,1213.2873919427554,1126.6353324947615
3581,59.68333333333333,-1.1341327515188482,-0.48716945704896375,8,1212.1532591912367,1126.1481630377125
3582,59.7,-0.6672357232481723,-0.854978354978357,8,1211.4860234679884,1125.2931846827341
3583,59.71666666666667,-1.3739837398373993,-0.1646341463414558,8,1210.112039728151,1125.1285505363926
3584,59.733333333333334,-0.830457299198752,-0.4882367294472658,8,1209.2815824289523,1124.6403138069454
3585,59.75,-1.885554908153324,-0.16549088771310494,8,1207.396027520799,1124.4748229192323
3586,59.766666666666666,-1.1153082919915107,-0.13862859198272304,8,1206.2807192288074,1124.3361943272496
3587,59.78333333333333,-1.2957638694311981,-0.13169191919189416,6,1204.9849553593763,1124.2045024080576
3588,59.8,0.3010492905955857,0.11383607314976985,6,1205.2860046499718,1124.3183384812073
3589,59.81666666666667,3.859156378600858,1.4906378600823018,7,1209.1451610285726,1125.8089763412895
3590,59.833333333333336,10.316666666666663,5.720833333333303,7,1219.4618276952392,1131.5298096746228
3591,59.85,18.963867243867185,8.537500000000023,7,1238.4256949391065,1140.0673096746227
3592,59.86666666666667,13.837831057831067,4.4712820512820315,6,1252.2635259969375,1144.5385917259048
3593,59.88333333333333,9.726990457131961,3.200683621933649,6,1261.9905164540694,1147.7392753478384
3594,59.9,-9.366739526411607,-172.34386156648452,6,1252.6237769276577,975.3954137813539
3595,59.916666666666664,0.0,0.0,6,1252.6237769276577,975.3954137813539
3596,59.93333333333333,0.0,0.0,6,1252.6237769276577,975.3954137813539
3597,59.95,0.0,0.0,6,1252.6237769276577,975.3954137813539
3598,59.96666666666667,0.0,0.0,6,1252.6237769276577,975.3954137813539
3599,59.983333333333334,0.0,0.0,6,1252.6237769276577,975.3954137813539
